"conversation_id_str","created_at","favorite_count","full_text","id_str","image_url","in_reply_to_screen_name","lang","location","quote_count","reply_count","retweet_count","tweet_url","user_id_str","username"
"2066078125373743614","Sun Jun 14 08:39:45 +0000 2026","9"," Sekilas Kinerja ANTM 2025 1. Revenue: Rp84 64 T (+22% YoY) 2. Laba Bersih: Rp7 21 T (+98% YoY) 3. Aset Total: Rp63 3 T (+31%) 4. Proyek utama: Hilirisasi nikel &amp; baterai EV 5. Dividen 2025 cumdate 19 Juni besok ini adlh skitar 70% payout ratio (Rp5.04 T atau ~ Rp210/saham). https://t.co/EwruKPWWXH","2066078125373743614","https://pbs.twimg.com/media/HKwprxOaUAAQpPm.jpg","","in","","1","0","0","https://x.com/undefined/status/2066078125373743614","536953395",
"2066043225899741511","Sun Jun 14 06:21:04 +0000 2026","8","Perusahaan raksasa material baterai dunia CNGR Advanced Material Co. Ltd. sukses membangun ekosistem rantai pasok global yang kokoh dengan menjadikan Indonesia sebagai hulu produksi utama bahan baku baterai kendaraan listrik (electric vehicle/EV). Berpusat di Kawasan https://t.co/IEPNhgs4ft","2066043225899741511","https://pbs.twimg.com/amplify_video_thumb/2066029276483436544/img/uu4All4x2k6YjnoX.jpg","","in","","1","0","3","https://x.com/undefined/status/2066043225899741511","57261519",
"2065585345107025924","Sat Jun 13 07:55:56 +0000 2026","0","@craigda70964565 @nicho0218 @TxtdariHI Analogi simpelnya: iPhone XR merah 64gb aja masih bisa 'nyala' setelah 1 dekade. Tanpa thermal management tanpa BMS tanpa sistem pendingin. EV punya semua itu. Kebanyakan produsen EV garansi baterai 8 tahun / 160.000 KM minimal BH di 70% tapi di dunia nyata malah lebih dari","2065704708204061160","","craigda70964565","in","","0","0","0","https://x.com/undefined/status/2065704708204061160","1213742568132841472",
"2065624604627149038","Sat Jun 13 03:08:12 +0000 2026","0","Masalahnya ketika semua pihak menerima tujuan (negara) yang sama mereka juga mulai mengoptimalkan metrik yg sama: EV Baterai Panel surya AI. Di permukaan ratusan perusahaan negara &amp; swasta terlihat saling bersaing.","2065632300189303153","","jrdstyzx","in","","0","1","0","https://x.com/undefined/status/2065632300189303153","1911821252303753216",
"2065585345107025924","Sat Jun 13 01:49:49 +0000 2026","0","@nicho0218 @TxtdariHI Bang lebih gampang kontrol polusi dari satu pabrik baterai atau dari jutaan knalpot yang bakar BBM impor tiap hari? Kalau mayoritas Jawa-Bali switch EV subsidi bensin bisa dialihkan bukan dihapus tapi difokusin ke logistik &amp; daerah yang emang butuh BBM. Itu namanya transisi","2065612572171358260","","nicho0218","in","","0","2","0","https://x.com/undefined/status/2065612572171358260","1213742568132841472",
"2065585345107025924","Sat Jun 13 01:38:48 +0000 2026","5","@naufal_arys @TxtdariHI Jgn jumawa sama EV. Ada hidden cost nya. Apalagi faktor baterai (harga &amp; produksi batre jg menyumbang karbon). Klo ekosistem Jawa-Bali masi OK . Coba lu main Sumatra https://t.co/Z92bkeJqqM","2065609801950953913","","naufal_arys","in","","0","1","1","https://x.com/undefined/status/2065609801950953913","67857445",
"2065584630460530733","Fri Jun 12 23:58:47 +0000 2026","7","Ramai berita yg beredar tentang IPO SpaceX dan Elon Musk yg jadi triliuner USD pertama di Bumi seorang teman bertanya: Kamu beli #SPCX ? Knp memangnya? Lalu dia ceramah panjang lebar intinya tdk boleh. Jadi.. setelah bbrp tahun ada di dlm industri hi-tech saya dpt https://t.co/frtNot1NmM","2065584630460530733","https://pbs.twimg.com/media/HKpuQm_a8AAnfb3.jpg","","in","","0","4","1","https://x.com/undefined/status/2065584630460530733","21760657",
"2062823045149184358","Wed Jun 10 01:16:53 +0000 2026","2","@detiksport Melihat harga BBM yg makin kicauww mending EV dah klo skg jauh2 lebih hemat daily operasional pajak tahunan baterai jg udh byk yg lifetime warranty driving experience jg enak sih meskipun ini masalah preferensi/selera tp byk yg udh migrasi ke EV males balik ke ICE lg wkwk","2064517123725283628","","detiksport","in","","0","0","0","https://x.com/undefined/status/2064517123725283628","47124725",
"2063966518896193813","Mon Jun 08 12:48:59 +0000 2026","0","JAECOO J5 EV Fokus pada Keamanan Baterai dan Fitur Keselamatan Berkendara https://t.co/ZbtSZ0kzgo","2063966518896193813","","","in","","0","0","0","https://x.com/undefined/status/2063966518896193813","2392460208",
"2063924628272378243","Mon Jun 08 10:06:02 +0000 2026","0","Ini menunjukkan bahwa dalam industri strategis tantangan yang kita hadapi bukan hanya bersifat ekonomi tapi juga geopolitik isu lingkungan dan yang paling penting: inkonsistensi standar global terhadap negara-negara berkembang. Arah kita dalam transformasi industri tetap","2063925510984610101","","txtangkringan","in","","0","0","0","https://x.com/undefined/status/2063925510984610101","1489658156989190144",
"2063846216363016405","Mon Jun 08 04:50:57 +0000 2026","2","Baca di sini: https://t.co/OnKzDvqCQr Berbeda dari komponen kendaraan biasa baterai EV memerlukan penanganan khusus karena mengandung material yang berpotensi mencemari lingkungan jika tidak dikelola dengan benar. ~NA #KendaraanListrik #LimbahBaterai #BateraiEV https://t.co/3KyPfMVZKY","2063846216363016405","https://pbs.twimg.com/media/HKRBLp-awAAa0bx.jpg","","in","","0","1","1","https://x.com/undefined/status/2063846216363016405","23343960",
"2063606903955980506","Sun Jun 07 13:50:15 +0000 2026","9","@zhil_arf Standar baterai EV china terbaru. No Fire No Explosion Artinya: tidak boleh ada nikel di baterai ev Demand nickel akan drop signifikan https://t.co/QtJzfftfxw","2063619550671941900","","zhil_arf","in","","0","0","1","https://x.com/undefined/status/2063619550671941900","1471849039",
"2063474465091043333","Sun Jun 07 04:13:44 +0000 2026","80","Boleh kasih pendapat masee ? Mengapa para pengusaha besar nasional yg justru di dunia nyata (bukan medsos) besar kontribusinya dlm menopang perekonomian negara ini sering dijadikan meme atau dibuat gambar sbg profil 9 naga (atau 9 lele yg entah sejak kapan berdiri) selalu","2063474465091043333","","","in","","1","6","25","https://x.com/undefined/status/2063474465091043333","966143130",
"2062870452083769578","Fri Jun 05 12:13:36 +0000 2026","13","Akankah Indonesia ikuti jejak Vietnam ? Pada tahun 2022-2023 pasar keuangan Vietnam babak belur. Indeks saham VN-Index anjlok drastis dan industri properti mereka membeku akibat skandal korupsi obligasi raksasa (salah satunya kasus taipan Truong My Lan). Banyak investor panik https://t.co/AxGW6jL2SY","2062870452083769578","https://pbs.twimg.com/media/HKDImwwbwAAu7lZ.jpg","","in","","0","4","10","https://x.com/undefined/status/2062870452083769578","1347031551771430912",
"2062701532303544328","Fri Jun 05 01:02:23 +0000 2026","2","bursa mineral yang kian gila dari monopoli hingga raibnya 390 ton tanah jarang anda mungkin sibuk dengan drama korupsi di bgn dan pencopotan purbaya. tetapi ada drama yang lebih mengguncang perut bumi dan ini jauh lebih berbahaya karena menyangkut cadangan masa depan https://t.co/7r9HjVa887","2062701532303544328","https://pbs.twimg.com/media/HKAv-OTbkAA0e65.png","","in","","0","0","3","https://x.com/undefined/status/2062701532303544328","3152571817",
"2062549240149397629","Thu Jun 04 14:57:13 +0000 2026","6","Baca di sini: https://t.co/tQ1yM58UgA Salah satu kunci merawat motor listrik adalah mengatur pengisian daya baterai. Motor listrik memiliki batas minimal tersendiri yang wajib ditaati oleh penggunanya jika ingin baterai berumur panjang. ~NA #MotorListrik #EV #BateraiEV https://t.co/scBY1AUmLt","2062549240149397629","https://pbs.twimg.com/media/HJ-llwzacAAJ1-Y.jpg","","in","","0","2","0","https://x.com/undefined/status/2062549240149397629","23343960",
"2062331580845310282","Thu Jun 04 00:32:19 +0000 2026","0","Ironi Keamanan EV: Saat Teknologi Baterai Kian Matang Perilaku Pengguna Jadi Tantangan https://t.co/ii8J5pSixf","2062331580845310282","","","in","","0","0","0","https://x.com/undefined/status/2062331580845310282","23786106",
"2061356654562877512","Mon Jun 01 07:58:19 +0000 2026","4","Sobat Gatrik Kendaraan bermotor listrik berbasis baterai atau Electric Vehicle (EV) kini menjadi salah satu solusi transportasi masa depan yang lebih ramah lingkungan efisien dan mendukung transisi energi bersih di Indonesia. Dibandingkan kendaraan berbahan bakar fosil https://t.co/XwmiWoZINR","2061356654562877512","https://pbs.twimg.com/amplify_video_thumb/2061356237116395520/img/DwCOrbf4iziPE_tT.jpg","","in","","0","0","1","https://x.com/undefined/status/2061356654562877512","881756855583637504",
"2060959419215786403","Sun May 31 05:39:50 +0000 2026","207","LIST PASAR INDONESIA YG DIBUKA PRABOWO BUAT ASING INI INDONESIA SEDANG DIJUAL GAK SIH? Prancis → susu dan daging sapi. Turki → tekstil dan manufaktur. Amerika Serikat → mineral kritis dan baterai EV. Kanada → produk peternakan. Rusia → gandum. Tiongkok → nikel dan https://t.co/Zn1IBjYH2j","2060959419215786403","https://pbs.twimg.com/media/HJn_qkiaAAA0EAp.jpg","","in","","10","99","52","https://x.com/undefined/status/2060959419215786403","1031420690505785349",
"2060732509244305864","Sat May 30 14:45:08 +0000 2026","4","dalam 6 bulan pertama - Harga EV berpotensi turun 5 15% - Teknologi baterai ADAS dan infotainment berkembang lebih cepat - Konsumen memperoleh lebih banyak pilihan dengan harga lebih kompetitif Kesimpulan Akhir Pemenang terbesar adalah konsumen Indonesia. New Geely EX2..","2060734258583687660","","Rahadi0816","in","","0","0","4","https://x.com/undefined/status/2060734258583687660","1611567480992043008",
"2060732509244305864","Sat May 30 14:38:11 +0000 2026","4","New Geely EX2 (480 km) &amp; Dampaknya terhadap Pasar EV Indonesia 2026 1. New Geely EX2 Berpotensi Menjadi Game Changer Geely EX2 facelift 2026 hadir dengan kombinasi yang sangat kompetitif: - Jarak tempuh hingga 480 km (CLTC) - Baterai LFP 51 9 kWh - Fast charging 30 80% hanya https://t.co/r9n3gQJsqo","2060732509244305864","https://pbs.twimg.com/media/HJkxSfeaUAAxnv7.jpg","","in","","2","11","4","https://x.com/undefined/status/2060732509244305864","1611567480992043008",
"2060674489957179675","Sat May 30 10:47:38 +0000 2026","63","Kalo dalam Mazhab Austria ngasih warning kalo intervensi besar-besaran negara itu malah jadi awal kehancuran ekonomi. Fase akhir pemikiran Sumitro justru yang paling rasional dan sangat sejalan dengan peringatan para ekonom Austria tentang bahaya crony capitalism. BTW tentang https://t.co/C0ARt53g4n","2060674489957179675","https://pbs.twimg.com/media/HJj8hqCaAAANlE-.jpg","","in","","2","0","22","https://x.com/undefined/status/2060674489957179675","1090191916560396288",
"2060571657534861812","Sat May 30 03:59:01 +0000 2026","36","Wah Bro Kangkung Asin @pedas__manis sontoloyo lagi ngarang cerita dongeng ala anak TK nih. Kunjungan ke Roma ditolak gak ada petinggi yang mau nyambut makanya ngambek nambah Austria-Hungaria. Ibarat anak kecil makin dilarang makin bandel. Dasar pembual kelas kampung! Kamu","2060571657534861812","","","in","","0","13","9","https://x.com/undefined/status/2060571657534861812","235931838",
"2060552923416088870","Sat May 30 02:44:34 +0000 2026","95","Seperti nya sudah banyak yang bisa perbaiki baterai mobil EV Tinggal bagaimana QC dan safety nya Ada yg punya pengalaman perbaikan baterai EV nya? https://t.co/KY2LuQsONk","2060552923416088870","https://pbs.twimg.com/ext_tw_video_thumb/2060552872140660736/pu/img/JCqbMZQJRSYMTsh9.jpg","","in","","0","20","22","https://x.com/undefined/status/2060552923416088870","853206219611185152",
"2060285951528890793","Fri May 29 09:03:43 +0000 2026","19","Hungaria: unggul pabrik baterai EV. Austria: unggul di komponen mesin otomotif. Selama ini mereka beli nikel dari negara2 eropa. Tiba2 Presiden datang bawa Danantara karna nyari pasar baru? Cukup tim Danantara saja yg nego bisnis tanpa perlu presiden ikut2an jadi makelar. https://t.co/ENzIsZLwP1","2060285951528890793","https://pbs.twimg.com/media/HJebJ4Wa4AAkMO8.jpg","","in","","2","1","5","https://x.com/undefined/status/2060285951528890793","387021225",
"2060270113493074045","Fri May 29 08:00:48 +0000 2026","15","Tapi yang bikin miris Presiden lagi sibuk kunker luar negeri. Sementara di dalam negeri ekonomi grassroots lagi sesak napas. Saya ngerti pentingnya menarik investasi nikel &amp; baterai EV buat masa depan. Tapi rakyat kecil &amp; UMKM butuh kebijakan fiskal yang cepat saat ini juga.","2060270116718383418","","ELsaid_","in","","0","1","1","https://x.com/undefined/status/2060270116718383418","406837793",
"2060244748506689982","Fri May 29 06:20:00 +0000 2026","0","Cek hitungan fisikanya mengapa slow charging di rumah jauh lebih hemat energi dan bikin baterai EV awet. #Headline https://t.co/w06ILf79XZ","2060244748506689982","","","in","","0","0","0","https://x.com/undefined/status/2060244748506689982","23786106",
"2059172137743901104","Fri May 29 00:15:07 +0000 2026","2","@detiksport Di kelas harga yang setara (Rp 300 - 400 jutaan) terdapat beberapa pilihan mobil listrik (EV) dari pabrikan China yang menawarkan kapasitas baterai lebih besar jarak tempuh lebih jauh dan dimensi yang lebih lapang.","2060152923926233370","","detiksport","in","","0","0","0","https://x.com/undefined/status/2060152923926233370","2027066283397914624",
"2059940162013180098","Thu May 28 10:09:41 +0000 2026","2199","MARI KITA BONGKAR DATA INI SUPAYA PAHAM DAN TIDAK DI SESATKAN OLEH SEGELINTIR ORANG Pertumbuhan ekonomi MALUT 32 09% yang wow jika kita melihat hanya dari angka tapi jika kita melihat dampak dan realistisnya ini sangat mengkhawatirkan wak karna yang di maksimalkan bukan https://t.co/OAaGtd5rYY","2059940162013180098","https://pbs.twimg.com/media/HJZgqDcbwAAosoX.jpg","","in","","23","60","990","https://x.com/undefined/status/2059940162013180098","1745265761416056832",
"2059105391083155594","Tue May 26 02:52:36 +0000 2026","158","Ini dia Ferrari Luce mobil EV pertama Ferrari! Ferrari Luce menjadi mobil produksi listrik perdana Ferrari: ▫️ Didesain oleh ex-desainer Apple Jony Ive melalui firma desain LoveFrom ▫️ Empat motor listrik di tiap roda menghasilkan total output 1.035 bhp ▫️ 0-100 dalam 2 5 https://t.co/fqOPz1QX1H","2059105391083155594","https://pbs.twimg.com/media/HJNo2vyasAA2L2Y.jpg","","in","","13","42","16","https://x.com/undefined/status/2059105391083155594","1268958732794261505",
"2058822910878667260","Mon May 25 11:59:46 +0000 2026","7","@americhanoo_ Itu bensin atau ev ya? Coba ganti pre order Chery qq ev 3 pasti suami senang karena pajak thunan lebih murah n dnger2 garansi baterai seumur hidup cuman kualitas Mobil Chery Sy jg gak Tau bagus apa jelek","2058880701580349797","","americhanoo_","in","","0","1","0","https://x.com/undefined/status/2058880701580349797","1455945718129041408",
"2058127310554075455","Sat May 23 10:06:23 +0000 2026","5","Indonesia punya cadangan nikel terbesar di dunia sekitar 52% dari total global Tapi nilai tambah produk nikel yang masuk ke kantong negara jauh lebih kecil dari yang harusnya Kita ekspor ore murah negara lain yang bikin baterai EV lalu jual balik ke kita mahal","2058127395274776939","","syfaeth","in","","0","1","0","https://x.com/undefined/status/2058127395274776939","1886647765406736384",
"2058073960621932983","Sat May 23 06:37:09 +0000 2026","7","Solusi jangka panjang : Anggaran R&amp;D naik dari 0 26% ke minimal 1% PDB sebelum 2030 Hilirisasi bukan sekadar ekspor setengah jadi tapi bangun ekosistem industri utuh seperti baterai/EV Sinkronisasi kurikulum SMK dengan kebutuhan industri nyata Ini butuh 10-20 tahun dan harus","2058074737641926738","","vespamatic96","in","","0","1","0","https://x.com/undefined/status/2058074737641926738","1851094287188180993",
"2056696907309920305","Tue May 19 16:06:25 +0000 2026","5","@Aditya_UW @LambeResing Banyak yang salah paham. BYD itu rohnya buat baterai sedangkan mobil yang pake baterai bukan cmn EV aja tapi ada HEV dan PHEV yang mana masuknya ke mobil hybrid. F1 sejak 2014 udh masuk era hybrid jadi masih relevan","2056768445639999903","","Aditya_UW","in","","0","0","0","https://x.com/undefined/status/2056768445639999903","1629662874",
"2056755268361637893","Tue May 19 15:14:03 +0000 2026","28","kalo kalian ngira listrik = energi bersih coba pikir ulang lagi. baterai mobil listrik itu nambang nikelnya gimana belum jadi limbahnya ketika rusak. transum EV itu jg aneh ketika KRL cuma ada di jabodetabek joglo dan palembang tp kota lain dipaksa punya Bus EV. lompat bgt","2056755268361637893","","","in","","1","8","19","https://x.com/undefined/status/2056755268361637893","1278269892882337792",
"2056532376218726740","Tue May 19 00:34:43 +0000 2026","8","Nikel tetap sangat dibutuhkan dalam skala volume tinggi di masa depan khususnya untuk kendaraan listrik (EV) premium atau yang membutuhkan jarak tempuh jauh. .Meskipun baterai bebas nikel seperti LFP (Lithium Ferro Phosphate) populer untuk kendaraan standar karena lebih murah","2056533979193634969","","TradingDiary2","in","","0","1","0","https://x.com/undefined/status/2056533979193634969","1260798424393211904",
"2056532376218726740","Tue May 19 00:33:19 +0000 2026","2","@kynmngla Nikel tetap sangat dibutuhkan dalam skala volume tinggi di masa depan khususnya untuk kendaraan listrik (EV) premium atau yang membutuhkan jarak tempuh jauh. .Meskipun baterai bebas nikel seperti LFP (Lithium Ferro Phosphate) populer untuk kendaraan standar karena lebih murah","2056533624317755412","","kynmngla","in","","0","1","0","https://x.com/undefined/status/2056533624317755412","1260798424393211904",
"2056515127030231062","Mon May 18 23:19:49 +0000 2026","5","Pagi-pagi udah 89% Kerisauan pertama saat pergi adalah baterai hp habis. Jadi tahu kan kerisauan tambahan para pengguna EV? https://t.co/LE6ShBYrJ8","2056515127030231062","https://pbs.twimg.com/media/HIo1myIbMAAZi4k.jpg","","in","","0","4","0","https://x.com/undefined/status/2056515127030231062","66011286",
"2056168126165979138","Mon May 18 16:18:53 +0000 2026","2","@TradingDiary2 @embersobat Itu mah bukan hilirisasi bikin produk 1/8 mateng aja. Gw kira nikel keluar jadi baterai ev yg di expor atau jadi ev sekalian.","2056409198418940280","","TradingDiary2","in","","0","0","0","https://x.com/undefined/status/2056409198418940280","2834661709",
"2056298750994214991","Mon May 18 09:00:01 +0000 2026","4","Permintaan global untuk kendaraan listrik (EV) meningkat untuk bulan kedua berturut-turut pada April 2026. Menurut perusahaan konsultan Benchmark Mineral Intelligence (BMI) harga bahan bakar minyak (BBM) yang tinggi mengalihkan pembeli. Dilansir dari Investing pada Minggu https://t.co/Dl0uC1Yo0S","2056298750994214991","https://pbs.twimg.com/media/HIlBs35acAA1tEZ.jpg","","in","","0","0","0","https://x.com/undefined/status/2056298750994214991","4755284968",
"2056278730587492713","Mon May 18 08:28:31 +0000 2026","1","@SmwGwOto Udh ada bengkel spesialis nya ini baterai EV. Kayanya kedepannya bakalan gampang buat perbaikan ","2056290824619790538","","SmwGwOto","in","","0","0","0","https://x.com/undefined/status/2056290824619790538","43333910",
"2055933151818752306","Sun May 17 09:41:56 +0000 2026","2","@SmwGwOto 1. Untuk ev dari china produknya msh banyak yg bermasalah. 2. Harga baterai bisa 50-70% dari harga mobil. 3. Masih banyak produsen yg 'bingung' untuk handle complain dari pelanggan khususnya produsen dari china. 4. Sparepart masih simpang siur. 5. Purna jual terjun bebas.","2055946913367941142","","SmwGwOto","in","","0","0","0","https://x.com/undefined/status/2055946913367941142","1145217732658388992",
"2055865316689969580","Sun May 17 04:17:42 +0000 2026","16","Long weekend ini perdana jalan jauh ke luar kota naik EV ini pengalaman gue: 1. Ga bisa ngebut supaya hemat baterai. Avg gue cuma di 90km/jam biar dapet &gt;7km/kwh 2. Pakai trip planner buat nentuin ngecharge dimana tapi perlu bikin plan A dan plan B. Sempet dapet cuma https://t.co/Kg37GyMzqU","2055865316689969580","https://pbs.twimg.com/media/HIfmiSybAAAQXOg.jpg","","in","","0","4","3","https://x.com/undefined/status/2055865316689969580","76652780",
"2055853424772870494","Sun May 17 03:30:27 +0000 2026","1","Chery eQ1 mengeluarkan asap tebal dari bagian bawah mobil tanda-tanda baterai terbakar secara spontan. #chery #mobillistrik #EV https://t.co/IjhgeoQmrW","2055853424772870494","https://pbs.twimg.com/ext_tw_video_thumb/2055853324298280960/pu/img/y-OuubaCG53A3k_a.jpg","","in","","0","0","0","https://x.com/undefined/status/2055853424772870494","829629520256913408",
"2055290042902524194","Fri May 15 14:11:46 +0000 2026","10","Bulan ini ngeluarin buat mobil cukup banyak Pajak 2 9 juta Service Paket Hemat 3 1 juta (2x datang) Aki Brake 2 5 juta Dah 8 5 juta Mau pny EV satu nunggu 2028 kali ya udah pada mature 5 tahunan EV ngeliat kualitas baterai dan after sales produk2 ev china.. https://t.co/4cKjjuNLIt","2055290042902524194","https://pbs.twimg.com/media/HIXbZf3a4AEmdnR.jpg","","in","","1","1","0","https://x.com/undefined/status/2055290042902524194","916546058238361607",
"2055259718172762290","Fri May 15 12:11:16 +0000 2026","0","Parkir di Bawah Terik Matahari Mempercepat Degradasi Baterai EV ~NA Klik untuk baca: https://t.co/TFexVniL6i","2055259718172762290","","","in","","0","0","0","https://x.com/undefined/status/2055259718172762290","23343960",
"2055153493753655485","Fri May 15 05:09:10 +0000 2026","9","12 MOBIL LISTRIK TERLARIS INDONESIA APRIL 2026 11 BRAND CHINA 1 BRAND VIETNAM. BRAND INDO KEMANA? No. 1 JAECOO J5 EV Terjual: 3.179 unit Harga: Rp279 9 juta (Standard) Rp309 9 juta (Premium) Asal Negara: China (sub-brand dari Chery Group) Pabrik di Indonesia: Ada. https://t.co/RagR6AXjJB","2055153493753655485","https://pbs.twimg.com/media/HIVfNU9agAA-fuI.jpg","","in","","0","0","4","https://x.com/undefined/status/2055153493753655485","1031420690505785349",
"2055076553135104241","Fri May 15 00:03:26 +0000 2026","2","guys kalo nonton ini baterai ev sdh bisa diservis per cell tidak harus gelondongan beli wuling air ev sekon jai worthed bgt. krn sekonnya sgt murah. jangan aja stlh bengkel ini viral air ev sekon jadi mahal. https://t.co/YgyQVS3qXI","2055076553135104241","","","in","","0","1","0","https://x.com/undefined/status/2055076553135104241","1210505846553079808",
"2054724765567558045","Thu May 14 10:56:41 +0000 2026","2","@DudeRafay60339 YA bro kita masih sangat bergantung pada ekspor komoditas tambang dan hasil hutan. Hilirisasi yg dijalankan masih setengah matang . Artinya kita baru berhasil mengolah bahan mentah mjd barang setengah jadi spt ferronickel atau slab baja bukan barang jadi bernilai jual tinggi","2054878562768114126","","DudeRafay60339","in","","0","1","0","https://x.com/undefined/status/2054878562768114126","325599485",
"1693188495387574490","Thu May 14 05:31:56 +0000 2026","5","DATANG BYD Company Ltd merilis BYD Great Tang SUV listrik ukuran penuh (7-seater) thn 2026 yg menampilkan arsitektur 1000V Baterai Blade generasi kedua dan jangkauan CLTC hingga 950 km. Dipasarkan di China mulai sekitar 250.000 320.000 RMB menawarkan pengisian cepat 10C https://t.co/l3ESHxOF4r","2054796837417365851","https://pbs.twimg.com/media/HIQaoy8bMAATNtF.jpg","eddesign_","in","","0","1","2","https://x.com/undefined/status/2054796837417365851","325599485",
"2054554327122067475","Wed May 13 13:33:08 +0000 2026","2","investasi lintas sektor. Breakdown Sektor Kesimpulan Strategis - Tidak ada pergantian total arisan: Singapura tetap juara bertahan China masih dominan di hilirisasi &amp; baterai EV. - Prabowo diversifikasi: memberi kemudahan ke AS menjaga bargaining dengan China membuka https://t.co/opUdB24jGL","2054555547232583836","https://pbs.twimg.com/media/HIM_XuvacAIrtNB.jpg","Rahadi0816","in","","0","0","2","https://x.com/undefined/status/2054555547232583836","1611567480992043008",
"2054554327122067475","Wed May 13 13:31:30 +0000 2026","2"," karpet merah untuk AS diplomasi awal dengan Rusia Singapura tetap gateway stabil. Dinamika Era Prabowo - China: Masih dominan di hilirisasi nikel &amp; baterai EV tapi menghadapi regulasi ketat (royalti DHE RKAB pajak visa TKA). - AS: Mendapat kemudahan lewat Reciprocal https://t.co/wMz5OXHEKG","2054555134089425406","https://pbs.twimg.com/media/HIM_AIvb0AA9Rb_.jpg","Rahadi0816","in","","0","0","2","https://x.com/undefined/status/2054555134089425406","1611567480992043008",
"2054512534615720110","Wed May 13 10:42:13 +0000 2026","0","Hyundai Sambut Positif Rencana Insentif untuk EV Berbasis Baterai Nikel https://t.co/vdpQG3etJq","2054512534615720110","","","in","","0","0","0","https://x.com/undefined/status/2054512534615720110","2392460208",
"2054457364657688694","Wed May 13 07:03:00 +0000 2026","2","Pemerintah menyiapkan stimulus kendaraan listrik atau electric vehicle (EV) sebagai salah satu strategi untuk mendorong pertumbuhan ekonomi nasional pada semester II 2026. Menteri Keuangan Purbaya Yudhi Sadewa meyakini pertumbuhan ekonomi Indonesia dapat melampaui 5 5% pada https://t.co/ySN6Q6Ryzg","2054457364657688694","https://pbs.twimg.com/media/HILBB71a4AAhmyR.jpg","","in","","0","0","0","https://x.com/undefined/status/2054457364657688694","786549338818224128",
"2054426024079962605","Wed May 13 04:58:28 +0000 2026","0","BYD Respons Purbaya Soal Insentif EV Baterai Nikel Lebih Besar https://t.co/0Ke0Bd2Feg","2054426024079962605","","","in","","0","0","0","https://x.com/undefined/status/2054426024079962605","17128975",
"2054422101377880201","Wed May 13 04:42:52 +0000 2026","0","Sebelum Beli EV Ketahui Dampak Cuaca Ekstrem pada Baterai https://t.co/jWo0OxUUgy","2054422101377880201","","","in","","0","0","0","https://x.com/undefined/status/2054422101377880201","118371948",
"2054206806650691862","Tue May 12 14:27:22 +0000 2026","2","BYD Dukung Pemerintah Beri Insentif EV yang Menggunakan Baterai Nikel https://t.co/EwNaZUrp4g","2054206806650691862","","","in","","0","1","0","https://x.com/undefined/status/2054206806650691862","2392460208",
"2054192815517958312","Tue May 12 13:31:46 +0000 2026","0","EV dengan Baterai Nikel Dapat Insentif Lebih BYD: Nikel atau LFP Tujuannya Sama https://t.co/XLApwlR96V","2054192815517958312","","","in","","0","0","0","https://x.com/undefined/status/2054192815517958312","80543284",
"2054130089303109908","Tue May 12 09:22:31 +0000 2026","62"," Kekacauan Teluk Persia mencekik pasokan bahan kimia industri paling banyak digunakan di dunia Ketegangan di Selat Hormuz telah memicu guncangan asam sulfat mengirimkan harga melonjak dan mengancam rantai pasok global dari bahan kimia yang esensial untuk keamanan pangan https://t.co/fiuVp6grrN","2054130089303109908","https://pbs.twimg.com/media/HIG8J1LaMAI-65i.png","","in","","0","0","28","https://x.com/undefined/status/2054130089303109908","2256063276",
"2054078474625896949","Tue May 12 05:57:25 +0000 2026","377","ERA TETOT TETOT FORTUNER PAJERO KELAR KAH? HARUSNYA JALANAN LEBIH DAMAI ! Gara-gara Pertamina Dex naik jadi 27.900/liter banyak yang mulai mikir ulang. Isi bensin full + ganti ban aja bisa tembus 1.8 JT sekali jalan. Nah sekarang kita bedah tuntas apakah beralih ke mobil https://t.co/aSFvpTchQf","2054078474625896949","https://pbs.twimg.com/media/HIGNe8BaAAAN--S.jpg","","in","","6","49","91","https://x.com/undefined/status/2054078474625896949","1031420690505785349",
"2054064212092305670","Tue May 12 05:00:45 +0000 2026","1","Baca di sini: https://t.co/VkKwChASPw Baterai mobil listrik terdiri dari ratusan hingga ribuan sel kecil yang bekerja bersama menyimpan energi. Sistem battery pack EV pun jauh lebih kompleks dibanding aki mobil konvensional. ~NA #MobilListrik #BateraiEV #BatteryPack https://t.co/MRBi1n2Iim","2054064212092305670","https://pbs.twimg.com/media/HIGAftcboAA6NgB.jpg","","in","","0","0","1","https://x.com/undefined/status/2054064212092305670","23343960",
"2053842639682687152","Mon May 11 14:20:18 +0000 2026","4","Penjualan mobil berbahan bakar bensin dan diesel mulai mengalami penurunan tajam di berbagai negara sementara permintaan kendaraan listrik (EV) justru melonjak signifikan. Kenaikan harga BBM perkembangan teknologi baterai hingga insentif pemerintah disebut menjadi faktor https://t.co/quwDIYsW2G","2053842639682687152","https://pbs.twimg.com/media/HIC22Dna4AAjUKM.jpg","","in","","0","0","2","https://x.com/undefined/status/2053842639682687152","231355136",
"2053696501394592084","Mon May 11 04:39:36 +0000 2026","0","BYD hingga Tesla Bantah Terkait Isu Pembatasan Baterai EV https://t.co/AmSIT8j4ga","2053696501394592084","","","in","","0","0","0","https://x.com/undefined/status/2053696501394592084","118371948",
"2052714576626741502","Fri May 08 11:37:47 +0000 2026","3","Gw baru sadar pepatah2nya pak @farisrachman_1 kalo hilirisasi harusnya gak cuman sampe Nikel sulfat atau copper cathode yang masih sensitif sama harga komo global tapi harus lebih hilir lagi ke baterai EV manufaktur...","2052714579399233940","","scofierceyanhar","in","","0","0","1","https://x.com/undefined/status/2052714579399233940","1885806408958144512",
"2052657296447316463","Fri May 08 07:52:54 +0000 2026","0","Presiden RI Prabowo menunjukkan bahwa kekuatan ASEAN terletak pada persatuan serta membawa agenda prioritas: -) ketahanan energi; -) ketahanan pangan; -) ekosistem baterai EV; -) penguatan konektivitas sub kawasan antara: Brunei Darussalam - Indonesia Malaysia Philippines","2052657983293898985","","txtangkringan","in","","0","1","0","https://x.com/undefined/status/2052657983293898985","1489658156989190144",
"2052536238532698331","Thu May 07 23:49:08 +0000 2026","9","Menteri Keuangan Purbaya Yudhi Sadewa menyatakan insentif kendaraan listrik tahun ini akan berbeda berdasarkan jenis baterai dengan EV berbasis nikel mendapat fasilitas lebih besar dibanding non-nikel. Simak selengkapnya: https://t.co/42oUIgXGUQ https://t.co/3xPH1jdsuo","2052536238532698331","https://pbs.twimg.com/media/HHwS1CcbQAAsJes.jpg","","in","","1","0","1","https://x.com/undefined/status/2052536238532698331","1582972008479920129",
"2051717477684367664","Tue May 05 17:35:40 +0000 2026","136","Jelajah pemakaian mobil EV 500-700 ribu kilometer buat berapa tahun? Kalau pemakaian 10 ribu pertahun untuk pribadi udah banyak berarti kejadian sel baterai rusak baru kejadian di 50 tahun bukan 10-15 tahun. https://t.co/vaHpGGUO10","2051717477684367664","https://pbs.twimg.com/amplify_video_thumb/2051716005483659266/img/rrmlQB-6Hyj4ke9v.jpg","","in","","0","21","19","https://x.com/undefined/status/2051717477684367664","1976991588",
"2051256271685165137","Mon May 04 11:03:00 +0000 2026","29","Semakin dunia dipaksa menjauh dari minyak semakin mereka sadar kalau baterai dan EV Tiongkok itu bukan lagi pilihan tapi satu-satunya solusi yang masuk akal.","2051256271685165137","","","in","","0","4","3","https://x.com/undefined/status/2051256271685165137","1955226998156169217",
"2051177045582139619","Mon May 04 05:48:11 +0000 2026","16","Pertanyaan ayam dan telur: EV dulu atau infrastruktur charging dulu? Menurut beberapa survei keraguan utama calon pengguna EV adalah 'range anxiety' alias cemas soal ketahanan baterai dan di mana ngisinya. Pertumbuhan tempat charging (SPKLU) dan nuker baterai (motor &gt;&gt; SPBKLU) https://t.co/UgplBqZS15","2051177045582139619","https://pbs.twimg.com/media/HHc82H5acAAuGTs.jpg","","in","","1","3","6","https://x.com/undefined/status/2051177045582139619","69806285",
"2051095873619460391","Mon May 04 00:28:20 +0000 2026","23","Kategori 2: Ekosistem EV. Ini yang main di belakang layar seperti baterai charging station swap station https://t.co/yxq8BNo90N","2051096552555634987","https://pbs.twimg.com/media/HHb1avTbMAAR_Wb.jpg","cukhurukuque","in","","0","0","2","https://x.com/undefined/status/2051096552555634987","1509650609120718860",
"2050188945213075550","Fri May 01 14:24:16 +0000 2026","503","Prototipe Indonesia saat itu ada 10 mobil listrik &amp; disita semua saat mereka difitnah korupsi. Padahal BYD prototipe baru 1 EV Pak Dasep kepala tim riset belom lama ini bebas setelah dipenjara 10 tahun karena mobil listriknya gak lulus uji emisi. Dia inovasi baterai sekarang https://t.co/qbutc43PUJ","2050219758025630014","https://pbs.twimg.com/media/HHPYABJaYAAsV50.jpg","mazzini_gsp","in","","4","12","62","https://x.com/undefined/status/2050219758025630014","1226038913707282433",
"2049871586610810947","Thu Apr 30 15:20:45 +0000 2026","6","Saya membaca tulisan dibawah ini sepertinya Keliru dech karena KACAMATA BARAT pasti akan keliru melihat TIMUR apalagi Tiongkok ideloginya Tetap Komunis / Sosialis dimana Sandang - Papan - Pangan adalah kewajiban Negara pada Rakyatnya. Beda dengan Amerika dimana Property https://t.co/eURFUPWcdg","2049871586610810947","https://pbs.twimg.com/media/HHKbWAyaMAA90XV.jpg","","in","","1","1","2","https://x.com/undefined/status/2049871586610810947","1383295518374121475",
"2049538873290867146","Thu Apr 30 12:19:04 +0000 2026","2","@bram_ibr @pedas__manis KRL pun EV tertua yg masuk Indonesia setelah trem listrik. Jauh sebelum mobil EV. Ah apa mungkin karena sumber energi penggeraknya KRL belum pakai teknologi baterai BEMU (Battery Electric Multiple Unit)?","2049825862124707943","","bram_ibr","in","","0","0","0","https://x.com/undefined/status/2049825862124707943","155209732",
"2049745864374247523","Thu Apr 30 09:19:41 +0000 2026","5","@Makaryo0 Udah abad 21 masih aja mainan koperasi. Koplak emang. Konsep kuno itu ditinggalin aja. Sekarang itu tech tech tech. Punya tambang mineral banyak diberdayakan dibikin pabrik yang siap nyuplai baterai ev atau chip. Bukannya koperasi2. Pantes aja masih terbelakang","2049780722119160051","","Makaryo0","in","","0","1","0","https://x.com/undefined/status/2049780722119160051","218887410",
"2049658830016102775","Thu Apr 30 01:15:20 +0000 2026","2","Pakar Wanti-wanti Suhu Panas Percepat Degradasi Baterai EV https://t.co/SdZe8flX4Z","2049658830016102775","","","in","","1","0","0","https://x.com/undefined/status/2049658830016102775","17128975",
"2049438448990458160","Wed Apr 29 10:39:37 +0000 2026","1","GM Tractors Buka-Bukaan Soal Baterai EV di Sektor Alat Berat Tambang https://t.co/gUN89uOGuB","2049438448990458160","","","in","","0","0","0","https://x.com/undefined/status/2049438448990458160","847372542830444544",
"2049302729936580624","Wed Apr 29 01:40:19 +0000 2026","1187","Keypoints: - Indonesia punya talenta engineer bagus (termasuk dari ITB) serta punya sumber daya alam besar seperti nikel untuk baterai. Masalahnya dana lebih banyak mengalir ke app sederhana yang cepat untung dibanding deep tech (R&amp;D jangka panjang) - Banyak engineer","2049302729936580624","","","in","","16","34","345","https://x.com/undefined/status/2049302729936580624","179076668",
"2048989390207102979","Tue Apr 28 12:18:25 +0000 2026","4","@naisoodelicious @tanyarlfes Kalok tabrakan dan apes itu kereta nge gencet baterainya itu mobil kebakar dan bener² gosong angus tinggal rangka atau tulangannya doang. Baterai ev itu kalok udah kebakar habis se mobil²nya karena apar nya aja khusus ga bisa dipadamkan dengan apar biasa","2049100926406054225","","emyr_za1","in","","0","1","0","https://x.com/undefined/status/2049100926406054225","1504627720915132416",
"2048991586646958465","Tue Apr 28 08:17:03 +0000 2026","119","@PecintaSejarah2 @id_greensm Sebenarnya bukan hanya mobil EV taksi Green SM yg gunakan unit dari Vinfast - Vietnam Tapi juga semua unit EV bahwa polusi baterai bekas nya akan semakin berbahaya bagi lingkungan Sistem elektroniknya masih rentan dan sensitif terbukti ada bbrp kasus tapi tidak ter ekspos media","2049040182905897025","","PecintaSejarah2","in","","0","2","5","https://x.com/undefined/status/2049040182905897025","192842311",
"2049002531414769968","Tue Apr 28 06:56:52 +0000 2026","2","@myunpublished apa aja yg di tweet selanjutnya itu dia (seinget saya) cuman sekring ada yg masalah jadi mobilnya ngelock padahal baterai 100% dan 1 hal EV gada mesin ya paman adanya dinamo eheheh","2049020003014570453","","myunpublished","in","","0","0","2","https://x.com/undefined/status/2049020003014570453","1544688618534408192",
"2048664919051313311","Tue Apr 28 03:37:10 +0000 2026","3","@LambeSahamjja Hyundai sdh lebih dulu kena Prank (kebijakan yg berubah2). Hal ini mengakibatkan HYUNDAI-LGI batal membangun pabrik baterai EV ke-2 di Batang Pabrik ke-1 sdh beroperasi di Cikarang. Pindah ke Vietnam yg lebih stabil.","2048969749619679733","","LambeSahamjja","in","","0","1","0","https://x.com/undefined/status/2048969749619679733","98595876",
"2048805541884121353","Mon Apr 27 16:44:52 +0000 2026","2","2. korsleting scara lgsg di baterai utama sangat jarang terjadi karena dia punya isolasi ganda. yaitu baterai EV berada dalam kompartemen yang terisolasi secara elektrik dari sasis mobil. trs sistem proteksi. itu jika terdeteksi lonjakan tegangan yang tidak wajar -","2048805592274448525","","beammeupjimmy","in","","0","1","0","https://x.com/undefined/status/2048805592274448525","898027158022397952",
"2048664919051313311","Mon Apr 27 07:25:53 +0000 2026","549","Guys ada situasi yang menurut gue menggambarkan dengan sangat jelas salah satu masalah terbesar yang membuat investor asing ragu masuk ke Indonesia. BYD produsen kendaraan listrik terbesar di dunia dari China sudah investasi besar-besaran di Indonesia. Bangun pabrik. Buka https://t.co/8YHRhp2znm","2048664919051313311","https://pbs.twimg.com/media/HG5RU8LbMAA_y_q.png","","in","","12","113","156","https://x.com/undefined/status/2048664919051313311","1772323119111487490",
"2048631528843067841","Mon Apr 27 05:13:12 +0000 2026","9","Min narasinya berlebihan banget. Baterai AA ini kita sebut namanya Cell. Jadi Batere EV itu kumpulan dari Ribuan Cell. Baterai Cell ini ada tipe nya 21700 18650. Jika makin lama makin turun daya nya. Cell ini yang diganti. Baterainya dibongkar di cek satu satu yang mana yg https://t.co/ZTRe9789Bn","2048631528843067841","https://pbs.twimg.com/media/HG4zhLGbAAAk9DY.jpg","","in","","0","0","0","https://x.com/undefined/status/2048631528843067841","1034308064",
"2047627503825785227","Sat Apr 25 05:42:41 +0000 2026","4","@kevinkamerad Di sulawesi zona industrialnya masih fokus buat ubah nikel jadi bahan baku baterai ev belum sampe merakit kayaknya","2047914171099201930","","kevinkamerad","in","","0","0","0","https://x.com/undefined/status/2047914171099201930","1990083550780260352",
"2047469475797389720","Fri Apr 24 00:15:37 +0000 2026","1","Kona EV Terbakar Diduga Baterai Overheat Hyundai Indonesia Buka Suara https://t.co/rxjgTfFKBg","2047469475797389720","","","in","","0","0","0","https://x.com/undefined/status/2047469475797389720","17128975",
"2047322138634539063","Thu Apr 23 14:30:09 +0000 2026","6063","Btw pas hari selasa kmrn aku meeting sama supplier baru ada info menarik bahwa china lagi buka pabrik baterai di jawa barat sepanjang 5km yg diperuntukkan untuk seluruh mobil ev di Indonesia dan ini yg bawa bahlil :)) Lagi mikir dari info ini saham apa yg soon bakalan naik ","2047322138634539063","","","in","","36","68","481","https://x.com/undefined/status/2047322138634539063","785767643911294976",
"2047142431737737253","Thu Apr 23 04:35:00 +0000 2026","4","@SmwGwOto Yes. Itulah kenapa pabrikan mobil banyak yang takut EV. Karena fast moving partsnya dikit sumber penghasilan mereka bakal berkurang. Bayangin ada ev yang setangguh reborn asal baterai ada isinya kaki kaki badak mau keliling dunia 10x ya ayok.","2047172361838006348","","SmwGwOto","in","","0","1","0","https://x.com/undefined/status/2047172361838006348","78283446",
"2047000088162251060","Wed Apr 22 17:10:27 +0000 2026","7","Akhirnya Wuling Eksion resmi rilis harganya mulai Rp 389 juta buat 2.000 pemesan pertama. Mobil ini ada varian EV dan PHEV yg EV punya range 530 km dengan baterai berkapasitas 69 2 kWh. Sementara yg PHEV punya mesin 1.500 cc hybrid yang bisa nempuh 1.000 km. https://t.co/2YRMwRDY4x","2047000088162251060","https://pbs.twimg.com/media/HGhnsk9aQAA_jlL.jpg","","in","","0","2","0","https://x.com/undefined/status/2047000088162251060","1194220651155873793",
"2046841431944519726","Wed Apr 22 06:40:00 +0000 2026","1","Pajak EV Tak Lagi Gratis Celios: Bus Listrik Harusnya Diberi Insentif Agar Konsumsi BBM Turun Pemerintah kini mengurangi aturan insentif kendaraan listrik (EV). Jika dulu pemerintah masih membebaskan pajak kendaraan bermotor (PKB) aturan baru tercantum dalam Peraturan Menteri https://t.co/xvZGyJoJpw","2046841431944519726","https://pbs.twimg.com/amplify_video_thumb/2046841313908387840/img/Pg-60ZLkIg3jX_C-.jpg","","in","","0","0","0","https://x.com/undefined/status/2046841431944519726","58880688",
"2046759642064121889","Wed Apr 22 01:15:00 +0000 2026","2","Menteri Keuangan Purbaya Yudhi Sadewa menyatakan aturan baru pajak kendaraan listrik atau electric vehicle (EV) tidak mengubah total pajak melainkan hanya menggeser skema pemungutan. Sebetulnya total (pajak) sama nggak ada yang berubah. Cuma bergeser saja dari suatu tempat https://t.co/oP5vf6r9KT","2046759642064121889","https://pbs.twimg.com/media/HGd8aafbQAAups3.jpg","","in","","0","0","0","https://x.com/undefined/status/2046759642064121889","786549338818224128",
"2046466970565156885","Tue Apr 21 05:52:01 +0000 2026","11","Kemarin baru servis Dispenser di Service Center Polytron Eh tnyata jualan Motor dan mobil mereka lalu saya nanya nanya dan Cari Youtube. Saya bisa bilang Polytron ini bisa jadi besar. Motor EV nya Cuman Rp 15 juta utk yg sewa baterai (sewa disini artinya baterai rusak. https://t.co/K0GuRAncRX","2046466970565156885","https://pbs.twimg.com/media/HGaC2-VbQAAoxcB.jpg","","in","","0","3","1","https://x.com/undefined/status/2046466970565156885","1034308064",
"2046385509606527206","Tue Apr 21 00:28:20 +0000 2026","5","Buat yang Punya EV Baterai nya di dalam bisa diganti. (bayangin kaya ganti baterai hape) Cuman Bengkel disini belum terbiasa. Dan baterai nya mgkn harus request. Cintoh ada Rakki Panda ini https://t.co/M5TiSwtbkp","2046385509606527206","https://pbs.twimg.com/media/HGY3drsaMAAazmj.jpg","","in","","0","0","0","https://x.com/undefined/status/2046385509606527206","1034308064",
"2046384147644715477","Tue Apr 21 00:22:55 +0000 2026","2","Pajak kendaraan listrik di Jakarta gak gratis lagi ya gaes Dari 1 Permendagri baru Kendaraan Bermotor Listrik Berbasis Baterai (KBLBB) sekarang masuk objek Pajak Kendaraan Bermotor (PKB) &amp; Bea Balik Nama Kendaraan Bermotor (BBNKB). Tapi Pemprov DKI bilang tetep kasih https://t.co/SiEO4JeY3e","2046384147644715477","https://pbs.twimg.com/media/HGY3RQDbkAEY69y.jpg","","in","","1","2","1","https://x.com/undefined/status/2046384147644715477","88183885",
"2046137329107210546","Mon Apr 20 11:51:22 +0000 2026","15","@recentlyfinishd @Pak_Irv Listrik sama kalor punya satuan energi yang sama yaitu Joule. KWh bisa diubah jadi Joule. Semisal JKT ke SBY butuh berapa Joule yang dikeluarkan nah kalo diganti jadi EV ada nggak baterai yang bisa hasilin energi jarak segitu. Baru 1 faktor tuh belum bobotnya juga.","2046195015865754099","","recentlyfinishd","in","","0","1","0","https://x.com/undefined/status/2046195015865754099","1143688271009964032",
"2045709783462973576","Sun Apr 19 14:38:49 +0000 2026","9","@creeping5ilence Narasinya kelewat dramatis tapi salah di bagian-bagian yang penting. Mulai dari fakta dasarnya. Permendagri 11/2026 memang tidak lagi mencantumkan kendaraan listrik secara eksplisit sebagai yang dikecualikan. Tapi Pasal 19 aturan yang sama masih memberi ruang bagi pemda untuk","2045874767698534400","","creeping5ilence","in","","0","1","4","https://x.com/undefined/status/2045874767698534400","36319232",
"2044951047572255192","Sat Apr 18 00:18:43 +0000 2026","2","@L1L178 EV adalah scam terbesar dibidang transportasi. Bersiaplah dengan asuransi dan kelangkaan baterai kedepanya. Sebab nikel akan habis beberapa tahun lagi. https://t.co/4SXPxZoxcJ","2045295925455999436","","L1L178","in","","0","0","1","https://x.com/undefined/status/2045295925455999436","1254035776322453506",
"2045280807909306626","Fri Apr 17 23:18:38 +0000 2026","4","Membayangkan dengan maraknya tehnologi kendaraan ev sekarang maka dalam 10 tahun kedepan kita menghadapi limbah baterai","2045280807909306626","","","in","","0","0","2","https://x.com/undefined/status/2045280807909306626","1226405322",
"2045091136583447014","Fri Apr 17 10:44:57 +0000 2026","0","Investigasi Awal Penyebab Markas BYD Kebakaran Bukan dari Baterai EV https://t.co/IEXbyyN7VO","2045091136583447014","","","in","","0","0","0","https://x.com/undefined/status/2045091136583447014","80543284",
"2045014533065093169","Fri Apr 17 05:40:33 +0000 2026","0","Lithium merupakan komponen inti dari baterai lithium-ion yang menggerakkan hampir semua teknologi modern mulai dari ponsel pintar hingga kendaraan listrik (EV) https://t.co/w4nJVLA9IW","2045014533065093169","","","in","","0","0","0","https://x.com/undefined/status/2045014533065093169","68930552",
"2044932911145918900","Fri Apr 17 00:16:13 +0000 2026","23","Indonesia meledak produksinya. Dari hampir tidak terlihat di 2015 jadi raja nikel dunia dengan 59% pangsa pasar global di 2024. Produksi Indonesia naik lebih dari 10x lipat dalam kurun waktu tersebut. Filipina yang dulu nomor 1 turun drastis. Total produksi dunia sekitar 3 7","2044932911145918900","","","in","","1","1","4","https://x.com/undefined/status/2044932911145918900","2458124804",
"1817733627612172721","Thu Apr 16 11:12:49 +0000 2026","18","THE JAPANESE🇯🇵 DILEMMA Yg menarik tak satu pun pabrikan Jepang dlm 10 besar. Sayang VisualCapitalist gak menyertakan datanya sbg komparatif. Meskipun TOYOTA &amp; HONDA tetap mendominasi pasar mobil konvensional (ICE) dan Hybrid (HEV) secara global mereka tertinggal jauh di https://t.co/UmsEboxozq","2044735763074711984","https://pbs.twimg.com/ext_tw_video_thumb/2044735655390150656/pu/img/ZPrWec9R8GThGl7f.jpg","eddesign_","in","","0","4","7","https://x.com/undefined/status/2044735763074711984","325599485",
"1817733627612172721","Thu Apr 16 05:29:33 +0000 2026","3","THE WORLD's BIGGEST EV MAKERS ―Agustus 2024 s/d Agustus 2025 Angka² ini mencakup kendaraan listrik baterai (BEV) dan kendaraan listrik hibrida plug-in (PHEV). ️ BYD Geely SAIC Changan dan Chery menunjukkan kedalaman manufaktur EV China. Ditopang oleh permintaan domestik https://t.co/cdY6Rrkwsc","2044649374152851538","https://pbs.twimg.com/media/HGANxPMboAAdoy8.jpg","eddesign_","in","","0","1","0","https://x.com/undefined/status/2044649374152851538","325599485",
"2044523206900650474","Wed Apr 15 21:08:12 +0000 2026","22","Nickel sudah heavily sold off sejak 2023 karena oversupply besar2an dari Indonesia. Tapi sekarang setup-nya berubah jadi menarik karena Indonesia akan memangkas produksi nikel ore di 2026. Pemerintah Indonesia (Kementerian ESDM) sudah resmi tetapkan kuota produksi nikel ore","2044523206900650474","","","in","","0","1","4","https://x.com/undefined/status/2044523206900650474","2458124804",
"2044400652307333239","Wed Apr 15 13:04:58 +0000 2026","3","Depresiasi cepat akibat inovasi &amp; penurunan harga Mitigasi: Pilih brand kuat + garansi baterai ≥ 8 tahun Perhitungkan TCO (listrik vs BBM) 6. Kesimpulan Strategis Best Value Entry: BYD Atto 1 / Wuling Air EV Best Safe Choice (All Segment): Toyota Hybrid (Veloz / Yaris Cross) https://t.co/felCAD8T8Y","2044401596440945121","https://pbs.twimg.com/media/HF8sZtTbAAAku83.jpg","Rahadi0816","in","","0","0","3","https://x.com/undefined/status/2044401596440945121","1611567480992043008",
"2044240822208737307","Wed Apr 15 02:26:06 +0000 2026","2","Gawat bensin dah mulai langka. Is this a welcome back to bensin seliter 50rb? Mobil-mobil dimodif jadi EV terus baterai diisi pakai tenaga surya aja mumpung matahari disini kek neraka bocor. Tapi baterai dynamo sama kontrol systemnya lebih mahal sih. Bensin ajalah bensin.","2044240822208737307","","","in","","0","1","0","https://x.com/undefined/status/2044240822208737307","1518762569648852993",
"2044136220348088775","Tue Apr 14 19:31:23 +0000 2026","22","Jika strategi Amerika Serikat untuk mencekik supply energi Tiongkok berhasil maka mesin industri Tiongkok akan melambat. Penurunan demand Tiongkok terhadap komoditas utama Indonesia seperti batu bara besi baja dan minyak sawit (CPO). Berdasarkan data BPS ekspor non migas https://t.co/wxQAuNRKgE","2044136456021782602","https://pbs.twimg.com/media/HF47RWSasAE2_BD.jpg","notintofinance","in","","0","1","5","https://x.com/undefined/status/2044136456021782602","2030889129895239680",
"2044102884988797005","Tue Apr 14 17:18:00 +0000 2026","2","Amerika pergi berperang di Timur Tengah untuk mengamankan minyak. China baru saja menjual jalan keluar kepada semua orang. Sementara Washington membakar aliansi dan kapal induk Beijing menghabiskan satu dekade dengan diam-diam memonopoli panel surya baterai dan kendaraan https://t.co/WK6kqThkwi","2044102884988797005","https://pbs.twimg.com/amplify_video_thumb/2044102794467258368/img/jZNUMIcr3cOlIDPm.jpg","","in","","0","1","0","https://x.com/undefined/status/2044102884988797005","1283815459792416768",
"2044045766130577675","Tue Apr 14 13:31:01 +0000 2026","528","Guys Lu Pada Tau Gak? Markas BYD di China Kebakaran Hebat Asap Hitam Pekat Nutupin Langit Shenzhen Kejadiannya baru aja tadi pagi dan videonya udah viral di mana-mana. Kebakaran ini terjadi di area parkir gedung bertingkat di kawasan industri BYD Shenzhen (itu lho pusat https://t.co/wVC3m0UM2a","2044045766130577675","https://pbs.twimg.com/media/HF3oMp4asAcMvQ1.png","","in","","10","37","121","https://x.com/undefined/status/2044045766130577675","1772323119111487490",
"2043905496508199173","Tue Apr 14 04:13:38 +0000 2026","390","Summary nya 1️⃣ Indonesia kaya akan bijih nikel laterit yg terdiri dari 2 jenis: yang mudah dilelehkan dg panas (saprolit) dan yang susah (limonit). 2️⃣ Dan ada 2 cara olahnya: - Cara RKEF: Pakai tungku listrik panas banget -&gt; nggak butuh asam. Keluar ferronikel atau matte","2043905496508199173","","","in","","1","5","82","https://x.com/undefined/status/2043905496508199173","134421856",
"2043880887058862396","Tue Apr 14 02:35:51 +0000 2026","627","Hebat memang Indonesia. Pagi koordinasi sama Tiongkok soal investasi kereta cepat dan baterai EV sorenya tanda tangan sama AS buat MDCP. Strategi yang katanya Bebas Aktif padahal aslinya cuma tidak mau rugi saja. Lewat MDCP ini Indonesia tidak mau cuma beli alutsista bekas.","2043880887058862396","","","in","","21","59","149","https://x.com/undefined/status/2043880887058862396","1955226998156169217",
"2043729529206911390","Mon Apr 13 16:40:12 +0000 2026","57","Ketika impor sulfur Timur Tengah tertutup dan China melarang ekspor asam sulfat perusahaan domestik yang memproduksi asam sulfat akan mendapatkan windfall profit yang besar. PT Amman Mineral Internasional Tbk (AMMN). AMMN pada dasarnya adalah produsen tembaga dan emas premium.","2043730985817436213","","notintofinance","in","","3","0","8","https://x.com/undefined/status/2043730985817436213","2030889129895239680",
"2043274175020777514","Sun Apr 12 10:25:00 +0000 2026","1248","Guys ada trader yang sudah katam banget asal palembang Namanya Daniel Lim. Full time trader saham dan crypto. Total volume transaksinya dalam satu tahun Rp30 triliun. Dan dia mau cerita semuanya. Termasuk yang biasanya tidak pernah diperlihatkan orang. Mulai dari mana https://t.co/cKXbC6wDuU","2043274175020777514","https://pbs.twimg.com/media/HFsrBoMaQAACkWf.jpg","","in","","0","24","198","https://x.com/undefined/status/2043274175020777514","1772323119111487490",
"2043111952558456869","Sat Apr 11 23:40:23 +0000 2026","148","Ga Beli mobil EV bukan takut karena harga baterai yang mahal Tapi karena teknologinya makin baru terus beda setahun / 2 tahun teknologinya udah beda banget ","2043111952558456869","","","in","","1","15","7","https://x.com/undefined/status/2043111952558456869","1252598011789627392",
"2042756850895196652","Sat Apr 11 15:17:21 +0000 2026","10","@warungdegen Bro phase 3 di China katanya beberapa menit full. Tapi di Indo? SPKLU masih sepi colokan rusak dan fast charging yang ada aja bikin baterai cepet drop umur. Lo ganti semua mobil rumah ke EV respect. Tapi buat mayoritas yang daily commute macet &amp; keluar kota random tetep","2042985360091943072","","warungdegen","in","","1","3","0","https://x.com/undefined/status/2042985360091943072","1621239711229698050",
"2042913560557425013","Sat Apr 11 11:39:35 +0000 2026","7","@SmwGwOto Mobil ev : ngerusak lingkungan dari penambangan bahan dasar baterai Mobil ice : ngerusak lingkungan dari polusi udara yang dikeluarkan lewat knalpot dan polisi suara juga. Mobil hybrid : gabungan ice &amp; ev Emang pantes pajak hybrid dibikin dobel karena ngerusak dobel ","2042930557290713089","","SmwGwOto","in","","0","1","0","https://x.com/undefined/status/2042930557290713089","1763771465214943232",
"2042485674650321222","Fri Apr 10 06:11:47 +0000 2026","1","Proyek-proyek mubazir seperti inilah yang menjawab banyak pertanyaan Rakyat mengapa PLN selalu Rugi padahal Rakyat tidak menunggak membayar listrik. Memang gila kalau melihat angka-angkanya secara telanjang. Ini adalah fenomena Megaproyek sebagai Berhala di mana besarnya","2042485674650321222","","","in","","1","0","1","https://x.com/undefined/status/2042485674650321222","1383295518374121475",
"2042470022795120860","Fri Apr 10 05:09:35 +0000 2026","32","Pendanaan riset tahunan senegara setara 1 5 hari MBG? Gimana industri mau maju kalau pendanaan risetnya secimit ini? Ngapain majuin industri kan masyarakat bisa kerja di dapur MBG? kata buzzer. Eh kocak. Sini aku jelasin dengan simpel: Dapur MBG itu pakai APBN. APBN","2042470022795120860","","","in","","0","2","13","https://x.com/undefined/status/2042470022795120860","1915897056377638913",
"2042159268762427758","Thu Apr 09 12:06:54 +0000 2026","3","@Strategi_Bisnis Lihat nanti sekitar tahun 2032-2033. Kira² 8 THN setelah EV booming. Asumsi jaminan baterai 8 thn. Apakah baterai EV keluaran 2024-2025 masih bernafas atau nggak di THN 2032.","2042212656657158470","","Strategi_Bisnis","in","","0","1","0","https://x.com/undefined/status/2042212656657158470","1118063408",
"2042159268762427758","Thu Apr 09 10:01:32 +0000 2026","14","@Strategi_Bisnis EV itu masa depan.Dlm konteks Indonesia EV adl harapan kemandirian energi (batubara LNG panas bumi melimpah). Pemerintah jor2an beri insentif. Beberapa kelemahan EV yg sdh bersaing dg ICE: Harga awal Jarak tempuh Infrastruktur SPKLU Yg belum diatasi: 1Harga baterai msh mahal","2042181108952142251","","Strategi_Bisnis","in","","0","2","0","https://x.com/undefined/status/2042181108952142251","4601087533",
"2042150997863362757","Thu Apr 09 08:01:53 +0000 2026","2","Menteri Investasi dan Hilirisasi/Kepala BKPM sekaligus CEO Danantara Indonesia @rosanroeslani rapat dengan EVE Energy dan Huayou Group membahas investasi baterai &amp; EV di Indonesia. ** Minister of Investment and Downstream Industry/Chairman of BKPM &amp; CEO of Danantara Indonesia https://t.co/SJrX5RKEXS","2042150997863362757","https://pbs.twimg.com/media/HFctWX7aoAA2Hrv.jpg","","in","","0","1","1","https://x.com/undefined/status/2042150997863362757","106035510",
"2040794211113664751","Sun Apr 05 14:10:30 +0000 2026","1","Auto2000 Edukasi Baterai Hybrid Veloz EV Agar Lebih Optimal https://t.co/QEemVERO4X lewat @JKTOne.com","2040794211113664751","","","in","","0","0","0","https://x.com/undefined/status/2040794211113664751","1100617583374458880",
"2040437418906747084","Sun Apr 05 04:08:20 +0000 2026","20","@bardanslm 1. Indonesia bkn Jakarta saja 2. Konsep hybrid masuk akal dgn kondisi Indonesia yg msh blm mampu u/ 100% listrik 3. Retain value EV msh blm masuk ke preference org Indonesia maka HEV diyakini produsen JP sbg jalan tengah. 4. Dlm 1 atau 2 thn persoalan2 baterai listrik akn","2040642668120637804","","bardanslm","in","","0","2","2","https://x.com/undefined/status/2040642668120637804","2281694042",
"2040437418906747084","Sun Apr 05 03:10:50 +0000 2026","4","@bardanslm Bukan alasan. Karena supply chain Toyota udah kuat banget di mobil bensin /ICE. Beralih ke mobil hybrid lebih 'aman' buat rantai pasok karena masih pake ICE. Sementara komponen utama EV itu baterai yang mana Jepang dah ketinggalan dari China.","2040628198715826584","","bardanslm","in","","0","2","1","https://x.com/undefined/status/2040628198715826584","435439440",
"2039531915536109692","Thu Apr 02 08:57:32 +0000 2026","10","@SmwGwOto INI BATERAI MOTOR LISTRIK MODIFIKASI ANAK NEGERI. BUKAN BATERAI MOBIL EV BUATAN CHINA. JADI JANGAN SALAH PAHAM MESKI ADMIN BERITA MOBIL TAPI KADANG BERITAKAN MASALAH MOTOR JUG","2039628284376514644","","SmwGwOto","in","","0","1","0","https://x.com/undefined/status/2039628284376514644","1463732023588057092",
"2039278195925762446","Wed Apr 01 09:46:24 +0000 2026","1","Baterai EV berbasis sodium-ion baru buatan perusahaan China diklaim bisa terisi penuh hanya dalam 11 menit dan tetap optimal di suhu ekstrem. https://t.co/5KtlTCBUvz","2039278195925762446","","","in","","0","1","1","https://x.com/undefined/status/2039278195925762446","23343960",
"2039178328788373536","Wed Apr 01 03:52:11 +0000 2026","5","@LaLigaLocaID Ngasih konteks dikit soal mobil listrik kalau dibilang Jepang kalah iya betul tapi terlihat begitu karena memang mereka memilih arah yang berbeda. Jepang memprioritaskan untuk pengembangan mobil hybrid dan hidrogen jadi untuk pasar EV baterai mereka memang setengah hati .","2039189054290538816","","LaLigaLocaID","in","","0","1","0","https://x.com/undefined/status/2039189054290538816","1921571107490103296",
"2039145465904799761","Wed Apr 01 02:21:48 +0000 2026","15","@O5Bravo Engga nikel ga sesignifikan itu untuk EV karena cina udh bikin baterai baru LFP yg kebutuhan nikelnya sangat rendah Nikel itu butuhnya banyak buat stainless steel. Dan space x bangun rocketnya pakai stainless steel","2039166307439182093","","O5Bravo","in","","0","3","0","https://x.com/undefined/status/2039166307439182093","1673759511465566217",
"2038851329695859151","Tue Mar 31 05:30:11 +0000 2026","3","Harga baterai EV memang sudah turun jauh sejak 1991 tapi $5 000 jika kurs indo di Rp80 jutaan itu masih mahal. Bedanya sekarang sudah cukup murah untuk produksi massal makanya EV mulai masuk ke semua segmen dan pelan-pelan akan BYD pada waktu nya ya. Mungkin..","2038851329695859151","","","in","","0","0","0","https://x.com/undefined/status/2038851329695859151","1835875751373283328",
"2038788164958253289","Tue Mar 31 01:31:53 +0000 2026","2","@TradingDiary2 Tp kira2 AS bakal tinggal diam nggak ya liat dominasi EV Cina sekarang? Mengingat bahn baku baterai jg byk dikontrol Cina","2038791357129781542","","TradingDiary2","in","","0","1","0","https://x.com/undefined/status/2038791357129781542","2017499950880591880",
"2038419819675173049","Mon Mar 30 00:55:31 +0000 2026","4","2026 sektor nikel bakal ditentuin sama 3 sentimen gede: RKAB HPM &amp; pajak ekspor! Kemendagri ESDM rencana relaksasi kuota RKAB pertengahan tahun kalo harga nikel tetep tinggi. Realisasi produksi 2025 cuma 290-300 juta wmt doang padahal kuota sampe 370 juta. Produksi ga bisa https://t.co/IqaKS7RE7S","2038419819675173049","https://pbs.twimg.com/media/HEnr3QTaQAA_fbP.jpg","","in","","0","0","1","https://x.com/undefined/status/2038419819675173049","1481822249531604999",
"2037842745499558230","Sat Mar 28 12:47:06 +0000 2026","2","@KRathalos97 @DakotaGeorgy @Milantoon @dick76083 @hollowlaundrY32 @Gooren26 @MiggersEnjoyer @usrnamess @TheSopranoob Katanya Iran pun investasi baterai EV yah di indo masa iya hubungannya buruk","2037874120306962767","","KRathalos97","in","","0","1","2","https://x.com/undefined/status/2037874120306962767","1336546437602050055",
"2037183039986450632","Thu Mar 26 15:01:00 +0000 2026","188","Karena Indonesia adalah pemasok nikel terbesar kebijakan apa pun yang membatasi atau menambah biaya ekspor dari Indonesia akan langsung memengaruhi stok nikel dunia yang kemudian membuat harganya naik. Kenaikan harga nikel berpotensi meningkatkan biaya produksi baterai yang","2037183039986450632","","","in","","0","8","29","https://x.com/undefined/status/2037183039986450632","1955226998156169217",
"2036996334335762494","Thu Mar 26 02:39:06 +0000 2026","32","Presiden Prabowo baru saja kasih lampu hijau buat penarikan pajak ekspor komoditas nikel dan batu bara. Langkah ini diambil karena Indonesia menghadapi tekanan anggaran gara-gara harga minyak dunia yang melambung akibat konflik Iran. Sebagai negara yang masih impor BBM Indonesia https://t.co/XXnxHt2zKW","2036996334335762494","https://pbs.twimg.com/media/HETbnPxbEAA-qZy.jpg","","in","","0","1","3","https://x.com/undefined/status/2036996334335762494","1261343913396166656",
"2036728451898737096","Wed Mar 25 08:54:38 +0000 2026","15","Mau bangga ga naik? Faktanya ini justru ngeri sih jujur aja. Negara klo defisit terus yang di kerok ya rakyatnya dengan pajak-pajak yang makin aneh. Ini bagaikan BOM waktu yang tinggal nunggu meledak ya aja. Tapi sayang rakyatnya terutama di kalangan bawah ga sadar efek domino https://t.co/kxBU210Umn","2036728451898737096","https://pbs.twimg.com/media/HEPpujWakAAw0oH.jpg","","in","","0","2","3","https://x.com/undefined/status/2036728451898737096","902005561675227136",
"2036036109650862245","Mon Mar 23 12:57:51 +0000 2026","11","@Muhammadazi1998 Gak simply karena bangsa mereka impor minyak. Jadi dari awal mereka mengencangkan pengembangan EV untuk antisipasi suatu saat minyak akan sangat mahal. Kelebihan EV itu dia renewables. Baterai EV bisa didaur ulang untuk dipakai kembali setelah soak.","2036064886606995696","","Muhammadazi1998","in","","0","0","1","https://x.com/undefined/status/2036064886606995696","1381820144997965825",
"2036052658436599872","Mon Mar 23 12:09:16 +0000 2026","4","Emangnya Listrik tidak menggunakan BBM Kilang - NGomongnya jadi nggak mutu (memperpanjang usia Baterai EV tetap menggunakan Listrik dari PLN yang menggunakan BBM Kilang) #hening https://t.co/bJxJcxi8NO","2036052658436599872","https://pbs.twimg.com/media/HEGDGJfa4AA9d0t.jpg","","in","","1","2","4","https://x.com/undefined/status/2036052658436599872","780554097388687360",
"2036020378967916758","Mon Mar 23 10:01:00 +0000 2026","64","CATL dan BYD satu lagi siapa? Konflik geopolitik mempercepat transisi energi global. Dan semakin cepat dunia pindah ke EV semakin besar ketergantungannya pada teknologi baterai Tiongkok. Bahan bakar baterai apa? Lithium dan Nickel. Nickel paling banyak dari mana? Indonesia.","2036020378967916758","","","in","","2","9","10","https://x.com/undefined/status/2036020378967916758","1955226998156169217",
"2035638189394980975","Sun Mar 22 08:42:19 +0000 2026","20","Mobil EV ni adalah saingan Suzuki eVitara mobil mahal keluaran Suzuki. Kapasitas Baterai 61 kWh mobil ini bisa melaju sampai 428 km. Suzuki e Vitara bisa dicas menggunakan charger AC Type 2 dan fast charging arus DC CCS2. Dilengkapi ADAS Suzuki Safety Support yang super","2035638189394980975","","","in","","0","3","1","https://x.com/undefined/status/2035638189394980975","1833001838020636672",
"2034889316158382517","Fri Mar 20 07:06:34 +0000 2026","3","Dilaporkan sekitar 30 EV hangus terbakar akibat dari menjalarnya api dari baterai sebuah mobil listrik yang menyala secara tiba-tiba di jalan tol Hebei pada 16 Mar 2026. Sumber: @VOCPEnglish ikuti untuk info nyata tentang China tanpa propaganda. #Tiongkok #mobillistrik #EV https://t.co/ysw0Svw35V","2034889316158382517","https://pbs.twimg.com/amplify_video_thumb/2034888390198603776/img/_RDjTXTqxoFZIy3U.jpg","","in","","0","0","0","https://x.com/undefined/status/2034889316158382517","829629520256913408",
"2032385399965065570","Fri Mar 13 09:16:53 +0000 2026","11","Semuanya tumbuh positif. Yang paling mencolok itu M0 yang melonjak sampai 14 1% jauh dari angka sebelumnya yang cuma 2 7%. M1 dan M2 juga ikut tumbuh bahkan sedikit di atas prediksi para analis. Untuk pinjaman dalam mata uang Yuan angkanya naik jadi 5 75 triliun Yuan lebih","2032385399965065570","","","in","","0","1","3","https://x.com/undefined/status/2032385399965065570","1955226998156169217",
"2032055770922262668","Thu Mar 12 11:27:04 +0000 2026","2","BYD Perkenalkan Teknologi Baterai Baru dan Siapkan Posko Mudik untuk Pengguna EV https://t.co/V0ObbnmzqP lewat @JKTOne.com","2032055770922262668","","","in","","0","0","0","https://x.com/undefined/status/2032055770922262668","1100617583374458880",
"2031872373033746598","Wed Mar 11 23:18:18 +0000 2026","2","Kekhawatiran kehabisan daya baterai di tengah perjalanan masih menjadi salah satu alasan masyarakat ragu menggunakan mobil listrik untuk perjalanan jarak jauh terutama saat musim mudik Lebaran. Menjawab kekhawatiran tersebut MG Motor Indonesia menyiapkan layanan bantuan https://t.co/pe1OP0PJII","2031872373033746598","https://pbs.twimg.com/media/HDKpJoubQAMabLX.jpg","","in","","0","0","2","https://x.com/undefined/status/2031872373033746598","41730943",
"2031315042327736613","Tue Mar 10 10:24:18 +0000 2026","2","Batu-batu ini namanya Nodul Polimetalik. Bentuknya mirip kentang berserakan di dasar laut sedalam 4.000 6.000 meter. Isinya? Kobalt nikel dan tembaga murni bahan utama baterai mobil listrik (EV) yang sangat kita butuhkan untuk transisi energi hijau. ","2031315201069646130","","BroVitik","in","","0","1","0","https://x.com/undefined/status/2031315201069646130","1103838008334147584",
"2031284272158691469","Tue Mar 10 08:59:42 +0000 2026","2","@mcitraningrum mending PLTN terus produksi baterai EV sendiri kalau liat dari sumber daya yang kita punya.","2031293909134102953","","mcitraningrum","in","","0","1","1","https://x.com/undefined/status/2031293909134102953","876144607133814785",
"2031226034092224932","Tue Mar 10 04:29:59 +0000 2026","0","Mercedes Didenda Rp124 Miliar di Korea Selatan karena Klaim Baterai EV https://t.co/RqEJvOFsUW https://t.co/6ggOMtXMan","2031226034092224932","https://pbs.twimg.com/media/HDBdUENWwAADbhL.jpg","","in","","0","0","0","https://x.com/undefined/status/2031226034092224932","118371948",
"2030946948690096194","Mon Mar 09 10:01:00 +0000 2026","99","Coba kalian liat 10 besar brand mobil dunia 2025 ini. BYD sama Geely udah masuk 10 besar belum lagi NIO Xpeng Chery Wuling AION sampai Xiaomi yang makin agresif. Fix dunia emang lagi disetir sama Tiongkok..... Dulu orang masih sangsi ah mobil China gampang rusak.","2030946948690096194","","","in","","0","3","10","https://x.com/undefined/status/2030946948690096194","1955226998156169217",
"2030855173690769581","Mon Mar 09 04:14:35 +0000 2026","94","@LambeSahamjja Kalo menurut saya alasan utamanya bukan hanya masalah minyak. Mungkin mereka sudah memetakan ketergantungan mana yang masih bisa di tolerir dan mana yang sulit. dan mereka belajar dari embargo Rusia. Ketergantungan kepada Minyak akan menyebabkan mereka bergantung pada Timur","2030859769343541612","","LambeSahamjja","in","","0","1","4","https://x.com/undefined/status/2030859769343541612","1595972151902806016",
"2030855173690769581","Mon Mar 09 03:56:19 +0000 2026","1453","Guys China itu selangkah lebih maju dari yang kita kira. 12% kendaraannya udah listrik. Penjualan bensin turun 5.7% dalam setahun. Kedengarannya kecil tapi ini baru permulaan. Yang bikin gw salut bukan angkanya. Tapi cara China mikir. Mereka gak tiba tiba pindah ke EV karena","2030855173690769581","","","in","","20","32","208","https://x.com/undefined/status/2030855173690769581","1772323119111487490",
"2030252435298738450","Sat Mar 07 12:01:15 +0000 2026","4","Tren EV Lesu Pabrik Baterai Korsel di Georgia PHK 958 Orang https://t.co/MASgPSll4m","2030252435298738450","","","in","","0","0","0","https://x.com/undefined/status/2030252435298738450","1582972008479920129",
"2030223147568697354","Sat Mar 07 10:04:52 +0000 2026","129","Fakta: Program MBG mulai berjalan Sekolah Rakyat Kampung Nelayan Merah Putih Koperasi Merah Putih Hilirisasi nikel → Indonesia jadi pemain utama baterai EV Investasi asing terus naik Pertahanan diperkuat &amp; diplomasi aktif Kalau masih tanya majunya di","2030223147568697354","","","in","","7","130","22","https://x.com/undefined/status/2030223147568697354","235931838",
"2030176626525221038","Sat Mar 07 07:00:01 +0000 2026","0","Tempat Penyimpanan Baterai EV Rentan Kebakaran Tak Sembarangan Ruangan Dilapisi Cat Khusus https://t.co/7ZbT9VDREx","2030176626525221038","","","in","","0","0","0","https://x.com/undefined/status/2030176626525221038","132078023",
"2029579009189961892","Thu Mar 05 22:20:07 +0000 2026","2","@SelebtwitMobil Karena orang di china nunggu baterai BYD terbaru yg keluar Maret ini. Ukuran dan bobot sama tapi kapasitas lebih besar 30-40% Atto 3 tahun ini bisa tempuh 600 km naik 150 km dari model lama dengan bagasi yg lebih luas 40%. Tahta Range EV terjauh dikuasai mobil2 byd terbaru","2029683403910697377","","SelebtwitMobil","in","","0","0","0","https://x.com/undefined/status/2029683403910697377","1463732023588057092",
"2029375489702572061","Thu Mar 05 01:56:35 +0000 2026","24","Selamat pagi Pagi ini bursa Hong Kong buka dengan energi yang lumayan. Sentimen positif lagi muter di sektor teknologi sama kendaraan listrik (EV). Indeks Utama: Hang Seng Index (HSI): +1 32% Hang Seng Tech (HSTECH): +1 61% Lumayan enak dilihat setelah beberapa hari terakhir https://t.co/6tReDgwo7I","2029375489702572061","https://pbs.twimg.com/media/HCnKLLXawAEROHO.jpg","","in","","0","2","3","https://x.com/undefined/status/2029375489702572061","1955226998156169217",
"2028657925372440834","Tue Mar 03 02:25:14 +0000 2026","2","ANTARA - ANTARA - Gotion bangun pabrik baterai solid-state 2 GWh dukung debut EV di 2026 https://t.co/Sk4DkT0YPu https://t.co/gCvCxw3KfJ","2028657925372440834","https://pbs.twimg.com/media/HCc9oh5aoAAPAwF.jpg","","in","","0","0","0","https://x.com/undefined/status/2028657925372440834","18071520",
"2028326934862598571","Mon Mar 02 06:25:14 +0000 2026","2","@kumparan Udah DIBELI trus dibalikin kemana ??? kalo gak dipake yaa Rusak baterai EV nya Sikaaaat laaah... Udah merugikan Negara niih @KPK_RI @bpkri @KejaksaanRI @BimaAryaS","2028355935652159524","","kumparan","in","","0","0","0","https://x.com/undefined/status/2028355935652159524","174193809",
"2027272450820751777","Fri Feb 27 20:42:48 +0000 2026","2","@SmwGwOto Pilih EV yg ada fitur lifetime guarantee nya buat baterai dan pelajari syarat dan ketentuan nya dg baik","2027484585328840939","","SmwGwOto","in","","0","0","0","https://x.com/undefined/status/2027484585328840939","47124725",
"2027270441157685724","Fri Feb 27 15:03:32 +0000 2026","2","@ertigaid Mamam tuh Ev car. Di begoin pada mau. Fomo. Baterai nya seharga mobil baru. Saran gw jual aja . Ganti yg hybrid atau konvensional","2027399206055592065","","ertigaid","in","","0","0","0","https://x.com/undefined/status/2027399206055592065","1706658273292935168",
"2027272450820751777","Fri Feb 27 06:39:51 +0000 2026","104","Hal yang paling menakutkan memiliki mobil EV itu di ketahanan baterai karna harga baterai nya yg wowww... Kira kira hal apa yg mesti diperhatikan agar usia baterai bisa tahan lama. 1. Jangan biarkan baterai sampai habis dan bila di charge hingga 80% saja menjaga kita lupa https://t.co/zSwGP45dnH","2027272450820751777","https://pbs.twimg.com/media/HCJRi-JbMAAi1kr.jpg","","in","","2","13","22","https://x.com/undefined/status/2027272450820751777","853206219611185152",
"2027218981254517222","Fri Feb 27 03:07:23 +0000 2026","2","Yep. setuju. Orang Indo suka yg instan. Pengusahanya juga pastinya. Pemerintah sudah mulai geser ke pembangunan jangka panjang tapi menurutku masih lambat lajunya. Seperti EV teknologi baterai dll. Maunya jadi konsumen terus ","2027218981254517222","","","in","","0","0","0","https://x.com/undefined/status/2027218981254517222","1203887301346000898",
"2027133072806973523","Fri Feb 27 01:58:05 +0000 2026","2","@SmwGwOto Betul harganya lebih mahal dr yang second dan memang harus servis rutin. Bulan kemarin baru klaim baterai dan free. Air EV 2022 tiba2 drop.","2027201541833372130","","SmwGwOto","in","","0","1","0","https://x.com/undefined/status/2027201541833372130","26900792",
"2026527158471196904","Wed Feb 25 06:22:43 +0000 2026","2","EV mempunyai Bottleck 1. Refining &amp; processing (hilirisasi) 2. Integrasi Ke Software 3. Electeiciry Grid (SPKLU) 4. Resale Value Ketidakpastian setelah 5 tahun terhadap baterai nya. 3 poin ini saja sudah membutuhkan Basic Material (timah copper alumunium lithium dan https://t.co/rLK3wEJZrp","2026543360085995637","https://pbs.twimg.com/media/HB-6cinaMAUCmnm.jpg","Gieehad","in","","0","1","0","https://x.com/undefined/status/2026543360085995637","1034308064",
"2026203123803718098","Tue Feb 24 07:50:44 +0000 2026","0","PLN MEBI dan HUAWEI Resmikan SPKLU Signature dengan Ultra-Fast Charging dan Split Charging Pertama di Indonesia Sinergi lintas sektor dalam mempercepat pengembangan infrastruktur kendaraan listrik (Electric Vehicle/EV) terus mencatatkan hasil positif. Teranyar PT PLN https://t.co/oswNZqL11G","2026203123803718098","https://pbs.twimg.com/media/HB6E_PoboAAbLgf.jpg","","in","","0","1","0","https://x.com/undefined/status/2026203123803718098","71436318",
"2025575741614629038","Sun Feb 22 14:17:44 +0000 2026","2","Tata Punch EV Facelift 2026 telah resmi diluncurkan di India baru-baru ini menawarkan pembaruan desain fitur dan opsi baterai inovatif termasuk skema Battery-as-a-Service (BaaS). Peluncuran ini menjadikannya SUV listrik kompak paling terjangkau dari Tata Motors dengan harga","2025575741614629038","","","in","","0","0","0","https://x.com/undefined/status/2025575741614629038","1981555039820001280",
"2025416067301212313","Sun Feb 22 03:43:15 +0000 2026","78","Hallo warga x happy weekend.. Selamat berpuasa bagi yang menjalankan.. Udah resmi ya berakhir #Knetz vs #SEAblings Tapi menambah wawasan dan belajar itu tiada akhir.. Menurutmu kalo Indonesia mau jadi Raja EV Dunia hmm. Realistis Nggak? 🇮🇩 Kita punya nikel terbesar dunia. https://t.co/EkNU3E22jK","2025416067301212313","https://pbs.twimg.com/media/HBu5K9ibgAQn9GC.jpg","","in","","1","69","9","https://x.com/undefined/status/2025416067301212313","1816383511420645376",
"2024843338923581733","Sat Feb 21 02:14:50 +0000 2026","2","@bluecandleway Ini akun marketnya warga AS atau indo? Kok ga dijelasin benefit dari pihak Indonesia? Indonesia dapet insentif hijau buat jual baterai EV tarif ekspor paling rendah di negara ASEAN transfer teknologi manufaktur dan pertambangan","2025031427860169066","","bluecandleway","in","","0","1","0","https://x.com/undefined/status/2025031427860169066","1140440256958750720",
"2024020997603721612","Wed Feb 18 07:19:44 +0000 2026","202","MBMA bergerak di industri pertambangan nikel sebagai bahan baku pembuatan baterai kendaraan listrik (EV/electronic vehicle). bisnis lainnya dari perusahaan adalah smelter RKEF (rotary kiln-electric furnace) fasilitas pengolahan AIM (asam besi dan logam) dan proyek pabrik HPAL","2024020997603721612","","","in","","1","2","22","https://x.com/undefined/status/2024020997603721612","1542403534288584705",
"2023976188436508819","Wed Feb 18 04:21:41 +0000 2026","102","Keputusan investasi paling gila sering kali justru terlihat salah di awal. Tahun 2008 saat dunia keuangan goyah dan investor Barat ragu pada perusahaan China. Charlie Munger malah mendorong Berkshire Hathaway menanamkan modal sekitar US$230 juta ke BYD perusahaan baterai","2023976188436508819","","","in","","0","0","13","https://x.com/undefined/status/2023976188436508819","187437530",
"2023925655357059526","Wed Feb 18 01:29:23 +0000 2026","34","@mcitraningrum BYD sukses bukan cuma karena founder-nya jago baterai. Wang Chuanfu punya visi teknologi. Wan Gang dorong kebijakan besar-besaran ke EV saat China sadar tak akan menang di mobil bensin. Ada subsidi pasar dibentuk infrastruktur dibangun. Teknologi + kebijakan jalan bareng.","2023932827306512635","","mcitraningrum","in","","0","1","5","https://x.com/undefined/status/2023932827306512635","1025551760",
"2023925655357059526","Wed Feb 18 01:00:53 +0000 2026","763","Kesuksesan BYD ini kombinasi visionernya Wang Chuanfu (founder &amp; CEO BYD) dan Wan Gang (Menteri Saintek Tiongkok 2007-2018). Wan Gang itu disebut Bapak EV negara panda :) ️ Wang Chuanfu adalah chemist dengan keahlian di baterai; makanya dia kemudian mendirikan pabrik baterai","2023925655357059526","","","in","","22","25","191","https://x.com/undefined/status/2023925655357059526","69806285",
"2023667596701389026","Tue Feb 17 07:55:27 +0000 2026","6","Smartfren Andromax U2 ponsel cukup berkesan buat gua saking berkesan nya hp ini hilang karena kena jegat preman ditempat sepi . Beli awal rilis Agustus 2013 Spesifikasi nya: Layar 4 5 inci IPS 540×960 60Hz Snapdragon 1.2Ghz MSM8625Q. GPU Andreno 203 Dual On EV-DO &amp; GSM. https://t.co/9EkNIjLktL","2023667596701389026","https://pbs.twimg.com/media/HBWC9FcbcAIZk7E.jpg","","in","","0","0","0","https://x.com/undefined/status/2023667596701389026","1672915025231740929",
"2023614634138497101","Tue Feb 17 04:25:00 +0000 2026","15","Alkisah bin ringkasnya seperti ini bang terkait quote tweet saya. Pada 2008 Berkshire Hathaway menginvestasikan sekitar $230 juta untuk membeli ~10% saham BYD (225 juta saham) melalui rekomendasi kuat Charlie Munger yang sebelumnya diperkenalkan oleh Li Lu (seorang investor https://t.co/67RH9itK8O","2023614634138497101","https://pbs.twimg.com/media/HBVSx1hbcAMM5aU.jpg","","in","","0","7","0","https://x.com/undefined/status/2023614634138497101","371225456",
"2023030088250564882","Sun Feb 15 13:42:13 +0000 2026","379","What happens when you suddenly cut the feedstock of a booming industry? Price spikes. Kementerian ESDM resmi memotong RKAB bijih nikel untuk tahun 2026 menjadi 260-270 juta wmt. Tahun 2025 kuota tersebut adalah 379 juta wmt. Berarti DISUNAT hampir SEPEREMPAT. Tentu saja harga https://t.co/Ie9NxDgozS","2023030088250564882","https://pbs.twimg.com/media/HBM_IxAbsAAv_x_.jpg","","in","","4","11","73","https://x.com/undefined/status/2023030088250564882","1461979085232480268",
"2022610515479110000","Sun Feb 15 03:20:05 +0000 2026","2","@rasjawa Mau komen ini UTAS dan jawaban pembuat UTAS cenderung asal dan tendensius. 1. Tidak secara langsung bertanya penyebabnya lalu menyimpulkan. 2. Setiap ada yang menyampaikan alternatif solusi di rest area ada SPKLu selalu menyanggah dengan bilang SPKLU penuh dan antri. Jadi maksud","2022873521714819185","","rasjawa","in","","0","1","0","https://x.com/undefined/status/2022873521714819185","399901511",
"2022866138258870446","Sun Feb 15 02:50:45 +0000 2026","3","Hmmm... APAR jenis baru yg diklaim utk kategori kebakaran kelas L (baterai lithium) belum terbukti efektif. Jadi sampai sekarang belum ada yg bener2 certified efektif utk memadamkan kebakaran EV atau yg disebabkan oleh bateral lithium https://t.co/YlLYy1Q3Up","2022866138258870446","","","in","","0","1","0","https://x.com/undefined/status/2022866138258870446","67848433",
"2022610515479110000","Sat Feb 14 15:06:25 +0000 2026","10","@rasjawa Mas pernah pakai ev belum? Justru kalau macet itu cuma habis baterai 3-5 % apalagi cuma jalan ke bandung kenapa bisa ambil kesimpulan baterai habis? Mas nya ngobrol sama supir ev nya?","2022688887454490889","","rasjawa","in","","3","4","0","https://x.com/undefined/status/2022688887454490889","1454500148457852939",
"2022664750623064567","Sat Feb 14 13:30:30 +0000 2026","0","Uflim memperkenalkan kaca film resmi untuk Jaecoo J5 di Indonesia International Motor Show (IIMS) 2026 dengan klaim dapat mendinginkan kabin sekaligus membantu menghemat baterai kendaraan listrik. Kaca film ini dirancang untuk menahan panas dari sinar matahari sehingga suhu https://t.co/fwU3wSK8X8","2022664750623064567","https://pbs.twimg.com/media/HBGUZguakAAiozQ.jpg","","in","","0","0","0","https://x.com/undefined/status/2022664750623064567","231355136",
"2021936576620900642","Thu Feb 12 13:17:00 +0000 2026","12","Pabrik Baterai EV Karawang Ditargetkan Rampung Juni 2026: Serap 3.000 Karyawan https://t.co/pyZ3PeuazC","2021936576620900642","","","in","","0","1","1","https://x.com/undefined/status/2021936576620900642","39677695",
"2021786117880840524","Thu Feb 12 06:26:37 +0000 2026","3","@innovacommunity Soal duka: 1. Dengan banjirnya mobil listrik market mobil menjadi oversupply jd harga mobil IC pun akan turun (terdampak) 2. Ada EV yg baterai besar dan ultra fast charging 3. Ada yg pake ban serep 4. Justru ini nyaman banget berasa terbang. Gw punya AION V no 2&amp;3no problem","2021833303037460984","","innovacommunity","in","","0","1","1","https://x.com/undefined/status/2021833303037460984","231309540",
"2021576317955940610","Wed Feb 11 13:25:27 +0000 2026","8","Mana yang katanya Si Paling Sustainable setelah beli mobil listrik? Iya sih mobil listrik itu emang 0 emisi knalpot tetapi limbah baterai EV itu bisa menimbulkan masalah baru untuk lingkungan. Kabar baiknya kini sudah ada upaya pencegahan dan solusi. Tonton videonya sampai https://t.co/wbTEjlwkCz","2021576317955940610","https://pbs.twimg.com/amplify_video_thumb/2021575911834030080/img/QBOA_MWTgNKQnxBh.jpg","","in","","1","0","2","https://x.com/undefined/status/2021576317955940610","47596019",
"2021506968981225544","Wed Feb 11 08:49:53 +0000 2026","0","Di IIMS 2026 Suzuki eVitara dan MG S5 EV hadir sebagai SUV listrik ringkas dengan spesifikasi baterai mirip tapi harga berbeda jauh. Baca Selengkapnya https://t.co/0cxa9B8Nxu ~NA #SuzukiEVitara #MGS5EV #IIMS2026 https://t.co/ODBRl0i342","2021506968981225544","https://pbs.twimg.com/media/HA3V3pZaYAAeu_P.jpg","","in","","0","0","0","https://x.com/undefined/status/2021506968981225544","23343960",
"2021412140230509024","Wed Feb 11 02:33:04 +0000 2026","1","Wakil Ketua Perkumpulan Industri Kendaraan Listrik Indonesia (Periklindo) Prabowo Kartoleksono mengatakan mobil berbahan bakar bensin lebih mungkin terbakar dibanding mobil listrik (EV). Ia ingin meluruskan persepsi publik terkait tingkat risiko terbakar pada kendaran listrik. https://t.co/XvP57rWI76","2021412140230509024","https://pbs.twimg.com/amplify_video_thumb/2021403131570159619/img/45AEdoQR--WGNh5Y.jpg","","in","","0","0","0","https://x.com/undefined/status/2021412140230509024","58880688",
"2021149247861559679","Tue Feb 10 09:08:26 +0000 2026","2","proyek baterai ev bareng antm https://t.co/coD6kriPq9","2021149247861559679","https://pbs.twimg.com/media/HAyQfLqbsAAfFDx.jpg","","in","","1","0","0","https://x.com/undefined/status/2021149247861559679","1842258760309551104",
"2020811965610733583","Mon Feb 09 22:07:29 +0000 2026","7","@innovacommunity Baterai mobil sekarang mah rata2 juga tangguh di youtube ada user make Tesla udah 10 tahun Bterai health masih 80 persen lebih mana asli ev","2020982915111452952","","innovacommunity","in","","0","2","0","https://x.com/undefined/status/2020982915111452952","1659089249428443136",
"2019754708991451277","Fri Feb 06 12:47:02 +0000 2026","21","Ini bukan kabar bahagia buat $BTC karena belum ada limpahan likuiditas baru. Rare earth adalah bahan baku penting untuk AI chip EV baterai smartphone dan data center. China menguasai sekitar 60 70% supply global. Saat China mengetatkan ekspor biaya produksi naik. Saat https://t.co/U7KGQQ3Buj","2019754708991451277","https://pbs.twimg.com/media/HAecNBHbcAAELf4.jpg","","in","","0","0","1","https://x.com/undefined/status/2019754708991451277","1835875751373283328",
"2019659474429243393","Fri Feb 06 06:28:36 +0000 2026","4","Toyota memastikan seluruh model elektrifikasi di Indonesia termasuk Vios Hybrid EV Yaris Cross Hybrid EV dan Alphard XE Hybrid EV menggunakan baterai berbasis nikel sebagai dukungan hilirisasi nasional. Baca Selengkapnya https://t.co/WE0A4AveSn ~NA #ToyotaHybrid https://t.co/2y69bRVgoa","2019659474429243393","https://pbs.twimg.com/media/HAdFlPubEAA6b-K.jpg","","in","","0","0","0","https://x.com/undefined/status/2019659474429243393","23343960",
"2019603012193517898","Fri Feb 06 02:44:15 +0000 2026","3","Huayou Soal Tren Baterai EV: Tak Usah Takut Nikel Tergantikan LFP https://t.co/od5r0K63mB","2019603012193517898","","","in","","0","0","0","https://x.com/undefined/status/2019603012193517898","1582972008479920129",
"2019306549462856037","Thu Feb 05 07:06:55 +0000 2026","3","Grafik yang kita lihat itu sebenarnya adalah rekaman keringat . Tiongkok (Tuan Panda) sedang berkeringat habis-habisan. Untuk menghasilkan uang 1 Dollar dia butuh energi berkali-kali lipat lebih banyak daripada Paman Sam. Secara logika Tiongkok tidak punya pilihan. Mereka","2019306728480026807","","FiksiBerfakta","in","","0","1","0","https://x.com/undefined/status/2019306728480026807","1955226998156169217",
"2019032484793761989","Wed Feb 04 12:57:10 +0000 2026","3","Wacana penghentian insentif mobil listrik dinilai justru dapat mendorong produsen kendaraan listrik merealisasikan komitmen investasi terutama pembangunan pabrik baterai EV di dalam negeri. Simak selengkapnya: https://t.co/Bxe3DudAiv https://t.co/lAxjTAX43s","2019032484793761989","https://pbs.twimg.com/media/HAULVOjaIAIjOdk.jpg","","in","","0","0","0","https://x.com/undefined/status/2019032484793761989","1582972008479920129",
"2018593449050804249","Tue Feb 03 16:16:00 +0000 2026","7","@rodadotco Gw udah pakai EV Korea 2 tahun belakangan. Mmg jauh lebih enak dari bensin. Selain pajak murah free maintenance juga. Gak ada tuh service 3 bulanan ganti oli filter bensin oli gardan dll. Baterai juga garansi panjang.","2018720131531079843","","rodadotco","in","","0","0","1","https://x.com/undefined/status/2018720131531079843","140102699",
"2018695524749115548","Tue Feb 03 14:38:13 +0000 2026","7","Dengan harga baterai yang hampir seharga mobil baru ngisi daya ga sebanyak bensin/diesel &amp; ngisinya butuh waktu lebih saya malah penasaran kenapa banyak yang berani beli mobil EV (bukan yang hybrid) Belum lagi kalo ada banjir","2018695524749115548","","","in","","0","3","1","https://x.com/undefined/status/2018695524749115548","1310222077702541319",
"2018611299106897949","Tue Feb 03 09:03:32 +0000 2026","0","DAAZ Gabung ANTM-Huayou Garap Proyek Jumbo Baterai EV https://t.co/Sgoq5Q8cGK","2018611299106897949","","","in","","0","0","0","https://x.com/undefined/status/2018611299106897949","847372542830444544",
"2018543638364770734","Tue Feb 03 04:34:40 +0000 2026","2","Raksasa EV Dunia Ramai-ramai Masuk RI Bangun Smelter hingga Pabrik Baterai https://t.co/i1X2ARSaVe","2018543638364770734","","","in","","0","0","0","https://x.com/undefined/status/2018543638364770734","135795460",
"2018321979544359120","Mon Feb 02 13:53:53 +0000 2026","0","RI Punya Pabrik Baterai EV Raksasa Ini Pemiliknya https://t.co/bsGzCz6SuZ","2018321979544359120","","","in","","0","0","0","https://x.com/undefined/status/2018321979544359120","847372542830444544",
"2018315408781230329","Mon Feb 02 13:27:46 +0000 2026","1","IBC Siap Garap Proyek Daur Ulang Baterai EV di 2030 https://t.co/haTOSeS20K","2018315408781230329","","","in","","0","0","1","https://x.com/undefined/status/2018315408781230329","847372542830444544",
"2018280555557867620","Mon Feb 02 11:09:16 +0000 2026","0","Pabrik Baterai EV Raksasa RI Hampir Kelar IBC Minta Dukungan Ini https://t.co/xtkoGgH717","2018280555557867620","","","in","","0","0","0","https://x.com/undefined/status/2018280555557867620","847372542830444544",
"2018087153193144736","Sun Feb 01 22:20:46 +0000 2026","2","BYD baru saja mengumumkan investasi besar-besaran senilai Rp2 6 triliun untuk membangun pabrik baterai kendaraan listrik (EV) baru di Vietnam sebuah langkah strategis yang memperkuat posisi mereka di pasar Asia Tenggara. https://t.co/IanhBdgOzY","2018087153193144736","","","in","","0","0","0","https://x.com/undefined/status/2018087153193144736","1981555039820001280",
"2017819727804956693","Sun Feb 01 05:47:13 +0000 2026","16","@worksfess Wah mantap Nder. Aku jg kerja di BUMC produksi baterai EV btw cuman aku di Jateng. Semangat ya Nder. Sukses selalu","2017837119943938202","","worksfess","in","","0","11","0","https://x.com/undefined/status/2017837119943938202","1234129424691286016",
"2017790654131130600","Sun Feb 01 02:42:35 +0000 2026","0","Pasar Gelap Kepung Limbah Baterai EV China Ancaman Ledakan Menguat https://t.co/fnnoAWoOnp https://t.co/4o0xWk7oTI","2017790654131130600","https://pbs.twimg.com/media/HACh6CcXsAANOy-.jpg","","in","","0","0","0","https://x.com/undefined/status/2017790654131130600","118371948",
"2017732444687110165","Sat Jan 31 22:51:17 +0000 2026","1","ANTARA - ANTARA - Kemarin Fast &amp; Furious rilis 2028 hingga baterai EV bekas daur ulang https://t.co/vZ0BLQiObT https://t.co/jnP9Klok1S","2017732444687110165","https://pbs.twimg.com/media/HABs92TbEAMQanH.jpg","","in","","0","0","0","https://x.com/undefined/status/2017732444687110165","18071520",
"2017194208663310399","Fri Jan 30 11:12:31 +0000 2026","0","Menteri ESDM Bahlil Lahadalia menargetkan pada semester I 2026 digelar groundbreaking ekosistem baterai kendaraan listrik (EV) konsorsium Huayou dan EVE Energy yang berkolaborasi dengan perusahaan nasional seperti Antam IBI dan DBL. https://t.co/JZhRpqevjn","2017194208663310399","","","in","","0","0","0","https://x.com/undefined/status/2017194208663310399","18071520",
"2017187561370943697","Fri Jan 30 10:46:06 +0000 2026","0","RI Bentuk Konsorsium Proyek Ekosistem Baterai EV Senilai Rp100 Triliun https://t.co/4qzU0vstCO","2017187561370943697","","","in","","0","0","0","https://x.com/undefined/status/2017187561370943697","847372542830444544",
"2017180514013368342","Fri Jan 30 10:18:06 +0000 2026","1","Bahlil saksikan kesepakatan konsorsium Huayou ekosistem baterai EV. https://t.co/e6LLQ28BzL","2017180514013368342","","","in","","0","0","1","https://x.com/undefined/status/2017180514013368342","18071520",
"2016797506403738032","Thu Jan 29 08:56:10 +0000 2026","0","Eropa Disebut Tertinggal 20 Tahun dari China Soal Baterai EV https://t.co/aKT4RouRgL","2016797506403738032","","","in","","0","0","0","https://x.com/undefined/status/2016797506403738032","154102750",
"2015712062333161640","Mon Jan 26 09:03:00 +0000 2026","77","𝐓𝐢𝐨𝐧𝐠𝐤𝐨𝐤 𝐀𝐦𝐛𝐢𝐥 𝐀𝐥𝐢𝐡 𝐊𝐞𝐧𝐝𝐚𝐥𝐢 𝐇𝐚𝐫𝐠𝐚 𝐍𝐢𝐤𝐞𝐥 𝐃𝐮𝐧𝐢𝐚! Ada yang memantau perkembangan industri EV atau baterai dunia? Berita ini wajib masuk radar kalian. Selama ini dunia selalu berkiblat ke London (LME) untuk acuan harga nikel tapi sebentar","2015712062333161640","","","in","","0","1","17","https://x.com/undefined/status/2015712062333161640","1955226998156169217",
"2014281039930400799","Thu Jan 22 10:16:38 +0000 2026","8","Calon mobil listrik Mitsubishi. Namanya Foxtron Bria EV buatan Foxconn ini punya baterai LFP berkapasitas 57 7 kWh yang bikin mobil ini bisa menempuh jarak 516 km (NEDC). Mobil ini nantinya bakal jadi basis dari mobil listrik Mitsubishi. https://t.co/3kXNPQlc5j","2014281039930400799","https://pbs.twimg.com/media/G_Qp5_cXoAA2HVg.jpg","","in","","0","0","0","https://x.com/undefined/status/2014281039930400799","1194220651155873793",
"2014202190882328619","Thu Jan 22 05:03:19 +0000 2026","29","Menjelajahi Indonesia terasa lebih menyenangkan dengan kenyamanan. Dengan front bumper spoiler side body moulding with side skirt dan rear bumper spoiler Kijang Innova Zenix Hybrid EV siap menemani Toyota Friends keliling Indonesia. Dan jangan khawatir karena ada garansi https://t.co/15jQBpxy18","2014202190882328619","https://pbs.twimg.com/media/G_PiNcvXYAAmGbw.jpg","","in","","0","2","6","https://x.com/undefined/status/2014202190882328619","64310527",
"2014164409635987772","Thu Jan 22 02:33:11 +0000 2026","2","RI-China Mau Bangun Ekosistem Baterai EV Ini Kabar Terbarunya https://t.co/A64Dh0cE8q","2014164409635987772","","","in","","0","0","0","https://x.com/undefined/status/2014164409635987772","847372542830444544",
"2012769869360734392","Sun Jan 18 06:11:46 +0000 2026","2","Pabrik Baterai EV CATL Selesai Dibangun Beroperasi Akhir 2026 - Energi https://t.co/rcGmd8mqIh","2012769869360734392","","","in","","0","0","1","https://x.com/undefined/status/2012769869360734392","2728984603",
"2012168372130378091","Fri Jan 16 14:21:38 +0000 2026","1","Instalasi Pabrik Baterai Rampung Indonesia Kian Dekat Industri EV https://t.co/clJvAfYgra","2012168372130378091","","","in","","0","0","0","https://x.com/undefined/status/2012168372130378091","135795460",
"2011790964948611568","Thu Jan 15 13:21:57 +0000 2026","0","Wujudkan Ekosistem Baterai EV Battery Manufacture Selesai Diinstalasi https://t.co/Fvf69dABH2","2011790964948611568","","","in","","0","0","0","https://x.com/undefined/status/2011790964948611568","847372542830444544",
"2011753133719109724","Thu Jan 15 10:51:38 +0000 2026","3","TSLA emang kalah dari BYD soal penjualan produk EV tapi mereka lagi fokus di kolam yang lebih besar; RoboTaxi AI dan baterai. 3 lini bisnis ini yang jadi katalis growth jangka panjang buat pertumbuhan bisnis TSLA. -- PT PG Berjangka berizin dan diawasi OJK. https://t.co/z59RXyHATo","2011753133719109724","https://pbs.twimg.com/media/G-stO8MbQAAClzV.jpg","","in","","0","1","0","https://x.com/undefined/status/2011753133719109724","902083753605980160",
"2011402085313695863","Wed Jan 14 15:17:15 +0000 2026","3","Logika kamu bener EV secara struktur emang lebih safe dari risiko mesin mati karena banjir dibanding mobil bensin. Tapi inget mobil itu aset mahal. Lebih baik muter balik daripada ngetes nyali baterai kamu. ️","2011457590421762392","","lo_myself7","in","","0","1","0","https://x.com/undefined/status/2011457590421762392","1568995446273773570",
"2011402085313695863","Wed Jan 14 15:16:14 +0000 2026","3","2. Efek Kapal Selam. ️ EV itu berat karena baterai tapi kalau airnya dalem banget mobil tetep bisa mengapung (Hukum Archimedes). Begitu ban gak nempel tanah kamu gak punya kendali. Mobil bisa hanyut kebawa arus banjir. Bahaya banget!","2011457334078505048","","lo_myself7","in","","0","1","0","https://x.com/undefined/status/2011457334078505048","1568995446273773570",
"2009858940373450796","Sat Jan 10 05:24:47 +0000 2026","9","Ujicoba EV (di Cina) dengan fitur membuang baterai saat emergency. Sebuah bukti kalau EV itu memang BERBAHAYA ️ https://t.co/dCFcAB4nV2","2009858940373450796","https://pbs.twimg.com/ext_tw_video_thumb/2009858914494631936/pu/img/YYWPmjoVZeSRg7me.jpg","","in","","1","1","2","https://x.com/undefined/status/2009858940373450796","1254035776322453506",
"2009067330039631979","Thu Jan 08 10:43:51 +0000 2026","2","@MUSUHKHAWARIJ @ertigaid Selain ketersedian SPKLU kelemahan terbesar EV tuh ya baterai. Harga ganti baru mahal dn jika teknologi baterai baru dipasarkan kemungkinan besar mobil yg skrg ga kompatibel dgn baterai baru tsb. Kalaupun bisa pasti pergantian hardware di mobil lama rsb yg pasti nambah cost.","2009214458770677814","","MUSUHKHAWARIJ","in","","0","0","0","https://x.com/undefined/status/2009214458770677814","1664857818309234690",
"2009067330039631979","Thu Jan 08 10:39:44 +0000 2026","27","@ertigaid Hype EV ini gk akan lama dlm 5th kedepan pasar bakalan ancur krna depresiasi yg sangat cepat sm mahalnya biaya pergantian baterai. Di Amerika ini sdh terjadi Tesla Model 3 (harga 40-50k MSRP) yg rusak baterai cm dijual diharga kira 10-20% dr harga baru. Kelemahan EV ya baterai!","2009213424040067572","","ertigaid","in","","0","2","2","https://x.com/undefined/status/2009213424040067572","1664857818309234690",
"2008955718909784084","Wed Jan 07 17:35:51 +0000 2026","17","Biar simpel ini barang yang tarifnya lumayan (yg gampang dipahami orang awam) : 1. Electric Vehicles (EV): tarif jadi 100% 2. Solar wafers &amp; polysilicon: naik ke 50% (mulai 1 Jan 2025) 3. Baterai &amp; battery parts tertentu: 25% (sebagian 2024 2026) 4. Critical minerals https://t.co/8oQQ09umca","2008955755295330531","https://pbs.twimg.com/media/G-E4nOOa0AApoIo.jpg","buildportosaham","in","","0","1","0","https://x.com/undefined/status/2008955755295330531","1909069879136956417",
"2008955718909784084","Wed Jan 07 17:35:49 +0000 2026","9","Yg bikin makin menarik : tarif AS ke barang China itu bukan rata sama. Ada sektor yg dihajar lebih keras karena dianggap strategis (EV baterai solar mineral kritikal alat medis cranes dll). https://t.co/9pFOfeZwJu","2008955747762360684","https://pbs.twimg.com/media/G-E4KXIa0AEBMly.jpg","buildportosaham","in","","0","1","0","https://x.com/undefined/status/2008955747762360684","1909069879136956417",
"2008841289287041500","Wed Jan 07 10:01:00 +0000 2026","28","𝐒𝐞𝐭𝐞𝐥𝐚𝐡 𝐚𝐧𝐜𝐚𝐦 𝐌𝐞𝐤𝐬𝐢𝐤𝐨 𝐝𝐚𝐧 𝐦𝐚𝐮 𝐜𝐚𝐩𝐥𝐨𝐤 𝐊𝐚𝐧𝐚𝐝𝐚 𝐬𝐞𝐤𝐚𝐫𝐚𝐧𝐠 𝐆𝐫𝐞𝐞𝐧𝐥𝐚𝐧𝐝 𝐦𝐚𝐬𝐮𝐤 𝐫𝐚𝐝𝐚𝐫 𝐝𝐚𝐟𝐭𝐚𝐫 𝐛𝐞𝐥𝐚𝐧𝐣𝐚𝐚𝐧 𝐓𝐫𝐮𝐦𝐩! TRUMP: Ini bukan soal mineral ini soal keamanan karena Tiongkok dan Rusia mau ambil! ","2008841289287041500","","","in","","1","4","7","https://x.com/undefined/status/2008841289287041500","1955226998156169217",
"2008544768381612213","Tue Jan 06 14:22:44 +0000 2026","213","️ ◾️Pabrik mulai jalan produksi awal 1.000 battery pack. mayoritas masih impor ◾️39% revenue dari kerja sama tambang tembaga yg bersifat one-off ◾️Fokus 2 tahun ke depan: battery pack mould baterai (TKDN) battery bank &amp; layanan untuk EV .. Highly policy-sensitive https://t.co/WgwbUrkMQq","2008544768381612213","https://pbs.twimg.com/media/G9_AAxcbMAAYVXc.png","","in","","0","8","15","https://x.com/undefined/status/2008544768381612213","1816755975019483136",
"2008187478499590421","Mon Jan 05 14:42:59 +0000 2026","29","Burry keluar dari gua dan bilang market lagi TIDUR di atas bom waktu Venezuela. Coba zoom tabelnya. Minyak no. 1 dunia? Oke standar. Tapi liat 'Critical Minerals'. Nikel Rare Earths Bauksit. Kalian pikir siapa yang paling ngebet barang ginian buat bikin baterai &amp; EV? AS?","2008187478499590421","","","in","","0","2","5","https://x.com/undefined/status/2008187478499590421","1955226998156169217",
"2007715678195949583","Mon Jan 05 03:54:31 +0000 2026","2","@safrizal76 @Kemlu_RI @MofaQatar_EN @MofaJapan_en Selama ini dunia fokus ke minyak Venezuela padahal emas dan mineralnya jauh lebih strategis. Venezuela punya 161 ton cadangan emas resmi (± USD 22 5 miliar) terbesar di Amerika Latin. Setiap kenaikan harga emas USD 100/oz langsung menambah nilai negara sekitar USD 518 juta. https://t.co/cFN6DP4OHB","2008024286494405060","https://pbs.twimg.com/media/G93vcmibsAAyeiK.jpg","safrizal76","in","","0","0","0","https://x.com/undefined/status/2008024286494405060","9688522",
"2007364530532438390","Sat Jan 03 08:12:53 +0000 2026","1","Bocoran Insentif: EV Baterai Nikel Berpeluang Dapat Lebih Besar https://t.co/CqXs85PU8g","2007364530532438390","","","in","","0","0","0","https://x.com/undefined/status/2007364530532438390","17128975",
"2007020206770819261","Fri Jan 02 09:24:40 +0000 2026","0","Biaya baterai mobil listrik terus turun seiring kemajuan teknologi membuat kendaraan listrik makin kompetitif dan mampu menyaingi mobil berbahan bakar bensin. Baca Selengkapnya https://t.co/wSgzjaj7VH ~NA #MobilListrik #EV #Otomotif https://t.co/zt0vl7nOkR","2007020206770819261","https://pbs.twimg.com/media/G9peNy3akAAS7E9.jpg","","in","","0","0","0","https://x.com/undefined/status/2007020206770819261","23343960",
"2006687999485194485","Thu Jan 01 17:21:59 +0000 2026","2","@kiqi01 @innovacommunity @ridwanhr Memang EV itu punya pendingin baterai beda dengan barang elektronik seperti HP yang cuma di desain untuk 400-800 cycle tapi tetap saja degredasi segitu jelas abnormal. Retensi energi baterai (State of Health) itu biasa di test dengan 1 C-rate fully discharge dan fully charged.","2006777940659548435","","Fendy_yy","in","","0","3","0","https://x.com/undefined/status/2006777940659548435","1684095226359742465",
"2005876608977232067","Tue Dec 30 16:26:03 +0000 2025","2","@KawitSaja87137 Bahkan besi ya buat bikin baterai ev ha ha ","2006039087447167448","","KawitSaja87137","in","","0","1","0","https://x.com/undefined/status/2006039087447167448","325599485",
"2005811006497579367","Tue Dec 30 01:19:44 +0000 2025","84","Selamat pagi..... Baterai Likuiditas Mulai Dikosongkan! Sesuai prediksi kemarin: Perak Shanghai anjlok -7.1%! Disusul Palladium &amp; Platinum yang terjun bebas hingga -13% (limit down). Kenapa ini kabar baik bagi pengikut Robert Kiyosaki? Rebalancing Industri: Perak adalah","2005811006497579367","","","in","","0","3","9","https://x.com/undefined/status/2005811006497579367","1955226998156169217",
"2005669270882271489","Mon Dec 29 16:12:37 +0000 2025","19","@farisrachman_1 Ada yang bilang industri EV dan baterai China itu juga bagian dari pertahanan nasional (energy security) buat ngurangin ketergantungan ke oil &amp; gas yang didominasi AS","2005673320348623168","","farisrachman_1","in","","0","0","2","https://x.com/undefined/status/2005673320348623168","894178758613024769",
"2005538504118600045","Mon Dec 29 07:16:55 +0000 2025","167","Kata Robert Kiyosaki perak bakal ke $100 tapi dia juga bilang: Tunggu sampai Crash. Kenapa? Karena Perak adalah Baterai Likuiditas. Saat bisnis lesu pemerintah cetak uang. Nilai uang turun maka orang lari ke emas dan perak. Tapi ingat perak bukan cuma aset investasi perak","2005538504118600045","","","in","","0","12","34","https://x.com/undefined/status/2005538504118600045","1955226998156169217",
"2005273794789978570","Sun Dec 28 13:45:03 +0000 2025","2","Industri EV Melambat Permintaan Baterai Lithium China Diperkirakan Susut Awal 2026 https://t.co/6HFFteijDV #EkonomiChina","2005273794789978570","","","in","","0","0","0","https://x.com/undefined/status/2005273794789978570","43799886",
"2005128040737898982","Sun Dec 28 04:05:53 +0000 2025","0","Prabowo Resmikan Pabrik Baterai EV Rp 96 Triliun RI Terbesar di Asia! https://t.co/sMRJv5xpvX","2005128040737898982","","","in","","0","0","0","https://x.com/undefined/status/2005128040737898982","847372542830444544",
"2004441774996303878","Fri Dec 26 06:38:54 +0000 2025","2","Gimana dng Barter sawit dng nikel? Diplomasi sandera. Di kesepakatan Jan 2026 ini AS ngebet banget pada akses ke critical minerals (nikel/kobalt) Indonesia buat ngelawan dominasi China dlm rantai pasokan baterai EV. Tekanan tsb rencananya sawit yg saat ini kena dituduh ","2004441774996303878","","","in","","0","0","2","https://x.com/undefined/status/2004441774996303878","966143130",
"2002192032119566711","Sat Dec 20 11:10:45 +0000 2025","2","@ch4o5Myth @seekracle @StopPlandemit @MiraninonLita @maximv_satriaus @SumandoGaek @GandarAntarkota @ranglasi @mamakchayank @mulkanjabariyan @dokter_kampung @Delta_tofu @Faraz_kepri @daddyyuki Artinya kalau brand LN tp baterai made in Indonesia dipasangnya sudah di sini gk terhitung CBU tetep dapat potongan. makanya pemerintah bikin pabrik baterai eV akal2an aja gk sih","2002335862328291699","","ch4o5Myth","in","","0","1","0","https://x.com/undefined/status/2002335862328291699","1501741769306021890",
"2000435601632276496","Mon Dec 15 05:21:26 +0000 2025","7","Berikut adalah beberapa program utama INA berdasarkan sektor prioritas: 1. Transportasi Logistik dan Infrastruktur: - Pengembangan jalan tol Trans Sumatera (&gt;1.000 km) yang mendukung lalu lintas kendaraan bulanan sekitar 3 juta unit. - Pembangunan pelabuhan dengan https://t.co/WRpKyamVju","2000436013962084431","https://pbs.twimg.com/ext_tw_video_thumb/2000435967824629760/pu/img/LurxaS6_7L832TtG.jpg","Heraloebss","in","","0","1","3","https://x.com/undefined/status/2000436013962084431","1251824880967774208",
"2000424918429884815","Mon Dec 15 04:37:25 +0000 2025","0","Dengan alih teknologi intensif dan sumber daya lokal INA optimistis strategi hilirisasi ini akan membuat Jateng jadi magnet investasi dan basis produksi baterai EV baru di Asia.https://t.co/EPmUu9Cfoy","2000424935160992217","","negativisme","in","","0","0","0","https://x.com/undefined/status/2000424935160992217","43486890",
"2000424918429884815","Mon Dec 15 04:37:24 +0000 2025","0","INA tak hanya fokus pada katoda strategi jangka panjang juga mencakup pengembangan komponen baterai lain seperti anoda dan separator demi rantai pasok baterai EV yang lengkap","2000424930551431541","","negativisme","in","","0","1","0","https://x.com/undefined/status/2000424930551431541","43486890",
"2000424918429884815","Mon Dec 15 04:37:23 +0000 2025","0","Produksi katoda di Kendal 100% dikontrak buyer besar global seperti Ford Tesla LG Energy Solution dan Stellantis memperkuat posisi Indonesia di peta industri baterai EV dunia.","2000424926529134839","","negativisme","in","","0","1","0","https://x.com/undefined/status/2000424926529134839","43486890",
"1999365147530600684","Fri Dec 12 06:26:16 +0000 2025","0","Target berikutnya: anoda separator dan komponen baterai lainnya. Hilirisasi ini bikin Indonesia punya peluang geser dominasi Tiongkok dan jadi pusat produksi EV baru di Asia. Ini bukan sekadar proyek ini lompatan besar energi nasional https://t.co/n0NxYFwhwO","1999365163431215261","","negativisme","in","","0","0","0","https://x.com/undefined/status/1999365163431215261","43486890",
"1999365147530600684","Fri Dec 12 06:26:12 +0000 2025","23","Gacor nih ketua! Indonesia lagi ngebut bangun fasilitas katoda Lithium Ferro Phosphate (LFP) komponen kunci baterai EV. CEO INA turun langsung ke Kendal nunjukin ini langkah strategis buat ngerek posisi Indonesia di peta industri kendaraan listrik dunia. https://t.co/mOLwbRwMsG","1999365147530600684","https://pbs.twimg.com/media/G78sAGfaAAA05ST.jpg","","in","","4","2","28","https://x.com/undefined/status/1999365147530600684","43486890",
"1993987700580606264","Thu Nov 27 10:18:08 +0000 2025","2","Kesalahan Charging yang Wajib Kamu Hindari! Charging EV itu simpel tapi tetap ada beberapa hal yang harus kamu waspadai supaya baterai tetap awet dan performanya maksimal. Yuk cek jangan sampai kamu masih melakukannya! #BYD #BuildYourDreams #BYDIndonesia #ElectricVehicle https://t.co/D12ulb8edl","1993987700580606264","https://pbs.twimg.com/amplify_video_thumb/1993987477590454272/img/raqA_7zMVeK1Jkjo.jpg","","in","","0","0","0","https://x.com/undefined/status/1993987700580606264","1946400906326786048",
"1993932768062128598","Thu Nov 27 06:39:52 +0000 2025","14","AIRLANGGA TOXIC POSITIVITY vs GUMIWANG REALISTIC Menko Airlangga bilang 'tidak ada insentif' karena industrinya 'sudah cukup kuat'. Lihat aja pameran GJAW (Permata Bank GAIKINDO Jakarta Auto Week 2025) yg sukses. Poin Menperin Agus Gumiwang realistik insentif justru https://t.co/53vfsj0DYU","1993932768062128598","https://pbs.twimg.com/media/G6vfSQKaQAEqCMR.jpg","","in","","0","1","4","https://x.com/undefined/status/1993932768062128598","325599485",
"1993930901252952536","Thu Nov 27 06:32:26 +0000 2025","0","SUV listrik kini tidak lagi identik dengan penggunaan perkotaan. Kehadiran J5 EV di GJAW 2025 menunjukkan bahwa mobil elektrifikasi dapat tetap tangguh dan responsif untuk kebutuhan harian maupun aktivitas luar ruang. Dibekali ground clearance 200 mm sudut approach 20° dan https://t.co/OUByrgrTh9","1993930901252952536","https://pbs.twimg.com/amplify_video_thumb/1993930370224701440/img/KOLVAFeWAc1cvri3.jpg","","in","","0","0","0","https://x.com/undefined/status/1993930901252952536","231355136",
"1992519698815271037","Sun Nov 23 12:12:39 +0000 2025","5","@O5Bravo Karena nikel &amp; demand baterai EV yg kebetulan juga lagi tinggi akhir2 ini Mirip oil boom Pertumbuhan ekonomi yg suddenly naik drastis dari industri ekstraktif itu bukan hal yg harus diglorifikasi Itu sebenernya penyakit namanya dutch disease","1992566968210333958","","O5Bravo","in","","0","0","1","https://x.com/undefined/status/1992566968210333958","1692491333121019904",
"1992140224101830937","Sat Nov 22 08:53:32 +0000 2025","2","@innovacommunity Berarti tinggal masalah batere mari tunggu baterai EV yg sudah ada di jalan sekarang pada habis masa pakainya. Kita lihat apakah bakal ada yg jual baterai racing ","1992154470084640892","","innovacommunity","in","","0","1","0","https://x.com/undefined/status/1992154470084640892","77098425",
"1992140224101830937","Sat Nov 22 08:43:48 +0000 2025","3","@innovacommunity Nah itu. Yg masih bikin nahan untuk beli EV itu pas baterainya udah minta ganti (ditahun ke 8 keatas?) Apa yg terjadi dan berapa biayanya. Walau gak masalah buat yg udah niat maksimal 5 tahun dijual dan bodo amat dengan resale value. Kalau ada baterai aftermarket ok sih.","1992152018409201983","","innovacommunity","in","","1","2","0","https://x.com/undefined/status/1992152018409201983","77098425",
"1992035869201449428","Sat Nov 22 01:06:57 +0000 2025","3","Jadi masalah utamanya bukan EV-nya bukan juga nikelnya tapi cara kita ngatur tambang riset baterai dan transisi energi. Jadi kita buka tambang besar-besaran buat bikin baterai atau sebenarnya buat bikin sendok garpu? https://t.co/YvONETwjvS","1992037049424056739","https://pbs.twimg.com/media/G6Ui3xdWIAAinvf.jpg","ConversationIDN","in","","0","1","2","https://x.com/undefined/status/1992037049424056739","892211698030989312",
"1992035869201449428","Sat Nov 22 01:05:11 +0000 2025","3","Faktanya mayoritas nikel kita masih larinya ke stainless steel bukan baterai. Ditambah teknologi olahan nikel yang nggak semuanya terkait EV dan tren baterai LFP yang bahkan nggak butuh nikel. Jadi isunya jauh lebih kompleks dari sekadar EV = nikel . https://t.co/u0tNarP7kX","1992036606367178883","https://pbs.twimg.com/media/G6UiM2eWUAAbGye.jpg","ConversationIDN","in","","0","1","2","https://x.com/undefined/status/1992036606367178883","892211698030989312",
"1991763037167186278","Fri Nov 21 06:58:07 +0000 2025","21","Locally crafted electrify the future. Introducing New bZ4X Battery EV! Mobil Toyota Battery EV pertama yang diproduksi lokal ini memiliki peningkatan jarak tempuh lebih jauh kapasitas baterai lebih besar serta tenaga maksimal lebih kuat. Didukung oleh AC charging yang lebih https://t.co/Odjq2CbuzX","1991763037167186278","https://pbs.twimg.com/amplify_video_thumb/1991762775794982913/img/JfJWT9vNcMLtsu2p.jpg","","in","","0","5","6","https://x.com/undefined/status/1991763037167186278","64310527",
"1991762570576032083","Fri Nov 21 06:56:16 +0000 2025","22","Electrify the future to you with New bZ4X Battery EV &amp; New Urban Cruiser Battery EV! New bZ4X Battery EV sebagai mobil Toyota Battery EV pertama yang diproduksi lokal memiliki peningkatan jarak tempuh lebih jauh kapasitas baterai lebih besar serta tenaga maksimal lebih kuat. https://t.co/r8y2dvCrjf","1991762570576032083","https://pbs.twimg.com/amplify_video_thumb/1991762367798218752/img/eXMmPcZJ9zcGXzA_.jpg","","in","","0","7","5","https://x.com/undefined/status/1991762570576032083","64310527",
"1991762234373275819","Fri Nov 21 06:54:56 +0000 2025","19","Cruise your urban life electrify the future. Introducing New Urban Cruiser Battery EV! Elegan di setiap perjalanan dengan jarak tempuh hingga 426.7 km kapasitas baterai 61.1 kWh serta tenaga maksimal 128 kW. Didukung oleh jaminan garansi baterai hingga 8 tahun/160 000 km dan https://t.co/PaOX5hLVXF","1991762234373275819","https://pbs.twimg.com/amplify_video_thumb/1991762046321676288/img/fsdmiDOywRIqXqej.jpg","","in","","0","7","5","https://x.com/undefined/status/1991762234373275819","64310527",
"1991685926620393916","Fri Nov 21 01:51:43 +0000 2025","0","Perbandingan Harga Baterai Mobil Hybrid vs Mobil Listrik: Toyota Zenix hingga Wuling Air EV Murah Mana? https://t.co/y3l9y8XyxS","1991685926620393916","","","in","","0","0","1","https://x.com/undefined/status/1991685926620393916","2392460208",
"1990932671921299502","Wed Nov 19 20:23:55 +0000 2025","2","@Boediantar4 tapi setauku emg mobil ev gabole kelamaan dijemur diluar karna bakal mgaruh ke baterai (tapi gatau ya bakal sampe kebakar kyk ginj apa ngga) tapi emg disaranin nya di tmpt yg tertutup atasnya meskipun produk jepang jg gt kok maintenance nya","1991241046617936177","","Boediantar4","in","","0","0","0","https://x.com/undefined/status/1991241046617936177","849093722",
"1991124194898096268","Wed Nov 19 12:39:36 +0000 2025","12","Pada tau dong tapi Genzi dan Gen lainnya juga harus tau kalau All New Yaris Cross Hybrid EV punya garansi baterai 8 tahun/160.000KM. Lumayan kan jadi consideration kalau mau beli mobil Hybrid? #ToyotaAfterHours","1991124194898096268","","","in","","0","1","1","https://x.com/undefined/status/1991124194898096268","64310527",
"1990932671921299502","Wed Nov 19 09:48:22 +0000 2025","20","@Boediantar4 Baterai EV = bom waktu https://t.co/oqeYjkRf73","1991081103457726575","","Boediantar4","in","","0","0","4","https://x.com/undefined/status/1991081103457726575","1254035776322453506",
"1990932671921299502","Wed Nov 19 07:48:01 +0000 2025","19","@Boediantar4 sqya cari2 di internet belum ketemu cara paling efektif untuk menyetop api ketika baterai EV terbakar. Malah kebanyakan disuruh menghindari karena asapnya toxic...EV nya di pasrahin saja.","1991050817395421340","","Boediantar4","in","","0","8","0","https://x.com/undefined/status/1991050817395421340","1665964732573192193",
"1990673075923530062","Tue Nov 18 06:47:00 +0000 2025","3","Perkembangan teknologi elektrifikasi memberi banyak pilihan dari EV hingga hybrid. Namun sebagian konsumen masih menimbang risiko seperti baterai biaya perbaikan dan kesiapan infrastruktur. Baca Selengkapnya https://t.co/n61JhghGIh ~NA #MobilHybrid #EV #Elektrifikasi https://t.co/2wQFbpJA2I","1990673075923530062","https://pbs.twimg.com/media/G6BKk6MbMAcGFGC.jpg","","in","","0","0","0","https://x.com/undefined/status/1990673075923530062","23343960",
"1990576521141215628","Tue Nov 18 02:50:57 +0000 2025","6","@SmwGwOto Ini aktif TLO nya gimana ya. Kan harga baterai di EV itu 50% harga mobil. Kalo baterainya aman gak bisa aktif Tlo nya ","1990613669881975006","","SmwGwOto","in","","0","1","2","https://x.com/undefined/status/1990613669881975006","440976730",
"1990574782581256612","Tue Nov 18 00:16:25 +0000 2025","218","Mengapa Etanol Sengaja Dibenci dan Dibunuh oleh Elit Global? Saudara-saudara yang sadar dengarkan baik-baik. Kalian diajarkan sejak kecil bahwa etanol itu buruk buat mesin boros merusak lingkungan dan tidak efisien . Itu semua propaganda terencana. [ Sebuah Utas] https://t.co/QP4uCbwdNA","1990574782581256612","https://pbs.twimg.com/media/G5_xNc4bsAAMDm1.jpg","","in","","5","36","73","https://x.com/undefined/status/1990574782581256612","1251824880967774208",
"1990283224950661529","Mon Nov 17 12:55:40 +0000 2025","2","@SumandoGaek Baterai ev itu seperti bom waktu","1990403463725945131","","FaiNomady","in","","0","0","0","https://x.com/undefined/status/1990403463725945131","1702180178238345216",
"1990051275820695678","Sun Nov 16 13:36:12 +0000 2025","1","Kemenko Perekonomian Sambangi Fasilitas Pembuatan Baterai EV di Karawang https://t.co/MA6kUWlsqr","1990051275820695678","","","in","","0","0","0","https://x.com/undefined/status/1990051275820695678","135795460",
"1989617267605409961","Sat Nov 15 08:51:44 +0000 2025","1","Hai #SahabatEkon Kemenko Perekonomian meninjau fasilitas PT HLI Green Power di Karawang untuk memastikan kesiapan produksi baterai EV terintegrasi dari hulu ke hilir guna memperkuat kemandirian industri dan ketahanan energi nasional. Yuk simak! https://t.co/KqVc2hTtPG https://t.co/H5uE28KcCA","1989617299670872363","https://pbs.twimg.com/media/G5yKX0abkAATQV-.jpg","PerekonomianRI","in","","0","1","0","https://x.com/undefined/status/1989617299670872363","1629234236",
"1989617267605409961","Sat Nov 15 08:51:36 +0000 2025","2","Hai #SahabatEkon Kemenko Perekonomian meninjau fasilitas PT HLI Green Power di Karawang untuk memastikan kesiapan produksi baterai EV terintegrasi dari hulu ke hilir guna memperkuat kemandirian industri dan ketahanan energi nasional. Yuk simak! https://t.co/KqVc2hTtPG https://t.co/P6o3CdgkRL","1989617267605409961","https://pbs.twimg.com/media/G5yKWhmaMAAgAAa.jpg","","in","","1","4","0","https://x.com/undefined/status/1989617267605409961","1629234236",
"1989551441376321810","Sat Nov 15 04:30:02 +0000 2025","3","5 perusahaan besar Australia menjajaki investasi strategis di Indonesia dengan fokus pada hilirisasi nikel dan baterai EV kesehatan energi dan agrifood. Menteri Investasi Rosan Roeslani meyakinkan komitmen pemerintah dalam memfasilitasi penanaman modal asing. https://t.co/3G9OXaulR2","1989551441376321810","https://pbs.twimg.com/media/G5xOfYKbUAAabMP.jpg","","in","","0","2","0","https://x.com/undefined/status/1989551441376321810","238091066",
"1988769722469638590","Thu Nov 13 02:46:56 +0000 2025","4","@ertigaid ayo wuling banting air ev mu jd 90 juta garansi baterai 8 tahun","1988800720687321466","","ertigaid","in","","0","0","0","https://x.com/undefined/status/1988800720687321466","91568635",
"1988442231532032490","Wed Nov 12 06:07:55 +0000 2025","5","@rasjawa Beli mobil EV perhatikan terkait lifetime warranty baterai om.. pertimbangannya jika baterry health drop setelah 8 tahun harganya akan hampir berimbang dengan harga mobil secoondnya.. better jika cari ev lebih preffer yang memberikan lifetime warranty untuk battery.. Ev: low","1988488910452695255","","rasjawa","in","","0","1","0","https://x.com/undefined/status/1988488910452695255","155157511",
"1988444903702241488","Wed Nov 12 03:13:03 +0000 2025","587","IPO JUMBO AKHIR TAHUN NEO ENERGY bergerak dalam industri nikel terintegrasi dari hulu sampai hilirnya (tambang-baterai mobil listrik) Emiten ini lagi persiapan pre-deal IPO Gotion High Tech Raksasa produsen baterai ev ini siap jadi standby Buyyer https://t.co/hE2i7iJqEf","1988444903702241488","https://pbs.twimg.com/media/G5hf9lea0AAghHL.jpg","","in","","7","9","57","https://x.com/undefined/status/1988444903702241488","1345898259445817345",
"1987870819976941777","Mon Nov 10 13:11:50 +0000 2025","88","Watchlist emiten nikel utama di IDX pasca-PP 28/2025 (potensi positif dari kontrol pasokan tapi volatile): - INCO: stabil produsen utama - ANTM: diversifikasi mining - MDKA: proyek nikel &amp; EV - NCKL: low-cost HPAL - MBMA: downstream baterai - TINS: overlap mining Bukan","1987870819976941777","","","in","","1","1","10","https://x.com/undefined/status/1987870819976941777","1976991588",
"1987844254581113124","Mon Nov 10 11:27:49 +0000 2025","5","Yg menarik ada varian EV Travo-E. Tenaga 194 dk torsi 205 Nm (depan) &amp; 269 Nm (belakang) Baterai: Lithium-ion 59 2 kWh Jarak Tempuh: 315 km (NEDC) https://t.co/KPoo18gJys","1987844639454535970","https://pbs.twimg.com/ext_tw_video_thumb/1987844549738418176/pu/img/r991y_U7oO2unqaf.jpg","SmwGwOto","in","","1","0","0","https://x.com/undefined/status/1987844639454535970","853206219611185152",
"1987460192305582136","Sun Nov 09 10:00:56 +0000 2025","1","Langkah ini sekaligus menegaskan posisi Indonesia sebagai pemain penting dalam rantai pasok kendaraan listrik global didukung oleh ketersediaan sumber daya nikel yang melimpah. Selain menjadi pemasok untuk India kemungkinan besar Honda 0 Series Alpha juga akan diluncurkan di","1987460387835617605","","GNFI","in","","0","0","0","https://x.com/undefined/status/1987460387835617605","39677695",
"1986957593294807476","Sat Nov 08 00:43:00 +0000 2025","23","Selamat pagi.. Data ekspor Clean Energy atau energi bersih Tiongkok keluar dan gilanya semua sektor naik kecuali solar yang agak turun dikit. Baterai EV kabel listrik sistem grid semuanya naik. Dari Januari sampai Agustus 2025 nilainya udah tembus rekor baru. https://t.co/5jlH0Av04b","1986957593294807476","https://pbs.twimg.com/media/G5MWAoubIAA0_xG.jpg","","in","","0","2","5","https://x.com/undefined/status/1986957593294807476","1955226998156169217",
"1986657221347041506","Fri Nov 07 04:49:26 +0000 2025","30","Ekspor rare earth Tiongkok naik lagi bulan ini. Tebak dikirim ke mana? Iya ke negara-negara yang tiap minggu teriak decouple from China Mayoritas masih ke AS Jepang dan Korsel sama seperti bulan-bulan sebelumnya. Tapi ada juga kenaikan permintaan dari Eropa terutama","1986657221347041506","","","in","","0","1","5","https://x.com/undefined/status/1986657221347041506","1955226998156169217",
"1985276447121199258","Thu Nov 06 02:29:16 +0000 2025","3","@rodadotco Sayangnya Jaecoo Indonesia ngak berani memberikan lifetime waranty baterai untuk J5 ev kalau memberikan pasti akan lebih laris lagi disaat masyarakat Indonesia masih ragu2 akan kekuatan baterai mobil2 ev krn semua belum teruji kekuatannya mau merk mobil apapun","1986259558130729177","","rodadotco","in","","0","0","0","https://x.com/undefined/status/1986259558130729177","1907967175660548100",
"1985904034436575427","Wed Nov 05 02:56:32 +0000 2025","0","Menteri Investasi dan Hilirisasi/Kepala BKPM @rosanroeslani melaksanakan kunjungan kerja ke Korea Selatan pada 30 Oktober 1 November 2025 untuk memperkuat kerja sama investasi khususnya di sektor hilirisasi baterai dan kendaraan listrik (EV). https://t.co/PmKjAzwBhv","1985904034436575427","https://pbs.twimg.com/amplify_video_thumb/1985903852005310466/img/iDsThI8NKw-5ptm_.jpg","","in","","0","1","0","https://x.com/undefined/status/1985904034436575427","106035510",
"1985559214081916968","Tue Nov 04 04:06:21 +0000 2025","2","Gak bang mau nerapin pajak karbon kyk eropa jadi semua dipaksa pindah Kendaraan EV mahal di baterai charge lama sampe gelut rebutan charger jadi transisinya lebih ke hydrogen","1985559214081916968","","","in","","1","1","1","https://x.com/undefined/status/1985559214081916968","3800498414",
"1985539148598690292","Tue Nov 04 02:51:48 +0000 2025","5","Ekosistem kendaraan listrik (Electrum) TOBA lewat Electrum aktif di rantai pasok EV. Saat ini lebih dari 6.400 motor listrik udah beroperasi dan ada lebih dari 360 titik stasiun swap baterai di berbagai kota. https://t.co/zI9LTv46xC","1985540454012866650","https://pbs.twimg.com/media/G44OfZLbQAQd7-H.png","buildportosaham","in","","0","1","0","https://x.com/undefined/status/1985540454012866650","1909069879136956417",
"1985514991513166007","Tue Nov 04 01:10:37 +0000 2025","25","Selamat pagee..... Tiongkok resmi masukin tungsten antimony dan silver (perak) ke daftar sumber daya mineral strategis yang dikontrol ekspornya. Artinya siapa pun yang mau ekspor tiga mineral ini sekarang harus izin dulu ke Kementerian Perdagangan. Tungsten &amp; antimony itu","1985514991513166007","","","in","","0","1","6","https://x.com/undefined/status/1985514991513166007","1955226998156169217",
"1985276447121199258","Mon Nov 03 09:22:44 +0000 2025","29","Jaecoo J5 EV resmi dijual mulai Rp 249 9 juta (OTR Jakarta) ini mobil punya baterai berkapasitas 60 9 Kwh bisa tempuh jarak 451 km (NEDC). Motor listriknya punya tenaga 155 HP dan torsi 288 NM J5 EV juga udah support DC fast charging sampe 130 kW. Gimana menurut lo? https://t.co/I2HDXnplDn","1985276447121199258","https://pbs.twimg.com/media/G40eXoyasAAUk9I.jpg","","in","","4","7","5","https://x.com/undefined/status/1985276447121199258","1194220651155873793",
"1985224652000776259","Mon Nov 03 05:57:19 +0000 2025","6","Indonesia berhasil mengantongi investasi besar senilai Rp99 7 triliun dari dua raksasa industri asal Korea Selatan yakni Lotte Chemical dan EcoPro. Investasi tersebut mencakup sektor kimia hilirisasi industri serta baterai kendaraan listrik (EV battery). Menteri Investasi dan","1985224752030707721","","GNFI","in","","0","1","0","https://x.com/undefined/status/1985224752030707721","39677695",
"1985148837561061719","Mon Nov 03 04:51:09 +0000 2025","13","2️⃣ BAHLIL SORONG GREEN REFINERY Meskipun tujuan utamanya mengolah minyak mentah RDMPBalikpapan punya potensi jadi kilang hijau (green refinery). Kilang jenis ini memungkinkan pengolahan bahan bakar nabati di masa mendatang termasuk processing bahan baku biodiesel. Sementara https://t.co/RfbhFJMq5B","1985208103550550136","https://pbs.twimg.com/ext_tw_video_thumb/1985208015138734080/pu/img/NNfeUyppX_0NAPsJ.jpg","eddesign_","in","","0","2","5","https://x.com/undefined/status/1985208103550550136","325599485",
"1984445265563304314","Sat Nov 01 02:20:00 +0000 2025","1","Komitmen tersebut mencakup berbagai sektor strategis mulai dari industri kimia rantai pasok baterai kendaraan listrik (EV) hingga sektor baja. #APEC2025 #Investasi #Hilirisasi #BKPM #InvestasiBerdampak #SetahunBerdampak https://t.co/NyZVbIaF6c","1984445286547444080","https://pbs.twimg.com/media/G4oqd9DbQAEtV3R.jpg","bkpm","in","","0","0","0","https://x.com/undefined/status/1984445286547444080","106035510",
"1983792629235249369","Thu Oct 30 07:06:34 +0000 2025","2","Industri otomotif dunia tengah bergeser dari kendaraan berbahan bakar fosil menuju energi listrik. Seiring tren ini produksi baterai kendaraan listrik (EV) menjadi target prioritas dalam kebijakan hilirisasi nikel nasional. Nikel kini berperan sebagai jantung industri kendaraan https://t.co/pOfhKx0seq","1983792629235249369","https://pbs.twimg.com/media/G4fY4Joa8AIh_f9.jpg","","in","","0","1","1","https://x.com/undefined/status/1983792629235249369","552523769",
"1983791142258008451","Thu Oct 30 07:00:40 +0000 2025","2","Indonesia memasuki fase penting menuju mobilitas bersih. Dengan sumber daya alam seperti nikel sebagai bahan utama baterai EV Indonesia berpotensi menjadi pusat produksi dan adopsi kendaraan listrik di Asia Tenggara. Baca Selengkapnya https://t.co/d6Ijbxdobj ~NA https://t.co/p3ElLN5rDl","1983791142258008451","https://pbs.twimg.com/media/G4fXgdia8AIH3Fk.jpg","","in","","0","0","0","https://x.com/undefined/status/1983791142258008451","23343960",
"1983567251585257815","Wed Oct 29 16:11:00 +0000 2025","36","️EV (mobil/motor listrik) itu jauh lebih merusak lingkungan daripada yg dipropagandakan penguasa. Emisi energi dan dampak hancurnya alam (saat eksplorasi) itu sangat dahsyat dan tak bisa dipulihkan lagi. Belum lagi limbah baterai beracun yg ditimbulkan. ️️️ https://t.co/ZLTKMVWfjS","1983567251585257815","https://pbs.twimg.com/amplify_video_thumb/1983554553950945281/img/t6rRijKmlE1whPPu.jpg","","in","","1","1","23","https://x.com/undefined/status/1983567251585257815","1254035776322453506",
"1983414161246957845","Wed Oct 29 06:02:40 +0000 2025","32","Hutan &amp; isinya dihancurkan demi mendapat batu hijau. Butuh ber ton-ton galian hanya utk dapatkan 1 baterai EV. ️ Semua berawal dari (kebijakan) #JokowiLuhut bersama kroni2 mereka oligarki hitam. https://t.co/lUBQAwR4N2","1983414161246957845","https://pbs.twimg.com/ext_tw_video_thumb/1983414109799624708/pu/img/BQw-4LTqaernmEAD.jpg","","in","","0","0","16","https://x.com/undefined/status/1983414161246957845","1254035776322453506",
"1982263446721753205","Sun Oct 26 01:50:09 +0000 2025","2","temen sender fg dan dapet work! pertama sebagai foreman di manufaktur baterai ev ada ga ya disini yg foreman juga? aku mau nanya kalau boleh terima kasih","1982263446721753205","","","in","","0","1","0","https://x.com/undefined/status/1982263446721753205","1244597361826885636",
"1981677061992489388","Fri Oct 24 11:00:04 +0000 2025","119","Maximize your urban adventure with All New Yaris Cross Hybrid EV! Dilengkapi sistem hybrid series paralel dengan Power Split Device membuat baterai lebih tahan lama (All Gear System) serta perawatan baterai yang lebih mudah.* Makin irit dengan konsumsi bahan bakar paling https://t.co/QJ3RlnkMMT","1981677061992489388","https://pbs.twimg.com/media/G4BNW66WEAAwCbJ.jpg","","in","","0","8","19","https://x.com/undefined/status/1981677061992489388","64310527",
"1981236116083921044","Thu Oct 23 05:47:54 +0000 2025","0","I2C bukan sekadar simbol tapi pemicu ekosistem EV lokal. Dari baterai stasiun isi daya hingga software rantai nilai lahir di negeri sendiri. Ini momen percepatan energi bersih dan kemandirian industri. #DukungI2C https://t.co/6oJEqKjw7a","1981236116083921044","https://pbs.twimg.com/media/G37DX0nXoAApIxh.jpg","","in","","0","61","3","https://x.com/undefined/status/1981236116083921044","1870758173268688896",
"1980264690648576413","Wed Oct 22 02:05:36 +0000 2025","2","@phrone_515 @keretaapikita gilak lu bang kereta listrik ya kek mobil ev punya baterai hedeh","1980817784503513173","","Bjckhwigtafkfl","in","","0","6","0","https://x.com/undefined/status/1980817784503513173","1906422105320849408",
"1980787755673350522","Wed Oct 22 00:06:16 +0000 2025","37","Selamat pagi . Tiongkok tumbuh 5% dengan inflasi 0% kombinasi langka di ekonomi global saat ini herann kan?? Artinya Tiongkok lagi berada dalam siklus perdagangan paling kompetitif sejak 1870-an. Setelah saya analisa kenapa mereka bisa gitu ya karena ekspor mereka sangat https://t.co/57k10n99PI","1980787755673350522","https://pbs.twimg.com/media/G30r9f6W8AApBB6.jpg","","in","","0","3","7","https://x.com/undefined/status/1980787755673350522","1955226998156169217",
"1980601625216708896","Tue Oct 21 11:46:39 +0000 2025","0","ESDM Minta Antam &amp; Huayou Percepat Eksekusi Proyek Baterai EV Rp 139 T https://t.co/J01MUjsDKU","1980601625216708896","","","in","","0","2","0","https://x.com/undefined/status/1980601625216708896","847372542830444544",
"1980586252417266037","Tue Oct 21 10:45:34 +0000 2025","2","Masalah teknis bisa datang kapan saja mulai dari ban bocor aki soak hingga baterai EV yang hampir habis. Namun kini pengemudi Hyundai tak perlu khawatir. #hyundaibluelink #berkendaratanpakhawatir #roadsideassistance #hyundaiindonesia #teknologihyundai #safetyfirst https://t.co/t8YO9ebFEe","1980586252417266037","https://pbs.twimg.com/media/G3x0nd9WoAA7qvI.jpg","","in","","0","0","0","https://x.com/undefined/status/1980586252417266037","1795508979814305792",
"1978011080061231172","Tue Oct 14 08:12:45 +0000 2025","13"," UPDATE RUMOR IPO NEO ENERGY! PT Anugrah Neo Energy Materials (ANEM) dikabarkan tengah menyiapkan IPO jumbo senilai Rp5 triliun yang berpotensi menjadi IPO terbesar di akhir 2025. ANEM bergerak di sektor hilirisasi nikel dan tengah mengembangkan proyek HPAL (High Pressure Acid","1978011080061231172","","","in","","1","1","2","https://x.com/undefined/status/1978011080061231172","1166977780757581824",
"1976347253871870462","Thu Oct 09 23:00:08 +0000 2025","2","@TeslaAIBot @TeslaAIBot Optimus keren banget ngisi Tesla! Keren juga kalau bisa isi baterai Hijet listrikku dong. Bensin udah ketinggalan jaman waktunya EV! #Optimus #TeslaAI #HijetEV https://t.co/eAKLPdyOaW","1976422455905521677","https://pbs.twimg.com/ext_tw_video_thumb/1976422423215079425/pu/img/qOa3xjGrWZSzEpo6.jpg","TeslaAIBot","in","","0","0","1","https://x.com/undefined/status/1976422455905521677","1237191284013465600",
"1693188495387574490","Wed Oct 08 01:21:50 +0000 2025","7","HUAWEI MAEXTRO S800 Huawei Maextro S800 D Class Luxury Executive Sedan sukses mencatat &gt;6.500 spk dalam sebulan sejak resmi diluncurkan pada 30|05|2025. Diposisikan sebagai penatang serius Mercedez Maybach S Class &amp; BYD Yanwang U7. Versi EV menggunakan arsitektur 800V dgn https://t.co/Z3cc1B7UsO","1975733340126007327","https://pbs.twimg.com/ext_tw_video_thumb/1975733248203628550/pu/img/b9A5OCNunGtP8e41.jpg","eddesign_","in","","0","1","2","https://x.com/undefined/status/1975733340126007327","325599485",
"1973318898574565549","Wed Oct 01 09:27:42 +0000 2025","3","Update Pasar Antam (ANTM) Suntik Modal Rp2 63 Triliun ke Feni Haltim Antam resmi setor US$159 64 juta (≈Rp2 63 triliun) ke anak usaha PT Feni Haltim (30/9/2025). Dana dipakai untuk bangun pabrik Rotary Kiln Electric Furnace (RKEF) di Halmahera Timur. Proyek ini bagian","1973318898574565549","","","in","","0","2","0","https://x.com/undefined/status/1973318898574565549","1166977780757581824",
"1973282740662575110","Wed Oct 01 08:30:22 +0000 2025","8","@innovacommunity 1. Bensin dan baterai sama2 abis gak dijelasin apakah pas digeber bensin sedikit kalopun mobil cuma digeber selama beberapa menit gak mungkin langsung abis kecuali tinggal dikit 2. Baterai panas ini masalah umum di EV China liat aja videonya carwow Tesla vs Xiaomi Cont..","1973304468017127618","","innovacommunity","in","","0","1","0","https://x.com/undefined/status/1973304468017127618","1127503730205532161",
"1972979956344082752","Tue Sep 30 11:00:52 +0000 2025","0","Pabrik Baterai EV di Karawang Ditargetkan Mulai Beroperasi Akhir 2026 https://t.co/H9Bsv2FCYK","1972979956344082752","","","in","","0","0","0","https://x.com/undefined/status/1972979956344082752","847372542830444544",
"1972625670070251789","Mon Sep 29 11:47:24 +0000 2025","3","Jadi ya waktu IPO sentimen MBMA ini bagus dan investor percaya MBMA punya prospek di sektor nikel &amp; hilirisasi baterai EV. Kenyataanya sampai detik ini kalo kamu beli MBMA di IPO 2023. Ya portomu masih minus.","1972629278153134444","","mikelsaham","in","","0","0","0","https://x.com/undefined/status/1972629278153134444","1912798803381698561",
"1972625670070251789","Mon Sep 29 11:43:18 +0000 2025","3","Nih kalo yang mau tau kenapa MBMA naik. Seperti biasa ada pada narasi yg blm tentu terjadi. Prospek Emas MBMA 2026 2027 1. Ekspansi Produksi Nikel - NPI margin makin efisien → cash cost turun ke US$9 7k/t. - Offtake agreement nickel matte (Okt 2025 Des 2026) memberi","1972628246601822585","","mikelsaham","in","","0","1","1","https://x.com/undefined/status/1972628246601822585","1912798803381698561",
"1972548199689965778","Mon Sep 29 06:25:13 +0000 2025","1","Baterai kendaraan listrik (EV) bekas kini menjadi buruan di lelang barang rongsokan di Australia. Baca di sini: https://t.co/KoKhbmTsOX ~KN #bateraikendaraanlistrik #Australia #lelang","1972548199689965778","","","in","","0","0","1","https://x.com/undefined/status/1972548199689965778","23343960",
"1970698763284164911","Wed Sep 24 03:56:13 +0000 2025","5","Performa kendaraan listrik bukan cuma soal teknologi baterai tapi juga soal bagaimana ia bisa jadi solusi nyata di perkotaan. Mitra EV hadir dengan kombinasi tangguh responsif dan tetap ramah lingkungan. [Thread] https://t.co/OzPGwdymuy","1970698763284164911","https://pbs.twimg.com/media/G1lUB9da8AAzhTq.png","","in","","0","1","5","https://x.com/undefined/status/1970698763284164911","1497101710023852039",
"1970447745355018534","Tue Sep 23 11:18:46 +0000 2025","566","EV di Tiongkok udah ada yang nerapin battery ejection untuk menghindari kebakaran gegara baterai Meanwhile pejalan kaki pemotor &amp; pengendara lain disebelah mobil : mantab bg https://t.co/kS0tPMSrVu","1970447745355018534","https://pbs.twimg.com/ext_tw_video_thumb/1970447720877092864/pu/img/PJQ_ics50PjSaJjK.jpg","","in","","17","79","117","https://x.com/undefined/status/1970447745355018534","1544688618534408192",
"1970427935032254919","Tue Sep 23 10:00:03 +0000 2025","14","Sejak 2017 Wuling jadi brand otomotif Tiongkok pertama yang memiliki pabrik di Indonesia. Dari pabrik ini lahir beberapa pencapaian penting: SUV dengan teknologi pintar mobil listrik pertama di Tanah Air hingga fasilitas perakitan baterai EV secara lokal. Hingga 2025 total https://t.co/0hkglkI1gJ","1970427935032254919","https://pbs.twimg.com/media/G1hW4kNaUAAvjdA.jpg","","in","","1","1","6","https://x.com/undefined/status/1970427935032254919","4187275698",
"1969664182288076800","Sun Sep 21 11:20:55 +0000 2025","4","@xxjlyxx @tanyarlfes Betul sama aja. Baterai mobil listrik juga butuh cobalt dan lithium dari tambang Kongo. Bedanya kalau EV dibungkus narasi ramah lingkungan padahal di ujung lain ada anak kecil yang nyangkul tanah demi isi batre.","1969723511003603329","","xxjlyxx","in","","0","0","0","https://x.com/undefined/status/1969723511003603329","1503939699139756032",
"1969389823212601815","Sat Sep 20 13:14:58 +0000 2025","2","RI Bakal Bangun Proyek Baterai EV Lagi Kini Investornya dari China https://t.co/54QV57HBLR","1969389823212601815","","","in","","0","0","1","https://x.com/undefined/status/1969389823212601815","2728984603",
"1968968633188487526","Fri Sep 19 09:21:18 +0000 2025","0","RI Bakal Bangun Proyek Baterai EV Lagi Kini Investornya dari China https://t.co/oNpaqhHo7m","1968968633188487526","","","in","","0","1","0","https://x.com/undefined/status/1968968633188487526","847372542830444544",
"1968543533880742019","Thu Sep 18 05:40:11 +0000 2025","6","@SocialiteGhibah Setelah pasir silika. Pasti main ke sulfur khususnya sulfur granul. 1 ton baterai ev butuh 12 ton sulfur granul. Harganya lagi naik. Kalo ada yg nemu sulfur granul fob us$300/ton kabarin","1968550599102017610","","SocialiteGhibah","in","","0","0","1","https://x.com/undefined/status/1968550599102017610","45808161",
"1968240470989095320","Wed Sep 17 09:07:51 +0000 2025","34","Ini jawaban kenapa saya beli $NIO - Fundamental $NIO : 1.Inovasi unik: Battery Swap Technology tukar baterai dalam &lt;5 menit jauh lebih cepat daripada charging. Ini menciptakan keunggulan kompetitif yang sulit ditiru. 2.Partner strategis dengan CATL akses","1968240470989095320","","","in","","1","5","0","https://x.com/undefined/status/1968240470989095320","1955226998156169217",
"1693188495387574490","Tue Sep 16 06:24:55 +0000 2025","12","XIAOMI YU7 THE KILLER YU7 adalah SUV full-listrik berpenampilan sporty dan lebih cepat daripada Ferrari Purosangue. Dibangun di platform Modena yg sama dengan SU7. SUV ini memiliki panjang 4 999 M lebar 1 996 M tinggi 1 608 M dan jarak sumbu roda 3 000 M. Tersedia dlm 3 https://t.co/TTMnhUoMPO","1967837083093160233","https://pbs.twimg.com/ext_tw_video_thumb/1967837045960871937/pu/img/nK7Xg1XhwC2A0ovg.jpg","eddesign_","in","","0","1","2","https://x.com/undefined/status/1967837083093160233","325599485",
"1967573530444489047","Mon Sep 15 12:57:40 +0000 2025","3","Danantara mulai melirik proyek smelter HPAL Vale Indonesia Bahan baku baterai EV makin seksi investor pun berebut masuk! ️ Baca selangkapnya di https://t.co/DiH4zWa2ao https://t.co/ZxVdMrqjkL","1967573530444489047","https://pbs.twimg.com/media/G045sLIbsAAk29p.jpg","","in","","0","0","0","https://x.com/undefined/status/1967573530444489047","1044796053520756736",
"1967225726878482746","Sun Sep 14 13:55:37 +0000 2025","4","Iya. Hidrogen riil renewable energy. Kalau EV baterai BUKAN! #CONTENTcenter #fyp #iwanpiliang","1967225726878482746","","","in","","0","0","1","https://x.com/undefined/status/1967225726878482746","19237217",
"1967047095745212496","Sun Sep 14 02:05:48 +0000 2025","3","Kongsi TBS Energi (TOBA) Bidik Peluang Bisnis Rp 114 T di Ekosistem EV Baterai - Bursa https://t.co/fzw23Y0Eqv https://t.co/gSzeAT6vY8","1967047095745212496","","","in","","0","0","0","https://x.com/undefined/status/1967047095745212496","2728984603",
"1965369607713423657","Tue Sep 09 11:00:03 +0000 2025","402","It's Time For Quiz! Menangkan saldo e-wallet 1 juta rupiah untuk 4 pemenang! Dapatkan kunci jawaban dengan nonton video sebelumnya. Apa yang harus dilakukan setiap 6 bulan sekali agar performa baterai Toyota Hybrid EV tetap optimal? Cara ikutan: 1. Follow @toyotaid dan like https://t.co/FUxjMja6Qa","1965369607713423657","https://pbs.twimg.com/amplify_video_thumb/1965344397987647488/img/Dqtix1ZN-wY4XXr3.jpg","","in","","7","1297","317","https://x.com/undefined/status/1965369607713423657","64310527",
"1965345328393322609","Tue Sep 09 09:23:35 +0000 2025","1","KEK Kendal Rumah Bagi Pabrik Baterai EV Terbesar di Dunia https://t.co/gkvVXhOKGI","1965345328393322609","","","in","","0","0","0","https://x.com/undefined/status/1965345328393322609","847372542830444544",
"1965244774673531095","Tue Sep 09 03:18:43 +0000 2025","20","@hrdbacot Dibagus2in namanya aja PHK jd pensiun dini spy terlihat bagus di mata investor yg mau investasi. Ibarat muka bopeng jerawatan didempul setebal 8mm jd mulus lg Investor jg gak sebodoh itu Tesla aja gak jadi LG jg cabut dari konsorsium baterai EV","1965253508942475752","","hrdbacot","in","","0","0","3","https://x.com/undefined/status/1965253508942475752","173407719",
"1962850059944591825","Tue Sep 02 13:35:25 +0000 2025","0","Jakarta tidak mundur. Indonesia bahkan bersiap menjadi produsen baterai EV terbesar dunia. https://t.co/BNo6yNc9Ih","1962871991951843754","","txtangkringan","in","","0","1","0","https://x.com/undefined/status/1962871991951843754","1489658156989190144",
"1962850059944591825","Tue Sep 02 13:32:17 +0000 2025","0","Uni Eropa menggugat Indonesia ke WTO sementara AS menuding industri nikel Indonesia mengeksploitasi pekerja anak . Jakarta tidak mundur. Indonesia bahkan bersiap menjadi produsen baterai EV terbesar dunia.","1962871201346601423","","txtangkringan","in","","0","1","0","https://x.com/undefined/status/1962871201346601423","1489658156989190144",
"1962850059944591825","Tue Sep 02 13:27:33 +0000 2025","0","Kebijakan ini memaksa perusahaan-perusahaan asing membangun smelter dan pabrik baterai EV di tanah air.","1962870009207869537","","txtangkringan","in","","0","1","0","https://x.com/undefined/status/1962870009207869537","1489658156989190144",
"1962723155694494169","Tue Sep 02 07:21:48 +0000 2025","6","ADA APA SEBENARNYA DENGAN KERUSUHAN DI INDONESIA 🇮🇩? Oleh: Daniel Long Indonesia negara dengan populasi terbesar ke-4 di dunia telah menempuh jalur industrialisasi ketahanan energi dan kemandirian teknologi. Indonesia menempati peringkat ke-12 dunia dalam daftar negara","1962777965269565856","","dedygober","in","","0","2","1","https://x.com/undefined/status/1962777965269565856","76973108",
"1952988255106011236","Wed Aug 06 07:00:59 +0000 2025","2","Pemerintah Indonesia tengah mendorong produsen kendaraan listrik (EV) dalam negeri untuk beralih dari baterai berbasis lithium ke baterai berbasis nikel. https://t.co/L7VK77m3CI","1952988255106011236","https://pbs.twimg.com/media/Gxpod-YbIAAaEqY.jpg","","in","","0","0","0","https://x.com/undefined/status/1952988255106011236","1173853316511485952",
"1952942713428414766","Wed Aug 06 05:22:37 +0000 2025","55","@yuliapandaa @ARSIPAJA broo baterai ev itu lithium-ion nah untuk buatnya selain butuh nikel ya butuh lithium mentahnya juga dong.. sedangkan untuk lithium mentah negara kita tidak memiliki cadangan yg signifikan","1952963500218966420","","yuliapandaa","in","","0","3","3","https://x.com/undefined/status/1952963500218966420","1428519600388337668",
"1952718792884449719","Tue Aug 05 13:10:14 +0000 2025","0","Pemerintah Dorong Regulasi Agar Produsen EV Beralih ke Baterai Nikel https://t.co/5SZ3e7nLUp","1952718792884449719","","","in","","0","0","0","https://x.com/undefined/status/1952718792884449719","118646322",
"1952714788871807430","Tue Aug 05 12:54:20 +0000 2025","1","RI Bisa Jadi Kiblat Eksositem Baterai EV di Dunia Ini Buktinya https://t.co/UJn1MEVhLf","1952714788871807430","","","in","","1","0","0","https://x.com/undefined/status/1952714788871807430","847372542830444544",
"1952695363942727992","Tue Aug 05 11:37:08 +0000 2025","6","Pemerintah Dorong Insentif Pabrikan EV Beralih ke Baterai Nikel https://t.co/lysWneVTbm","1952695363942727992","","","in","","1","0","1","https://x.com/undefined/status/1952695363942727992","1582972008479920129",
"1939670861877067952","Mon Aug 04 11:03:44 +0000 2025","2","@dojjunn Market baterai tidak hanya dari EV tapi juga drone dan robot. Artinya kebutuhan nikel untuk baterai ini diproyeksikan masih akan meningkat.","1952324570704379925","","barang_antique","in","","0","1","0","https://x.com/undefined/status/1952324570704379925","1687745407798083584",
"1951893011736023526","Sun Aug 03 06:28:54 +0000 2025","0","Kabar baiknya Halmahera Timur akan menjadi lokasi pertama industri daur ulang baterai EV di Indonesia! Proyek senilai Rp3 2 triliun ini akan memproses nikel kobalt mangan sulfat hingga litium dengan target operasi pada 2031 dan kapasitas 20 ribu ton per tahun.","1951893016194719826","","KementerianESDM","in","","0","3","0","https://x.com/undefined/status/1951893016194719826","1138467176",
"1951185338023682113","Fri Aug 01 07:36:50 +0000 2025","145","Dunia sedang rebutan lithium nikel dan rare earth. Barat bicara transisi hijau tapi tetap ingin RI kirim bahan mentah. Jokowi bilang tidak. Ia tutup ekspor nikel tarik pabrik baterai Tesla &amp; BYD bangun industri EV dari tambang hingga hilir. Indonesia tidak lagi cuma https://t.co/JcgiqigVOY","1951185338023682113","https://pbs.twimg.com/ext_tw_video_thumb/1951185065444253696/pu/img/mQ7JWN4vFsbvsTgo.jpg","","in","","6","19","30","https://x.com/undefined/status/1951185338023682113","1530146266822258688",
"1950925585028411898","Thu Jul 31 14:24:40 +0000 2025","4","Baterai EV bekas di Indonesia saat ini masih dianggap limbah bahan berbahaya dan beracun (B3) https://t.co/zPxpCrj276","1950925585028411898","","","in","","0","0","0","https://x.com/undefined/status/1950925585028411898","18071520",
"1950574987775226246","Wed Jul 30 15:11:31 +0000 2025","395","LOGIKA PEJABAT FUFUFAFA | Jika semua bisa diraih dengan hilirisasi maka; HARI INI SPONGEBOB SUDAH JADI SEKJEN NATO - MENGGANTI MARK RUTTE KARENA SPONGEBOB BEKERJA DI HILIR DAPUR KRUSTY CRAB. _______ Dari Presiden hingga para menteri kerap membuat pernyataan https://t.co/jzNUtwqOwM","1950574987775226246","https://pbs.twimg.com/media/GxHVnQeboAA2t_Z.jpg","","in","","5","83","134","https://x.com/undefined/status/1950574987775226246","1159689173340585984",
"1950420716089987252","Wed Jul 30 05:10:25 +0000 2025","9","@innovacommunity ini kurang biaya ketenangan sih kyknya. ada resiko tinggi di EV yg sebetulnya msh belum bisa diperhitungkan. contoh: resiko baterai terbakar batre rusak dan health indicator yg turun. faktor lingkungan yg belum support maksimal ke EV. jadi bakal banyak biaya tak terduganya ","1950423713423261812","","innovacommunity","in","","0","1","3","https://x.com/undefined/status/1950423713423261812","1512790187449135106",
"1950035291370057942","Tue Jul 29 03:58:01 +0000 2025","8","@innovacommunity Beli mobil EV kayak beli Tamiya Mini 4WD. Kalo gak ada baterai gak bisa jalan walaupun dinamo yang lu pake dinamo setan","1950043106885456062","","innovacommunity","in","","0","0","1","https://x.com/undefined/status/1950043106885456062","118045216",
"1949440116767789075","Sun Jul 27 12:01:57 +0000 2025","0","Chery meluncurkan TIGGO 9 CSH AWD di GIIAS 2025 SUV PHEV premium dengan desain mewah fitur canggih seperti parkir otomatis dan 17 ADAS. Dibanderol Rp719 9 juta mobil ini menyasar konsumen kelas atas pencinta teknologi. Mengusung mesin 1.5L turbo dan tiga motor listrik mobil https://t.co/oMMtNX51XY","1949440116767789075","https://pbs.twimg.com/media/Gw3NckTWcAAI5ZA.jpg","","in","","2","0","0","https://x.com/undefined/status/1949440116767789075","47596019",
"1949033837801148557","Sat Jul 26 09:22:08 +0000 2025","10","Langsung ajalaah meluncur ke booth VinFast di GIIAS 2025 Cobain langsung unitnya rasain interiornya dan dapetin info lengkap soal cicilan baterai dan teknologinya. Jangan tunggu harga naik karena promo vinfast giias cuma sebentar! Cusss~ gasss in EV impianmu sekarang https://t.co/5QoV4wFYoo","1949037509532696893","https://pbs.twimg.com/media/GwxfST_agAAFK_V.jpg","mba_diahworo","in","","0","0","2","https://x.com/undefined/status/1949037509532696893","2539299234",
"1949033837801148557","Sat Jul 26 09:14:44 +0000 2025","3","Naah kalau kamu cari EV yang efisien tapi tetap powerful cek yang VinFast VF 7 Eco deh: ️ Single motor 130 kW (174 dk) torsi 250 Nm ️ Baterai 59 6 kWh jarak tempuh 430 km Dan yes ini juga termasuk di promo vinfast giias yang super worth it ","1949035649258172681","","mba_diahworo","in","","0","1","0","https://x.com/undefined/status/1949035649258172681","2539299234",
"1949032398760616405","Sat Jul 26 09:09:28 +0000 2025","3","Yups kini kamu bisa punya EV pertama yang Futuristic. VinFast VF 7 Plus kini hadir 260 kW (349 dk) Torsi 500 Nm Baterai 70 8 kWh Jarak tempuh hingga 471 km (NEDC) Semua ini bisa kamu nikmati lewat promo vinfast giias nih!","1949034321970671974","","Karendis_","in","","0","1","1","https://x.com/undefined/status/1949034321970671974","1237309377637318658",
"1949017337941676052","Sat Jul 26 08:01:59 +0000 2025","0","Jetour X20e EV resmi diperkenalkan di GIIAS 2025 oleh PT Jetour Motor Indonesia. Namun kehadirannya masih dalam tahap pengenalan dan belum tersedia untuk dipesan. Tujuannya adalah mengumpulkan masukan konsumen untuk pengembangan produk dan penentuan harga. Mobil listrik mungil https://t.co/Z3tgkZ8EXU","1949017337941676052","https://pbs.twimg.com/media/GwxM75nXkAAzLaY.jpg","","in","","0","0","0","https://x.com/undefined/status/1949017337941676052","47596019",
"1693188495387574490","Thu Jul 24 07:59:45 +0000 2025","14","TESLA vs BYD Pada 2024 BYD telah melampaui Tesla dlm pendapatan meraup $107 miliar (setara Rp1.722 triliun) dibandingkan TESLA $97 miliar (setara Rp1.525 triliun). Sejak 2023 BYD bahkan mengungguli Tesla dlm total unit EV yg dikirimkan. Ini didorong oleh tingginya penjualan https://t.co/4SCHMpWEOA","1948292004099821581","https://pbs.twimg.com/media/Gwm5QKcbcAAOFyN.jpg","eddesign_","in","","0","1","3","https://x.com/undefined/status/1948292004099821581","325599485",
"1947996272000159998","Wed Jul 23 13:11:32 +0000 2025","3","@txtdariotomotif 90% mineral rare Earth bahan baku buat magnet motor listrik baterai dan semikonduktor ada di China mereka kaya SDA yg menyokong pengembangan baterai EV dan bhn baku alat elektronik.","1948008078101938294","","jrdsty","in","","0","0","1","https://x.com/undefined/status/1948008078101938294","1769225523253911552",
"1947981431999017151","Wed Jul 23 11:25:39 +0000 2025","52","Biar makin tenang berkendara bersama Toyota ada layanan spesial dari After Sales Toyota untuk pemilik Hybrid EV &amp; Battery EV! Nikmati gratis pengecekan baterai melalui program Toyota Hybrid Health Check khusus untuk kendaraan usia 3 5 tahun atau 50.000 100.000 km yang https://t.co/74HGcPiASC","1947981431999017151","https://pbs.twimg.com/media/GwieyScagAA6_JA.jpg","","in","","0","4","6","https://x.com/undefined/status/1947981431999017151","64310527",
"1947918808305569965","Wed Jul 23 07:16:49 +0000 2025","1","Sekadar informasi HCS adalah layanan penyediaan dan pemasangan perangkat pengisian daya (home charger) dari PLN yang memungkinkan pemilik kendaraan listrik untuk mengisi daya baterai mobil mereka di rumah. Melalui layanan HCS pemilik EV tidak perlu mencari Stasiun Pengisian https://t.co/i19Bsq5zhS","1947918811367412208","https://pbs.twimg.com/media/Gwhlv4vbEAAUxFT.jpg","Metro_TV","in","","0","1","0","https://x.com/undefined/status/1947918811367412208","57261519",
"1947860180278120466","Wed Jul 23 03:23:51 +0000 2025","2","Hutan dirusak satwa kehilangan habitat. Ekosistem yang hancur butuh puluhan tahun untuk pulih. Nikel untuk baterai EV boleh tapi jangan korbankan alam lokal! #PTPositionMerusakLingkungan","1947860180278120466","","","in","","0","0","1","https://x.com/undefined/status/1947860180278120466","1467313806397218818",
"1947518716205539516","Tue Jul 22 04:46:59 +0000 2025","1","Mengisi daya EV cukup colok charger di rumah saat malam dan pagi harinya baterai penuh. Kepraktisan ini jadi daya tarik tambahan selain biaya isi daya dan pajak tahunan yang lebih hemat serta minim perawatan. Cocok untuk kendaraan harian dalam kota. https://t.co/IfdsF0Y5t8","1947518716205539516","https://pbs.twimg.com/media/Gwb53hrbAAAN0fq.png","","in","","0","0","1","https://x.com/undefined/status/1947518716205539516","4187275698",
"1947174656689017255","Mon Jul 21 05:59:49 +0000 2025","0","MG 4 Jadi EV Pertama Gunakan Baterai Semi-Solid State https://t.co/XXyjhm74cQ","1947174656689017255","","","in","","0","1","0","https://x.com/undefined/status/1947174656689017255","154102750",
"1943778762547441910","Fri Jul 11 21:05:45 +0000 2025","1","Pembangunan Proyek Ekosistem Industri Baterai EV Bisa Dukung Transisi Energi https://t.co/XYwOijVQQ2","1943778762547441910","","","in","","0","0","0","https://x.com/undefined/status/1943778762547441910","759692754985242625",
"1943653628692324431","Fri Jul 11 12:48:31 +0000 2025","0","MIND ID Harus jadi Tulang Punggung Industri Baterai EV https://t.co/0J5U8sV6Om","1943653628692324431","","","in","","0","0","0","https://x.com/undefined/status/1943653628692324431","990237626",
"1943622373040881870","Fri Jul 11 10:44:19 +0000 2025","0","RI Punya Kawasan Industri Raksasa Hasilkan Bahan Baku Baterai EV https://t.co/iJfeNdj2y0","1943622373040881870","","","in","","0","0","0","https://x.com/undefined/status/1943622373040881870","847372542830444544",
"1943523456664125623","Fri Jul 11 04:11:15 +0000 2025","1","Lewat Baterai EV RI Punya Peran Strategis di Dunia https://t.co/gYYorwXZvB","1943523456664125623","","","in","","0","1","1","https://x.com/undefined/status/1943523456664125623","847372542830444544",
"1943493104536793146","Fri Jul 11 02:10:47 +0000 2025","6","Didukung teknologi baterai rakitan lokal dan kepercayaan sebagai mitra resmi di ajang internasional Wuling telah dipercaya dengan menjual lebih dari 40.000 EV di Indonesia. Masa depan mobilitas tak lagi sekadar wacana Wuling membawanya jadi nyata. #WulingMotors https://t.co/Ro160p9PaA","1943493137651118236","https://pbs.twimg.com/media/GvistATWYAExM6E.jpg","WulingMotorsID","in","","0","0","0","https://x.com/undefined/status/1943493137651118236","757798365933383680",
"1943275773064073340","Thu Jul 10 11:47:03 +0000 2025","0","RI Punya Kawasan Industri Raksasa Hasilkan Bahan Baku Baterai EV https://t.co/WACe5LFFyY","1943275773064073340","","","in","","0","0","0","https://x.com/undefined/status/1943275773064073340","847372542830444544",
"1943270725898699182","Thu Jul 10 11:26:59 +0000 2025","0","RI Ciptakan Baterai EV Nilai Tambahnya Bisa 67 Kali Lipat https://t.co/pIcaKARsgq","1943270725898699182","","","in","","0","0","0","https://x.com/undefined/status/1943270725898699182","847372542830444544",
"1943264419892609361","Thu Jul 10 11:01:56 +0000 2025","1","IBC Ungkap Pentingnya Penciptaan Pasar Baterai EV https://t.co/y6vO80GHIb","1943264419892609361","","","in","","0","0","0","https://x.com/undefined/status/1943264419892609361","847372542830444544",
"1942766446326734891","Wed Jul 09 02:03:10 +0000 2025","0","RI Punya Proyek Baterai EV Rp96 04 Triliun Ini Ternyata Pemiliknya https://t.co/QZriDSVZpd","1942766446326734891","","","in","","0","0","0","https://x.com/undefined/status/1942766446326734891","847372542830444544",
"1942227161571877257","Mon Jul 07 14:20:14 +0000 2025","0","Viral Mobil Listrik Air EV Terbakar di Bandung Wuling Klaim Bukan dari Baterai https://t.co/GgqLGpcKlE","1942227161571877257","","","in","","0","2","0","https://x.com/undefined/status/1942227161571877257","3319260420",
"1942126894289404248","Mon Jul 07 07:41:49 +0000 2025","0","Gak Cuma Mobil Listrik Baterai EV Buatan RI Bisa Simpan Listrik EBT https://t.co/qZCk1OW60U","1942126894289404248","","","in","","0","0","0","https://x.com/undefined/status/1942126894289404248","847372542830444544",
"1942109073295458379","Mon Jul 07 06:31:00 +0000 2025","0","Mobil listrik Wuling Air EV terbakar di Bandung. Investigasi awal menunjukkan kebakaran bukan disebabkan oleh baterai atau motor listrik. Via @detikjabar_ https://t.co/fqEA32Rbxt","1942109073295458379","","","in","","0","3","1","https://x.com/undefined/status/1942109073295458379","69183155",
"1942106691530883355","Mon Jul 07 06:21:32 +0000 2025","1","Wuling Motors Indonesia mengumumkan hasil investigasi terbakarnya Air EV di Bandung. Wuling Motors menyebut penyebab kebakaran bukan berasal dari baterai dan motor listrik! ⁣ &gt;&gt; https://t.co/uAl8PfbDyW ⁣ #detikOto #WulingAirEV https://t.co/uxM2QWPIGm","1942106691530883355","https://pbs.twimg.com/media/GvO_m5pW4AAoiyJ.jpg","","in","","2","1","2","https://x.com/undefined/status/1942106691530883355","80543284",
"1942082174532092320","Mon Jul 07 04:44:07 +0000 2025","1","Pabrik Baterai EV Rp96 Triliun RI Dibangun Target Beroperasi Mid 2026 https://t.co/ADDLgYPM54","1942082174532092320","","","in","","0","0","2","https://x.com/undefined/status/1942082174532092320","847372542830444544",
"1942064600301883499","Mon Jul 07 03:34:17 +0000 2025","0","Punya Pabrik Baterai EV Raksasa Begini Keuntungannya Buat RI.. https://t.co/4HS7beEtEY","1942064600301883499","","","in","","0","0","0","https://x.com/undefined/status/1942064600301883499","847372542830444544",
"1942045404633481713","Mon Jul 07 02:18:00 +0000 2025","0","Hasil Investigasi Air EV yang Terbakar Wuling: Bukan dari Baterai https://t.co/b7H1FwCEi9","1942045404633481713","","","in","","0","0","1","https://x.com/undefined/status/1942045404633481713","80543284",
"1942029758633832768","Mon Jul 07 01:15:50 +0000 2025","72","Viral! Sebuah mobil listrik Wuling Air EV terbakar di pinggir jalan kawasan Soekarno-Hatta Bandung Sabtu (5/7/2025) malam. Wuling pastikan baterai dan motor penggerak aman. Investigasi dilanjutkan fokus pada area kap depan untuk ungkap penyebabnya. ~J #MobilListrik https://t.co/SDdY0v2IfU","1942029758633832768","https://pbs.twimg.com/amplify_video_thumb/1942029411286503424/img/2tFatcO3TvosFUkn.jpg","","in","","0","10","34","https://x.com/undefined/status/1942029758633832768","23343960",
"1941552704222015751","Sun Jul 06 14:24:53 +0000 2025","1","@LtdAkbar @MartaArdy @paxxinajiz @_Banyoe @maximv_satriaus @mr_adityason @AZHARFRS @Bataviase77 @Human_B @StopPlandemit @BabehAldoAje135 Hybrid itu kombinasi EV dan mesin konvensional. Ada yg full hybrid ada yg semi hybrid. Point utama disini adalah seberapa besar resiko/ bahayanya sebuah kendaraan. Jadi bicara risk hybrid secara teori 50% lebih aman vs EV. Tugas baterai &amp; motor elektrik lebih ringan.","1941865944604651787","","LtdAkbar","in","","0","0","0","https://x.com/undefined/status/1941865944604651787","1254035776322453506",
"1941826171370717597","Sun Jul 06 13:12:01 +0000 2025","17","@omdhilproject @SAnryan06 Nikel itu valuable untuk industri baja 🇺🇸. Jangan malah dikit-dikit diarahin ke baterai EV.","1941847603391721616","","omdhilproject","in","","0","3","1","https://x.com/undefined/status/1941847603391721616","723691909",
"1941652409463472160","Sun Jul 06 04:25:13 +0000 2025","14","@innovacommunity Info dr kejadian sebelumnya yg terbakar kemarin krn ada modifikasi asesoris elektronik (Audio) tanpa rekomendasi pabrik mungkin ini juga disebabkan adanya modifikasi sistem elektronik juga dan baterai EV sebenarnya relatif sensitif.","1941715031487607036","","innovacommunity","in","","1","0","1","https://x.com/undefined/status/1941715031487607036","310796543",
"1941668174011003225","Sun Jul 06 02:54:56 +0000 2025","37","@Mdy_Asmara1701 Baterai litihium sangat sulit dipadamkan.. butuh Beratus ratus liter air untuk benar benar mendinginkan baterai EV. Percuma pake APAR... Belum ada teknologi apar yg bisa memadamkan api dari baterai lithium EV","1941692310917693943","","Mdy_Asmara1701","in","","0","4","5","https://x.com/undefined/status/1941692310917693943","1729331733160767488",
"1941652409463472160","Sun Jul 06 01:09:51 +0000 2025","10","@innovacommunity Sifat kimia baterai nya yang bikin api susah padam klo kebakaran EV","1941665865457377359","","innovacommunity","in","","0","1","0","https://x.com/undefined/status/1941665865457377359","341267493",
"1941055443247550583","Fri Jul 04 08:44:15 +0000 2025","0","Persaingan mobil hatchback listrik di Tanah Air semakin sengit. Hal ini setelah Great Wall Motor (GWM) Indonesia ikut meramaikan segmen tersebut dengan meluncurkan GWM Ora 3. Sebelumnya sejumlah model sudah bersaing di segmen ini seperti BYD Dolphin Neta V-II MG4EV hingga https://t.co/dp0CcWiXgb","1941055443247550583","https://pbs.twimg.com/amplify_video_thumb/1941054962492231681/img/Cnnkh4RwvFMCq1rk.jpg","","in","","0","0","0","https://x.com/undefined/status/1941055443247550583","47274731",
"1941039944463798339","Fri Jul 04 07:42:40 +0000 2025","1","RI Bangun Pabrik Baterai EV Raksasa Tapi Sayang Tak Punya Lithium https://t.co/sv3xlZiPGp","1941039944463798339","","","in","","0","0","0","https://x.com/undefined/status/1941039944463798339","847372542830444544",
"1941039563780379056","Fri Jul 04 07:41:09 +0000 2025","1","RI Punya Pabrik Baterai EV Rp 96 Triliun Segini Porsi untuk Ekspornya https://t.co/bSS5JWijpU","1941039563780379056","","","in","","0","0","0","https://x.com/undefined/status/1941039563780379056","847372542830444544",
"1941036450558165335","Fri Jul 04 07:28:47 +0000 2025","3","CEO Pertamina New &amp; Renewable Energy (Pertamina NRE) John Anis menyatakan bahwa baterai kendaraan listrik atau electric vehicle (EV) dalam negeri ditargetkan bisa diproduksi pada 2026 mendatang. ~TA #PertaminaNRE #BateraiEV https://t.co/7PuxPikSR6","1941036450558165335","","","in","","0","0","0","https://x.com/undefined/status/1941036450558165335","23343960",
"1941033466214371805","Fri Jul 04 07:16:55 +0000 2025","0","RI Punya Pabrik Baterai EV Raksasa Lithiumnya Diimpor dari Tetangga https://t.co/LfZQYvPtKT","1941033466214371805","","","in","","0","0","0","https://x.com/undefined/status/1941033466214371805","847372542830444544",
"1940640991020830876","Thu Jul 03 05:17:22 +0000 2025","0","Wujudkan Industri Baterai EV MIND ID Perkuat Peran Strategis untuk Ekonomi Nasional https://t.co/Dt1DAcM8Xr","1940640991020830876","","","in","","0","0","0","https://x.com/undefined/status/1940640991020830876","990237626",
"1940385488403124535","Wed Jul 02 12:22:05 +0000 2025","0","Usai CATL Bahlil Sebut Proyek Baterai EV Huayou Groundbreaking September 2025 https://t.co/n2QGe1KAvg","1940385488403124535","","","in","","0","0","0","https://x.com/undefined/status/1940385488403124535","759692754985242625",
"1940336074381049926","Wed Jul 02 09:05:44 +0000 2025","1","RI Bangun Pabrik Baterai EV Raksasa di Karawang Ini Calon Pembelinya https://t.co/HktquuARpn","1940336074381049926","","","in","","0","0","0","https://x.com/undefined/status/1940336074381049926","847372542830444544",
"1940249297586724958","Wed Jul 02 03:20:55 +0000 2025","13","Indonesia serius garap hilirisasi nikel. Nggak cuma untuk memperkuat daya saing ekonomi nasional hilirisasi nikel juga merupakan strategi untuk membangun ekosistem industri baterai kendaraan listrik (electric vehicle/EV). #BateraiEV #MobilListrik #Hilirisasi #penjagaharapan https://t.co/WaL8yJutnl","1940249297586724958","https://pbs.twimg.com/media/Gu0mcoHWUAAD6QE.jpg","","in","","0","13","8","https://x.com/undefined/status/1940249297586724958","1919442948653252608",
"1939962244734832753","Tue Jul 01 08:20:35 +0000 2025","0","Presiden RI Prabowo Subianto meresmikan peletakan batu pertama proyek ekosistem baterai kendaraan listrik (EV) terbesar di Asia Minggu (29/6/2025) di Karawang Jawa Barat. Proyek ini merupakan hasil kolaborasi strategis antara PT Aneka Tambang (Antam) PT Indonesia Battery","1939962322232963371","","GNFI","in","","0","1","0","https://x.com/undefined/status/1939962322232963371","39677695",
"1939912096998977813","Tue Jul 01 05:01:00 +0000 2025","0","Presiden Resmikan Industri Baterai EV Terintegrasi Terbesar di Asia https://t.co/lGNpmS3x9Y","1939912096998977813","","","in","","0","0","0","https://x.com/undefined/status/1939912096998977813","3306771829",
"1939895958055395758","Tue Jul 01 03:56:52 +0000 2025","0","RI Bangun Ekosistem Baterai EV Rp 96 T Ini Porsi Saham BUMN &amp; China https://t.co/zKEYnqqZDQ","1939895958055395758","","","in","","0","0","0","https://x.com/undefined/status/1939895958055395758","847372542830444544",
"1939868811588735073","Tue Jul 01 02:09:00 +0000 2025","2","Gebrakan Energi Nasional Presiden Prabowo Resmikan Proyek Industri Baterai EV Terintegrasi sebagai Tonggak Hilirisasi Strategis https://t.co/Ay3KANelNP","1939868811588735073","https://pbs.twimg.com/amplify_video_thumb/1939867648109518848/img/daVkkBnrRr_IOYKF.jpg","","in","","0","2","1","https://x.com/undefined/status/1939868811588735073","1914355651507257344",
"1939692481848975415","Mon Jun 30 14:28:20 +0000 2025","0","Video: Prabowo Lakukan Groundbreaking Proyek Baterai EV Raksasa https://t.co/Szu6EdvNvo","1939692481848975415","","","in","","0","0","0","https://x.com/undefined/status/1939692481848975415","847372542830444544",
"1939690012108570982","Mon Jun 30 14:18:31 +0000 2025","31","Diresmikan Prabowo Pertamina NRE Ambil Peran Utama Proyek Ekosistem Baterai EV https://t.co/fsgVK7NYi9 #EnergizingYou https://t.co/LwPAIvGtcl","1939690012108570982","https://pbs.twimg.com/media/Guspw6HaUAE7-hm.jpg","","in","","0","54","31","https://x.com/undefined/status/1939690012108570982","1178607931513655298",
"1939633083915153614","Mon Jun 30 10:32:20 +0000 2025","16","NMC memang lebih unggul tapi lebih merusak lingkungan. Lihat saja bagaimana pertambangan Nikel belakangan ini heboh LFP tidak menggunakan Nikel dan Cobalt hanya saja densitas energi belum bisa menyamai NMC. Sebaiknya beli EV dengan baterai LFP https://t.co/wL3egg0vDz","1939633091573940462","https://pbs.twimg.com/media/Gur2BIAaUAAW8NX.jpg","ridwanhr","in","","0","1","2","https://x.com/undefined/status/1939633091573940462","43922847",
"1939611319390654498","Mon Jun 30 09:05:49 +0000 2025","23","Prabowo Kaget Ada Tommy Winata di Groundbreaking Industri Baterai EV https://t.co/yXrK1bUKsq","1939611319390654498","","","in","","2","33","1","https://x.com/undefined/status/1939611319390654498","17128975",
"1939601300444029376","Mon Jun 30 08:26:00 +0000 2025","0","Prabowo Rapat dengan Dirut Dirgantara-Pindad usai Resmikan Pabrik Baterai EV Bahas Apa? https://t.co/sHjcZBBsVI","1939601300444029376","","","in","","0","0","0","https://x.com/undefined/status/1939601300444029376","132078023",
"1939595510878470619","Mon Jun 30 08:03:00 +0000 2025","0","Sekjen Gapensi La Ode Safiul Akbar dukung pengusaha lokal dalam proyek baterai EV. Ia serukan inklusivitas dan peran kontraktor lokal untuk kemajuan ekonomi. https://t.co/zjBbjMygKN","1939595510878470619","","","in","","0","0","0","https://x.com/undefined/status/1939595510878470619","135795460",
"1939593419871137968","Mon Jun 30 07:54:41 +0000 2025","0","Megaproyek Baterai EV Rp 96 Triliun Ini Porsi Kepemilikan Saham BUMN https://t.co/SqffpFK3Rf","1939593419871137968","","","in","","0","0","0","https://x.com/undefined/status/1939593419871137968","847372542830444544",
"1939590586161619381","Mon Jun 30 07:43:26 +0000 2025","0","Bangun Rantai Pasok Baterai EV Langkah Awal Antam Jadi Pemain Global https://t.co/0xeIEqUakF","1939590586161619381","","","in","","0","0","0","https://x.com/undefined/status/1939590586161619381","847372542830444544",
"1939580237853213006","Mon Jun 30 07:02:19 +0000 2025","0","Di Balik Proyek Ekosistem Baterai EV Prabowo Ungkap Peran Jokowi https://t.co/LWAO27oRsP","1939580237853213006","","","in","","0","0","0","https://x.com/undefined/status/1939580237853213006","847372542830444544",
"1939579761891987688","Mon Jun 30 07:00:25 +0000 2025","2","Proyek pembangunan ekosistem baterai kendaraan listrik (electric vehicle/EV) di Karawang resmi dimulai. Namun kontraktor lokal tidak ingin hanya menjadi penonton dalam investasi skala besar ini. ~TA #KendaraanListrik #Karawang https://t.co/j9XS4qvuqQ","1939579761891987688","","","in","","0","0","1","https://x.com/undefined/status/1939579761891987688","23343960",
"1939573775869350323","Mon Jun 30 06:36:38 +0000 2025","0","Rusia Serang Ukraina-Prabowo Resmikan Proyek Baterai EV Terbesar https://t.co/1rD0hFffcF","1939573775869350323","","","in","","0","0","0","https://x.com/undefined/status/1939573775869350323","847372542830444544",
"1939573118982631886","Mon Jun 30 06:34:01 +0000 2025","1","Toto Nugroho menyatakan pembeli utama atau off-taker baterai kendaraan listrik (EV) yang diproduksi di Karawang Jawa Barat sebagian besar berasal dari pasar domestik. ~TA #KendaraanListrik #Karawang https://t.co/SnuvTQkmCt","1939573118982631886","","","in","","0","1","0","https://x.com/undefined/status/1939573118982631886","23343960",
"1939572246751985873","Mon Jun 30 06:30:33 +0000 2025","3","Pabrik Baterai EV Karawang Siap Beroperasi Tahun Depan https://t.co/c2ixeio0D2","1939572246751985873","","","in","","0","0","0","https://x.com/undefined/status/1939572246751985873","17128975",
"1939568489339187475","Mon Jun 30 06:15:37 +0000 2025","0","Prabowo Singgung Peran Jokowi saat Resmikan Proyek Ekosistem Industri Baterai EV Proyek ini dimulai empat tahun yang lalu. Dengan demikian kita lihat peran daripada Presiden Joko Widodo ujar Prabowo saat meresmikan groundbreaking Ekosistem Industri Baterai Listrik https://t.co/dcfM3GkyK8","1939568489339187475","https://pbs.twimg.com/amplify_video_thumb/1939567965352919040/img/DvmQgzd8Pd5U8v2V.jpg","","in","","0","0","0","https://x.com/undefined/status/1939568489339187475","68930552",
"1939534849364148268","Mon Jun 30 04:01:57 +0000 2025","2","Alhamdulillah....semoga akan lebih banyak lagi kinerja pemerintahan saat ini...ok gas! Prabowo Resmikan Proyek Baterai EV RI Rp96 04 Triliun Ini Pemiliknya https://t.co/rKVJTzOzn9","1939534849364148268","","","in","","0","1","0","https://x.com/undefined/status/1939534849364148268","322126030",
"1939528707733102925","Mon Jun 30 03:37:33 +0000 2025","0","Prabowo Resmikan Proyek Baterai EV Terbesar Asia Rp 96 Triliun https://t.co/VfuJbCKhKs","1939528707733102925","","","in","","0","0","1","https://x.com/undefined/status/1939528707733102925","847372542830444544",
"1939520999017546109","Mon Jun 30 03:06:55 +0000 2025","16","Momen ketika Presiden @Prabowo kaget lihat Tomy Winata di Peresmian ekosistem baterai EV Lapangan kerja baru terbuka Berlanjut Berkerja dan Berkarya demi bangsa #prabowobersamarakyat metro_tv https://t.co/O9wkXBSlQd","1939520999017546109","https://pbs.twimg.com/ext_tw_video_thumb/1939520960580952064/pu/img/HS61wGGeq2PgOHxT.jpg","","in","","0","1","1","https://x.com/undefined/status/1939520999017546109","1418311652462579713",
"1939503194327134488","Mon Jun 30 01:56:10 +0000 2025","0","Diresmikan Prabowo Ini Potret Proyek Baterai EV RI Senlai Rp96 04 T https://t.co/IXq25sEXAg","1939503194327134488","","","in","","0","0","0","https://x.com/undefined/status/1939503194327134488","847372542830444544",
"1939443963540496433","Sun Jun 29 22:00:48 +0000 2025","0","RI Bangun Ekosistem Baterai EV Jepang Sampai AS Minat Beli https://t.co/ixU59xG1Zo","1939443963540496433","","","in","","0","0","0","https://x.com/undefined/status/1939443963540496433","847372542830444544",
"1939428666062086520","Sun Jun 29 21:00:01 +0000 2025","1","Nilai investasi pabrik baterai EV terintegrasi capai Rp100 triliun https://t.co/pbXGiT5YaT","1939428666062086520","","","in","","0","0","0","https://x.com/undefined/status/1939428666062086520","121640063",
"1939349389556011218","Sun Jun 29 15:45:00 +0000 2025","0","Presiden Prabowo Subianto menyoroti peran mantan presiden Joko Widodo (Jokowi) dalam mendorong proyek pengembangan industri baterai kendaraan listrik (baterai EV) di Indonesia. https://t.co/FqbgOObgSr","1939349389556011218","","","in","","0","1","0","https://x.com/undefined/status/1939349389556011218","68930552",
"1939345052435947956","Sun Jun 29 15:27:46 +0000 2025","1","Proyek Baterai EV Terintegrasi Hemat BBM Hingga Buka 43.000 Lapangan Kerja https://t.co/oatd5aJyfa","1939345052435947956","","","in","","1","0","1","https://x.com/undefined/status/1939345052435947956","990237626",
"1939327513190420655","Sun Jun 29 14:18:04 +0000 2025","2","Proyek Baterai EV Jalan RI Bisa Ketiban Durian Runtuh Rp481 55 T https://t.co/ADUhtYTKBI","1939327513190420655","","","in","","0","0","0","https://x.com/undefined/status/1939327513190420655","847372542830444544",
"1939319915745513499","Sun Jun 29 13:47:53 +0000 2025","1","CIO Danantara Pandu Sjahrir mengungkapkan pihaknya membuka peluang untuk terlibat dalam proyek besar pengembangan ekosistem baterai kendaraan listrik (EV) integrasi yang baru saja diresmikan oleh Presiden Prabowo Subianto https://t.co/UhYcEYyWuB","1939319915745513499","","","in","","0","0","0","https://x.com/undefined/status/1939319915745513499","68930552",
"1939296016811061408","Sun Jun 29 12:12:55 +0000 2025","70","Presiden @prabowo Resmikan Industri Baterai EV Terintegrasi terbesar Asia. Groundbreaking Industri Baterai Kendaraan Listrik Hari ini Minggu 29 juni. Proyek ini merupakan pengembangan industri dari hulu ke hilir yang terdiri dari enam proyek secara terintegrasi yang https://t.co/YdcfbhGosW","1939296016811061408","https://pbs.twimg.com/amplify_video_thumb/1939295910871396352/img/lYyTzDK5x8nWqSNO.jpg","","in","","2","10","19","https://x.com/undefined/status/1939296016811061408","799023207294504960",
"1939288990924112196","Sun Jun 29 11:45:00 +0000 2025","3","Target ambisius ini merupakan bagian dari pengembangan ekosistem industri baterai EV terintegrasi yang saat ini mulai dibangun. https://t.co/JBPJ9iaqTU","1939288990924112196","","","in","","0","2","1","https://x.com/undefined/status/1939288990924112196","68930552",
"1939288693665411092","Sun Jun 29 11:43:49 +0000 2025","0","Proyek Baterai EV Jalan RI Bisa Hemat Impor BBM 300 Ribu Kilo Liter https://t.co/rx7KKHrkix","1939288693665411092","","","in","","1","1","0","https://x.com/undefined/status/1939288693665411092","847372542830444544",
"1939287430374547481","Sun Jun 29 11:38:48 +0000 2025","11","Prabowo Beber Industri Baterai EV Malut-Karawang Bisa Hasilkan Rp777 T https://t.co/rfSiG6FYT4","1939287430374547481","","","in","","0","0","1","https://x.com/undefined/status/1939287430374547481","17128975",
"1939285983352274970","Sun Jun 29 11:33:03 +0000 2025","3","Bahlil: Pabrik Baterai EV di Karawang Bisa Serap hingga 35.000 Tenaga Kerja Baca di: https://t.co/XXJm1URYNB https://t.co/m4BfUbqx4N","1939285983352274970","https://pbs.twimg.com/media/Gum6I16WYAAQcMp.jpg","","in","","3","3","0","https://x.com/undefined/status/1939285983352274970","23343960",
"1939280994349289678","Sun Jun 29 11:13:13 +0000 2025","2","Ekosistem Baterai EV Terintegrasi Sedot Investasi US$ 6 Miliar https://t.co/7QD6DEBuM7 via @InvestorID","1939280994349289678","","","in","","0","0","0","https://x.com/undefined/status/1939280994349289678","238091066",
"1939277676793254025","Sun Jun 29 11:00:02 +0000 2025","4","[FULL] Prabowo Resmikan 'Groundbreaking' Proyek Baterai EV Terbesar Asia di Karawang https://t.co/d26HjqYhir","1939277676793254025","","","in","","1","0","1","https://x.com/undefined/status/1939277676793254025","71436318",
"1939275024516731029","Sun Jun 29 10:49:30 +0000 2025","0","Presiden Prabowo Subianto meresmikan groundbreaking megaproyek ekosistem baterai kendaraan listrik (electric vehicle/EV) terintegrasi (Grand Package) di Halmahera Timur Maluku Utara dan Karawang Jawa Barat dengan nilai investasi mencapai USD5 9 miliar atau setara Rp96 https://t.co/bVlWV22FZ9","1939275024516731029","https://pbs.twimg.com/media/GumwUIEWgAAKNqh.jpg","","in","","0","0","0","https://x.com/undefined/status/1939275024516731029","231355136",
"1939263742556127635","Sun Jun 29 10:04:40 +0000 2025","0","Video: Prabowo Resmikan Proyek Ekosistem Baterai EV Senilai Rp 96 T https://t.co/ObPuHWB68l","1939263742556127635","","","in","","0","0","0","https://x.com/undefined/status/1939263742556127635","847372542830444544",
"1939262828432810238","Sun Jun 29 10:01:02 +0000 2025","0","Kelakar Prabowo Minta Seskab Teddy Catat Pejabat yang Absen di Peresmian Baterai EV https://t.co/KBQyFjpmp8","1939262828432810238","","","in","","0","0","1","https://x.com/undefined/status/1939262828432810238","990237626",
"1939262735566663936","Sun Jun 29 10:00:40 +0000 2025","0","Target Swasembada 100 Gigawatt Prabowo Minta Perbanyak Proyek Baterai EV https://t.co/4N6XTvbRwu","1939262735566663936","","","in","","0","0","0","https://x.com/undefined/status/1939262735566663936","990237626",
"1939262686455546042","Sun Jun 29 10:00:28 +0000 2025","0","Prabowo Puji Program Hilirisasi Jokowi saat Resmikan Groundbreaking Ekosistem Baterai EV https://t.co/OSAomtuokI","1939262686455546042","","","in","","0","0","0","https://x.com/undefined/status/1939262686455546042","990237626",
"1939262579635036188","Sun Jun 29 10:00:03 +0000 2025","0","Prabowo Resmikan Proyek Ekosistem Baterai EV Terintegrasi Senilai Rp95 Triliun https://t.co/ZR6IlOkeha","1939262579635036188","","","in","","0","0","0","https://x.com/undefined/status/1939262579635036188","990237626",
"1939258300048273544","Sun Jun 29 09:43:03 +0000 2025","41","Presiden RI @prabowo Subianto melakukan groundbreaking proyek ekosistem baterai kendaraan listrik (Electric Vehicle/EV) terbesar di Asia di Karawang Jawa Barat Minggu (29/6/2025). https://t.co/gms0BUn73g","1939258300048273544","https://pbs.twimg.com/amplify_video_thumb/1939258023098056704/img/Uw3g9zFGTfrrboJd.jpg","","in","","1","6","14","https://x.com/undefined/status/1939258300048273544","235931838",
"1939255855834124410","Sun Jun 29 09:33:20 +0000 2025","36","Presiden RI Prabowo Subianto meresmikan peletakan batu pertama atau groundbreaking proyek ekosistem baterai kendaraan listrik (Electric Vehicle/EV) terbesar di Asia di Karawang Jawa Barat Proyek tersebut dioperasikan oleh PT Aneka Tambang (Antam) PT Indonesia Battery https://t.co/ggUT5YPbYp","1939255855834124410","https://pbs.twimg.com/ext_tw_video_thumb/1939255770773700608/pu/img/7eyPFMlh4ouLTAR5.jpg","","in","","0","2","11","https://x.com/undefined/status/1939255855834124410","1289954556411969537",
"1939250132136145084","Sun Jun 29 09:10:35 +0000 2025","6","Prabowo Resmikan Proyek Baterai EV RI Rp96 04 Triliun Ini Pemiliknya https://t.co/7Ju8CiBtgs","1939250132136145084","","","in","","0","0","4","https://x.com/undefined/status/1939250132136145084","847372542830444544",
"1939249850107011222","Sun Jun 29 09:09:28 +0000 2025","6","Baterai CATL Bisa Buat 300 Ribu EV Sumbang Rp728 T ke Ekonomi RI https://t.co/dLIhXncyuJ","1939249850107011222","","","in","","0","0","0","https://x.com/undefined/status/1939249850107011222","1582972008479920129",
"1925514321658081682","Thu May 22 11:29:23 +0000 2025","0","Direstui Prabowo Huayou Resmi Gantikan LG Di Proyek Baterai EV RI https://t.co/xTh5rg6QUX","1925514321658081682","","","in","","0","0","0","https://x.com/undefined/status/1925514321658081682","847372542830444544",
"1925504512212836448","Thu May 22 10:50:24 +0000 2025","0","Proyek Baterai EV Diambil Alih Huayou Bahlil: LG Saya Hentikan! https://t.co/rjU2uBuVDm","1925504512212836448","","","in","","0","0","0","https://x.com/undefined/status/1925504512212836448","990237626",
"1925501557585608770","Thu May 22 10:38:40 +0000 2025","0","Menteri ESDM Bahlil Lahadalia mengungkapkan alasannya membatalkan investasi dengan perusahaan asal Korea Selatan (Korsel) LG pada sektor baterai EV atau baterai mobil listrik. | #Bahlil #LG https://t.co/gvETBQkBXR","1925501557585608770","","","in","","0","0","0","https://x.com/undefined/status/1925501557585608770","23343960",
"1925470170589581504","Thu May 22 08:33:56 +0000 2025","0","Bahlil hingga Airlangga Menghadap Prabowo Lapor Update Proyek Baterai EV https://t.co/6hwlQjWrM7","1925470170589581504","","","in","","0","0","0","https://x.com/undefined/status/1925470170589581504","132078023",
"1925468813367419348","Thu May 22 08:28:33 +0000 2025","0","Prabowo Panggil Bahlil Bahas Pengganti LG di Proyek Baterai EV https://t.co/fwerBavrr4","1925468813367419348","","","in","","0","0","0","https://x.com/undefined/status/1925468813367419348","990237626",
"1925457095136354401","Thu May 22 07:41:59 +0000 2025","0"," Hari ini kami akan ratas (rapat terbatas) dalam pembahasan kelanjutan EV (kendaraan listrik) baterai mobil terkait dengan LG kata Bahlil. https://t.co/t0rSCDbmFC","1925457095136354401","","","in","","0","0","0","https://x.com/undefined/status/1925457095136354401","18071520",
"1925069599323914543","Wed May 21 06:02:24 +0000 2025","0","Produsen baterai kendaraan listrik terbesar dunia asal China Contemporary Amperex Technology Co. Limited (CATL) akan mulai produksi baterai EV di Indonesia paling lambat Maret 2026. Investasi ini merupakan hasil kerja sama dengan Indonesia Battery Corporation (IBC) untuk","1925069647524856088","","GNFI","in","","0","1","0","https://x.com/undefined/status/1925069647524856088","39677695",
"1924986631062265988","Wed May 21 00:32:32 +0000 2025","0","Intip Rekomendasi Saham Antam (ANTM) yang Mulai Fokus ke Baterai EV https://t.co/y3FAGyjoXE","1924986631062265988","","","in","","0","0","0","https://x.com/undefined/status/1924986631062265988","262026799",
"1924446678846976164","Mon May 19 12:57:05 +0000 2025","10","@chenaboi Lagi dibangun smelter dan pabrik pendukung untuk bangun pabrik baterai EV bersama BUMN IBC (Indonesia Battery Corporation Filipina stop ekspor katalis naikin harga nickel dan banyak duit konglo masuk. Yg thread hilirisasi ku bikin itu. Trump jga bakal ngepush utk industri","1924449230003093892","","abonaboi","in","","0","1","1","https://x.com/undefined/status/1924449230003093892","1034308064",
"1924242903561572390","Sun May 18 23:23:13 +0000 2025","0","-) Di tengah tren global transportasi bertenaga listrik kerja sama juga diarahkan pada penguatan sektor kendaraan listrik (EV) dan industri baterai yang sangat krusial dalam mendukung transisi energi hijau dan bersih di Indonesia.","1924244411871121808","","txtangkringan","in","","0","1","0","https://x.com/undefined/status/1924244411871121808","1489658156989190144",
"1923887517859971387","Sat May 17 23:45:03 +0000 2025","0","Investasi Baterai EV di Indonesia CATL Akan Pakai Dana IPO https://t.co/DpJhBhRNl6 #Investasi","1923887517859971387","","","in","","0","0","0","https://x.com/undefined/status/1923887517859971387","43799886",
"1923231452386214250","Sat May 17 00:25:33 +0000 2025","0","@rocky5harbes @TuankuNanSati @grok Mobil Cina bisa lebih murah baik ICE maupun EV karena gabungan beberapa faktor: biaya produksi dan tenaga kerja yang jauh lebih rendah dukungan subsidi besar dari pemerintah serta rantai pasok dan manufaktur yang sangat efisien dari hulu ke hilir. Selain itu persaingan","1923535325537669587","","rocky5harbes","in","","0","0","0","https://x.com/undefined/status/1923535325537669587","1882198073168080896",
"1923309772574425282","Fri May 16 09:29:17 +0000 2025","0","CATL Siap Produksi Baterai EV di Indonesia Mulai Maret 2026 https://t.co/kR8g6qeb1X","1923309772574425282","","","in","","0","0","0","https://x.com/undefined/status/1923309772574425282","154102750",
"1923205737133605178","Fri May 16 03:52:33 +0000 2025","3","Dunia baterai EV itu kayak F1 era hybrid: Red Bull = CATL Mercedes = LG Ferrari = Panasonic BYD = Aston Martin yang tiba-tiba kenceng Balapannya bukan cuma soal cepat tapi juga konsisten &amp; tahan panas.","1923225027731738924","","Georgioupoli","in","","0","1","0","https://x.com/undefined/status/1923225027731738924","1583082859845234688",
"1923205737133605178","Fri May 16 03:15:23 +0000 2025","2","23. Amerika: Red Line Baru IRA melarang insentif EV kalau pakai baterai dari China VAR-nya teknologi global. ","1923215675532742812","","Georgioupoli","in","","0","1","0","https://x.com/undefined/status/1923215675532742812","1583082859845234688",
"1923205737133605178","Fri May 16 02:48:54 +0000 2025","7","8. Jejak di Indonesia CATL ibarat klub Eropa buka akademi di Surabaya &amp; Makassar talenta lokal dikuasai dari hulu. Mitra: Antam IBC LG Proyek: tambang smelter baterai EV nasional.","1923209012134220034","","Georgioupoli","in","","0","1","0","https://x.com/undefined/status/1923209012134220034","1583082859845234688",
"1923205737133605178","Fri May 16 02:38:08 +0000 2025","4","1. Dominasi CATL di Dunia Baterai Dominasi yang bukan cuma besar tapi makin susah disaingi. CATL bukan sekadar pabrik baterai mereka pengatur ritme industri EV dunia.","1923206301619818887","","Georgioupoli","in","","0","1","0","https://x.com/undefined/status/1923206301619818887","1583082859845234688",
"1922864436273955114","Thu May 15 04:10:33 +0000 2025","47","@stockmapping pack : cngr nya supplier CATL indy : anak usaha nya jv sama catl ngembangin baterai EV antm : punya 25% ibc dulu rumornya catl gabung ibc sekarang udh jadi lges","1922867173573148847","","stockmapping","in","","2","1","4","https://x.com/undefined/status/1922867173573148847","1509650609120718860",
"1922677851448279183","Wed May 14 15:38:16 +0000 2025","45","CATL produsen baterai EV terbesar di dunia akan IPO dan mulai diperdagangkan 20 Mei. Nilai IPO-nya diperkirakan tembus USD 5 3 miliar (Rp87 triliun) terbesar YTD secara global. Kalau bisa subscribe ambil atau tidak? https://t.co/LjQ16tqbXX","1922677851448279183","","","in","","5","7","6","https://x.com/undefined/status/1922677851448279183","1880954230187700224",
"1922425063573229753","Wed May 14 11:10:47 +0000 2025","1","@Tomylim5 @innovacommunity Kalo perkiraan saya mungkin baterai kondisi SoC baterai di atas 80-90 % hampir 100% ketika disimpan lama Karena baterai Litium EV dianjurkan untuk SoC tdk lebih dari 80% meskipun ada pendapat jenis LFP yg dipakai BYD lebih aman meskipun sering 100% SoC","1922610537549975849","","Tomylim5","in","","1","0","0","https://x.com/undefined/status/1922610537549975849","71522275",
"1922425063573229753","Wed May 14 11:05:33 +0000 2025","34","@innovacommunity IIRC Baterai Litium ion EV dianjurkan SoC maksimal 80% kapasitas baterai. Utk jenis LFP (umum di BYD) dianjurkan 100% SoC 1x / minggu utk kalibrasi BMS. NMC &amp; NCA SoC 100% hny dianjurkan ketika rencana perjalanan jauh Apalagi kalo EV disimpan lama SoC 50-55% mungkin biar aman","1922609222384025703","","innovacommunity","in","","3","4","4","https://x.com/undefined/status/1922609222384025703","71522275",
"1922563477266432023","Wed May 14 08:03:47 +0000 2025","62","Bertemu dengan Menteri Energi dan Sumber Daya Mineral (ESDM) - Bapak Bahlil Lahadalia Wamen ESDM - Bapak Yuliot Tanjung Wamen Investasi dan Hilirisasi Indonesia - Bapak Todotua Pasaribu Chief Operating Officer (COO) Danantara - Bapak Dony Oskaria beserta para Direksi BUMN dan https://t.co/lMnrNsPo6o","1922563477266432023","https://pbs.twimg.com/media/Gq5RSUybAAIMAt_.jpg","","in","","0","6","5","https://x.com/undefined/status/1922563477266432023","43088704",
"1922425063573229753","Wed May 14 02:11:09 +0000 2025","13","@innovacommunity Kalo pernah liat langsung bagaimana baterai lithium terbakar dan meledak bakal mikir 2 kali pake EV ","1922474736333812146","","innovacommunity","in","","1","1","1","https://x.com/undefined/status/1922474736333812146","723616717",
"1922420177649500369","Tue May 13 22:34:21 +0000 2025","1","Tekan Kerugian Nissan Batalkan Proyek Pabrik Baterai EV di Jepang https://t.co/jAmAFkA6KD","1922420177649500369","","","in","","0","0","0","https://x.com/undefined/status/1922420177649500369","759692754985242625",
"1922285690663977311","Tue May 13 13:39:57 +0000 2025","2","NO JANGAN PANIK! Baterai EV sudah dirancang untuk tahan benturan goncangan dan sebagainya. Peluang untuk sebuah baterai EV terbakar atau meledak sangat kecil!! Sediakan apar khusus baterai di dalam kendaraan anda!","1922285690663977311","","","in","","0","1","0","https://x.com/undefined/status/1922285690663977311","1777697296744132608",
"1922262100120109565","Tue May 13 12:06:13 +0000 2025","10","TYI Lecture Series AHY Dorong Pertumbuhan Berkelanjutan dengan Kesetaraan *Yogyakarta;* The Yudhoyono Institute (TYI) kembali menyelenggarakan TYI Lecture Series dengan tema * Green Growth: Sustainable Growth with Equity *. Menteri Koordinator bidang Infrastruktur dan https://t.co/sBBIHix62a","1922262100120109565","https://pbs.twimg.com/media/Gq0_Ls_bAAEdhdZ.jpg","","in","","0","0","6","https://x.com/undefined/status/1922262100120109565","61465123",
"1922238331108376958","Tue May 13 10:31:46 +0000 2025","122"," Nissan berencana kembali PHK 11.000 orang menutup 7 pabrik dan membekukan semua proyek pasca-2026! Setelah mencatatkan kerugian sebesar Rp83 triliun di tahun finansial 2024-25 Nissan kembali dihadapkan kenyataan pahit demi bisa bertahan hidup. Kini total karyawan yang https://t.co/vqbLT6vfWI","1922238331108376958","https://pbs.twimg.com/media/Gq0pkROWAAAC1Yn.jpg","","in","","1","6","9","https://x.com/undefined/status/1922238331108376958","1268958732794261505",
"1922110847490654427","Tue May 13 02:19:25 +0000 2025","1"," Keberlanjutan bukan hanya tentang lingkungan tapi juga tentang martabat manusia pengurangan kemiskinan dan keamanan jangka panjang untuk generasi masa depan. Di Indonesia kami melihat bagaimana solusi terintegrasi dapat menciptakan perubahan nyata. Dari irigasi yang lebih https://t.co/Lt5CSbv5e5","1922114427849212318","https://pbs.twimg.com/media/Gqy435nb0AA46ki.jpg","PDemokrat","in","","0","1","1","https://x.com/undefined/status/1922114427849212318","248199104",
"1921194315943948561","Sun May 11 04:23:33 +0000 2025","1","@nanovond @ridwanhr 1. Masih garansi baterai dan komponen seperti motor control unit itu rata rata 8 tahun atau 120rb-180rb km 2. Sayangnya setiap merk EV saat ini belum rilis harganya replacement battery 3. https://t.co/F8DuFbpXMC.","1921420890518028462","","nanovond","in","","0","2","0","https://x.com/undefined/status/1921420890518028462","102300200",
"1921194315943948561","Sun May 11 04:18:38 +0000 2025","5","@wijdanr @ridwanhr - pembeli mobkas masih dpt garansi? - setelah 8 tahun jika rusak berapa uang yg harus dikeluarkan pembeli mobkas listrik? - tolong saya dibantu drop link yg menunjukkan baterai EV tdk akan rusak di tahun ke 8 karena saya tdk nemu artikelnya karena keterbatasan pengetahuan","1921419654389448963","","wijdanr","in","","0","1","0","https://x.com/undefined/status/1921419654389448963","59799195",
"1921194315943948561","Sun May 11 02:18:39 +0000 2025","8","@ridwanhr lho pak justru EV tuh resale value atau depresiasinya lebih terjun drpd ICE karena belum ada perusahaan buat repurposing baterai EV. in other words kalo batere EV udah underperform which is 5-10 tahun lg ya yaudah gabisa dipake lg","1921389459943149618","","ridwanhr","in","","1","1","0","https://x.com/undefined/status/1921389459943149618","1151162240327811072",
"1921355997630648519","Sun May 11 01:52:50 +0000 2025","289","@innovacommunity Tadi liat reply yg bilang pasar mobil ev second belum terbentuk. Setuju bgt dgn statement ini karena mindset org yg mau beli mobil ev itu beli baru bukan beli second. Soalnya ada kaitannya sama garansi baterai.","1921382964224504260","","innovacommunity","in","","1","4","8","https://x.com/undefined/status/1921382964224504260","71198182",
"1921194315943948561","Sun May 11 01:00:47 +0000 2025","4","@OniDewono @ridwanhr Jepang hati2 untuk berpindah ke EV china lagi membludak karena dpt bahan baku baterai murah dari indonesia istilahnya kasarnya aji mumpung","1921369865757102519","","OniDewono","in","","0","1","1","https://x.com/undefined/status/1921369865757102519","1711214184502013952",
"1920485289447010521","Thu May 08 14:25:48 +0000 2025","32","EV RECOMMENDATION MAY 2025 *Harga belum termasuk diskon dan potongan ppn (jika ada). *Mobil listrik brand Eropa tidak termasuk dalam list ini. * Jika mengalami kesulitan membaca link Gdocs tersedia dibawah. *Preferensi orang berbeda beda *Silahkan comment jika ingin menambahkan","1920485289447010521","","","in","","5","7","5","https://x.com/undefined/status/1920485289447010521","1777697296744132608",
"1919956690549559614","Wed May 07 03:25:20 +0000 2025","2","Beli mobil EV 300jt Pengeluaran tahunan: Sewa/garansi baterai 15jt Pajak 800rb Ban 12jt Listrik Maintenance Beli mobil konven 300jt Pengeluaran tahunan: Sewa 0 Pajak 3jt Ban 4jt Bensin Maintenance oli dkk","1919956690549559614","","","in","","0","0","0","https://x.com/undefined/status/1919956690549559614","906302878419099648",
"1919734895389093920","Tue May 06 12:44:04 +0000 2025","0","Diskusi menyoroti peluang seperti meningkatnya permintaan kendaraan listrik dukungan kebijakan pemerintah serta kemajuan teknologi baterai. Kolaborasi antar pemangku kepentingan dan pendekatan inovatif dinilai krusial untuk mengatasi tantangan dan mempercepat penetrasi pasar https://t.co/C89SM4qRA5","1919734909947805972","https://pbs.twimg.com/media/GqREuM7bAAEUZ5W.jpg","kumparan","in","","0","0","0","https://x.com/undefined/status/1919734909947805972","759692754985242625",
"1919732149491515816","Tue May 06 12:33:09 +0000 2025","1","Pada sesi ini para pembicara membahas bagaimana pengembangan teknologi baterai dapat mempercepat peningkatan performa efisiensi dan keandalan kendaraan listrik. Inovasi tersebut turut menurunkan biaya operasional mempercepat proses pengisian daya serta mendukung peralihan ke https://t.co/oZWvREK0Dx","1919732162653519986","https://pbs.twimg.com/media/GqRCOVJbkAA5_pk.jpg","kumparan","in","","0","0","0","https://x.com/undefined/status/1919732162653519986","759692754985242625",
"1919732149491515816","Tue May 06 12:33:05 +0000 2025","1","Panel diskusi ketiga pada kumparan New Energy Vehicle Summit 2025 fokus membahas kemajuan teknologi baterai untuk kendaraan listrik. #kumparancampaign #NEVSummit #am #galfot #newenergyvehicle #mobillistrik #ev #energiterbarukan #bicarafaktalewatberita #kumparan https://t.co/HRJgvqgHAN","1919732149491515816","https://pbs.twimg.com/media/GqRCNjGakAEdRJV.jpg","","in","","0","1","0","https://x.com/undefined/status/1919732149491515816","759692754985242625",
"1919700010150637914","Tue May 06 10:25:23 +0000 2025","3","Peneliti ITB Tekankan Pentingnya R&amp;D agar Indonesia Jadi Pemain Baterai EV Dunia Peneliti ITB Tekankan Pentingnya R&amp;D Agar Indonesia Jadi Pemain Baterai EV Dunia #kumparanOTO https://t.co/99BxQqYwih","1919700010150637914","","","in","","0","0","0","https://x.com/undefined/status/1919700010150637914","759692754985242625",
"1919661801072934975","Tue May 06 10:06:44 +0000 2025","2","@sicupuh Unpopular opinion: opsi sewa baterai sebenarnya menarik kalo nanti mau beli ev second. Karena dengan sewa baterai salah satu komponen termahal baterai nggak perlu khawatir kalo rusak. Tinggal minta tukar ( idealnya). Cuma Tinggal gimana daya tahan parts mahal lainnya","1919695315172786392","","sicupuh","in","","0","0","1","https://x.com/undefined/status/1919695315172786392","293941039",
"1919650795940663758","Tue May 06 07:43:34 +0000 2025","1","@fraviato Was wondering sama mobil ev cina yg ganti baterai kalo lowbatt jadi ga perlu charge https://t.co/8xhDV9MMRR Mungkin servicenya udah gitu..dan mungkin kalo diimplementasiin jd beli mobil tanpa baterai..baterainya bayar bulanan lagi ","1919659287804314103","","fraviato","in","","0","1","0","https://x.com/undefined/status/1919659287804314103","23299579",
"1919642872153780428","Tue May 06 06:38:20 +0000 2025","0","PTBA Punya Proyek Ubah Batu Bara Jadi Komponen Baterai EV https://t.co/S7vcJPkPOL","1919642872153780428","","","in","","0","0","0","https://x.com/undefined/status/1919642872153780428","847372542830444544",
"1919622146600665181","Tue May 06 05:15:59 +0000 2025","1","Lambatnya proses pengisian daya menjadi salah satu tantangan utama dalam adopsi kendaraan listrik berbasis baterai. Menanggapi hal ini Menteri Perindustrian Agus Gumiwang Kartasasmita menyebut kendaraan hidrogen sebagai solusi alternatif yang menjanjikan. Dalam acara kumparan https://t.co/nVG37zYytc","1919622146600665181","https://pbs.twimg.com/media/GqPeKpQb0AAd0Br.jpg","","in","","0","2","0","https://x.com/undefined/status/1919622146600665181","759692754985242625",
"1918928777754927575","Mon May 05 00:57:01 +0000 2025","163","Bahan Pemadam api khusus baterai EV","1919194588616462517","","el_jastip","in","","3","1","23","https://x.com/undefined/status/1919194588616462517","1644687268299563009",
"1918928777754927575","Mon May 05 00:55:51 +0000 2025","233","Pemadam api khusus baterai EV","1919194293031362909","","el_jastip","in","","0","1","21","https://x.com/undefined/status/1919194293031362909","1644687268299563009",
"1918956000817590676","Sun May 04 12:35:28 +0000 2025","2","@TanyaMobilBase ev second dengan garansi baterai yg masih panjang. udh banyak di pasaran tinggal sort by price aja di web jual mobil","1919007972069646835","","TanyaMobilBase","in","","0","0","0","https://x.com/undefined/status/1919007972069646835","1075090106770309121",
"1918268037888692664","Sat May 03 12:32:51 +0000 2025","2","@5rick @tanyarlfes Pak Rosan mengatakan LG tak sepenuhnya cabut dari proyek rantai pasok baterai kendaraan listrik (EV) di Indonesia yg terbagi ke dalam 4 joint venture di mana LG sudah menyelesaikan JV 1 2 dan 3. ~ Utas https://t.co/GZcoTc9gv1","1918644926650392676","https://pbs.twimg.com/media/GqBlYx-aMAAYkmZ.jpg","5rick","in","","0","1","0","https://x.com/undefined/status/1918644926650392676","387021225",
"1918593047245529446","Sat May 03 09:06:42 +0000 2025","5","Hidrogen kini jadi sorotan sebagai alternatif energi transportasi untuk percepat dekarbonisasi dan capai Net Zero Emission 2060 mulai dari Blue Hydrogen (gas alam + CCS) hingga Green Hydrogen (elektrolisis air pakai surya/angin) bahkan dari limbah organik seperti kotoran https://t.co/VtycbRp3BN","1918593047245529446","https://pbs.twimg.com/media/GqA2M8qawAAy23b.jpg","","in","","0","1","0","https://x.com/undefined/status/1918593047245529446","759692754985242625",
"1918549835826725294","Sat May 03 06:15:00 +0000 2025","0","Mau tahu bagaimana Indonesia kembangkan teknologi baterai kendaraan listrik? Indonesia mulai memproduksi baterai kendaraan listrik pada 2024 didukung investasi besar dan hilirisasi nikel. Meskipun harga awal BEV lebih tinggi biaya operasional rendah dan insentif fiskal https://t.co/Wt0rgbbBan","1918549835826725294","https://pbs.twimg.com/media/Gp_xYMDawAA9xu5.jpg","","in","","0","0","0","https://x.com/undefined/status/1918549835826725294","759692754985242625",
"1918538555552358840","Sat May 03 05:50:57 +0000 2025","34","@txtfromIR Ini ulasan media Korea Selatan tentang penyebab LG mundur dari baterai EV karena faktor program MBG dan UU TNI yg udah disahkan bs menjadikan pemerintahan indonesia mengarah ke junta militer otoriter dan sewenang2 menimbulkan kekhawatiran resiko operasional untuk investor asing https://t.co/iaSOLBigzZ","1918543781625819168","https://pbs.twimg.com/media/GqAJZh0awAAMaxS.jpg","txtfromIR","in","","0","4","6","https://x.com/undefined/status/1918543781625819168","341267493",
"1917472800144777711","Thu May 01 03:51:28 +0000 2025","3","@OcnA_Yoyoyy @ayustarii Apple investasi disini dan akan buat pabrik disini. Graphic card zotac punya pabrik di madiun. Pabrik baterai EV ada di karawang. TKDN itu adalah usaha pemerintah kearah sana. Biar bukan Djarum doang yg gede dengan bayaran nyawa orang indonesia.","1917788939810922939","","OcnA_Yoyoyy","in","","0","1","0","https://x.com/undefined/status/1917788939810922939","171071880",
"1917578179600081382","Wed Apr 30 13:53:59 +0000 2025","1","We proudly present one of our panel discussion speaker Ibu Hafsah Halidah Perekayasa Ahli Muda Pusat Riset Konversi dan Konservasi Energi Badan Riset dan Inovasi Nasional. Beliau akan membagikan wawasan mengenai daya saing BEV di Indonesia pengembangan teknologi baterai https://t.co/wOimQ9eBLd","1917578179600081382","https://pbs.twimg.com/media/GpybHMVbQAA35ho.jpg","","in","","0","0","0","https://x.com/undefined/status/1917578179600081382","759692754985242625",
"1917496496272073107","Wed Apr 30 08:29:24 +0000 2025","14","Perusahaan asal China Huayou menggantikan perusahaan asal Korea Selatan LG Energy Solution sebagai leading konsorsium dalam proyek baterai kendaraan listrik (EV) berbasis nikel terintegrasi di Indonesia. Apa alasannya LG digantikan oleh Huayou? | Narasi Explains https://t.co/JsUZnotsAb","1917496496272073107","https://pbs.twimg.com/amplify_video_thumb/1917495544001486850/img/7I5ajADTvs6sLjl5.jpg","","in","","0","2","3","https://x.com/undefined/status/1917496496272073107","1158355819512991747",
"1917443803247698237","Wed Apr 30 05:00:01 +0000 2025","4","Bukan karena ekosistem investasi baterai EV menurun! Ketum APINDO Shinta Kamdani mengatakan batalnya investasi LG kuat dipengaruhi oleh perubahan strategi perusahaan menyusul tarif tinggi yang diterapkan Presiden AS Donald Trump. &gt;&gt; https://t.co/LwbqCSpyzi #LG #Investasi #EV https://t.co/kpxwJUL8iR","1917443803247698237","https://pbs.twimg.com/media/GptRnRHbQAADf0G.jpg","","in","","1","0","4","https://x.com/undefined/status/1917443803247698237","135795460",
"1817733627612172721","Wed Apr 30 00:16:47 +0000 2025","10","MOBIL TERLARIS DI DUNIA PADA 2024 BERDASARKAN MEREK Toyota tetap No. 1 Angka penjualan Toyota mencakup merek mewah Lexus. BYD diproyeksi melampaui FORD dan VW pada 2025. BYD dan umumnya NEV (kendaraan energi baru) China tidak tersedia di pasar AS krn tarif impor yg https://t.co/UAQvSWriWr","1917372523370668226","https://pbs.twimg.com/media/GpvgJeTagAArDr6.jpg","eddesign_","in","","0","2","2","https://x.com/undefined/status/1917372523370668226","325599485",
"1917250082367475850","Tue Apr 29 16:43:42 +0000 2025","3","Dampak ke Huayou: Akses ke cadangan nikel RI Posisi makin kuat di global supply chain baterai EV Dampak ke perusahaan lokal Tbk: INCO &amp; ANTM dapet berkah BRMS MDKA perlu lebih agile &amp; kolaboratif","1917258503896588720","","Georgioupoli","in","","1","1","1","https://x.com/undefined/status/1917258503896588720","1583082859845234688",
"1917250082367475850","Tue Apr 29 16:37:35 +0000 2025","4","Fun fact: Di proyek Pomalaa Ford Motor Company (Amerika) juga ikutan invest! Ford butuh nikel RI buat baterai EV mereka.","1917256963605553325","","Georgioupoli","in","","0","1","1","https://x.com/undefined/status/1917256963605553325","1583082859845234688",
"1917250082367475850","Tue Apr 29 16:32:35 +0000 2025","5","Tapi tetep dominasi geng China makin kuat di skena nikel &amp; EV Indonesia. Intinya Ekosistem baterai EV RI skrg didominasi pemain China. Huayou cuma salah satu dari banyak.","1917255704257445903","","Georgioupoli","in","","0","1","2","https://x.com/undefined/status/1917255704257445903","1583082859845234688",
"1917250082367475850","Tue Apr 29 16:29:55 +0000 2025","7","Intinya: China ga mau ketinggalan rebutan emas baru dunia = nikel &amp; baterai EV.","1917255033659527509","","Georgioupoli","in","","0","1","1","https://x.com/undefined/status/1917255033659527509","1583082859845234688",
"1917250082367475850","Tue Apr 29 16:11:35 +0000 2025","21","Visinya: Nikel -&gt; Olahan -&gt; Katoda -&gt; Sel Baterai -&gt; EV. Dari tambang sampe jalanan! RI pengen jadi Arab Saudi -nya EV","1917250418494804277","","Georgioupoli","in","","0","1","1","https://x.com/undefined/status/1917250418494804277","1583082859845234688",
"1917250082367475850","Tue Apr 29 16:10:15 +0000 2025","849","[MEGA THREAD] Update Drama Baterai EV Indonesia: LG Out Huayou In! 🇮🇩️ (Per 29 April 2025) Ini rangkuman lengkap soal drama Project Titan $9.8M pergantian LG ke Huayou. Geng ini penting buat masa depan EV Indonesia! Simak sampe abis! ","1917250082367475850","","","in","","15","19","180","https://x.com/undefined/status/1917250082367475850","1583082859845234688",
"1917220091734999197","Tue Apr 29 14:11:04 +0000 2025","48"," BATERAI NATRIUM-ION: MASA DEPAN KENDARAAN LISTRIK! Inovasi baterai garam (natrium-ion) bikin EV lebih murah &amp; ramah lingkungan! Dibuat dari garam laut yang melimpah lebih aman &amp; siklus hidup hingga 10.000 kali pengisian. CATL &amp; BYD pimpin revolusi ini! ️ Apa https://t.co/tfldqlt8qm","1917220091734999197","https://pbs.twimg.com/ext_tw_video_thumb/1917220034734407680/pu/img/OjoGtZeWid_A_bJ2.jpg","","in","","0","13","18","https://x.com/undefined/status/1917220091734999197","540629861",
"1917033032017711211","Tue Apr 29 01:47:46 +0000 2025","3","EV kalau menurut saya emang bukan masa depan kendaraan selama pembangkit listrik ga pakai clean energy dan bahan baku baterai dari energi tak terbarukan ya masalahnya hanya beralih mengalihkan emisi karbon dari kendaraan ke pembangkit dan bahan baku baterai.","1917033032017711211","","","in","","0","3","0","https://x.com/undefined/status/1917033032017711211","62033039",
"1916867346611999207","Mon Apr 28 14:49:23 +0000 2025","5","Dokumenter China s EV Shame mengungkap dampak buruk produksi nikel di Indonesia untuk baterai kendaraan listrik. Penambangan di Morowali dan Weda Bay mengabaikan aturan lingkungan dan keselamatan menyebabkan deforestasi polusi air dan udara serta kondisi kerja berbahaya.","1916867346611999207","","","in","","0","2","5","https://x.com/undefined/status/1916867346611999207","55300590",
"1916504579534975095","Mon Apr 28 13:38:02 +0000 2025","2","@Iknow_theydont @rgoestama Yg berkaitan dgn ev China itu sama aja kita beli sampah !!! Buat kalian yg sudah punya... Perhatikan kondisi baterai lakukan perawatan banyak info di YT mengenai ini. Cari bengkel yg bisa handle EV sudah banyak...","1916849389177643205","","lalapan_hijau","in","","0","1","0","https://x.com/undefined/status/1916849389177643205","561123447",
"1916843482775536066","Mon Apr 28 13:14:34 +0000 2025","5","LG Hengkang dari Proyek Baterai EV Prabowo Undang 19 Perusahaan Korea Selatan ke Istana https://t.co/TtoGE1uzdL","1916843482775536066","","","in","","0","0","2","https://x.com/undefined/status/1916843482775536066","71436318",
"1916768532156780841","Mon Apr 28 08:16:44 +0000 2025","0","Ketua APINDO Shinta Kamdani menegaskan ekosistem investasi baterai EV tetap kuat meski LG mundur. Simak pembahasannya: https://t.co/kkQK2GInlb","1916768532156780841","","","in","","0","0","0","https://x.com/undefined/status/1916768532156780841","69183155",
"1916768530294611981","Mon Apr 28 08:16:44 +0000 2025","1","Ketua APINDO Shinta Kamdani menegaskan ekosistem investasi baterai EV tetap kuat meski LG mundur. Simak pembahasannya: https://t.co/LnJ85DwSsp","1916768530294611981","","","in","","0","0","0","https://x.com/undefined/status/1916768530294611981","135795460",
"1916759035950612623","Mon Apr 28 07:39:00 +0000 2025","5"," LG (Korsel) hengkang dari project baterai EV. Sinyal kuat ada pressure kuat Cina (BRICS) dibalik ini. End nya perusahaan Cina masuk‼️ Jadi LG itu bukan hengkang tapi diusir pemerintah 🇮🇩. Cina untung tapi rakyat 🇮🇩 tetap berada diposisi yg paling rugi. VT warta.ekonomi https://t.co/oMbMnVH0zL","1916759035950612623","https://pbs.twimg.com/ext_tw_video_thumb/1916758994691203072/pu/img/pRLh23pTihtdLSkC.jpg","","in","","0","0","3","https://x.com/undefined/status/1916759035950612623","1254035776322453506",
"1916757063897878748","Mon Apr 28 07:31:10 +0000 2025","1","Ucapan Tak Terduga Bos APINDO Soal LG Batal Investasi Baterai EV di RI https://t.co/GV0DAoxng9","1916757063897878748","","","in","","0","0","0","https://x.com/undefined/status/1916757063897878748","847372542830444544",
"1916726445256085798","Mon Apr 28 05:29:30 +0000 2025","7","Di Indonesia keknya masih pada berharap nikel untuk baterai EV. Sementara di China sudah masuk ke baterai berbahan sodium alias garam. Meski masih belum bisa menyaingi litium tapi udah mendekati. Fast charging pula.","1916726445256085798","","","in","","0","2","0","https://x.com/undefined/status/1916726445256085798","18249099",
"1916692454272827506","Mon Apr 28 03:14:26 +0000 2025","0","Menteri Perindustrian Agus Gumiwang Kartasasmita menegaskan mundurnya LG Energy Solution dari proyek kendaraan listrik (EV) di Indonesia tidak perlu dikhawatirkan secara berlebihan. Posisi LG akan segera digantikan mitra baru asal China sehingga target pengembangan ekosistem https://t.co/1VsXJctt57","1916692454272827506","https://pbs.twimg.com/media/Gpl1oQJaYAAwNro.jpg","","in","","0","0","0","https://x.com/undefined/status/1916692454272827506","46693036",
"1916130694633558284","Sat Apr 26 14:02:23 +0000 2025","5","Pemerintah Indonesia memastikan proyek strategis baterai kendaraan listrik (EV) tetap berjalan meski tanpa keterlibatan LG. Konsorsium asal Korea Selatan itu resmi didepak dari kemitraan dan posisinya kini digantikan oleh perusahaan asal Tiongkok Huayou. Kenapa Huayou? Ya https://t.co/Y3QauhOirR","1916130740804419961","https://pbs.twimg.com/media/Gpd2u_vbEAkzTLa.jpg","CryptoWaveID","in","","0","0","0","https://x.com/undefined/status/1916130740804419961","1749374921577574400",
"1916130694633558284","Sat Apr 26 14:02:12 +0000 2025","27","Ternyata Pemerintah yang minta LG mundur dari proyek baterai EV Rp130 Triliun. https://t.co/8nSxeIGKZE","1916130694633558284","https://pbs.twimg.com/media/Gpd2tP6akAACL05.jpg","","in","","0","1","0","https://x.com/undefined/status/1916130694633558284","1749374921577574400",
"1916100049052045589","Sat Apr 26 12:00:32 +0000 2025","120","Jadi apakah perak bisa jadi alternatif buat nabung? YES kalau kamu: Mau logam mulia dengan harga lebih terjangkau Punya mindset jangka panjang Ingin diversifikasi selain emas Apalagi permintaan perak jg makin dibutuhkan buat industri solar panel EV baterai ","1916100075442340163","","txtfromkeuangan","in","","2","5","13","https://x.com/undefined/status/1916100075442340163","1590845630037229569",
"1916011338582884566","Sat Apr 26 06:08:49 +0000 2025","0","Sebelumnya LG dan Hyundai membangun pabrik sel baterai EV pertama di Indonesia yang telah diresmikan Presiden Joko Widodo pada Juli 2024 di Karawang Jawa Barat. Meski LG menarik diri dari proyek senilai Rp130 7 triliun karena perubahan tren industri dan permintaan global EV ","1916011566711099604","","GNFI","in","","0","0","0","https://x.com/undefined/status/1916011566711099604","39677695",
"1915946706967138378","Sat Apr 26 01:51:06 +0000 2025","5","APAKAH PENGGANTIAN PEMAIN DARI LG KE HUAYOU AKAN BERDAMPAK? Pergantian investor dari LG Energy Solution ke Huayou dalam proyek baterai kendaraan listrik Indonesia sepertinya tidak akan menghadapi kendala signifikan dalam jangka pendek mengingat Huayou telah menunjukkan minat","1915946706967138378","","","in","","0","1","2","https://x.com/undefined/status/1915946706967138378","1719885887662874624",
"1915924070295867706","Sat Apr 26 00:21:09 +0000 2025","2","Investor China (Huayou) Ambil Alih Proyek Baterai EV di RI Dari Korea Selatan (LG) #BateraiEV https://t.co/EUQDcZnv80","1915924070295867706","https://pbs.twimg.com/amplify_video_thumb/1915923560193032192/img/9aa2dZyST-qytwx9.jpg","","in","","0","250","11","https://x.com/undefined/status/1915924070295867706","734758892",
"1915923527951388826","Sat Apr 26 00:18:59 +0000 2025","0","Investor China (Huayou) Ambil Alih Proyek Baterai EV di RI Dari Korea Selatan (LG) #BateraiEV https://t.co/VuHu4t3tZ9","1915923527951388826","https://pbs.twimg.com/media/Gpa6SdTbEAAUJpe.jpg","","in","","0","245","5","https://x.com/undefined/status/1915923527951388826","734758892",
"1915763500506599764","Fri Apr 25 13:43:06 +0000 2025","3","Daftar Produsen Baterai EV di Indonesia Tak Masalah LG Mundur https://t.co/piMQX7qFIl","1915763500506599764","","","in","","0","0","1","https://x.com/undefined/status/1915763500506599764","17128975",
