conversation_id_str,created_at,favorite_count,full_text,id_str,image_url,in_reply_to_screen_name,lang,location,quote_count,reply_count,retweet_count,tweet_url,user_id_str,username,keyword
426688722973650944,Fri Jan 24 12:11:33 +0000 2014,7,Mahasiswa Jember Bikin Mobil Listrik http://t.co/mGY8gCYlHU via @detikoto,426688722973650944,,,in,,0,12,51,https://x.com/undefined/status/426688722973650944,69183155,,Mobil listrik
426687234150912001,Fri Jan 24 12:05:38 +0000 2014,4,Mahasiswa Jember Bikin Mobil Listrik http://t.co/KKiCOmkwzp via @detik_foto,426687234150912001,,,in,,0,4,35,https://x.com/undefined/status/426687234150912001,69183155,,Mobil listrik
426674652035825664,Fri Jan 24 11:15:38 +0000 2014,4,Mahasiswa Jember Bisa Bikin Mobil Listrik http://t.co/g3HCdFkT4C via @detikoto,426674652035825664,,,in,,0,8,68,https://x.com/undefined/status/426674652035825664,69183155,,Mobil listrik
426665784744476673,Fri Jan 24 10:40:24 +0000 2014,1,Mahasiswa Jember Bikin Mobil Listrik http://t.co/jWpJYLBYCh,426665784744476673,,,in,,0,0,8,https://x.com/undefined/status/426665784744476673,80543284,,Mobil listrik
426655859091853312,Fri Jan 24 10:00:58 +0000 2014,0,Mahasiswa Jember Bisa Bikin Mobil Listrik http://t.co/pzvjhuJBuX,426655859091853312,,,in,,0,0,3,https://x.com/undefined/status/426655859091853312,80543284,,Mobil listrik
426507146297999360,Fri Jan 24 00:10:02 +0000 2014,0,[OTO-News] Mobil Listrik LEAF Otonom Mampu Melaju Tanpa Sopir http://t.co/LIL8eJma4j,426507146297999360,,,in,,0,1,1,https://x.com/undefined/status/426507146297999360,47596019,,Mobil listrik
426177259024564224,Thu Jan 23 02:19:11 +0000 2014,4,Dokter Gigi Ini Pemilik Mobil Listrik Nissan ke 100.000 http://t.co/UYIvsTi3EX via @detikoto,426177259024564224,,,in,,0,0,16,https://x.com/undefined/status/426177259024564224,69183155,,Mobil listrik
426176832828743681,Thu Jan 23 02:17:29 +0000 2014,0,Dokter Gigi Ini Pemilik Mobil Listrik Nissan ke 100.000 http://t.co/8Gjyz8Gz2n,426176832828743681,,,in,,0,0,3,https://x.com/undefined/status/426176832828743681,80543284,,Mobil listrik
425969032039133185,Wed Jan 22 12:31:46 +0000 2014,4,Polling Kabar Hari Ini: Usaha Sewa Mobil Listrik http://t.co/QAHFgr9H9n,425969032039133185,,,in,,0,1,7,https://x.com/undefined/status/425969032039133185,55507370,,Mobil listrik
425888022278586368,Wed Jan 22 07:09:51 +0000 2014,1,Di Masa Depan Orang Terpaku dengan Mobil Listrik http://t.co/rwtvUqhwb2 via @detikoto,425888022278586368,,,in,,0,2,20,https://x.com/undefined/status/425888022278586368,69183155,,Mobil listrik
425878551393353728,Wed Jan 22 06:32:13 +0000 2014,0,Di Masa Depan Orang Terpaku dengan Mobil Listrik http://t.co/KnPzIL7112,425878551393353728,,,in,,0,0,4,https://x.com/undefined/status/425878551393353728,80543284,,Mobil listrik
425806838513147904,Wed Jan 22 01:47:16 +0000 2014,0,Stasiun Pengisian Kurang Pemilik Mobil Listrik Silicon Valley Marah http://t.co/JrMKR7rfZN,425806838513147904,,,in,,0,0,0,https://x.com/undefined/status/425806838513147904,79957943,,Mobil listrik
425067378108399616,Tue Jan 21 20:54:41 +0000 2014,0,@ricky_ruby Halo mas aku kebetulan kebetulan pengen tanya2 mengenai mobil listrik Selo. mungkin ada email? terima kasih :),425733208110415872,,,in,,0,0,0,https://x.com/undefined/status/425733208110415872,43922847,,Mobil listrik
425616706271068161,Tue Jan 21 13:11:45 +0000 2014,0,Stasiun Pengisian Kurang Pemilik Mobil Listrik Silicon Valley Marah http://t.co/jSYV9Pr6KH,425616706271068161,,,in,,0,0,0,https://x.com/undefined/status/425616706271068161,79957943,,Mobil listrik
425578452021174272,Tue Jan 21 10:39:44 +0000 2014,0,Stasiun Pengisian Kurang Pemilik Mobil Listrik Silicon Valley Marah http://t.co/RVXhT7d9fi,425578452021174272,,,in,,0,0,0,https://x.com/undefined/status/425578452021174272,79957943,,Mobil listrik
425558907663036416,Tue Jan 21 09:22:04 +0000 2014,0,Stasiun Pengisian Kurang Pemilik Mobil Listrik Silicon Valley Marah: Semakin banyaknya pemilik mobil listrik ... http://t.co/IkykTEaI2C,425558907663036416,,,in,,0,0,0,https://x.com/undefined/status/425558907663036416,79957943,,Mobil listrik
424505764242141184,Sat Jan 18 11:37:15 +0000 2014,0,OTOMOTIF TERPOPULER BMW Tunjukkan Mobil Konsep Listrik i5 http://t.co/HtnkjhBHPe via @tribunnews,424505764242141184,,,in,,0,0,6,https://x.com/undefined/status/424505764242141184,124171593,,Mobil listrik
424427676409937920,Sat Jan 18 06:26:58 +0000 2014,0,Balap Mobil Listrik Formula E Dimulai Tahun Ini http://t.co/RsZ9g29D8W,424427676409937920,,,in,,0,0,2,https://x.com/undefined/status/424427676409937920,22126902,,Mobil listrik
423989161805103104,Fri Jan 17 01:24:28 +0000 2014,4,Pabrikan Mobil Listrik Ini Mulai Rambah Negeri Tirai Bambu http://t.co/NjcuZjtSIK via @detikoto,423989161805103104,,,in,,0,0,23,https://x.com/undefined/status/423989161805103104,69183155,,Mobil listrik
423988771407675392,Fri Jan 17 01:22:55 +0000 2014,0,Pabrikan Mobil Listrik Ini Mulai Rambah Negeri Tirai Bambu http://t.co/91RdqK5u8j,423988771407675392,,,in,,0,0,4,https://x.com/undefined/status/423988771407675392,80543284,,Mobil listrik
423875923897614336,Thu Jan 16 17:54:30 +0000 2014,1,Tempat Pengisian Daya Belum Memadai Mobil Listrik Terhambat http://t.co/7ntPiCcRNS,423875923897614336,,,in,,0,0,1,https://x.com/undefined/status/423875923897614336,36904795,,Mobil listrik
423713837309632512,Thu Jan 16 07:10:25 +0000 2014,4,Artis Hollywood Tengah Keranjingan Mobil Listrik Ini http://t.co/qdG52wFclF via @detikoto,423713837309632512,,,in,,0,1,11,https://x.com/undefined/status/423713837309632512,69183155,,Mobil listrik
423701689325998080,Thu Jan 16 06:22:09 +0000 2014,0,Artis Hollywood Tengah Keranjingan Mobil Listrik Ini http://t.co/6NT8rJMUm3,423701689325998080,,,in,,0,0,2,https://x.com/undefined/status/423701689325998080,80543284,,Mobil listrik
423437463194177536,Wed Jan 15 12:52:12 +0000 2014,0,Mobil gue Xenia tapi di dalemnya ada meja kecil buat gambar2. Selalu sedia kertas &amp; pensil warna plus lampu LED colok ke listrik.,423437463194177536,,,in,,0,0,0,https://x.com/undefined/status/423437463194177536,79943743,,Mobil listrik
423436699356889088,Wed Jan 15 12:49:10 +0000 2014,0,Krn macetnya Jakarta mobil gue dimodif jadi karavan mini. Semua ada termasuk colokan listrik 220volt.,423436699356889088,,,in,,0,0,0,https://x.com/undefined/status/423436699356889088,79943743,,Mobil listrik
423333370232573952,Wed Jan 15 05:58:35 +0000 2014,1,Seperti apa mobil listrik tanpa pengemudi yg dipamerkan di pameran elektronik konsumen internasional di AS? Ikuti #KompasSiang saat ini,423333370232573952,,,in,,0,0,5,https://x.com/undefined/status/423333370232573952,71436318,,Mobil listrik
423318156644724736,Wed Jan 15 04:58:08 +0000 2014,1,Seperti apa mobil listrik tanpa pengemudi yg dipamerkan di pameran elektronik konsumen internasional di AS? Ikuti #KompasSiang pkl 12.00 WIB,423318156644724736,,,in,,0,1,3,https://x.com/undefined/status/423318156644724736,71436318,,Mobil listrik
423285092492902401,Wed Jan 15 02:46:44 +0000 2014,0,VW: Kami Butuh Mobil Listrik http://t.co/6Z0oKYbC9z,423285092492902401,,,in,,0,0,2,https://x.com/undefined/status/423285092492902401,80543284,,Mobil listrik
423285009856737281,Wed Jan 15 02:46:25 +0000 2014,6,VW: Kami Butuh Mobil Listrik http://t.co/ANKRYtAfTc via @detikoto,423285009856737281,,,in,,0,0,13,https://x.com/undefined/status/423285009856737281,69183155,,Mobil listrik
421974439052337152,Sat Jan 11 12:53:55 +0000 2014,0,@RadioElshinta Info Kebakaran sdh padamkan 1 rmh terbakar 14unit mobil DPK jakpus diduga arus pendek listrik kerugian masih dlm pendataan,421988342335410177,,RadioElshinta,in,,0,0,1,https://x.com/undefined/status/421988342335410177,460021303,,Mobil listrik
421982979078889472,Sat Jan 11 12:53:15 +0000 2014,0,@RescueHippindo_ Info Kebakaran sdh padamkan 1 rmh terbakar 14unit mobil DPK jakpus diduga arus pendek listrik kerugian masih dlm pendataan,421988174399668224,,RescueHippindo_,in,,0,0,0,https://x.com/undefined/status/421988174399668224,460021303,,Mobil listrik
421988104669364224,Sat Jan 11 12:52:58 +0000 2014,0,@infokebakaran_Info Kebakaran sdh padamkan 1 rmh terbakar 14unit mobil DPK jakpus diduga arus pendek listrik kerugian masih dlm pendataan.,421988104669364224,,,in,,0,0,0,https://x.com/undefined/status/421988104669364224,460021303,,Mobil listrik
421983944016273408,Sat Jan 11 12:52:38 +0000 2014,0,@Husin_Rescue Info Kebakaran sdh padamkan 1 rmh terbakar 14 unit mobil DPK jakpus diduga arus pendek listrik kerugian masih dlm pendataan.,421988017541111808,,Husin_Rescue,in,,0,0,0,https://x.com/undefined/status/421988017541111808,460021303,,Mobil listrik
421825375719538690,Sat Jan 11 02:06:21 +0000 2014,1,Tempat Pengisian Daya Belum Memadai Mobil Listrik Terhambat http://t.co/7ntPiCcRNS,421825375719538690,,,in,,0,0,1,https://x.com/undefined/status/421825375719538690,36904795,,Mobil listrik
420496376137388032,Tue Jan 07 10:05:23 +0000 2014,1,Samsung Galaxy Gear Bisa Dipakai untuk Ngecek Baterai Mobil Listrik http://t.co/1OMXjTVGqr via @detikoto,420496376137388032,,,in,,0,4,61,https://x.com/undefined/status/420496376137388032,69183155,,Mobil listrik
420495600736403456,Tue Jan 07 10:02:18 +0000 2014,1,Samsung Galaxy Gear Bisa Dipakai untuk Ngecek Baterai Mobil Listrik http://t.co/GZ0teYdHPB,420495600736403456,,,in,,0,0,8,https://x.com/undefined/status/420495600736403456,80543284,,Mobil listrik
420472466419380224,Tue Jan 07 08:30:22 +0000 2014,0,Mobil Listrik dengan Kecepatan 225 Km/Jam Dipamerkan di Las Vegas http://t.co/xHXPlLrIGH,420472466419380224,,,in,,0,0,0,https://x.com/undefined/status/420472466419380224,124390203,,Mobil listrik
420463872869666816,Tue Jan 07 08:12:34 +0000 2014,0,#lalin #laka 14:56 | @JogjaShalat: R.road sltn timur jl.Bantul ada mobil ketiban tiang listrik http://t.co/ze7GTPgLGA *cc: @Korlantas,420467984390295552,https://pbs.twimg.com/media/BdXJqhwIAAAZSCH.jpg,JogjaShalat,in,,0,2,5,https://x.com/undefined/status/420467984390295552,106780531,,Mobil listrik
420461668670259201,Tue Jan 07 07:47:28 +0000 2014,0,#lalinYK tiang listrik roboh menimpa sebuah mobil pikup pengangkut kelapa lokasi ringroad selatan @ithasiiteung http://t.co/9qxijvYbe8,420461668670259201,https://pbs.twimg.com/media/BdXHLK1CAAATDyF.jpg,,in,,0,1,16,https://x.com/undefined/status/420461668670259201,537556372,,Mobil listrik
420460403823345664,Tue Jan 07 07:42:26 +0000 2014,0,Mobil Listrik dengan Kecepatan 225 Km/Jam Dipamerkan di Las Vegas - http://t.co/Mmw2u4MANo @portalkbr,420460403823345664,,,in,,0,0,0,https://x.com/undefined/status/420460403823345664,124390203,,Mobil listrik
419684802317385730,Sun Jan 05 04:20:28 +0000 2014,0,Kilas Sejarah 5 Januari 2013 - Menteri BUMN Dahlan Iskan mengalami kecelakaan saat melakukan uji coba purwarupa mobil listrik Tucuxi.,419684802317385730,,,in,,0,1,0,https://x.com/undefined/status/419684802317385730,2256063276,,Mobil listrik
419645976542863360,Sun Jan 05 01:46:12 +0000 2014,0,Dengan memakai mobil listrik penggunaan bahan bakar tak terbarukan yang sudah mulai menipis seperti bensin dan solar dapat dihemat :),419645976542863360,,,in,,0,0,1,https://x.com/undefined/status/419645976542863360,74914639,,Mobil listrik
419645221580705792,Sun Jan 05 01:43:12 +0000 2014,0,2. Mobil listrik. Krn jarak tempuh mobil mencapai 450 km dlm sekali pengisian baterai mobil ini mulai dilirik. Sayang Indonesia blm ada :(,419645221580705792,,,in,,0,0,1,https://x.com/undefined/status/419645221580705792,74914639,,Mobil listrik
419338048745115648,Sat Jan 04 05:22:36 +0000 2014,4,Beli Mobil VW Listrik Dapat Pinjaman Mobil Bensin http://t.co/9OuV0ig2l5 via @detikoto,419338048745115648,,,in,,0,1,23,https://x.com/undefined/status/419338048745115648,69183155,,Mobil listrik
419335914242859008,Sat Jan 04 05:14:07 +0000 2014,1,Beli Mobil VW Listrik Dapat Pinjaman Mobil Bensin http://t.co/aqEnDCKO89,419335914242859008,,,in,,0,0,4,https://x.com/undefined/status/419335914242859008,80543284,,Mobil listrik
419183871364583424,Fri Jan 03 19:09:57 +0000 2014,0,Honda MC-β untuk Uji Respons Kendaraan Komuter Listrik: PRLM - Honda dianggap bukan pembuat mobil t... http://t.co/xoHLrLzCB3,419183871364583424,,,in,,0,0,0,https://x.com/undefined/status/419183871364583424,58880688,,Mobil listrik
418575982472085504,Thu Jan 02 02:54:25 +0000 2014,1,GM Akuisisi Pabrikan Mobil Listrik Ini? http://t.co/34BjhJtG4t,418575982472085504,,,in,,0,0,3,https://x.com/undefined/status/418575982472085504,80543284,,Mobil listrik
418575102171566081,Thu Jan 02 02:50:55 +0000 2014,4,GM Akuisisi Pabrikan Mobil Listrik Ini? http://t.co/Dh5gJfa3Ox via @detikoto,418575102171566081,,,in,,0,0,12,https://x.com/undefined/status/418575102171566081,69183155,,Mobil listrik
418335802808995841,Wed Jan 01 11:00:02 +0000 2014,0,Jatuh bangun mobil listrik anak buah Dahlan http://t.co/3PpXmxqHa1 #Riil,418335802808995841,,,in,,0,0,0,https://x.com/undefined/status/418335802808995841,456426648,,Mobil listrik
417999155013746688,Tue Dec 31 12:42:19 +0000 2013,2,Sewa Mobil Listrik di Vending Machine Terbesar http://t.co/1lPonLruUq via @detikoto,417999155013746688,,,in,,0,0,8,https://x.com/undefined/status/417999155013746688,69183155,,Mobil listrik
417998414857527296,Tue Dec 31 12:39:22 +0000 2013,1,Sewa Mobil Listrik di Vending Machine Terbesar http://t.co/zWg67tsA5F,417998414857527296,,,in,,0,0,4,https://x.com/undefined/status/417998414857527296,80543284,,Mobil listrik
417934031536148481,Tue Dec 31 08:23:32 +0000 2013,1,Kado Natal dan Tahun Baru Anne Hathaway Mobil Listrik Imut http://t.co/jbjjfDvmy9,417934031536148481,,,in,,0,0,4,https://x.com/undefined/status/417934031536148481,80543284,,Mobil listrik
417933432681799680,Tue Dec 31 08:21:09 +0000 2013,4,Kado Natal dan Tahun Baru Anne Hathaway Mobil Listrik Imut http://t.co/o7q3QPsqEz,417933432681799680,,,in,,0,2,15,https://x.com/undefined/status/417933432681799680,69183155,,Mobil listrik
417861992716570624,Tue Dec 31 03:37:17 +0000 2013,0,15. Des 2013 http://t.co/m3loTc1ljq PKB dukung program percepatan pengembangan mobil listrik di Indonesia @nuryasin164 #kaleidoskopSikapPKB,417861992716570624,,,in,,0,0,1,https://x.com/undefined/status/417861992716570624,748953283,,Mobil listrik
417861756170403840,Tue Dec 31 03:36:20 +0000 2013,0,14. Jan 2013 http://t.co/JfiXwq1bFN PKB sesalkan Menteri BUMN DI abai/langgar peraturan saat coba mobil listrik Tucuxi di jalan umum.,417861756170403840,,,in,,0,0,1,https://x.com/undefined/status/417861756170403840,748953283,,Mobil listrik
417822433165332480,Tue Dec 31 01:00:05 +0000 2013,0,07.59: Kabel listrik terbakar akibat pohon tumbang di depan 7-Eleven Jln Tendean Jaksel sdh ada 1 mobil pemadam kebakaran | (P. Dwi),417822433165332480,,,in,,0,1,3,https://x.com/undefined/status/417822433165332480,121640063,,Mobil listrik
417573117007917056,Mon Dec 30 08:29:23 +0000 2013,2,Fenomena Mobil Listrik di 2013 http://t.co/n7qGkDL7z0 via @detikfinance,417573117007917056,,,in,,0,1,21,https://x.com/undefined/status/417573117007917056,69183155,,Mobil listrik
417550301327945728,Mon Dec 30 06:58:44 +0000 2013,0,Fenomena Mobil Listrik di 2013 http://t.co/NP09JR5wth,417550301327945728,,,in,,0,1,3,https://x.com/undefined/status/417550301327945728,135795460,,Mobil listrik
417349301115699200,Sun Dec 29 17:40:02 +0000 2013,0,Samsung akan produksi mobil listrik? http://t.co/KX22p2DZhC #It,417349301115699200,,,in,,0,1,0,https://x.com/undefined/status/417349301115699200,456426648,,Mobil listrik
416525684391956480,Fri Dec 27 11:07:16 +0000 2013,2,Harga Mobil Listrik Bekas Dimasa Depan Bakal Anjlok http://t.co/tTRlOiKzHA via @detikoto,416525684391956480,,,in,,0,1,19,https://x.com/undefined/status/416525684391956480,69183155,,Mobil listrik
416517158743449602,Fri Dec 27 10:33:23 +0000 2013,1,Harga Mobil Listrik Bekas Dimasa Depan Bakal Anjlok http://t.co/Gc4duwUnPD,416517158743449602,,,in,,0,0,1,https://x.com/undefined/status/416517158743449602,80543284,,Mobil listrik
416335523569868800,Thu Dec 26 22:31:38 +0000 2013,0,http://t.co/Ph251w0E2u Ada Mobil Listrik Mitsubishi di JIExpo Kemayoran: Ada yang menarik d... http://t.co/1kPWn2DSkR Local Breaking News,416335523569868800,,,in,,0,0,0,https://x.com/undefined/status/416335523569868800,80885324,,Mobil listrik
416334216968675329,Thu Dec 26 22:26:27 +0000 2013,0,Ada Mobil Listrik Mitsubishi di JIExpo Kemayoran http://t.co/jg08qZFeem via @tribunnews,416334216968675329,,,in,,0,0,6,https://x.com/undefined/status/416334216968675329,124171593,,Mobil listrik
416324303076868097,Thu Dec 26 21:47:03 +0000 2013,0,04.45: Mobil Pajero Sport warna hitam menabrak tiang listrik di jln.Boulevard Barat Kelapa Gading #Jkt sdh ada petugas. | (P. Bambang),416324303076868097,,,in,,0,1,1,https://x.com/undefined/status/416324303076868097,121640063,,Mobil listrik
415343163650228224,Tue Dec 24 04:48:21 +0000 2013,0,Mobil Listrik Yang Eksis Sepanjang 2013 http://t.co/wCHHXrCq6q *ada UB juga lho* :),415343163650228224,,,in,,0,0,3,https://x.com/undefined/status/415343163650228224,440969307,,Mobil listrik
415324544337862656,Tue Dec 24 03:34:22 +0000 2013,0,Mobil Listrik untuk Menristek Sudah Pakai Pelat Nomor. http://t.co/orAj5iFtOP,415324544337862656,,,in,,0,0,1,https://x.com/undefined/status/415324544337862656,220151003,,Mobil listrik
415307873350987776,Tue Dec 24 02:28:07 +0000 2013,0,Cerita peneliti LIPI kembangkan mobil listrik contek Timor. http://t.co/y9iqy2R3ca,415307873350987776,,,in,,0,0,1,https://x.com/undefined/status/415307873350987776,220151003,,Mobil listrik
415127187012845568,Mon Dec 23 14:30:08 +0000 2013,1,Soal Mobil Listrik Menristek Tak Banyak Nuntut http://t.co/j3uNLpBv5Y via @detikoto,415127187012845568,,,in,,0,0,10,https://x.com/undefined/status/415127187012845568,69183155,,Mobil listrik
415126183160737793,Mon Dec 23 14:26:09 +0000 2013,0,Soal Mobil Listrik Menristek Tak Banyak Nuntut http://t.co/gGgSwuzugM,415126183160737793,,,in,,0,0,2,https://x.com/undefined/status/415126183160737793,80543284,,Mobil listrik
415091932189036545,Mon Dec 23 12:10:03 +0000 2013,0,Apa yang Bakal Dilakukan Jika Mobil Listrik Menristek Ini Diproduksi? http://t.co/NRO5fKeTx3 via @detikoto,415091932189036545,,,in,,0,4,17,https://x.com/undefined/status/415091932189036545,69183155,,Mobil listrik
415085426433486848,Mon Dec 23 11:44:12 +0000 2013,0,Apa yang Bakal Dilakukan Jika Mobil Listrik Menristek Ini Diproduksi? http://t.co/idX9F6Kxrx,415085426433486848,,,in,,0,0,3,https://x.com/undefined/status/415085426433486848,80543284,,Mobil listrik
415053725451816960,Mon Dec 23 09:38:14 +0000 2013,3,Mobil Listrik Menristek 2 Level Lagi Menuju Sempurna http://t.co/3Sdyi7jpfN via @detikoto,415053725451816960,,,in,,0,1,23,https://x.com/undefined/status/415053725451816960,69183155,,Mobil listrik
415050998457978881,Mon Dec 23 09:27:23 +0000 2013,2,Mobil Listrik Ciputat Takkan Menandingi Mobil Listrik Dahlan http://t.co/WzMMrpKEj7 via @detikoto,415050998457978881,,,in,,0,2,26,https://x.com/undefined/status/415050998457978881,69183155,,Mobil listrik
415048646971781120,Mon Dec 23 09:18:03 +0000 2013,0,Mobil Listrik Menristek 2 Level Lagi Menuju Sempurna http://t.co/8FHqCpsCXb,415048646971781120,,,in,,0,0,2,https://x.com/undefined/status/415048646971781120,80543284,,Mobil listrik
415047371374862336,Mon Dec 23 09:12:59 +0000 2013,0,Jalan panjang menuju era mobil listrik http://t.co/OWOkGJqBGZ,415047371374862336,,,in,,0,0,1,https://x.com/undefined/status/415047371374862336,18071520,,Mobil listrik
415045907768303617,Mon Dec 23 09:07:10 +0000 2013,0,Mobil Listrik Ciputat Takkan Menandingi Mobil Listrik Dahlan http://t.co/EyaaCHWbjs,415045907768303617,,,in,,0,0,1,https://x.com/undefined/status/415045907768303617,80543284,,Mobil listrik
415031902597181440,Mon Dec 23 08:11:31 +0000 2013,6,Mobil Listrik Asal Ciputat Mulai Dipromosikan Awal 2014 http://t.co/8QlbDnaBRl via @detikoto,415031902597181440,,,in,,0,3,43,https://x.com/undefined/status/415031902597181440,69183155,,Mobil listrik
415029150559133696,Mon Dec 23 08:00:35 +0000 2013,1,Mobil Listrik untuk Menristek Sudah Pakai Pelat Nomor http://t.co/NuMddc70KE via @detikoto,415029150559133696,,,in,,0,1,15,https://x.com/undefined/status/415029150559133696,69183155,,Mobil listrik
415028123961290752,Mon Dec 23 07:56:30 +0000 2013,0,Mobil Listrik Asal Ciputat Mulai Dipromosikan Awal 2014 http://t.co/9SEzimB1m6,415028123961290752,,,in,,0,0,6,https://x.com/undefined/status/415028123961290752,80543284,,Mobil listrik
415023881917698048,Mon Dec 23 07:39:38 +0000 2013,0,Mobil Listrik untuk Menristek Sudah Pakai Pelat Nomor http://t.co/uRJvxcJLBK,415023881917698048,,,in,,0,0,0,https://x.com/undefined/status/415023881917698048,80543284,,Mobil listrik
415015588134535169,Mon Dec 23 07:06:41 +0000 2013,4,Mengintip Kehebatan 4 Mobil Listrik Nasional http://t.co/YCm4reYiSI via @detikoto,415015588134535169,,,in,,0,1,24,https://x.com/undefined/status/415015588134535169,69183155,,Mobil listrik
415008825612062720,Mon Dec 23 06:39:49 +0000 2013,0,Mengintip Kehebatan 4 Mobil Listrik Nasional http://t.co/tKXDlkQk8e,415008825612062720,,,in,,0,0,5,https://x.com/undefined/status/415008825612062720,80543284,,Mobil listrik
415007415508029441,Mon Dec 23 06:34:12 +0000 2013,1,Mobil Listrik Ciputat Belum Ada Power Steering http://t.co/ims7F1yLzB via @detikoto,415007415508029441,,,in,,0,0,21,https://x.com/undefined/status/415007415508029441,69183155,,Mobil listrik
415006065013440512,Mon Dec 23 06:28:50 +0000 2013,0,Mobil Listrik Ciputat Belum Ada Power Steering http://t.co/YmDJwm6ooR,415006065013440512,,,in,,0,1,6,https://x.com/undefined/status/415006065013440512,80543284,,Mobil listrik
415000285681963008,Mon Dec 23 06:05:53 +0000 2013,0,http://t.co/wZ6oKK3TLj Jurus pemerintah dan swasta atasi masalah mobil listrik nasional #Uang,415000285681963008,,,in,,0,0,1,https://x.com/undefined/status/415000285681963008,456426648,,Mobil listrik
414984592181829633,Mon Dec 23 05:03:31 +0000 2013,0,Jd Ingat Mobil Listrik Nabrak @medyudhapradja: @iskan_dahlan ga ada mslah dg kelakuan Bupati Ngada blokir bandara http://t.co/8kSHykNtmO ,414984592181829633,,,in,,0,7,2,https://x.com/undefined/status/414984592181829633,46651600,,Mobil listrik
414930870735089665,Mon Dec 23 01:30:03 +0000 2013,0,Jurus pemerintah dan swasta atasi masalah mobil listrik nasional http://t.co/wZ6oKK3TLj #Riil,414930870735089665,,,in,,0,0,1,https://x.com/undefined/status/414930870735089665,456426648,,Mobil listrik
414759741269635072,Sun Dec 22 14:10:02 +0000 2013,0,Pemerintah mimpi mobil listrik Indonesia kalahkan China http://t.co/ZpFfG8IouA #Riil,414759741269635072,,,in,,0,0,0,https://x.com/undefined/status/414759741269635072,456426648,,Mobil listrik
414743379256160256,Sun Dec 22 13:05:01 +0000 2013,0,BSN ingin Indonesia jadi kiblat standar mobil listrik dunia http://t.co/qf3F8ytBRf #Riil,414743379256160256,,,in,,0,1,0,https://x.com/undefined/status/414743379256160256,456426648,,Mobil listrik
414714436847280128,Sun Dec 22 11:10:01 +0000 2013,1,Cerita peneliti LIPI kembangkan mobil listrik contek Timor http://t.co/yRb2Iif7rb #Riil,414714436847280128,,,in,,0,0,3,https://x.com/undefined/status/414714436847280128,456426648,,Mobil listrik
414701856925839360,Sun Dec 22 10:20:02 +0000 2013,2,Dengan mobil listrik Bandung - Sukabumi cuma Rp 37.000 http://t.co/SBcAjQ7jva #Energi,414701856925839360,,,in,,0,0,0,https://x.com/undefined/status/414701856925839360,456426648,,Mobil listrik
414662848409636864,Sun Dec 22 07:45:01 +0000 2013,0,Berikut usaha Tim Putra Petir sempurnakan mobil listrik Dahlan http://t.co/cjnH9EbpKR #Riil,414662848409636864,,,in,,0,0,0,https://x.com/undefined/status/414662848409636864,456426648,,Mobil listrik
414659002446778368,Sun Dec 22 07:29:44 +0000 2013,2,Menristek: Mobil Listrik Bisa Kurangi Biaya Berobat http://t.co/eNIcDmk3yJ via @detikoto,414659002446778368,,,in,,0,0,16,https://x.com/undefined/status/414659002446778368,69183155,,Mobil listrik
414657092444626944,Sun Dec 22 07:22:09 +0000 2013,0,Menristek: Mobil Listrik Bisa Kurangi Biaya Berobat http://t.co/v9j6p2kans,414657092444626944,,,in,,0,0,3,https://x.com/undefined/status/414657092444626944,80543284,,Mobil listrik
414653699999293440,Sun Dec 22 07:08:40 +0000 2013,3,Kapan Mobil Listrik Diproduksi di Indonesia? http://t.co/sUugc54alv via @detikoto,414653699999293440,,,in,,0,5,23,https://x.com/undefined/status/414653699999293440,69183155,,Mobil listrik
414651755087933440,Sun Dec 22 07:00:56 +0000 2013,0,Kapan Mobil Listrik Diproduksi di Indonesia? http://t.co/Gnr3fVrP2i,414651755087933440,,,in,,0,2,3,https://x.com/undefined/status/414651755087933440,80543284,,Mobil listrik
414630133467586561,Sun Dec 22 05:35:01 +0000 2013,1,Uji coba mobil listrik http://t.co/UgLAMY0WPP #Publik,414630133467586561,,,in,,0,0,0,https://x.com/undefined/status/414630133467586561,456426648,,Mobil listrik
414627119084220416,Sun Dec 22 05:23:03 +0000 2013,6,Mobil Listrik Buatan Depok Jadi Perhatian http://t.co/iX2Um3rHiC via @detikoto,414627119084220416,,,in,,0,3,76,https://x.com/undefined/status/414627119084220416,69183155,,Mobil listrik
414625109618339840,Sun Dec 22 05:15:04 +0000 2013,2,Mobil Listrik Buatan Depok Jadi Perhatian http://t.co/LMdAM4RYF0,414625109618339840,,,in,,0,3,11,https://x.com/undefined/status/414625109618339840,80543284,,Mobil listrik
414625097303867392,Sun Dec 22 05:15:01 +0000 2013,1,SBY lengser baru mobil listrik nasional bisa produksi massal http://t.co/s4J7rF2zU8 #Riil,414625097303867392,,,in,,0,0,1,https://x.com/undefined/status/414625097303867392,456426648,,Mobil listrik
414621846105903104,Sun Dec 22 05:02:06 +0000 2013,2,Mobil Listrik Kapan Ada STNK-nya? http://t.co/lrpbB5Ce19 via @detikoto,414621846105903104,,,in,,0,4,22,https://x.com/undefined/status/414621846105903104,69183155,,Mobil listrik
414621095145136129,Sun Dec 22 04:59:07 +0000 2013,1,Mobil Listrik Kapan Ada STNK-nya? http://t.co/FkmbuYsvQs,414621095145136129,,,in,,0,1,6,https://x.com/undefined/status/414621095145136129,80543284,,Mobil listrik
414619186543857665,Sun Dec 22 04:51:31 +0000 2013,4,Demi Mobil Listrik Menristek Rela Hujan-hujanan http://t.co/C998I9lH2c via @detikoto,414619186543857665,,,in,,0,3,18,https://x.com/undefined/status/414619186543857665,69183155,,Mobil listrik
414617165069709314,Sun Dec 22 04:43:30 +0000 2013,0,Demi Mobil Listrik Menristek Rela Hujan-hujanan http://t.co/J3RtdHcaXr,414617165069709314,,,in,,0,0,5,https://x.com/undefined/status/414617165069709314,80543284,,Mobil listrik
414616555498909696,Sun Dec 22 04:41:04 +0000 2013,6,Menristek: Kami Ingin Mobil Listrik Semakin Dikenal Masyarakat http://t.co/wmts0yFyDP via @detikoto,414616555498909696,,,in,,0,3,34,https://x.com/undefined/status/414616555498909696,69183155,,Mobil listrik
414615807327354881,Sun Dec 22 04:38:06 +0000 2013,0,Menristek: Kami Ingin Mobil Listrik Semakin Dikenal Masyarakat http://t.co/zLi0qm7RLo,414615807327354881,,,in,,0,1,6,https://x.com/undefined/status/414615807327354881,80543284,,Mobil listrik
414599932612718592,Sun Dec 22 03:35:01 +0000 2013,1,Mobil listrik Dahlan mejeng di pesta rakyat Kemenristek http://t.co/UVI2iOeY6w #Riil,414599932612718592,,,in,,0,1,0,https://x.com/undefined/status/414599932612718592,456426648,,Mobil listrik
414301274557784064,Sat Dec 21 07:48:15 +0000 2013,0,Kemenristek soal pengembangan mobil listrik http://t.co/4ADJDCVD8l,414301274557784064,,,in,,0,0,0,https://x.com/undefined/status/414301274557784064,18071520,,Mobil listrik
414259554289856512,Sat Dec 21 05:02:28 +0000 2013,3,Kisah China Beri Subsidi Rakyatnya yang Beli Mobil Listrik http://t.co/jLSKsL9ZeL via @detikfinance,414259554289856512,,,in,,0,1,19,https://x.com/undefined/status/414259554289856512,69183155,,Mobil listrik
414258881523486720,Sat Dec 21 04:59:48 +0000 2013,0,Kisah China Beri Subsidi Rakyatnya yang Beli Mobil Listrik http://t.co/lcIpZWPiFQ,414258881523486720,,,in,,0,0,5,https://x.com/undefined/status/414258881523486720,135795460,,Mobil listrik
413598334901710849,Thu Dec 19 09:15:01 +0000 2013,3,Di Negara Ini Pajak untuk Mobil Listrik Dimurahkan http://t.co/YDPgZFyY45 via @detikoto,413598334901710849,,,in,,0,3,12,https://x.com/undefined/status/413598334901710849,69183155,,Mobil listrik
413575854640230400,Thu Dec 19 07:45:42 +0000 2013,0,Di Negara Ini Pajak untuk Mobil Listrik Dimurahkan http://t.co/R2aWRbxdno,413575854640230400,,,in,,0,0,4,https://x.com/undefined/status/413575854640230400,80543284,,Mobil listrik
413222713243615233,Wed Dec 18 08:22:26 +0000 2013,0,Mobil Listrik Lincah Dan Aman http://t.co/leBAthvijQ via @mytranstweet,413222713243615233,,,in,,0,0,3,https://x.com/undefined/status/413222713243615233,383665845,,Mobil listrik
412898146092462080,Tue Dec 17 10:52:43 +0000 2013,0,Tempat Pengisian Daya Belum Memadai Mobil Listrik Terhambat http://t.co/7ntPiCcRNS,412898146092462080,,,in,,0,1,0,https://x.com/undefined/status/412898146092462080,36904795,,Mobil listrik
412804527369109504,Tue Dec 17 04:40:43 +0000 2013,0,Nanoteknologi bisa tingkatkan efisiensi baterai mobil listrik http://t.co/zgbO9ZLwqI,412804527369109504,,,in,,0,0,0,https://x.com/undefined/status/412804527369109504,262026799,,Mobil listrik
412598102260850688,Mon Dec 16 15:00:27 +0000 2013,2,Pabrik Baterai Lithium Untuk Mobil Listrik Dibangun 2014 http://t.co/4QaZG3ljph,412598102260850688,,,in,,0,0,2,https://x.com/undefined/status/412598102260850688,118646322,,Mobil listrik
412517510169108480,Mon Dec 16 09:40:13 +0000 2013,1,Nanoteknologi Bisa Tingkatkan Efisiensi Baterai Mobil Listrik http://t.co/dRVHjAblDJ,412517510169108480,,,in,,0,0,3,https://x.com/undefined/status/412517510169108480,22126902,,Mobil listrik
412442953823440896,Mon Dec 16 04:43:57 +0000 2013,1,Mobil listrik juga hiasi Stadion Naypyitaw http://t.co/m6rZhfQ6yH,412442953823440896,,,in,,0,0,2,https://x.com/undefined/status/412442953823440896,18071520,,Mobil listrik
411574055930585088,Fri Dec 13 19:11:16 +0000 2013,3,Mobil Listrik Lincah Dan Aman http://t.co/Q7D4sh9bAA via @mytranstweet,411574055930585088,,,in,,0,1,29,https://x.com/undefined/status/411574055930585088,69183155,,Mobil listrik
411421586018037760,Fri Dec 13 09:05:24 +0000 2013,0,9. Kabel jumper. Mobil mendadak mati karena aki tekor solusinya pakai kabel jumper untuk meminjam listrik dari mobil lain. #daihatsutips,411421586018037760,,,in,,0,0,0,https://x.com/undefined/status/411421586018037760,86864472,,Mobil listrik
411385920659537920,Fri Dec 13 06:43:41 +0000 2013,0,Ini keuntungan lebih dari penggunaan mobil listrik http://t.co/9z86ocaJUk,411385920659537920,,,in,,0,1,5,https://x.com/undefined/status/411385920659537920,18071520,,Mobil listrik
410784917727887361,Wed Dec 11 14:55:31 +0000 2013,0,Harapan Presiden Mobil Listrik Diproduksi Massal Mulai 2017 http://t.co/yLMLvrGEoi,410784917727887361,,,in,,0,0,0,https://x.com/undefined/status/410784917727887361,115936810,,Mobil listrik
410755858838978560,Wed Dec 11 13:00:02 +0000 2013,0,Presiden ingin mobil listrik mulai diproduksi 2017 http://t.co/H4gDuzCpn8,410755858838978560,,,in,,0,1,0,https://x.com/undefined/status/410755858838978560,43799886,,Mobil listrik
410754994468450304,Wed Dec 11 12:56:36 +0000 2013,0,Kemenristek Kawal Pengembangan Teknologi Mobil Listrik http://t.co/VQUJjLCXqc,410754994468450304,,,in,,0,0,5,https://x.com/undefined/status/410754994468450304,41730943,,Mobil listrik
410745789778886656,Wed Dec 11 12:20:02 +0000 2013,0,Menristek targetkan 2017 mobil listrik lokal diproduksi massal http://t.co/ZOYwoXZM7x #Riil,410745789778886656,,,in,,0,0,0,https://x.com/undefined/status/410745789778886656,456426648,,Mobil listrik
410739604988248064,Wed Dec 11 11:55:27 +0000 2013,1,Kemenristek Kawal Pengembangan Teknologi Mobil Listrik http://t.co/VQUJjLCXqc,410739604988248064,,,in,,0,0,0,https://x.com/undefined/status/410739604988248064,41730943,,Mobil listrik
410691441665404928,Wed Dec 11 08:44:04 +0000 2013,0,15.41: 1.Kecelakaan tunggal mobil menabrak tiang listrik di sebelum Pasar tanah Merah Bangkalan arah Sampang.... http://t.co/uiieGQviFl,410691441665404928,,,in,,0,0,0,https://x.com/undefined/status/410691441665404928,848614550,,Mobil listrik
410666290852798464,Wed Dec 11 07:04:08 +0000 2013,0,3 Mobil Listrik Lakukan Uji Coba http://t.co/FW92uAG7Ma via @detik_tv,410666290852798464,,,in,,0,2,8,https://x.com/undefined/status/410666290852798464,69183155,,Mobil listrik
410664606785236992,Wed Dec 11 06:57:26 +0000 2013,0,Setelah ini Wideshot masuk ke segmen Public Corner Pendukung mobil listrik Selengkapnya di @wideshotmetrotv,410664606785236992,,,in,,0,2,2,https://x.com/undefined/status/410664606785236992,410168661,,Mobil listrik
410636588108873728,Wed Dec 11 05:06:06 +0000 2013,4,3 Mobil Listrik Lakukan Uji Coba http://t.co/C8g5b6dcvt via @detikoto,410636588108873728,,,in,,0,0,22,https://x.com/undefined/status/410636588108873728,69183155,,Mobil listrik
410576491248771073,Wed Dec 11 01:07:18 +0000 2013,0,3 Mobil Listrik Lakukan Uji Coba http://t.co/ZQsJs5M2Ji,410576491248771073,,,in,,0,0,4,https://x.com/undefined/status/410576491248771073,80543284,,Mobil listrik
410562092157374465,Wed Dec 11 00:10:05 +0000 2013,0,2016 Pemkot Surabaya merencanakan untuk menggunakan mobil listrik karya anak negeri sebagai mobil dinas.,410562092157374465,,,in,,0,0,3,https://x.com/undefined/status/410562092157374465,68657632,,Mobil listrik
410333214041853952,Tue Dec 10 09:00:36 +0000 2013,0,100.000 Orang Antre Test Drive Mobil Listrik BMW http://t.co/Rlel0TLoED,410333214041853952,,,da,,0,0,6,https://x.com/undefined/status/410333214041853952,80543284,,Mobil listrik
410307429843226624,Tue Dec 10 07:18:09 +0000 2013,1,Surabaya Tertarik Gunakan Mobil Listrik buat Dinas http://t.co/ezaIBaecw4 via @tempodotco,410307429843226624,,,in,,0,0,3,https://x.com/undefined/status/410307429843226624,18129942,,Mobil listrik
410295538139930624,Tue Dec 10 06:30:53 +0000 2013,0,Nasional - Surabaya Tertarik Gunakan Mobil Listrik buat Dinas http://t.co/MMRuKsH5Xb,410295538139930624,,,in,,0,0,0,https://x.com/undefined/status/410295538139930624,88352716,,Mobil listrik
410294537647845377,Tue Dec 10 06:26:55 +0000 2013,4,Mulai 2016 seluruh mobil dinas Pemkot Surabaya akan memakai mobil listrik karya anak negeri. Smg lancar http://t.co/BUixfUMuCx,410294537647845377,,,in,,0,4,104,https://x.com/undefined/status/410294537647845377,39677695,,Mobil listrik
410290328214589440,Tue Dec 10 06:10:11 +0000 2013,0,Surabaya Tertarik Gunakan Mobil Listrik buat Dinas http://t.co/ezaIBaecw4 via @tempodotco,410290328214589440,,,in,,0,0,1,https://x.com/undefined/status/410290328214589440,18129942,,Mobil listrik
410276958182723584,Tue Dec 10 05:17:04 +0000 2013,0,DiCaprio ikut balap mobil listrik: Leonardo DiCaprio akan bergabung dalam sebuah tim yang berlaga di kejuaraan... http://t.co/uRKkOafBBc,410276958182723584,,,in,,0,0,2,https://x.com/undefined/status/410276958182723584,23772644,,Mobil listrik
410265193898205184,Tue Dec 10 04:30:19 +0000 2013,0,http://t.co/Ph251w0E2u DiCaprio ikut balap mobil listrik: Leonardo DiCaprio akan bergabung ... http://t.co/gxUZ40wbG2 Local Breaking News,410265193898205184,,,in,,0,0,0,https://x.com/undefined/status/410265193898205184,80885324,,Mobil listrik
410222466871488512,Tue Dec 10 01:40:32 +0000 2013,1,Biaya operasional mobil listrik per 1 kilometer hanya 0 20 persen. Efisiensi penggunaan energi 28 persen. http://t.co/7ntPiCcRNS,410222466871488512,,,in,,0,0,5,https://x.com/undefined/status/410222466871488512,36904795,,Mobil listrik
410221208504762368,Tue Dec 10 01:35:32 +0000 2013,0,Tempat Pengisian Daya Belum Memadai Mobil Listrik Terhambat. http://t.co/7ntPiCcRNS,410221208504762368,,,in,,0,0,3,https://x.com/undefined/status/410221208504762368,36904795,,Mobil listrik
410192406844153856,Mon Dec 09 23:41:05 +0000 2013,1,Pagi2 mau denger berita yg mana:Tim Robot Mahasiswa Indonesia Britney Spears Pensiun jd Penyanyi? 2016 mobil listrik utk dinas #MUSE #GMHR,410192406844153856,,,in,,0,2,0,https://x.com/undefined/status/410192406844153856,60817022,,Mobil listrik
410058755070390272,Mon Dec 09 14:50:00 +0000 2013,0,Pertamina Beli 6 Unit Mobil Listrik Made in Depok http://t.co/7GGF5DLsfV,410058755070390272,,,in,,0,0,7,https://x.com/undefined/status/410058755070390272,80543284,,Mobil listrik
410017248003510272,Mon Dec 09 12:05:04 +0000 2013,2,Tiga Prototipe Mobil Listrik Karya Indonesia Diuji Coba http://t.co/VeemDTiajY http://t.co/DCRBTysiYa,410017248003510272,,,in,,0,0,13,https://x.com/undefined/status/410017248003510272,47596019,,Mobil listrik
410008553227710466,Mon Dec 09 11:30:31 +0000 2013,0,Kemenristek optimistis mobil listrik kendaraan massal 2017 http://t.co/1qMSCNJJmR,410008553227710466,,,in,,0,0,0,https://x.com/undefined/status/410008553227710466,262026799,,Mobil listrik
410005979108212736,Mon Dec 09 11:20:17 +0000 2013,1,2014 Mobil Listrik Mitsubishi i-Miev Akan Didiskon Besar-besaran http://t.co/IqPziZc6hm,410005979108212736,,,in,,0,3,1,https://x.com/undefined/status/410005979108212736,124044327,,Mobil listrik
409998156550533120,Mon Dec 09 10:49:12 +0000 2013,0,Kemenristek: teknologi baterai mobil listrik terus berkembang http://t.co/bLHV2rgtN6,409998156550533120,,,in,,0,0,2,https://x.com/undefined/status/409998156550533120,18071520,,Mobil listrik
409994592985944064,Mon Dec 09 10:35:02 +0000 2013,0,Teknologi Baterai Mobil Listrik Terus Berkembang http://t.co/c9CQEoUpWY,409994592985944064,,,in,,0,0,1,https://x.com/undefined/status/409994592985944064,22126902,,Mobil listrik
409990596946718720,Mon Dec 09 10:19:10 +0000 2013,1,Numpang Ngecas Mobil Listrik Pemilik Dipenjara http://t.co/aMddXj7Ifo,409990596946718720,,,in,,0,0,4,https://x.com/undefined/status/409990596946718720,80543284,,Mobil listrik
409955587468713985,Mon Dec 09 08:00:03 +0000 2013,0,Kemenristek Optimistis Mobil Listrik Kendaraan Massal 2017 http://t.co/tJqaNzM9kp,409955587468713985,,,in,,0,0,1,https://x.com/undefined/status/409955587468713985,22126902,,Mobil listrik
409951600875024384,Mon Dec 09 07:44:12 +0000 2013,0,Target produksi massal mobil listrik Indonesia 2017 http://t.co/499soalFNY,409951600875024384,,,in,,0,0,0,https://x.com/undefined/status/409951600875024384,18071520,,Mobil listrik
409941682390450176,Mon Dec 09 07:04:48 +0000 2013,0,Tiga Mobil Listrik Diuji Coba di Surabaya http://t.co/5lHJhZk8z3,409941682390450176,,,in,,0,0,0,https://x.com/undefined/status/409941682390450176,22126902,,Mobil listrik
409937014406905856,Mon Dec 09 06:46:15 +0000 2013,0,Program Mobil Listrik Seperti Misi Surabaya Mewujudkan Green City http://t.co/xgZniYCT7k,409937014406905856,,,in,,0,0,1,https://x.com/undefined/status/409937014406905856,214835683,,Mobil listrik
409933164027465728,Mon Dec 09 06:30:57 +0000 2013,0,Mobil Listrik Jelajahi Jalan Kota Surabaya http://t.co/O9Hlv8D72q,409933164027465728,,,in,,0,0,9,https://x.com/undefined/status/409933164027465728,57261519,,Mobil listrik
409910165727477760,Mon Dec 09 04:59:33 +0000 2013,0,Pertamina Beli 6 Unit Mobil Listrik Mirip 'Alphard' Buatan Depok http://t.co/rQwzJ3DQRy,409910165727477760,,,in,,0,0,4,https://x.com/undefined/status/409910165727477760,135795460,,Mobil listrik
409905371755466756,Mon Dec 09 04:40:30 +0000 2013,0,Mobil listrik Selo dan Ahmadi diperkenalkan di Surabaya http://t.co/YMfA8R4S0o,409905371755466756,,,in,,0,0,0,https://x.com/undefined/status/409905371755466756,262026799,,Mobil listrik
409905049574187009,Mon Dec 09 04:39:14 +0000 2013,0,Mobil listrik diujicoba di jalan-jalan Surabaya http://t.co/4VG3wF30vu,409905049574187009,,,in,,0,0,0,https://x.com/undefined/status/409905049574187009,18071520,,Mobil listrik
409839356887584768,Mon Dec 09 00:18:11 +0000 2013,8,Pameran Mobil Listrik Karya Anak Negeri http://t.co/J3zggVQxMz via @detik_tv,409839356887584768,,,in,,0,0,51,https://x.com/undefined/status/409839356887584768,69183155,,Mobil listrik
409838707718381568,Mon Dec 09 00:15:37 +0000 2013,0,Pameran Mobil Listrik Karya Anak Negeri http://t.co/rvZJeitdkm,409838707718381568,,,in,,0,0,0,https://x.com/undefined/status/409838707718381568,619583595,,Mobil listrik
409838651276034048,Mon Dec 09 00:15:23 +0000 2013,0,Pameran Mobil Listrik Karya Anak Negeri http://t.co/aF28UqqCQI,409838651276034048,,,in,,0,0,2,https://x.com/undefined/status/409838651276034048,80543284,,Mobil listrik
409838569436372993,Mon Dec 09 00:15:04 +0000 2013,4,Pameran Mobil Listrik Karya Anak Negeri http://t.co/GJtHgz9zoL via @detikoto,409838569436372993,,,in,,0,4,37,https://x.com/undefined/status/409838569436372993,69183155,,Mobil listrik
409791127387004929,Sun Dec 08 21:06:32 +0000 2013,0,MOBIL LISTRIK SELO DIPAMERKAN http://t.co/zqc7yVyQ9h,409791127387004929,,,in,,0,0,0,https://x.com/undefined/status/409791127387004929,118371948,,Mobil listrik
409663024224403457,Sun Dec 08 12:37:30 +0000 2013,0,Otomotif - Buthan Bakal Pakai Mobil Listrik buat Taksi http://t.co/DBDBcJjGoW,409663024224403457,,,in,,0,0,1,https://x.com/undefined/status/409663024224403457,88352716,,Mobil listrik
409647499876392960,Sun Dec 08 11:35:49 +0000 2013,1,Buthan Bakal Pakai Mobil Listrik buat Taksi http://t.co/B0iCYHyVjQ,409647499876392960,,,in,,0,0,1,https://x.com/undefined/status/409647499876392960,18129942,,Mobil listrik
409619371481239553,Sun Dec 08 09:44:03 +0000 2013,0,Mobil Listrik Selo dan Ahmadi Diperkenalkan di Surabaya http://t.co/2sGylToe58,409619371481239553,,,in,,0,0,3,https://x.com/undefined/status/409619371481239553,22126902,,Mobil listrik
409608348175446016,Sun Dec 08 09:00:15 +0000 2013,1,Kekurangan utama mobil listrik buatan Indonesia ialah pada sistem baterai. http://t.co/W018rkbgku #InfoSby,409608348175446016,,,in,,0,0,4,https://x.com/undefined/status/409608348175446016,100712680,,Mobil listrik
409604201270882304,Sun Dec 08 08:43:46 +0000 2013,4,Mobil Listrik Selo dan Ahmadi Pamer Diri http://t.co/uo1xQljAxa,409604201270882304,,,in,,0,2,9,https://x.com/undefined/status/409604201270882304,57261519,,Mobil listrik
409589709006848000,Sun Dec 08 07:46:11 +0000 2013,0,FOTO: Mobil Listrik Nasional Dipamerkan di Car Free Day Surabaya http://t.co/t8Cx1X3nlx,409589709006848000,,,in,,0,0,0,https://x.com/undefined/status/409589709006848000,18129942,,Mobil listrik
409585715094495232,Sun Dec 08 07:30:18 +0000 2013,0,#HCNews Mobil Listrik Selo dan Ahmadi Pamer Diri http://t.co/gGOTuZ8JJx,409585715094495232,,,in,,0,0,1,https://x.com/undefined/status/409585715094495232,157223980,,Mobil listrik
409540172179464193,Sun Dec 08 04:29:20 +0000 2013,0,Mobil listrik Selo dan Ahmadi pamer diri http://t.co/h66t56uFtw,409540172179464193,,,in,,0,0,3,https://x.com/undefined/status/409540172179464193,18071520,,Mobil listrik
409506232324870144,Sun Dec 08 02:14:28 +0000 2013,0,Dua mobil listrik karya anak bangsa dipajang di Raya Darmo. (odp-fk)... http://t.co/633YRXkSDE,409506232324870144,,,in,,0,0,3,https://x.com/undefined/status/409506232324870144,848614550,,Mobil listrik
409485654515781632,Sun Dec 08 00:52:42 +0000 2013,33,Keren ya RT @PenyiarPagi: Hei Dunia..Indonesia punya ini! SELO Mobil Listrik Indonesia @ristekgaul http://t.co/wZNcckjdHt,409485654515781632,https://pbs.twimg.com/media/Ba6_3-9CcAA3ok_.jpg,,in,,0,16,256,https://x.com/undefined/status/409485654515781632,39677695,,Mobil listrik
409315357011091456,Sat Dec 07 13:36:00 +0000 2013,0,Kendaraan listrik antara lain Sedan Hevina Electrik Bus Executive Mobile Meeting Kijang Konversi Listrik dan Mobil Sport yang menarik!,409315357011091456,,,in,,0,0,2,https://x.com/undefined/status/409315357011091456,143634855,,Mobil listrik
409315110704775169,Sat Dec 07 13:35:01 +0000 2013,0,Mari dukung terus pengembangan riset mobil listrik Indonesia demi ketahanan energi kita! Hidupkan karya ank bangsa!,409315110704775169,,,in,,0,0,2,https://x.com/undefined/status/409315110704775169,143634855,,Mobil listrik
409306685610946560,Sat Dec 07 13:01:33 +0000 2013,2,2017 Indonesia Produksi Massal Mobil Listrik - http://t.co/ZP90KnWKn4,409306685610946560,,,in,,0,0,3,https://x.com/undefined/status/409306685610946560,59055175,,Mobil listrik
409290345168396288,Sat Dec 07 11:56:37 +0000 2013,7,Mobil Listrik Alternatif Cerdas Hemat Energi http://t.co/Qo0I3QUJxI,409290345168396288,,,in,,0,6,22,https://x.com/undefined/status/409290345168396288,57261519,,Mobil listrik
409278732226920449,Sat Dec 07 11:10:28 +0000 2013,0,Mobil listrik alternatif cerdas hemat BBM http://t.co/LofA00sTe1,409278732226920449,,,in,,0,0,0,https://x.com/undefined/status/409278732226920449,262026799,,Mobil listrik
409246571352850432,Sat Dec 07 09:02:40 +0000 2013,0,Smartmobile *halah RT @PlasaMSN: Mobil listrik alternatif cerdas hemat BBM http://t.co/bxlzFDqpT9,409246571352850432,,,in,,0,0,0,https://x.com/undefined/status/409246571352850432,68331085,,Mobil listrik
409246017540718594,Sat Dec 07 09:00:28 +0000 2013,0,Mobil listrik alternatif cerdas hemat BBM http://t.co/LofA00sTe1,409246017540718594,,,in,,0,0,0,https://x.com/undefined/status/409246017540718594,262026799,,Mobil listrik
409240919440105472,Sat Dec 07 08:40:13 +0000 2013,0,2017 Indonesia Produksi Massal Mobil Listrik - http://t.co/ZP90KnWKn4,409240919440105472,,,in,,0,0,1,https://x.com/undefined/status/409240919440105472,59055175,,Mobil listrik
409233186393038849,Sat Dec 07 08:09:29 +0000 2013,0,Mobil Listrik Alternatif Cerdas Hemat Energi http://t.co/ddZWha1AT0,409233186393038849,,,in,,0,1,3,https://x.com/undefined/status/409233186393038849,68930552,,Mobil listrik
409221021476986880,Sat Dec 07 07:21:09 +0000 2013,1,Mobil Listrik Alternatif Cerdas Hemat BBM http://t.co/FvRrZIXWOG,409221021476986880,,,in,,0,1,1,https://x.com/undefined/status/409221021476986880,22126902,,Mobil listrik
409189521708683265,Sat Dec 07 05:15:59 +0000 2013,1,Mahasiswa di Belanda Berhasil Pecahkan Rekor Mobil Listrik http://t.co/vsHjOHNwXy,409189521708683265,,,in,,0,0,6,https://x.com/undefined/status/409189521708683265,80543284,,Mobil listrik
409189169236176897,Sat Dec 07 05:14:34 +0000 2013,4,Mahasiswa di Belanda Berhasil Pecahkan Rekor Mobil Listrik http://t.co/9q2ozmIycs via @detikoto,409189169236176897,,,in,,0,1,48,https://x.com/undefined/status/409189169236176897,69183155,,Mobil listrik
409162955432148992,Sat Dec 07 03:30:25 +0000 2013,1,Kota Surabaya akan dikunjungi mobil listrik buatan anak bangsa pada Minggu dan Senin 8-9 Desember 2013. http://t.co/NkeQcEtldR #InfoSby,409162955432148992,,,in,,0,0,13,https://x.com/undefined/status/409162955432148992,100712680,,Mobil listrik
408782312013193216,Fri Dec 06 02:17:52 +0000 2013,0,BERITA POPULER : Video Mesum Garut Hingga Mobil Listrik http://t.co/VFSxw2HQmp,408782312013193216,,,in,,0,0,0,https://x.com/undefined/status/408782312013193216,118371948,,Mobil listrik
408767857065852928,Fri Dec 06 01:20:26 +0000 2013,0,Wow Solo siap jadi daerah percontohan mobil listrik http://t.co/LPFl1Y6s0q,408767857065852928,,,in,,0,0,0,https://x.com/undefined/status/408767857065852928,262026799,,Mobil listrik
408633261208788992,Thu Dec 05 16:25:36 +0000 2013,0,Wah Harga Mobil Listrik Mitsubishi i-MiEV Turun Rp70 Jutaan http://t.co/6rA2Asnqml,408633261208788992,,,in,,0,0,1,https://x.com/undefined/status/408633261208788992,118646322,,Mobil listrik
408615500126502914,Thu Dec 05 15:15:01 +0000 2013,0,Pemerintah akan produksi massal mobil listrik pada 2017 http://t.co/UXjX2wBwEc #Peristiwa,408615500126502914,,,in,,0,0,0,https://x.com/undefined/status/408615500126502914,456426648,,Mobil listrik
408520336741650432,Thu Dec 05 08:56:52 +0000 2013,0,[Nasional] Menristek Mobil Listrik Mengurangi Dosa http://t.co/CCPrtJ1xm4,408520336741650432,,,in,,0,0,1,https://x.com/undefined/status/408520336741650432,58880688,,Mobil listrik
408472852858281984,Thu Dec 05 05:48:11 +0000 2013,1,Wow Solo Siap Jadi Daerah Percontohan Mobil Listrik http://t.co/cBGMWa9S23,408472852858281984,,,in,,0,0,11,https://x.com/undefined/status/408472852858281984,22126902,,Mobil listrik
408461734395904000,Thu Dec 05 05:04:00 +0000 2013,2,Mobil Listrik Mitsubishi Bakal Lebih Murah http://t.co/PY91XQClOU via @detikoto,408461734395904000,,,in,,0,0,19,https://x.com/undefined/status/408461734395904000,69183155,,Mobil listrik
408456947084431360,Thu Dec 05 04:44:59 +0000 2013,0,Mobil Listrik Mitsubishi Bakal Lebih Murah http://t.co/io9l7JhkBR,408456947084431360,,,in,,0,0,7,https://x.com/undefined/status/408456947084431360,80543284,,Mobil listrik
408410113607622656,Thu Dec 05 01:38:53 +0000 2013,3,Mobil Listrik UI Siap Meluncur 2014 http://t.co/wURw9obM20 via @detikoto,408410113607622656,,,in,,0,3,55,https://x.com/undefined/status/408410113607622656,69183155,,Mobil listrik
408407950592466944,Thu Dec 05 01:30:17 +0000 2013,1,Mobil Listrik UI Siap Meluncur 2014 http://t.co/OS6aOAPKdk,408407950592466944,,,in,,0,0,7,https://x.com/undefined/status/408407950592466944,80543284,,Mobil listrik
408294721170067456,Wed Dec 04 18:00:21 +0000 2013,0,MOBIL LISTRIK : UNS Kembangkan Baterai Untuk Mobnas http://t.co/01N30zxxqS,408294721170067456,,,in,,0,0,0,https://x.com/undefined/status/408294721170067456,118371948,,Mobil listrik
408294707639226370,Wed Dec 04 18:00:18 +0000 2013,0,MOBIL LISTRIK : UNS Kembangkan Baterai Untuk Mobnas http://t.co/LETiU96UJu,408294707639226370,,,in,,0,0,0,https://x.com/undefined/status/408294707639226370,118371948,,Mobil listrik
408168175755218945,Wed Dec 04 09:37:31 +0000 2013,0,Mitsubishi Banting Harga Mobil Listrik di AS http://t.co/FpZfMVRHmm,408168175755218945,,,in,,0,0,1,https://x.com/undefined/status/408168175755218945,118646322,,Mobil listrik
407792575509037057,Tue Dec 03 08:45:01 +0000 2013,0,BMW-Toyota lakukan langkah besar dalam teknologi mobil listrik http://t.co/2Zix9iQgik,407792575509037057,,,in,,0,0,0,https://x.com/undefined/status/407792575509037057,18071520,,Mobil listrik
407172502121504768,Sun Dec 01 15:41:04 +0000 2013,1,Mobil Listrik Dipamerkan di Jalan Dago http://t.co/tuSJZr3jGB #infotekno,407172502121504768,,,in,,0,0,2,https://x.com/undefined/status/407172502121504768,81567439,,Mobil listrik
407072288001896448,Sun Dec 01 09:02:51 +0000 2013,0,Tekno - Mobil Listrik Dipamerkan di Jalan Dago http://t.co/BWsbSfWmnO,407072288001896448,,,in,,0,0,2,https://x.com/undefined/status/407072288001896448,88352716,,Mobil listrik
407047500143394817,Sun Dec 01 07:24:21 +0000 2013,0,FOTO: LIPI Gelar Pameran Mobil Listrik http://t.co/SHZNXa7AsY,407047500143394817,,,in,,0,0,0,https://x.com/undefined/status/407047500143394817,18129942,,Mobil listrik
407043597620375552,Sun Dec 01 07:08:50 +0000 2013,0,Mobil Listrik Dipamerkan di Jalan Dago http://t.co/giZEkkyQnB,407043597620375552,,,in,,0,0,1,https://x.com/undefined/status/407043597620375552,18129942,,Mobil listrik
407042253283012609,Sun Dec 01 07:03:30 +0000 2013,0,FOTO: LIPI Gelar Pameran Mobil Listrik http://t.co/SHZNXa7AsY,407042253283012609,,,in,,0,0,3,https://x.com/undefined/status/407042253283012609,18129942,,Mobil listrik
407038182077632512,Sun Dec 01 06:47:19 +0000 2013,0,Mobil Listrik Dipamerkan di Jalan Dago http://t.co/zn6OGZOa0F #infotekno,407038182077632512,,,in,,0,0,5,https://x.com/undefined/status/407038182077632512,81567439,,Mobil listrik
407021089101840384,Sun Dec 01 05:39:24 +0000 2013,0,FOTO: LIPI Gelar Pameran Mobil Listrik http://t.co/SHZNXa7AsY,407021089101840384,,,in,,0,0,1,https://x.com/undefined/status/407021089101840384,18129942,,Mobil listrik
406936640675147776,Sun Dec 01 00:03:50 +0000 2013,0,MOBIL LISTRIK BUATAN PELAJAR - Sebuah mobil listrik dipamerkan dalam sebuah acara di kawasan Bintaro ... http://t.co/rVEOPgkr5f,406936640675147776,,,in,,0,0,0,https://x.com/undefined/status/406936640675147776,142305302,,Mobil listrik
406843377460604929,Sat Nov 30 17:53:14 +0000 2013,0,MOBIL LISTRIK BUATAN PELAJAR http://t.co/3Dh3q2vV5T,406843377460604929,,,in,,0,0,1,https://x.com/undefined/status/406843377460604929,118371948,,Mobil listrik
406724520397897728,Sat Nov 30 10:00:56 +0000 2013,0,Terus nu leuwih keren ieu mobil make tenaga listrik! Ramah lingkungan @ristekgaul,406724520397897728,,,in,,0,1,7,https://x.com/undefined/status/406724520397897728,141959891,,Mobil listrik
406545363927977984,Fri Nov 29 22:09:02 +0000 2013,0,05.08 Mobil menabrak tiang listrik. Di jalan raya RE MARTADINATA CIPUTAT sedang penanganan Petugas http://t.co/VL8V05POWw (@EGanangR),406545363927977984,,,in,,0,0,2,https://x.com/undefined/status/406545363927977984,130169009,,Mobil listrik
406541847574487041,Fri Nov 29 21:55:04 +0000 2013,4,04:30 Mobil menabrak tiang listrik. Di jalan raya RE MARTADINATA CIPUTAT sedang penanganan Petugas http://t.co/EIeyI5Itgy (@EGanangR),406541847574487041,,,in,,0,5,17,https://x.com/undefined/status/406541847574487041,76647722,,Mobil listrik
406476220621012993,Fri Nov 29 17:34:17 +0000 2013,6,Mobil Hidrogen Lebih Unggul Ketimbang Mobil Listrik http://t.co/aCn5aqyl7Q via @detik_tv,406476220621012993,,,in,,0,2,49,https://x.com/undefined/status/406476220621012993,69183155,,Mobil listrik
406304081183911937,Fri Nov 29 06:10:16 +0000 2013,2,Sekali Dicas Mobil Listrik Ini Bisa Menjangkau 1.300 Km http://t.co/nEnuVNFWev via @detikoto,406304081183911937,,,in,,0,1,31,https://x.com/undefined/status/406304081183911937,69183155,,Mobil listrik
406300736843051008,Fri Nov 29 05:56:59 +0000 2013,0,Sekali Dicas Mobil Listrik Ini Bisa Menjangkau 1.300 Km http://t.co/LL4h9JlGiS,406300736843051008,,,in,,0,0,2,https://x.com/undefined/status/406300736843051008,80543284,,Mobil listrik
406286325105426432,Fri Nov 29 04:59:43 +0000 2013,4,Halo @pln_123 ada tiang listrik di halaman rumah saya pas menghalangi jalan mobil. Bisa dipinggirkan?,406286325105426432,,,in,,3,12,4,https://x.com/undefined/status/406286325105426432,171721434,,Mobil listrik
405996747211538432,Thu Nov 28 09:49:02 +0000 2013,3,Mobil Taksi Listrik EVA Mengisi Ulang 15 Menit Menjelajah 200 Km http://t.co/7twjw39BnI,405996747211538432,,,in,,0,1,14,https://x.com/undefined/status/405996747211538432,57261519,,Mobil listrik
405976924666617856,Thu Nov 28 08:30:16 +0000 2013,0,Bandung pro-mobil listrik http://t.co/2W3k0og5me,405976924666617856,,,in,,0,0,0,https://x.com/undefined/status/405976924666617856,262026799,,Mobil listrik
405906053776154624,Thu Nov 28 03:48:39 +0000 2013,0,Pemkot Bandung Dukung Penyusunan Regulasi Pengoperasian Mobil Listrik untuk Segera Direalisasikan http://t.co/AlJNHM2JR1 #infoBDG,405906053776154624,,,in,,0,2,4,https://x.com/undefined/status/405906053776154624,101494663,,Mobil listrik
405893592746426368,Thu Nov 28 02:59:08 +0000 2013,0,Pemkot Bandung Dukung Regulasi Pengoperasian Mobil Listrik http://t.co/qJHjo2Ln0n,405893592746426368,,,in,,0,0,1,https://x.com/undefined/status/405893592746426368,22126902,,Mobil listrik
405883144928104448,Thu Nov 28 02:17:37 +0000 2013,0,Wali Kota Bandung Mendorong Pemerintah Untuk Menuntaskan Regulasi dan Izin Pengoperasian Mobil Listrik http://t.co/2HMt0pEHuk #infoBDG,405883144928104448,,,in,,0,0,11,https://x.com/undefined/status/405883144928104448,101494663,,Mobil listrik
405880525023236097,Thu Nov 28 02:07:12 +0000 2013,0,Bandung Pro-Mobil Listrik http://t.co/37L3stBNNx,405880525023236097,,,in,,0,0,0,https://x.com/undefined/status/405880525023236097,22126902,,Mobil listrik
405535582056484865,Wed Nov 27 03:16:31 +0000 2013,0,via @MARS_HMM ITB: Uji Coba Mobil Listrik Nasional dari Menristek. Hari ini diadakan FGD Kebijakan Mobil Listrik di Kementrian ESDM JKT.,405535582056484865,,,in,,0,0,4,https://x.com/undefined/status/405535582056484865,101494663,,Mobil listrik
405396273764646912,Tue Nov 26 18:02:58 +0000 2013,0,UJICOBA MOBIL LISTRIK http://t.co/5qWXDFJ8Gn,405396273764646912,,,in,,0,0,0,https://x.com/undefined/status/405396273764646912,118371948,,Mobil listrik
405356555547070464,Tue Nov 26 15:25:08 +0000 2013,0,FOTO: Menristek Uji Coba Mobil Listrik di Bandung http://t.co/RbEPeKMGGG,405356555547070464,,,in,,0,0,2,https://x.com/undefined/status/405356555547070464,18129942,,Mobil listrik
405312084017033216,Tue Nov 26 12:28:25 +0000 2013,0,Empat Tipe Mobil Listrik Diuji Coba di Bandung http://t.co/9c9WAsbPbw,405312084017033216,,,in,,0,0,0,https://x.com/undefined/status/405312084017033216,22126902,,Mobil listrik
405286947406360576,Tue Nov 26 10:48:32 +0000 2013,1,Menristek bersama Ridwan Kamil Uji Coba Mobil Listrik. http://t.co/2E0Ep6F19P #infoBDG,405286947406360576,,,in,,0,0,5,https://x.com/undefined/status/405286947406360576,101494663,,Mobil listrik
405282010144337920,Tue Nov 26 10:28:55 +0000 2013,3,Menristek: Mobil Listrik Harus Disempurnakan Baterainya http://t.co/l1O6xXJXhZ via @detikoto,405282010144337920,,,in,,0,2,16,https://x.com/undefined/status/405282010144337920,69183155,,Mobil listrik
405265523962691584,Tue Nov 26 09:23:25 +0000 2013,2,Menristek: Mobil Listrik Harus Disempurnakan Baterainya http://t.co/YyZxFcEnuj,405265523962691584,,,in,,0,0,3,https://x.com/undefined/status/405265523962691584,80543284,,Mobil listrik
405204116214779904,Tue Nov 26 05:19:24 +0000 2013,1,Menristek bersama Ridwan Kamil Uji Coba Mobil Listrik http://t.co/MOb6ilVrrK,405204116214779904,,,in,,0,0,5,https://x.com/undefined/status/405204116214779904,22126902,,Mobil listrik
405193943882543105,Tue Nov 26 04:38:59 +0000 2013,1,Menristek Keliling Bandung dengan Mobil Listrik http://t.co/GUrvvKfThV via @detikoto,405193943882543105,,,in,,0,0,15,https://x.com/undefined/status/405193943882543105,69183155,,Mobil listrik
405190044635258880,Tue Nov 26 04:23:29 +0000 2013,0,Menristek Keliling Bandung dengan Mobil Listrik http://t.co/8GzLGyDDNn,405190044635258880,,,in,,0,0,2,https://x.com/undefined/status/405190044635258880,80543284,,Mobil listrik
405185397061210112,Tue Nov 26 04:05:01 +0000 2013,1,Mobil listrik Selo jajal jalanan Bandung http://t.co/h6T1NKleBd #Peristiwa,405185397061210112,,,in,,0,0,0,https://x.com/undefined/status/405185397061210112,456426648,,Mobil listrik
405135526283317250,Tue Nov 26 00:46:51 +0000 2013,0,Baterai Mobil Listrik Gendhis Terbakar Ini Penjelasan Dahlan Iskan http://t.co/s7FvyD5t0E,405135526283317250,,,in,,0,0,0,https://x.com/undefined/status/405135526283317250,118646322,,Mobil listrik
405129848873443328,Tue Nov 26 00:24:17 +0000 2013,0,Mobil Listrik Dahlan Iskan Korsleting Gara-gara Digigit Tikus? http://t.co/uMKSrFlotA,405129848873443328,,,in,,0,0,3,https://x.com/undefined/status/405129848873443328,80543284,,Mobil listrik
405129677737451522,Tue Nov 26 00:23:36 +0000 2013,3,Mobil Listrik Dahlan Iskan Korsleting Gara-gara Digigit Tikus? http://t.co/chnJYn0jH2 via @detikoto,405129677737451522,,,in,,0,6,44,https://x.com/undefined/status/405129677737451522,69183155,,Mobil listrik
405008273964687360,Mon Nov 25 16:21:11 +0000 2013,0,Kata Kemenristek Ihwal Terbakarnya Mobil Listrik http://t.co/RX533eakmv,405008273964687360,,,in,,0,0,0,https://x.com/undefined/status/405008273964687360,18129942,,Mobil listrik
405006003638251520,Mon Nov 25 16:12:10 +0000 2013,0,Kata Kemenristek Ihwal Terbakarnya Mobil Listrik http://t.co/Y6PYsDRFNr #infotekno,405006003638251520,,,in,,0,0,0,https://x.com/undefined/status/405006003638251520,81567439,,Mobil listrik
404998634476810240,Mon Nov 25 15:42:53 +0000 2013,0,Tekno - Kata Kemenristek Soal Terbakarnya Mobil Listrik http://t.co/a5eC9QqPpz,404998634476810240,,,in,,0,0,1,https://x.com/undefined/status/404998634476810240,88352716,,Mobil listrik
404989103906639872,Mon Nov 25 15:05:01 +0000 2013,0,Dahlan: Kebakaran baterai mobil listrik persoalan sepele http://t.co/4MdsSDEYLe #Riil,404989103906639872,,,in,,0,1,0,https://x.com/undefined/status/404989103906639872,456426648,,Mobil listrik
404959456481394688,Mon Nov 25 13:07:12 +0000 2013,2,4 Mobil Listrik Bakal Dijajal di Bandung http://t.co/ekf3czz3ek via @detikoto,404959456481394688,,,in,,0,3,44,https://x.com/undefined/status/404959456481394688,69183155,,Mobil listrik
404954187919654912,Mon Nov 25 12:46:16 +0000 2013,1,4 Mobil Listrik Bakal Dijajal di Bandung http://t.co/xRxVYpIq0d,404954187919654912,,,in,,0,0,7,https://x.com/undefined/status/404954187919654912,80543284,,Mobil listrik
404952603529707522,Mon Nov 25 12:39:58 +0000 2013,0,[Otomotif] Kemenristek: Segera Wujudkan Mobil Listrik di Indonesia http://t.co/bErotJHCN8,404952603529707522,,,in,,0,1,2,https://x.com/undefined/status/404952603529707522,58880688,,Mobil listrik
404931491001401345,Mon Nov 25 11:16:05 +0000 2013,0,Dahlan minta kebakaran baterai mobil listrik jangan ditutupi http://t.co/murYRBS6PV,404931491001401345,,,in,,0,0,2,https://x.com/undefined/status/404931491001401345,18071520,,Mobil listrik
404924658228527104,Mon Nov 25 10:48:56 +0000 2013,2,Mobil Listrik Terbakar Dahlan Beber Penyebabnya http://t.co/YfhuRCdlJH,404924658228527104,,,in,,0,1,4,https://x.com/undefined/status/404924658228527104,41730943,,Mobil listrik
404923788728344576,Mon Nov 25 10:45:29 +0000 2013,0,Bisnis - Mobil Listrik Dahlan Terbakar Saat Diisi Baterai http://t.co/oHb4O3WKbY,404923788728344576,,,in,,0,1,1,https://x.com/undefined/status/404923788728344576,88352716,,Mobil listrik
404905534072971264,Mon Nov 25 09:32:56 +0000 2013,1,Baterai Mobil Listrik Terbakar Gendhis Tetap Aman http://t.co/GRYh1xZU2Z via @detikoto,404905534072971264,,,in,,0,0,11,https://x.com/undefined/status/404905534072971264,69183155,,Mobil listrik
404901576319315969,Mon Nov 25 09:17:13 +0000 2013,0,Baterai Mobil Listrik Terbakar Gendhis Tetap Aman http://t.co/P9yNPzqZdw,404901576319315969,,,in,,0,0,1,https://x.com/undefined/status/404901576319315969,80543284,,Mobil listrik
404892389539463168,Mon Nov 25 08:40:42 +0000 2013,0,Waduh Baterai Mobil Listrik 'Prototipe' Dahlan Iskan Terbakar http://t.co/GLXLgFhryh,404892389539463168,,,in,,0,0,1,https://x.com/undefined/status/404892389539463168,17588443,,Mobil listrik
404884275939397632,Mon Nov 25 08:08:28 +0000 2013,0,Baterai Mobil Listrik Gendhis Terbakar Dahlan: Ini Bagian Menuju Kesempurnaan http://t.co/8z1u2TXlIL,404884275939397632,,,in,,0,0,2,https://x.com/undefined/status/404884275939397632,135795460,,Mobil listrik
404883253414223873,Mon Nov 25 08:04:24 +0000 2013,0,Dahlan Iskan: Baterai Mobil Listrik Terbakar Bisa Buat Pembelajaran http://t.co/BaC7rOTCb1 via @detikoto,404883253414223873,,,in,,0,0,15,https://x.com/undefined/status/404883253414223873,69183155,,Mobil listrik
404882866057641984,Mon Nov 25 08:02:52 +0000 2013,1,[Otomotif] Mobil Listrik Dapat Saingan Mobil Sel Hidrogen http://t.co/BF1dnNLkQZ,404882866057641984,,,in,,0,0,1,https://x.com/undefined/status/404882866057641984,58880688,,Mobil listrik
404877893592829952,Mon Nov 25 07:43:06 +0000 2013,1,Kok Baterai Mobil Listrik Dahlan Bisa Terbakar? Ini Ceritanya http://t.co/dIzTIUrSO8,404877893592829952,,,in,,0,0,2,https://x.com/undefined/status/404877893592829952,135795460,,Mobil listrik
404877800009523200,Mon Nov 25 07:42:44 +0000 2013,0,Dahlan Iskan: Baterai Mobil Listrik Terbakar Bisa Buat Pembelajaran http://t.co/5UNIVFJAyl,404877800009523200,,,in,,0,0,0,https://x.com/undefined/status/404877800009523200,80543284,,Mobil listrik
404865434916110336,Mon Nov 25 06:53:36 +0000 2013,0,MOBIL LISTRIK TERBAKAR : Bengkel Membantah Tegaskan hanya Korsleting Biasa - http://t.co/K9Jdr30g2U,404865434916110336,,,in,,0,0,0,https://x.com/undefined/status/404865434916110336,118371948,,Mobil listrik
404839687325368320,Mon Nov 25 05:11:17 +0000 2013,5,Baterai Mobil Listrik Dahlan Iskan Terbakar http://t.co/MUF6Smadc0 via @detikoto,404839687325368320,,,in,,0,1,22,https://x.com/undefined/status/404839687325368320,69183155,,Mobil listrik
404827686557597696,Mon Nov 25 04:23:36 +0000 2013,0,Baterai Mobil Listrik Dahlan Iskan Terbakar http://t.co/Am44QUmMtM,404827686557597696,,,in,,0,0,4,https://x.com/undefined/status/404827686557597696,80543284,,Mobil listrik
404738332581572608,Sun Nov 24 22:28:32 +0000 2013,0,Ini Tanggapan Kupu-Kupu Malam Soal Terbakarnya Mobil Listrik Gendhis http://t.co/yjQPsUPTzZ,404738332581572608,,,in,,0,0,5,https://x.com/undefined/status/404738332581572608,593344156,,Mobil listrik
404738216432898049,Sun Nov 24 22:28:05 +0000 2013,0,Polisi Selidiki Kebakaran Mobil Listrik Gendhis http://t.co/kB2qjtDYfQ,404738216432898049,,,in,,0,0,3,https://x.com/undefined/status/404738216432898049,593344156,,Mobil listrik
404620095030566912,Sun Nov 24 14:38:42 +0000 2013,0,Ini Tanggapan Kupu-Kupu Malam Soal Terbakarnya Mobil Listrik Gendhis http://t.co/hB5keWAYR9,404620095030566912,,,in,,0,0,0,https://x.com/undefined/status/404620095030566912,223476605,,Mobil listrik
404601700238909440,Sun Nov 24 13:25:37 +0000 2013,0,MOBIL LISTRIK TERBAKAR : Sempat Diujicoba di UGM Mobil Gendhis Terbakar - http://t.co/CelzmZyRCz,404601700238909440,,,in,,0,1,3,https://x.com/undefined/status/404601700238909440,118371948,,Mobil listrik
404587437457817600,Sun Nov 24 12:28:56 +0000 2013,2,TERPOPULER OTOMOTIF - Mobil Listrik yang Pernah Tampil di KTT APEC Terbakar http://t.co/6BjQ9vUGQy,404587437457817600,,,in,,0,1,8,https://x.com/undefined/status/404587437457817600,41730943,,Mobil listrik
404567537813168128,Sun Nov 24 11:09:52 +0000 2013,0,[VIDEO] Mobil Listrik Gendhis Terbakar di Sleman http://t.co/p2lvYKLhwg,404567537813168128,,,in,,0,0,9,https://x.com/undefined/status/404567537813168128,593344156,,Mobil listrik
404546189967650816,Sun Nov 24 09:45:02 +0000 2013,0,Mobil listrik yang pernah dipamerkan di KTT APEC terbakar http://t.co/a2aNsotRVI #Peristiwa,404546189967650816,,,in,,0,0,0,https://x.com/undefined/status/404546189967650816,456426648,,Mobil listrik
404523930469154816,Sun Nov 24 08:16:35 +0000 2013,0,Video: Liputan6 Siang 24-11-2013 1 mobil listrik terbakar pesantren dibakar tabrak mobil status sinabung http://t.co/fg8wD6Bqyj,404523930469154816,,,in,,0,0,2,https://x.com/undefined/status/404523930469154816,47596019,,Mobil listrik
404519850749345793,Sun Nov 24 08:00:22 +0000 2013,0,Video: [VIDEO] Mobil Listrik Karya Anak Bangsa Terbakar di Sleman http://t.co/ZvjAfDfiXR,404519850749345793,,,in,,0,1,4,https://x.com/undefined/status/404519850749345793,47596019,,Mobil listrik
404509838576594944,Sun Nov 24 07:20:35 +0000 2013,1,[VIDEO] Mobil Listrik `Gendhis` Terbakar di Sleman http://t.co/QZdB6Q51aS,404509838576594944,,,in,,0,0,3,https://x.com/undefined/status/404509838576594944,47596019,,Mobil listrik
404449103611822081,Sun Nov 24 03:19:15 +0000 2013,0,Mobil Listrik Buatan Sleman Terbakar http://t.co/Um1QvRqa4X,404449103611822081,,,in,,0,1,5,https://x.com/undefined/status/404449103611822081,593344156,,Mobil listrik
404447522648641538,Sun Nov 24 03:12:58 +0000 2013,1,Mobil Listrik yang Pernah Tampil di KTT APEC Terbakar http://t.co/yAck26RNnO,404447522648641538,,,in,,0,0,4,https://x.com/undefined/status/404447522648641538,41730943,,Mobil listrik
404196644176285696,Sat Nov 23 10:36:04 +0000 2013,0,Mobil Listrik 'Lamborghini' Akan Dipajang di Jogja Kreatif ! http://t.co/vseSFxFfjQ,404196644176285696,,,in,,0,5,8,https://x.com/undefined/status/404196644176285696,223476605,,Mobil listrik
404075863504715776,Sat Nov 23 02:36:07 +0000 2013,0,UGM Kembangkan Teknologi Baterai Mobil Listrik http://t.co/BjkLcJAoJt,404075863504715776,,,in,,0,0,1,https://x.com/undefined/status/404075863504715776,411249982,,Mobil listrik
404071847957782529,Sat Nov 23 02:20:10 +0000 2013,0,UGM Kembangkan Teknologi Baterai Mobil Listrik http://t.co/Y5rEYT7sm1,404071847957782529,,,in,,0,0,1,https://x.com/undefined/status/404071847957782529,219527452,,Mobil listrik
404059815682400257,Sat Nov 23 01:32:21 +0000 2013,0,Komitmen Pemerintah Kembangkan Mobil Listrik Masih Dipertanyakan http://t.co/XUqoSlXnQ5,404059815682400257,,,in,,0,0,0,https://x.com/undefined/status/404059815682400257,219527452,,Mobil listrik
404044289618882560,Sat Nov 23 00:30:40 +0000 2013,0,Mengatasi masalah produksi massal mobil listrik nasional pd 2016 UGM fokuskan riset akan produksi baterai. #PaCaRan,404044289618882560,,,in,,0,0,3,https://x.com/undefined/status/404044289618882560,68657632,,Mobil listrik
403828470439882753,Fri Nov 22 10:13:04 +0000 2013,1,Menristek Puas Jajal Mobil Listrik Selo http://t.co/9C3pOYZa9M via @detikoto,403828470439882753,,,in,,0,0,4,https://x.com/undefined/status/403828470439882753,69183155,,Mobil listrik
403811860480159746,Fri Nov 22 09:07:04 +0000 2013,0,Menristek Coba Mobil Sport Listrik 'Selo' http://t.co/7Vk6x8jnWt,403811860480159746,,,in,,0,1,1,https://x.com/undefined/status/403811860480159746,22126902,,Mobil listrik
403802828080037888,Fri Nov 22 08:31:11 +0000 2013,0,Menristek Puas Jajal Mobil Listrik Selo http://t.co/OcjoYbeSyc,403802828080037888,,,in,,0,0,4,https://x.com/undefined/status/403802828080037888,80543284,,Mobil listrik
403800590326562816,Fri Nov 22 08:22:17 +0000 2013,0,Menristek Pamer Mobil Listrik http://t.co/0ZlOMTdpyg via @detikoto,403800590326562816,,,da,,0,2,18,https://x.com/undefined/status/403800590326562816,69183155,,Mobil listrik
403798621734199297,Fri Nov 22 08:14:28 +0000 2013,1,Menristek Pamer Mobil Listrik http://t.co/6rrNky346L via @detik_foto,403798621734199297,,,da,,0,1,13,https://x.com/undefined/status/403798621734199297,69183155,,Mobil listrik
403792582708187136,Fri Nov 22 07:50:28 +0000 2013,0,#beritaUGM UGM Kembangkan Teknologi Baterai Mobil Listrik http://t.co/8QVgx2t1bG,403792582708187136,,,in,,0,0,18,https://x.com/undefined/status/403792582708187136,151261945,,Mobil listrik
403785315074060288,Fri Nov 22 07:21:35 +0000 2013,0,Menristek Pamer Mobil Listrik http://t.co/LVZdMDoz5f,403785315074060288,,,da,,0,0,4,https://x.com/undefined/status/403785315074060288,80543284,,Mobil listrik
403784735240896512,Fri Nov 22 07:19:17 +0000 2013,0,FOTO: Menristek Jajal Mobil Listrik SELO http://t.co/FMeWsfEo1i,403784735240896512,,,in,,0,1,1,https://x.com/undefined/status/403784735240896512,18129942,,Mobil listrik
403773673883983872,Fri Nov 22 06:35:20 +0000 2013,0,Selo mobil listrik ala 'Lamborghini' karya anak bangsa Rp 1 5 M http://t.co/R6Uaj5oG0E #Peristiwa,403773673883983872,,,in,,0,0,1,https://x.com/undefined/status/403773673883983872,456426648,,Mobil listrik
403767306427187200,Fri Nov 22 06:10:02 +0000 2013,0,Jajal mobil listrik Selo Menristek minat produksi massal http://t.co/w5S94M72B8 #Peristiwa,403767306427187200,,,in,,0,0,0,https://x.com/undefined/status/403767306427187200,456426648,,Mobil listrik
403764809176326145,Fri Nov 22 06:00:06 +0000 2013,1,Pengembangan mobil listrik butuh dukungan politik http://t.co/WBLTmqhBZu,403764809176326145,,,in,,0,0,0,https://x.com/undefined/status/403764809176326145,262026799,,Mobil listrik
403754453934690305,Fri Nov 22 05:18:57 +0000 2013,0,Jajal Mobil Sport Listrik 'Selo' Ini Tanggapan Menristek http://t.co/2s4YFPFPlh,403754453934690305,,,in,,0,1,2,https://x.com/undefined/status/403754453934690305,22126902,,Mobil listrik
403754244450185217,Fri Nov 22 05:18:07 +0000 2013,4,Mengintip 3 Mobil Listrik Baru Buatan Nissan http://t.co/sVdGvlzLHU via @detikoto,403754244450185217,,,in,,0,0,26,https://x.com/undefined/status/403754244450185217,69183155,,Mobil listrik
403747033405603840,Fri Nov 22 04:49:28 +0000 2013,0,Mengintip 3 Mobil Listrik Baru Buatan Nissan http://t.co/9cM03DLsLP,403747033405603840,,,in,,0,0,3,https://x.com/undefined/status/403747033405603840,80543284,,Mobil listrik
403734134641524736,Fri Nov 22 03:58:13 +0000 2013,3,FOTO: Menristek Uji Coba Mobil Listrik http://t.co/6uo6sJWzL5,403734134641524736,,,in,,0,1,5,https://x.com/undefined/status/403734134641524736,57261519,,Mobil listrik
403688424999120896,Fri Nov 22 00:56:35 +0000 2013,2,Jadi http://t.co/BDKdWJJTog adl prototip mobil listrik Selo. Disebelahnya ada Gendhis dan bus listrik yg akan didemonstrasikan di UGM.,403688424999120896,https://pbs.twimg.com/media/BZorW1RCEAA4Obc.jpg,,in,,0,7,72,https://x.com/undefined/status/403688424999120896,151261945,,Mobil listrik
403563728139853824,Thu Nov 21 16:41:05 +0000 2013,0,Pengembangan Mobil Listrik Butuh Dukungan Politik http://t.co/3l3wWMygiS,403563728139853824,,,in,,0,0,1,https://x.com/undefined/status/403563728139853824,154102750,,Mobil listrik
403560081997828097,Thu Nov 21 16:26:35 +0000 2013,0,Pengembangan mobil listrik butuh dukungan politik http://t.co/MoUyWJODPr,403560081997828097,,,in,,0,0,4,https://x.com/undefined/status/403560081997828097,18071520,,Mobil listrik
403554798013652992,Thu Nov 21 16:05:36 +0000 2013,0,Pengembangan Mobil Listrik Butuh Dukungan Politik http://t.co/35XZAEEd9M,403554798013652992,,,in,,0,1,0,https://x.com/undefined/status/403554798013652992,22126902,,Mobil listrik
403468708024037376,Thu Nov 21 10:23:30 +0000 2013,0,#beritaUGM Holding Company Bentuk Dukungan Pemerintah Terhadap Mobil Listrik Nasional http://t.co/tK9fLYT3Te,403468708024037376,,,in,,0,0,7,https://x.com/undefined/status/403468708024037376,151261945,,Mobil listrik
403467408909680641,Thu Nov 21 10:18:21 +0000 2013,2,Dahlan: Dahulu Mobil Listrik Kayak Kuntilanak http://t.co/TNPIC4Bc7n via @detikfinance,403467408909680641,,,in,,0,0,20,https://x.com/undefined/status/403467408909680641,69183155,,Mobil listrik
403449526091907072,Thu Nov 21 09:07:17 +0000 2013,0,Dahlan: Dahulu Mobil Listrik Kayak Kuntilanak http://t.co/TnmuWb8FiI,403449526091907072,,,in,,0,0,3,https://x.com/undefined/status/403449526091907072,135795460,,Mobil listrik
403434883168489472,Thu Nov 21 08:09:06 +0000 2013,0,Dahlan: Mobil Listrik Jadi Urusan Kemenristek http://t.co/6xnd57yDdH,403434883168489472,,,in,,0,0,2,https://x.com/undefined/status/403434883168489472,41730943,,Mobil listrik
403420522731409408,Thu Nov 21 07:12:02 +0000 2013,0,Dahlan: Dulu Mobil Listrik Kayak Kuntilanak http://t.co/Dy6sPCpyd0,403420522731409408,,,in,,0,3,5,https://x.com/undefined/status/403420522731409408,47596019,,Mobil listrik
403412470531780608,Thu Nov 21 06:40:02 +0000 2013,0,Ketangguhan mobil listrik Dahlan diuji di lima kota http://t.co/8EwQ9vomvU #Riil,403412470531780608,,,in,,0,1,2,https://x.com/undefined/status/403412470531780608,456426648,,Mobil listrik
403143632540037120,Wed Nov 20 12:51:46 +0000 2013,1,Kalau bawa #transportasiPUBLIK spt kereta @PTINKA baru KEREN &gt; Mobil listrik @iskan_dahlan menuju dephub u uji coba http://t.co/id4x9QN2qi,403143632540037120,https://pbs.twimg.com/media/BZg9j2PCEAAnVM_.jpg,,in,,0,1,0,https://x.com/undefined/status/403143632540037120,18158130,,Mobil listrik
403100678815756289,Wed Nov 20 10:01:05 +0000 2013,0,Dukung produksi mobil listrik tersebut ITS meluncurkan mobil listrik yang diberi mama EC ITS. http://t.co/GQE04m6vkO #InfoSby,403100678815756289,,,in,,0,0,9,https://x.com/undefined/status/403100678815756289,100712680,,Mobil listrik
403016237350801408,Wed Nov 20 04:25:33 +0000 2013,0,Regulator AS Selidiki Kebakaran Mobil Listrik Model S Tesla Motor http://t.co/Kfx0pVxOLg,403016237350801408,,,in,,0,0,0,https://x.com/undefined/status/403016237350801408,118646322,,Mobil listrik
402788235434147840,Tue Nov 19 13:19:33 +0000 2013,0,Mobil Listrik Ada Mobil Murah Dimanja http://t.co/KXQ1HX0WhR,402788235434147840,,,in,,0,3,3,https://x.com/undefined/status/402788235434147840,23786106,,Mobil listrik
402744993632514048,Tue Nov 19 10:27:43 +0000 2013,0,#HCNews Naik Mobil Listrik Dahlan Sopiri Rektor Unej http://t.co/BlTBU0DyAS,402744993632514048,,,in,,0,0,2,https://x.com/undefined/status/402744993632514048,157223980,,Mobil listrik
402678339795550208,Tue Nov 19 06:02:52 +0000 2013,0,Abimana Berminat Beli Mobil Listrik http://t.co/IiG86NzcXb,402678339795550208,,,in,,0,0,0,https://x.com/undefined/status/402678339795550208,137282671,,Mobil listrik
402290300426518528,Mon Nov 18 04:20:56 +0000 2013,0,Ini dia mobil listrik garuda uny http://t.co/StnbN24cQn (@technofest3),402290300426518528,https://pbs.twimg.com/media/BZKetUiCUAACsgc.jpg,,in,,0,1,13,https://x.com/undefined/status/402290300426518528,454564576,,Mobil listrik
402086243598467073,Sun Nov 17 14:50:05 +0000 2013,0,FOTO: 30 Kampus di Indonesia Unjuk Mobil Listrik Karyanya di IEMC 2013 http://t.co/ygbdthdQQ2,402086243598467073,,,in,,0,0,3,https://x.com/undefined/status/402086243598467073,18129942,,Mobil listrik
402003042100203521,Sun Nov 17 09:19:28 +0000 2013,0,Via @didhotbedjo: Hati2 musim hujan jgn sampai mobil anda jd korban dari tumbangnya tiang listrik PLN Katanya sih gak ada ganti ruginya,402003042100203521,,,in,,0,0,3,https://x.com/undefined/status/402003042100203521,180652518,,Mobil listrik
401569123399790592,Sat Nov 16 04:35:14 +0000 2013,1,Mobil listrik BMW siap dipasarkan di Jerman http://t.co/4xt1JayGkv,401569123399790592,,,in,,0,0,0,https://x.com/undefined/status/401569123399790592,43799886,,Mobil listrik
401371441867653120,Fri Nov 15 15:29:43 +0000 2013,1,FOTO: Indonesia Energy Marathon Challenge Ajang Unjuk Mobil Listrik http://t.co/dDXPKmmmvk,401371441867653120,,,in,,0,0,2,https://x.com/undefined/status/401371441867653120,18129942,,Mobil listrik
401338967049506816,Fri Nov 15 13:20:40 +0000 2013,0,Dahlan jajal mobil listrik buatan STTAD Malang http://t.co/cwFEzBnSQk,401338967049506816,,,in,,0,1,0,https://x.com/undefined/status/401338967049506816,262026799,,Mobil listrik
401319905925926912,Fri Nov 15 12:04:56 +0000 2013,2,#lalinBDG 19.05 : Sarijadi macet!! Jl. Ciwaruga di tutup tiang listrik roboh. Mobil stuck diem ditempat | @elsyaelizza,401319905925926912,,,in,,0,4,23,https://x.com/undefined/status/401319905925926912,101494663,,Mobil listrik
401294923795673088,Fri Nov 15 10:25:40 +0000 2013,3,Ini Alasan Dahlan Iskan Ngotot Kembangkan Mobil Listrik http://t.co/7LZsdilpyu via @detikfinance,401294923795673088,,,in,,0,12,14,https://x.com/undefined/status/401294923795673088,69183155,,Mobil listrik
401275359041028096,Fri Nov 15 09:07:55 +0000 2013,0,Ini Alasan Dahlan Iskan Ngotot Kembangkan Mobil Listrik http://t.co/6DF73G3bpN,401275359041028096,,,in,,0,0,1,https://x.com/undefined/status/401275359041028096,135795460,,Mobil listrik
401264097942966272,Fri Nov 15 08:23:10 +0000 2013,0,Dahlan Jajal Mobil Listrik Buatan STTAD Malang http://t.co/X0tkM7y0Km,401264097942966272,,,in,,0,0,0,https://x.com/undefined/status/401264097942966272,22126902,,Mobil listrik
401261397486485504,Fri Nov 15 08:12:26 +0000 2013,0,Dahlan jajal mobil listrik bikinan Malang http://t.co/55W4U9I1xs,401261397486485504,,,in,,0,2,1,https://x.com/undefined/status/401261397486485504,18071520,,Mobil listrik
401253800843182080,Fri Nov 15 07:42:15 +0000 2013,0,Mobil Diesel Hybrid Lebih Oke dari Listrik http://t.co/GwjlD5oEqV,401253800843182080,,,in,,0,0,1,https://x.com/undefined/status/401253800843182080,223476605,,Mobil listrik
401247656728461312,Fri Nov 15 07:17:50 +0000 2013,1,Dahlan Sumbang Baterai Litium untuk Mobil Listrik Malang http://t.co/ElnZ6AKrad via @detikfinance,401247656728461312,,,in,,0,0,22,https://x.com/undefined/status/401247656728461312,69183155,,Mobil listrik
401241586094190593,Fri Nov 15 06:53:43 +0000 2013,0,Dahlan Sumbang Baterai Litium untuk Mobil Listrik Malang http://t.co/TjaJUhtIHF,401241586094190593,,,in,,0,0,0,https://x.com/undefined/status/401241586094190593,135795460,,Mobil listrik
401183322334048257,Fri Nov 15 03:02:12 +0000 2013,0,Kompetisi mobil listrik Indonesia http://t.co/2GwO3SnIII @officialnetnews #NET10,401183322334048257,,,in,,0,0,1,https://x.com/undefined/status/401183322334048257,118288671,,Mobil listrik
401167274842673152,Fri Nov 15 01:58:26 +0000 2013,1, @hanumrais: Mobil listrik karya wong jogja top markotop! http://t.co/ggQBFlS8af ,401167274842673152,https://pbs.twimg.com/media/BY4XQjPIYAAH8s1.jpg,,in,,0,1,1,https://x.com/undefined/status/401167274842673152,83331435,,Mobil listrik
400930830823866368,Thu Nov 14 10:18:53 +0000 2013,2,Mobil Listrik Digemari Masyarakat Inggris http://t.co/sIBxSogMTJ,400930830823866368,,,in,,0,1,10,https://x.com/undefined/status/400930830823866368,57261519,,Mobil listrik
400888188786315264,Thu Nov 14 07:29:27 +0000 2013,0,10.Kebijakan mobil murah dimaksud adlh terkait angkutan perdesaan yg ramah lingkungan baik listrik maupun hybrid #sidang14Nov,400888188786315264,,,in,,0,0,3,https://x.com/undefined/status/400888188786315264,260686783,,Mobil listrik
400866104270405632,Thu Nov 14 06:01:41 +0000 2013,0,Aki mobil merupakan hal terpenting dalam sistem kelistrikan dalam mobil. Karena aki merupakan sumber listrik utama dalam mobil. #ToyotaTips,400866104270405632,,,in,,0,1,4,https://x.com/undefined/status/400866104270405632,64310527,,Mobil listrik
400854419106828288,Thu Nov 14 05:15:15 +0000 2013,2,Ada 3 Kasus Kebakaran Tesla Takkan Menarik Mobil Listrik Mewahnya http://t.co/qoohHm32vU via @detikoto,400854419106828288,,,in,,0,0,8,https://x.com/undefined/status/400854419106828288,69183155,,Mobil listrik
400841377115688961,Thu Nov 14 04:23:26 +0000 2013,0,Ada 3 Kasus Kebakaran Tesla Takkan Menarik Mobil Listrik Mewahnya http://t.co/QTbcDGQQmX,400841377115688961,,,in,,0,0,5,https://x.com/undefined/status/400841377115688961,80543284,,Mobil listrik
400840752495747072,Thu Nov 14 04:20:57 +0000 2013,3,Wow Slank Bakal Tour Pakai Mobil Listrik Nasional http://t.co/fsfY7LUOKv via @detikoto,400840752495747072,,,in,,0,3,44,https://x.com/undefined/status/400840752495747072,69183155,,Mobil listrik
400837161785638912,Thu Nov 14 04:06:41 +0000 2013,0,Wow Slank Bakal Tour Pakai Mobil Listrik Nasional http://t.co/YDJINXIyfU,400837161785638912,,,in,,0,0,3,https://x.com/undefined/status/400837161785638912,80543284,,Mobil listrik
400829869761634304,Thu Nov 14 03:37:42 +0000 2013,3,Semua Mobil Listrik Nasional Bakal Ditangani Kemenristek http://t.co/yGZKZEqQXE via @detikoto,400829869761634304,,,in,,0,2,24,https://x.com/undefined/status/400829869761634304,69183155,,Mobil listrik
400829080993411073,Thu Nov 14 03:34:34 +0000 2013,1,Semua Mobil Listrik Nasional Bakal Ditangani Kemenristek http://t.co/RmADVzpc6Y,400829080993411073,,,in,,0,0,3,https://x.com/undefined/status/400829080993411073,80543284,,Mobil listrik
400824442336468992,Thu Nov 14 03:16:08 +0000 2013,0,Dahlan Iskan Sudah Gatal Ingin Nyetir Mobil Listrik Lagi http://t.co/hzdiUBZMIT via @detikoto,400824442336468992,,,in,,0,2,19,https://x.com/undefined/status/400824442336468992,69183155,,Mobil listrik
400823363880243200,Thu Nov 14 03:11:51 +0000 2013,1,Dahlan Iskan Sudah Gatal Ingin Nyetir Mobil Listrik Lagi http://t.co/qjKEmPIt8z,400823363880243200,,,in,,0,0,2,https://x.com/undefined/status/400823363880243200,80543284,,Mobil listrik
400811038183927808,Thu Nov 14 02:22:52 +0000 2013,0,Belum Ada Izin Dahlan Iskan Tidak Berani Nyetir Mobil Listrik http://t.co/C5APUhWaJ6,400811038183927808,,,in,,0,1,4,https://x.com/undefined/status/400811038183927808,80543284,,Mobil listrik
400810968734638080,Thu Nov 14 02:22:36 +0000 2013,2,Belum Ada Izin Dahlan Iskan Tidak Berani Nyetir Mobil Listrik http://t.co/qrDvpdX3bF via @detikoto,400810968734638080,,,in,,0,5,14,https://x.com/undefined/status/400810968734638080,69183155,,Mobil listrik
400803392219398144,Thu Nov 14 01:52:29 +0000 2013,0,Rakornas Kemenristek Usung Mobil Listrik Digunakan di Indonesia http://t.co/mpKEJxch00,400803392219398144,,,in,,0,0,2,https://x.com/undefined/status/400803392219398144,220151003,,Mobil listrik
400792864021434369,Thu Nov 14 01:10:39 +0000 2013,0,Mobil Listrik Digemari Masyarakat Inggris http://t.co/l4IRuqC63J,400792864021434369,,,in,,0,3,10,https://x.com/undefined/status/400792864021434369,57261519,,Mobil listrik
400749191736983552,Wed Nov 13 22:17:07 +0000 2013,5,Dahlan Iskan 'Gatal' Tunggangi Mobil Listrik Lagi http://t.co/FFRrfKHyQ0,400749191736983552,,,in,,0,5,19,https://x.com/undefined/status/400749191736983552,57261519,,Mobil listrik
400661841824579584,Wed Nov 13 16:30:01 +0000 2013,1,Dahlan klaim mobil listrik segera dapat cap layak jalan http://t.co/ZuQOTPP5CK #Riil,400661841824579584,,,in,,0,0,0,https://x.com/undefined/status/400661841824579584,456426648,,Mobil listrik
400661249370759168,Wed Nov 13 16:27:40 +0000 2013,1,Dahlan Iskan gatal kemudikan mobil listrik lagi http://t.co/n58vi6A0xi,400661249370759168,,,in,,0,1,0,https://x.com/undefined/status/400661249370759168,18071520,,Mobil listrik
400655549563273216,Wed Nov 13 16:05:01 +0000 2013,0,Dahlan larang Slank tur keliling Indonesia pakai mobil listrik http://t.co/m5gw15mebR #Riil,400655549563273216,,,in,,0,1,0,https://x.com/undefined/status/400655549563273216,456426648,,Mobil listrik
400624258465804288,Wed Nov 13 14:00:41 +0000 2013,0,Penjualan mobil listrik di Inggris capai rekor tertinggi http://t.co/K7o1nimsLQ,400624258465804288,,,in,,0,0,1,https://x.com/undefined/status/400624258465804288,262026799,,Mobil listrik
400593257580621825,Wed Nov 13 11:57:29 +0000 2013,0,Soul EV Mobil Listrik Pertama Kia untuk Pasar Luar Korea http://t.co/X36Pv94Ds1,400593257580621825,,,in,,0,0,1,https://x.com/undefined/status/400593257580621825,22126902,,Mobil listrik
400501286576988160,Wed Nov 13 05:52:02 +0000 2013,0,Penjualan Mobil Listrik di Inggris Capai Rekor Tertinggi http://t.co/mt2D9r5YzC,400501286576988160,,,in,,0,1,4,https://x.com/undefined/status/400501286576988160,22126902,,Mobil listrik
400488881734172672,Wed Nov 13 05:02:44 +0000 2013,1,Penjualan mobil listrik capai angka tertinggi di Inggris http://t.co/O7S2QngtMZ,400488881734172672,,,in,,0,0,1,https://x.com/undefined/status/400488881734172672,18071520,,Mobil listrik
400453115431763968,Wed Nov 13 02:40:37 +0000 2013,0,George Clooney kecewa mobil listrik ini http://t.co/OLaBZ0aFcw,400453115431763968,,,in,,0,0,0,https://x.com/undefined/status/400453115431763968,262026799,,Mobil listrik
400436957211148288,Wed Nov 13 01:36:25 +0000 2013,0,Arjuna Mobil Balap Listrik Kreasi Mahasiswa UGM http://t.co/D9mXsdwkIh,400436957211148288,,,in,,0,0,1,https://x.com/undefined/status/400436957211148288,219527452,,Mobil listrik
400375322995998721,Tue Nov 12 21:31:30 +0000 2013,1,George Clooney Kecewa Mobil Listrik Ini http://t.co/5ChSK4LUbP,400375322995998721,,,in,,0,0,4,https://x.com/undefined/status/400375322995998721,22126902,,Mobil listrik
400253383950352384,Tue Nov 12 13:26:57 +0000 2013,0,Mahasiswa UGM Ciptakan Mobil Balap Listrik Arjuna http://t.co/uZRg7smduQ,400253383950352384,,,in,,0,1,7,https://x.com/undefined/status/400253383950352384,593344156,,Mobil listrik
400141944216514561,Tue Nov 12 06:04:08 +0000 2013,0,#beritaUGM ARJUNA Mobil Balap Listrik Kreasi Mahasiswa UGM http://t.co/OOUV2DgWaK,400141944216514561,,,in,,0,1,17,https://x.com/undefined/status/400141944216514561,151261945,,Mobil listrik
400126483965825024,Tue Nov 12 05:02:42 +0000 2013,3,Kuartet Jepang Bikin Stasiun Pengisian Mobil Listrik http://t.co/TgzvaFLMOs via @detikoto,400126483965825024,,,in,,0,0,12,https://x.com/undefined/status/400126483965825024,69183155,,Mobil listrik
400123987654479872,Tue Nov 12 04:52:47 +0000 2013,0,Kuartet Jepang Bikin Stasiun Pengisian Mobil Listrik http://t.co/j3P3QTvHzg,400123987654479872,,,in,,0,0,3,https://x.com/undefined/status/400123987654479872,80543284,,Mobil listrik
399907376574107648,Mon Nov 11 14:32:03 +0000 2013,3,Terbakar Mobil Listrik Teraman Diinvestigasi http://t.co/OxTnELPhwa via @detikoto,399907376574107648,,,in,,0,2,13,https://x.com/undefined/status/399907376574107648,69183155,,Mobil listrik
399903445127135232,Mon Nov 11 14:16:25 +0000 2013,0,Terbakar Mobil Listrik Teraman Diinvestigasi http://t.co/cHIrxfNR5e,399903445127135232,,,in,,0,0,3,https://x.com/undefined/status/399903445127135232,80543284,,Mobil listrik
399837956967395329,Mon Nov 11 09:56:12 +0000 2013,0,Mobil Listrik Dari Nissan Ini Bak Pesawat UFO http://t.co/kIJyfknY2i,399837956967395329,,,in,,0,0,2,https://x.com/undefined/status/399837956967395329,17588443,,Mobil listrik
399527666983780352,Sun Nov 10 13:23:13 +0000 2013,0,Mobil listrik dicas nirkabel saat parkir http://t.co/LkZsiHDWFn,399527666983780352,,,in,,0,0,0,https://x.com/undefined/status/399527666983780352,18071520,,Mobil listrik
399200650354892800,Sat Nov 09 15:43:46 +0000 2013,5,[Video] Mahasiswa Poltek di Bandung Berhasil Buat Mobil Listrik http://t.co/P5hqdIT6NT,399200650354892800,,,in,,0,8,37,https://x.com/undefined/status/399200650354892800,55507370,,Mobil listrik
399151717201092608,Sat Nov 09 12:29:19 +0000 2013,1,TERPOPULER OTOMOTIF - Mobil Listrik Teraman Dunia Justru Juaranya Terbakar http://t.co/TGV3ihwWXf,399151717201092608,,,in,,0,0,4,https://x.com/undefined/status/399151717201092608,41730943,,Mobil listrik
399010808274771968,Sat Nov 09 03:09:24 +0000 2013,0,Mobil Listrik Teraman Dunia Justru Juaranya Terbakar http://t.co/6ctNmOVt2n,399010808274771968,,,in,,0,1,3,https://x.com/undefined/status/399010808274771968,41730943,,Mobil listrik
398792024729456640,Fri Nov 08 12:40:02 +0000 2013,0,RI Masih Sulit Produksi Massal Mobil Listrik Karena Batere http://t.co/XGvw20Rp86,398792024729456640,,,in,,0,0,2,https://x.com/undefined/status/398792024729456640,47596019,,Mobil listrik
398784475695284224,Fri Nov 08 12:10:02 +0000 2013,0,Pemerintah yakin mobil listrik siap dijual 2016 http://t.co/pzULUKuzZQ #Riil,398784475695284224,,,in,,0,0,0,https://x.com/undefined/status/398784475695284224,456426648,,Mobil listrik
398781827986358272,Fri Nov 08 11:59:31 +0000 2013,2,Menristek Sebut RI Masih Bisa Saingi Negara Maju Kembangkan Mobil Listrik http://t.co/qDcmOGO3cp via @detikfinance,398781827986358272,,,in,,0,1,23,https://x.com/undefined/status/398781827986358272,69183155,,Mobil listrik
398765386113363968,Fri Nov 08 10:54:11 +0000 2013,0,Baterei Mobil Listrik Harus Berukuran Kecil dengan Daya Tinggi: Kalau sifatnya masih tahapnya penelitian uji ... http://t.co/5M2gBQFXz5,398765386113363968,,,in,,0,0,0,https://x.com/undefined/status/398765386113363968,70139265,,Mobil listrik
398761549700943872,Fri Nov 08 10:38:56 +0000 2013,0,Menristek Sebut RI Masih Bisa Saingi Negara Maju Kembangkan Mobil Listrik http://t.co/hEvPXbHm3Q,398761549700943872,,,in,,0,1,1,https://x.com/undefined/status/398761549700943872,135795460,,Mobil listrik
398419182422736897,Thu Nov 07 11:58:30 +0000 2013,0,Renault-Nissan dan Mitsubishi kerjasama kembangkan mobil listrik http://t.co/BOs2hNTekV,398419182422736897,,,in,,0,0,1,https://x.com/undefined/status/398419182422736897,18071520,,Mobil listrik
398382276574081024,Thu Nov 07 09:31:50 +0000 2013,0,Kemenperin: Mobil Listrik Cocok Untuk Angkutan Jarak Pendek http://t.co/tgAl4SGbVn #BeritaIndustri,398382276574081024,,,in,,0,0,0,https://x.com/undefined/status/398382276574081024,482857866,,Mobil listrik
398236761370812416,Wed Nov 06 23:53:37 +0000 2013,0,Mobil Tabrak Tiang Listrik 5 Orang Luka http://t.co/YKZwesI8Ec,398236761370812416,,,in,,0,3,12,https://x.com/undefined/status/398236761370812416,57261519,,Mobil listrik
398152810228744192,Wed Nov 06 18:20:01 +0000 2013,1,Tabrak tiang listrik mobil Ford everest rusak parah di Cilandak http://t.co/bvjS3LAYxU #Peristiwa,398152810228744192,,,in,,0,0,0,https://x.com/undefined/status/398152810228744192,456426648,,Mobil listrik
398029513470144512,Wed Nov 06 10:10:05 +0000 2013,0,Mobil listrik dianggap cocok untuk mikrolet apa kata Dahlan? http://t.co/VEfpubLvRs #Riil,398029513470144512,,,in,,0,0,0,https://x.com/undefined/status/398029513470144512,456426648,,Mobil listrik
397898635842560000,Wed Nov 06 01:30:02 +0000 2013,0,Organda tantang pemerintah ubah mikrolet pakai mobil listrik http://t.co/Fs2nCkl4li #Riil,397898635842560000,,,in,,0,0,0,https://x.com/undefined/status/397898635842560000,456426648,,Mobil listrik
397872535003361281,Tue Nov 05 23:46:19 +0000 2013,1,Ini Kendala yang Dialami Mobil Listrik Selo Saat Masih Diuji http://t.co/JCaBo6DaKX,397872535003361281,,,in,,0,0,3,https://x.com/undefined/status/397872535003361281,80543284,,Mobil listrik
397871860961931265,Tue Nov 05 23:43:38 +0000 2013,2,Ini Kendala yang Dialami Mobil Listrik Selo Saat Masih Diuji http://t.co/JZVsRAlH8V via @detikoto,397871860961931265,,,in,,0,0,10,https://x.com/undefined/status/397871860961931265,69183155,,Mobil listrik
397869695585357824,Tue Nov 05 23:35:02 +0000 2013,1,5 Fakta mobil listrik Dahlan bakal layu sebelum berkembang http://t.co/Ljv5dXSk9Y #Riil,397869695585357824,,,in,,0,0,1,https://x.com/undefined/status/397869695585357824,456426648,,Mobil listrik
397860903124623361,Tue Nov 05 23:00:05 +0000 2013,7,Mobil Balap Listrik Ini Ada Sebelum Mobil Listrik Dahlan Iskan http://t.co/Qmvnnr8wPB via @detikoto,397860903124623361,,,in,,0,0,20,https://x.com/undefined/status/397860903124623361,69183155,,Mobil listrik
397860270862655490,Tue Nov 05 22:57:35 +0000 2013,2,Mobil Balap Listrik Ini Ada Sebelum Mobil Listrik Dahlan Iskan http://t.co/qbjbLJbfye,397860270862655490,,,in,,0,0,5,https://x.com/undefined/status/397860270862655490,80543284,,Mobil listrik
397709893236314113,Tue Nov 05 13:00:02 +0000 2013,0,Dahlan harus realistis kembangkan mobil listrik di Tanah Air http://t.co/VFyi5dyBNm #Riil,397709893236314113,,,in,,0,0,2,https://x.com/undefined/status/397709893236314113,456426648,,Mobil listrik
397674660159963136,Tue Nov 05 10:40:02 +0000 2013,0,Dahlan wajib pikirkan infrastruktur sebelum jualan mobil listrik http://t.co/Ki3Hl4ZR94 #Riil,397674660159963136,,,in,,0,0,0,https://x.com/undefined/status/397674660159963136,456426648,,Mobil listrik
397658549041373184,Tue Nov 05 09:36:00 +0000 2013,1,Interior Mewah Mobil Listrik Gendhis http://t.co/p8azFxB88I via @detik_foto,397658549041373184,,,in,,0,0,22,https://x.com/undefined/status/397658549041373184,69183155,,Mobil listrik
397655846487736321,Tue Nov 05 09:25:16 +0000 2013,3,Interior Mewah Mobil Listrik Gendhis http://t.co/lVouZ4YRRu via @detikoto,397655846487736321,,,in,,0,2,20,https://x.com/undefined/status/397655846487736321,69183155,,Mobil listrik
397655434145718272,Tue Nov 05 09:23:38 +0000 2013,1,Interior Mewah Mobil Listrik Gendhis http://t.co/wOl9ZO4EUi,397655434145718272,,,in,,0,0,5,https://x.com/undefined/status/397655434145718272,80543284,,Mobil listrik
397605452545945600,Tue Nov 05 06:05:01 +0000 2013,0,Dahlan perlu berkaca dari kegagalan Israel buat mobil listrik http://t.co/KU29wNS7UR #Riil,397605452545945600,,,in,,0,3,0,https://x.com/undefined/status/397605452545945600,456426648,,Mobil listrik
397572741093543936,Tue Nov 05 03:55:02 +0000 2013,0,Mobil murah benamkan program Dahlan kenalkan mobil listrik http://t.co/dNJVXYWlNG #Riil,397572741093543936,,,in,,0,0,0,https://x.com/undefined/status/397572741093543936,456426648,,Mobil listrik
397549899132067840,Tue Nov 05 02:24:16 +0000 2013,6,Mobil Listrik Butuh Dukungan Pemerintah http://t.co/ilqzDwuOVv via @detikoto,397549899132067840,,,in,,0,3,45,https://x.com/undefined/status/397549899132067840,69183155,,Mobil listrik
397548718217392128,Tue Nov 05 02:19:35 +0000 2013,1,Mobil Listrik Butuh Dukungan Pemerintah http://t.co/3iLHPMWyAG,397548718217392128,,,in,,0,0,3,https://x.com/undefined/status/397548718217392128,80543284,,Mobil listrik
397347858933755904,Mon Nov 04 13:01:26 +0000 2013,2,Mobil Listrik Selo Masih Butuh Penyempurnaan http://t.co/e8bqKXLxhT via @detikoto,397347858933755904,,,in,,0,0,23,https://x.com/undefined/status/397347858933755904,69183155,,Mobil listrik
397346923822080001,Mon Nov 04 12:57:43 +0000 2013,0,Mobil Listrik Selo Masih Butuh Penyempurnaan http://t.co/039KmMoCZy,397346923822080001,,,in,,0,0,3,https://x.com/undefined/status/397346923822080001,80543284,,Mobil listrik
397289055978676224,Mon Nov 04 09:07:46 +0000 2013,3,Mobil Listrik Selo dan Gendhis Dipamerkan di Senayan http://t.co/HMWP9OfTmJ via @detikoto,397289055978676224,,,in,,0,1,17,https://x.com/undefined/status/397289055978676224,69183155,,Mobil listrik
397287952696348672,Mon Nov 04 09:03:23 +0000 2013,0,Malam ini tim Speedzone akan meliput kreatifitas anak-anak Jogjakarta dalam menciptakan mobil listrik. Saksikan... http://t.co/5HEjLsaK1A,397287952696348672,,,in,,0,1,0,https://x.com/undefined/status/397287952696348672,85737051,,Mobil listrik
397286619213877248,Mon Nov 04 08:58:05 +0000 2013,0,Mobil Listrik Selo dan Gendhis Dipamerkan di Senayan http://t.co/qFC1kTgTUB,397286619213877248,,,in,,0,0,4,https://x.com/undefined/status/397286619213877248,80543284,,Mobil listrik
397244239764922368,Mon Nov 04 06:09:41 +0000 2013,4,'Kampanye Perusahaan Minyak Melawan Mobil Listrik Menyesatkan' http://t.co/9joVbc7VwR via @detikoto,397244239764922368,,,in,,0,0,19,https://x.com/undefined/status/397244239764922368,69183155,,Mobil listrik
397241787418304512,Mon Nov 04 05:59:57 +0000 2013,0,'Kampanye Perusahaan Minyak Melawan Mobil Listrik Menyesatkan' http://t.co/VIQlTF81rs,397241787418304512,,,in,,0,0,1,https://x.com/undefined/status/397241787418304512,80543284,,Mobil listrik
396555466236370945,Sat Nov 02 08:32:45 +0000 2013,0,@ulinlinu @StandUp_10Nop paling tidak materimu PKM dan mobil listrik.,396555466236370945,,khirzanulinnuha,in,,0,0,0,https://x.com/undefined/status/396555466236370945,616209749,,Mobil listrik
396150715426410496,Fri Nov 01 05:44:25 +0000 2013,3,Tesla Siapkan Mobil Listrik yang Lebih Murah http://t.co/H6XsgwxW2P via @detikoto,396150715426410496,,,in,,0,0,15,https://x.com/undefined/status/396150715426410496,69183155,,Mobil listrik
396148687891488768,Fri Nov 01 05:36:21 +0000 2013,0,Tesla Siapkan Mobil Listrik yang Lebih Murah http://t.co/GZxkNGnJTo,396148687891488768,,,in,,0,0,3,https://x.com/undefined/status/396148687891488768,80543284,,Mobil listrik
395990675088367616,Thu Oct 31 19:08:28 +0000 2013,0,MPLIK Diselewengkan Jadi Mobil Pembayaran Listrik Online http://t.co/t87tCuxV9E,395990675088367616,,,in,,0,0,0,https://x.com/undefined/status/395990675088367616,219527452,,Mobil listrik
395957768638971904,Thu Oct 31 16:57:43 +0000 2013,0,Paling Hemat Mobil Listrik Mahasiswa Jember Raih Juara Satu http://t.co/VpbyzGD1oq,395957768638971904,,,in,,0,0,1,https://x.com/undefined/status/395957768638971904,65639033,,Mobil listrik
395856427190738944,Thu Oct 31 10:15:01 +0000 2013,0,Dahlan sebut mobil murah bentuk perlawanan pada mobil listrik http://t.co/4wrDf4tFpb #Riil,395856427190738944,,,in,,0,0,1,https://x.com/undefined/status/395856427190738944,456426648,,Mobil listrik
395842953140129793,Thu Oct 31 09:21:29 +0000 2013,0,VIDEO: Mobil Listrik Paling Aman Justru Bikin Horor http://t.co/c5QO7k8Lpf,395842953140129793,,,in,,0,1,5,https://x.com/undefined/status/395842953140129793,41730943,,Mobil listrik
395842585563897856,Thu Oct 31 09:20:01 +0000 2013,0,Mobil listrik Dahlan tengah proses perizinan di Kemenristek http://t.co/a8ZW0FJDSX #Riil,395842585563897856,,,in,,0,0,0,https://x.com/undefined/status/395842585563897856,456426648,,Mobil listrik
395798850486542336,Thu Oct 31 06:26:14 +0000 2013,0,Panasonic Pasok Baterai US7 Miliar Untuk Mobil Listrik Tesla http://t.co/aKCIkXvPqU,395798850486542336,,,in,,0,0,0,https://x.com/undefined/status/395798850486542336,118646322,,Mobil listrik
395490574020517889,Wed Oct 30 10:01:15 +0000 2013,3,Demi iCar Apple Akuisisi Produsen Mobil Listrik? http://t.co/hMcTKXXYar via @detikinet,395490574020517889,,,in,,0,3,25,https://x.com/undefined/status/395490574020517889,69183155,,Mobil listrik
395484635603275776,Wed Oct 30 09:37:39 +0000 2013,0,Demi iCar Apple Akuisisi Produsen Mobil Listrik? http://t.co/KbPpBeq6uC,395484635603275776,,,in,,0,0,15,https://x.com/undefined/status/395484635603275776,135815019,,Mobil listrik
395375763630727168,Wed Oct 30 02:25:02 +0000 2013,1,Mobil Listrik Teraman Terbakar Lagi http://t.co/10AzKRorPh via @detikoto,395375763630727168,,,in,,0,3,18,https://x.com/undefined/status/395375763630727168,69183155,,Mobil listrik
395373313603555328,Wed Oct 30 02:15:18 +0000 2013,0,Mobil Listrik Teraman Terbakar Lagi http://t.co/RNTuHDO6BH,395373313603555328,,,in,,0,1,4,https://x.com/undefined/status/395373313603555328,80543284,,Mobil listrik
395018016703791104,Tue Oct 29 02:43:28 +0000 2013,0,Mantab! Riau Juga Punya Mobil Listrik http://t.co/4wLuXPT24l (HalloRiau),395018016703791104,,,in,,0,0,0,https://x.com/undefined/status/395018016703791104,172425532,,Mobil listrik
395001066439192576,Tue Oct 29 01:36:07 +0000 2013,0,Mobil Listrik Karya Anak Negeri Diluncurkan http://t.co/pMcPPXPLja (RiauPos),395001066439192576,,,in,,0,0,1,https://x.com/undefined/status/395001066439192576,172425532,,Mobil listrik
394866398041620480,Mon Oct 28 16:41:00 +0000 2013,0,Keren @malang_post FT UB Luncurkan Mobil Listrik http://t.co/tpIf1eHHhK #MalangPost cc @infomalang ,394866398041620480,,kisah_20,in,,0,1,5,https://x.com/undefined/status/394866398041620480,107412668,,Mobil listrik
394832391673364480,Mon Oct 28 14:25:52 +0000 2013,4,Volvo Sukses Kembangkan Wireless Charging untuk Mobil Listrik http://t.co/c62eL0wLgN via @detikoto,394832391673364480,,,in,,0,2,39,https://x.com/undefined/status/394832391673364480,69183155,,Mobil listrik
394832050030530561,Mon Oct 28 14:24:31 +0000 2013,0,Volvo Sukses Kembangkan Wireless Charging untuk Mobil Listrik http://t.co/1mdmIjL8BM,394832050030530561,,,in,,0,1,5,https://x.com/undefined/status/394832050030530561,80543284,,Mobil listrik
394790802125119490,Mon Oct 28 11:40:36 +0000 2013,0,Mobil listrik BMW i3 keluaran terbaru http://t.co/XKStW72iCm,394790802125119490,,,in,,0,0,0,https://x.com/undefined/status/394790802125119490,262026799,,Mobil listrik
394748733851566080,Mon Oct 28 08:53:26 +0000 2013,0,Optimo 1: Mobil Listrik Generasi Ketiga dari Universitas Brawijaya http://t.co/Z4UVgNUy4L,394748733851566080,,,in,,0,0,10,https://x.com/undefined/status/394748733851566080,440969307,,Mobil listrik
394722852848406529,Mon Oct 28 07:10:36 +0000 2013,0,Mobil listrik BMW i3 keluaran terbaru http://t.co/XKStW72iCm,394722852848406529,,,in,,0,0,0,https://x.com/undefined/status/394722852848406529,262026799,,Mobil listrik
394619028682977280,Mon Oct 28 00:18:02 +0000 2013,0,Penutup Lubang Got Ini Bisa Isi Daya Mobil Listrik http://t.co/DWH3wzqiaa,394619028682977280,,,in,,0,0,0,https://x.com/undefined/status/394619028682977280,47596019,,Mobil listrik
394419576160944128,Sun Oct 27 11:05:29 +0000 2013,0,Selain meluncurkan mobil pelayanan berbasis online apa saja catatan peringatan Hari Listrik Nasional kali ini? #KompasPetang pkl 18.30 WIB,394419576160944128,,,in,,0,0,3,https://x.com/undefined/status/394419576160944128,71436318,,Mobil listrik
394415824963792898,Sun Oct 27 10:50:35 +0000 2013,0,Peringati Hari Listrik PLN luncurkan mobil pelayanan teknis http://t.co/34nFXFR1by,394415824963792898,,,in,,0,0,0,https://x.com/undefined/status/394415824963792898,262026799,,Mobil listrik
394398877119287296,Sun Oct 27 09:43:14 +0000 2013,0,via @RanahBerita: Mahasiswa Unibraw Bisa Buat Mobil Listrik dalam Waktu Sebulan http://t.co/YjD10GOXZ0,394398877119287296,,,in,,0,0,0,https://x.com/undefined/status/394398877119287296,282667727,,Mobil listrik
394342292087005184,Sun Oct 27 05:58:23 +0000 2013,1,Teknologi Nirkabel Mudahkan Pengisian Mobil Listrik http://t.co/AVCoc5a0Ku,394342292087005184,,,in,,0,1,15,https://x.com/undefined/status/394342292087005184,57261519,,Mobil listrik
394337668529541120,Sun Oct 27 05:40:01 +0000 2013,0,Mahasiswa Universitas Brawijaya luncurkan tiga mobil listrik http://t.co/O9tBaSQUTN,394337668529541120,,,in,,0,2,33,https://x.com/undefined/status/394337668529541120,18071520,,Mobil listrik
394331387438047232,Sun Oct 27 05:15:03 +0000 2013,0,Bertepatan dgn Hari Listrik Nasional yg ke 68 PLN meluncurkan mobil pelayanan yg beroperasi dgn jaringan online. Ikuti #KompasSiang skrg,394331387438047232,,,in,,0,1,4,https://x.com/undefined/status/394331387438047232,71436318,,Mobil listrik
394326988325797889,Sun Oct 27 04:57:34 +0000 2013,0,Mahasiswa Unbraw Luncurkan Tiga Mobil Listrik http://t.co/6ybTQbHGlc,394326988325797889,,,in,,0,1,2,https://x.com/undefined/status/394326988325797889,68930552,,Mobil listrik
394326746763259904,Sun Oct 27 04:56:37 +0000 2013,0,Mahasiswa Unibraw Luncurkan Tiga Mobil Listrik http://t.co/4Cf10r7czX,394326746763259904,,,in,,0,1,8,https://x.com/undefined/status/394326746763259904,22126902,,Mobil listrik
394325114223075328,Sun Oct 27 04:50:08 +0000 2013,0,Bertepatan dgn Hari Listrik Nasional yg ke 68 PLN meluncurkan mobil pelayanan yg beroperasi dgn jaringan online. #KompasSiang pkl 12.00 WIB,394325114223075328,,,in,,0,3,7,https://x.com/undefined/status/394325114223075328,71436318,,Mobil listrik
394295104887721985,Sun Oct 27 02:50:53 +0000 2013,1,Teknologi Nirkabel Mudahkan Pengisian Mobil Listrik http://t.co/OTU2RH6kVr,394295104887721985,,,in,,0,3,18,https://x.com/undefined/status/394295104887721985,57261519,,Mobil listrik
394137621246377984,Sat Oct 26 16:25:06 +0000 2013,1,Mobil listrik dicas nirkabel saat parkir http://t.co/0EGryNysF0,394137621246377984,,,in,,0,0,1,https://x.com/undefined/status/394137621246377984,18071520,,Mobil listrik
394015885708390400,Sat Oct 26 08:21:22 +0000 2013,0,Mobil Listrik UMY Siap Bertarung di KMLI Bandung #KabarPersyarikatan http://t.co/VtB2V3oNZc http://t.co/NWIp7yHURx,394015885708390400,,,in,,0,0,3,https://x.com/undefined/status/394015885708390400,73309923,,Mobil listrik
393795698140794880,Fri Oct 25 17:46:25 +0000 2013,0,MOBIL LISTRIK : 3 Mobil Karya Mahasiswa Fakultas Teknik Unibraw Diluncurkan http://t.co/xHmADMPE7C,393795698140794880,,,in,,0,0,1,https://x.com/undefined/status/393795698140794880,118371948,,Mobil listrik
393794541985091584,Fri Oct 25 17:41:49 +0000 2013,0,MOBIL LISTRIK : 3 Mobil Karya Mahasiswa Fakultas Teknik Unibraw Diluncurkan http://t.co/vjiLR4meBN,393794541985091584,,,in,,0,0,0,https://x.com/undefined/status/393794541985091584,118371948,,Mobil listrik
393690773343842305,Fri Oct 25 10:49:29 +0000 2013,0,3 3 Juta Mobil Listrik Bakal Padati AS di 2025 http://t.co/P7InlgWB23 via @detikoto,393690773343842305,,,in,,0,0,14,https://x.com/undefined/status/393690773343842305,69183155,,Mobil listrik
393676544213676032,Fri Oct 25 09:52:56 +0000 2013,0,3 3 Juta Mobil Listrik Bakal Padati AS di 2025 http://t.co/ATbewwDfIi,393676544213676032,,,in,,0,0,3,https://x.com/undefined/status/393676544213676032,80543284,,Mobil listrik
393671269914144768,Fri Oct 25 09:31:59 +0000 2013,0,3 3 Juta Mobil Listrik Bakal Padati US di 2025 http://t.co/BJbWeMsmAa via @detikoto,393671269914144768,,,in,,0,2,21,https://x.com/undefined/status/393671269914144768,69183155,,Mobil listrik
393669370196398080,Fri Oct 25 09:24:26 +0000 2013,0,3 3 Juta Mobil Listrik Bakal Padati US di 2025 http://t.co/LjYx4XkRyx,393669370196398080,,,in,,0,0,3,https://x.com/undefined/status/393669370196398080,80543284,,Mobil listrik
393668348866617344,Fri Oct 25 09:20:23 +0000 2013,0,Ralat: Ada mobil tertimpa tiang listrik. Foto: @aprilianasari3 http://t.co/GgnJaA11h9,393668348866617344,,,in,,0,0,0,https://x.com/undefined/status/393668348866617344,6612012,,Mobil listrik
393667659478224896,Fri Oct 25 09:17:38 +0000 2013,0,Tiang listrik itu mas RT @JakartaToday: Ada mobil tertimpa pohon. Foto: @aprilianasari3 http://t.co/LyW5DGqtC2,393667659478224896,,,in,,0,1,0,https://x.com/undefined/status/393667659478224896,90679458,,Mobil listrik
393648642982027264,Fri Oct 25 08:02:04 +0000 2013,0,Jakarta Hujan Badai Pohon Tumbang Mobil Tertimpa Tiang Listrik http://t.co/UjPunutn0n,393648642982027264,,,in,,0,1,21,https://x.com/undefined/status/393648642982027264,47596019,,Mobil listrik
393258735256104960,Thu Oct 24 06:12:43 +0000 2013,2,Mobil Balap Listrik Nissan Debut Perdana di Jepang http://t.co/DIWvZgu3pv via @detikoto,393258735256104960,,,in,,0,0,34,https://x.com/undefined/status/393258735256104960,69183155,,Mobil listrik
393258350638419968,Thu Oct 24 06:11:11 +0000 2013,0,Mobil Balap Listrik Nissan Debut Perdana di Jepang http://t.co/wpXA7KEx5m,393258350638419968,,,in,,0,0,2,https://x.com/undefined/status/393258350638419968,80543284,,Mobil listrik
393236220769103872,Thu Oct 24 04:43:15 +0000 2013,0,Era Mobil Listrik Semakin Dekat | http://t.co/HSyw8JGveQ - Situs Hijau Indonesia http://t.co/9bCrUBruyx via @hijaukudotcom,393236220769103872,,,in,,0,0,1,https://x.com/undefined/status/393236220769103872,238523166,,Mobil listrik
392866614036545539,Wed Oct 23 04:14:34 +0000 2013,3,Ini Kendala Kalangan Akademisi Saat Membuat Mobil Listrik http://t.co/4EA3nL3gpR via @detikoto,392866614036545539,,,in,,0,0,6,https://x.com/undefined/status/392866614036545539,69183155,,Mobil listrik
392864851858436096,Wed Oct 23 04:07:34 +0000 2013,0,Ini Kendala Kalangan Akademisi Saat Membuat Mobil Listrik http://t.co/ChFuytBCR3,392864851858436096,,,in,,0,0,2,https://x.com/undefined/status/392864851858436096,80543284,,Mobil listrik
392855381614931969,Wed Oct 23 03:29:56 +0000 2013,1,Mobil Listrik Nasional Karya 5 Universitas Modelnya MPV http://t.co/r9XOmCdyLB via @detikoto,392855381614931969,,,in,,0,2,18,https://x.com/undefined/status/392855381614931969,69183155,,Mobil listrik
392855070095589376,Wed Oct 23 03:28:42 +0000 2013,0,Mobil Listrik Nasional Karya 5 Universitas Modelnya MPV http://t.co/kUMzBU24i9,392855070095589376,,,in,,0,0,4,https://x.com/undefined/status/392855070095589376,80543284,,Mobil listrik
392626421153034240,Tue Oct 22 12:20:08 +0000 2013,1,Diberi Rp 20 Miliar 5 Universitas Negeri Bikin Mobil Listrik Nasional http://t.co/vf0g65rlIB via @detikoto,392626421153034240,,,in,,0,3,45,https://x.com/undefined/status/392626421153034240,69183155,,Mobil listrik
392625502126481408,Tue Oct 22 12:16:28 +0000 2013,0,Diberi Rp 20 Miliar 5 Universitas Negeri Bikin Mobil Listrik Nasional http://t.co/p6vLYdf9lW,392625502126481408,,,in,,0,2,4,https://x.com/undefined/status/392625502126481408,80543284,,Mobil listrik
392624064256172032,Tue Oct 22 12:10:46 +0000 2013,2,5 Universitas Negeri Bikin Mobil Listrik Nasional Diberi Rp 20 Miliar http://t.co/LpcvhBG1ZV,392624064256172032,,,in,,0,1,2,https://x.com/undefined/status/392624064256172032,80543284,,Mobil listrik
392623650014121984,Tue Oct 22 12:09:07 +0000 2013,4,5 Universitas Negeri Bikin Mobil Listrik Nasional Diberi Rp 20 Miliar http://t.co/M3ZqWVPMbp via @detikoto,392623650014121984,,,in,,0,7,70,https://x.com/undefined/status/392623650014121984,69183155,,Mobil listrik
392612720438038528,Tue Oct 22 11:25:41 +0000 2013,3,#Apec2013 Tahun Depan Masyarakat Bisa Beli Mobil Listrik Buatan Dalam Negeri http://t.co/UwTnqxU42d via @detikfinance,392612720438038528,,,in,,0,4,48,https://x.com/undefined/status/392612720438038528,69183155,,Mobil listrik
392593062716637185,Tue Oct 22 10:07:34 +0000 2013,1,#Apec2013 Tahun Depan Masyarakat Bisa Beli Mobil Listrik Buatan Dalam Negeri http://t.co/gG49FxWn9s,392593062716637185,,,in,,0,1,2,https://x.com/undefined/status/392593062716637185,135795460,,Mobil listrik
392517657263493120,Tue Oct 22 05:07:56 +0000 2013,0,Pencipta Mobil Listrik Selo Punya Mimpi Saingi Ferrari Cs http://t.co/VKBzjSBtDu via @detikfinance,392517657263493120,,,in,,0,1,13,https://x.com/undefined/status/392517657263493120,69183155,,Mobil listrik
392515730408620032,Tue Oct 22 05:00:17 +0000 2013,0,Pencipta Mobil Listrik Selo Punya Mimpi Saingi Ferrari Cs http://t.co/BZrMBSkRwl,392515730408620032,,,in,,0,0,0,https://x.com/undefined/status/392515730408620032,135795460,,Mobil listrik
392514369361178624,Tue Oct 22 04:54:52 +0000 2013,0,Pecipta Mobil Listrik Selo Punya Mimpi Saingi Ferrari Cs http://t.co/b5tgGIjzbW,392514369361178624,,,in,,0,1,0,https://x.com/undefined/status/392514369361178624,135795460,,Mobil listrik
392239037911552000,Mon Oct 21 10:40:48 +0000 2013,0,Volvo kembangkan nanobaterai mobil listrik masa depan http://t.co/3KksG6Ron4,392239037911552000,,,in,,0,0,1,https://x.com/undefined/status/392239037911552000,18071520,,Mobil listrik
391159490696867840,Fri Oct 18 11:11:04 +0000 2013,1,Dapat Respons Bagus BMW Tingkatkan Produksi Mobil Listrik http://t.co/lkXvtDaSNd via @detikoto,391159490696867840,,,in,,0,1,16,https://x.com/undefined/status/391159490696867840,69183155,,Mobil listrik
391156253801467904,Fri Oct 18 10:58:12 +0000 2013,0,Dapat Respons Bagus BMW Tingkatkan Produksi Mobil Listrik http://t.co/12tawoDCeK,391156253801467904,,,in,,0,0,2,https://x.com/undefined/status/391156253801467904,80543284,,Mobil listrik
391108441978048512,Fri Oct 18 07:48:13 +0000 2013,0,#beritaSMG Gagas Ciptakan Mobil Listrik FT Unnes Lawatan ke Taiwan http://t.co/BzFFpIo1HV | suaramerdeka,391108441978048512,,,in,,0,0,4,https://x.com/undefined/status/391108441978048512,180652518,,Mobil listrik
391104531875897344,Fri Oct 18 07:32:41 +0000 2013,2,Volvo Kembangkan Baterai Listrik di Bodi Mobil http://t.co/wYn5XsebQW via @detikoto,391104531875897344,,,in,,0,0,13,https://x.com/undefined/status/391104531875897344,69183155,,Mobil listrik
391097075921727488,Fri Oct 18 07:03:03 +0000 2013,1,Volvo Kembangkan Baterai Listrik di Bodi Mobil http://t.co/fXer7fU2qa,391097075921727488,,,in,,0,0,2,https://x.com/undefined/status/391097075921727488,80543284,,Mobil listrik
391096409929183232,Fri Oct 18 07:00:25 +0000 2013,0,Gagas Ciptakan Mobil Listrik FT Unnes Lawatan ke Taiwan http://t.co/Rn12uIZsW9,391096409929183232,,,in,,0,0,1,https://x.com/undefined/status/391096409929183232,219527452,,Mobil listrik
391095394605608961,Fri Oct 18 06:56:22 +0000 2013,0,Gagas Ciptakan Mobil Listrik FT Unnes Lawatan ke Taiwan http://t.co/DKx99HZb86,391095394605608961,,,in,,0,0,1,https://x.com/undefined/status/391095394605608961,219527452,,Mobil listrik
390985987603435520,Thu Oct 17 23:41:38 +0000 2013,0,Era Mobil Listrik Semakin Dekat | http://t.co/HSyw8JGveQ - Situs Hijau Indonesia http://t.co/ZZOGFkIbXk via @hijaukudotcom,390985987603435520,,,in,,0,0,2,https://x.com/undefined/status/390985987603435520,238523166,,Mobil listrik
390847170246500353,Thu Oct 17 14:30:01 +0000 2013,0,Dahlan: Airin cantik saya punya fotonya di mobil listrik http://t.co/bgm2yKuPSv #Riil,390847170246500353,,,in,,0,0,3,https://x.com/undefined/status/390847170246500353,456426648,,Mobil listrik
390722418245140481,Thu Oct 17 06:14:18 +0000 2013,0,IYO RT @Ih4nd4y4ni: NJUK NGOPO ??? RT @okezonenews: Dahlan: Airin Pernah Pinjam Mobil Listrik Saya http://t.co/SS5n5ylFf9,390722418245140481,,,in,,0,0,0,https://x.com/undefined/status/390722418245140481,68331085,,Mobil listrik
390709751329206272,Thu Oct 17 05:23:58 +0000 2013,1,Ford Buka Fasilitas Produksi Baterai Mobil Listrik http://t.co/WDK5VcbvRM via @detikoto,390709751329206272,,,in,,0,0,10,https://x.com/undefined/status/390709751329206272,69183155,,Mobil listrik
390707960328245248,Thu Oct 17 05:16:51 +0000 2013,0,Ford Buka Fasilitas Produksi Baterai Mobil Listrik http://t.co/NL2FD96ADX,390707960328245248,,,in,,0,0,4,https://x.com/undefined/status/390707960328245248,80543284,,Mobil listrik
390704236096659456,Thu Oct 17 05:02:03 +0000 2013,0,Mobil Listrik Teraman Mobil Ringsek Pengemudi Aman http://t.co/6d5JHXavCo via @detikoto,390704236096659456,,,in,,0,1,21,https://x.com/undefined/status/390704236096659456,69183155,,Mobil listrik
390703900497440768,Thu Oct 17 05:00:43 +0000 2013,1,Mobil Listrik Teraman Mobil Ringsek Pengemudi Aman http://t.co/FqbCeJTU5K,390703900497440768,,,in,,0,0,1,https://x.com/undefined/status/390703900497440768,80543284,,Mobil listrik
390701460478234624,Thu Oct 17 04:51:01 +0000 2013,1,Cerita Dahlan Iskan Pernah Pinjamkan Mobil Listrik ke Airin http://t.co/P6D5rn1OJL via @detikfinance,390701460478234624,,,in,,0,1,14,https://x.com/undefined/status/390701460478234624,69183155,,Mobil listrik
390696800559984640,Thu Oct 17 04:32:30 +0000 2013,0,Cerita Dahlan Iskan Pernah Pinjamkan Mobil Listrik ke Airin http://t.co/tWyTDKI7A4,390696800559984640,,,in,,0,0,0,https://x.com/undefined/status/390696800559984640,135795460,,Mobil listrik
390688629141409792,Thu Oct 17 04:00:02 +0000 2013,0,Dahlan: Airin cantik saya punya fotonya di mobil listrik http://t.co/bgm2yKuPSv #Riil,390688629141409792,,,in,,0,0,0,https://x.com/undefined/status/390688629141409792,456426648,,Mobil listrik
390126967472660480,Tue Oct 15 14:48:11 +0000 2013,0,Era Mobil Listrik Semakin Dekat | http://t.co/HSyw8JGveQ - Situs Hijau Indonesia http://t.co/wwqMpoWYyv via @hijaukudotcom,390126967472660480,,,in,,0,0,1,https://x.com/undefined/status/390126967472660480,238523166,,Mobil listrik
390058403256492032,Tue Oct 15 10:15:44 +0000 2013,0,Otomotif - Pesanan Mobil Listrik BMW Capai 8 Ribu Unit http://t.co/h0XbVOGCA1,390058403256492032,,,in,,0,0,2,https://x.com/undefined/status/390058403256492032,88352716,,Mobil listrik
390033672230797313,Tue Oct 15 08:37:28 +0000 2013,0,Ini Manfaat Memakai Mobil Listrik http://t.co/SnXxB6Oq90,390033672230797313,,,in,,0,0,4,https://x.com/undefined/status/390033672230797313,80543284,,Mobil listrik
390033634062639104,Tue Oct 15 08:37:19 +0000 2013,2,Ini Manfaat Memakai Mobil Listrik http://t.co/KAfCax3VxQ via @detikoto,390033634062639104,,,in,,0,4,32,https://x.com/undefined/status/390033634062639104,69183155,,Mobil listrik
390018862218895361,Tue Oct 15 07:38:37 +0000 2013,0,Kalau i3 Laku BMW Tambah Investasi Mobil Listrik http://t.co/OtFK3cpHpK,390018862218895361,,,in,,0,0,1,https://x.com/undefined/status/390018862218895361,118646322,,Mobil listrik
389643809853673472,Mon Oct 14 06:48:18 +0000 2013,0,Era Mobil Listrik Semakin Dekat http://t.co/u2tLx2U7BE Terbaru via @hijaukudotcom: https://t.co/d5UVdVHXcr,389643809853673472,,,in,,0,0,1,https://x.com/undefined/status/389643809853673472,238523166,,Mobil listrik
389643590357364736,Mon Oct 14 06:47:25 +0000 2013,0,Era Mobil Listrik Semakin Dekat | http://t.co/HSyw8JGveQ - Situs Hijau Indonesia http://t.co/TyMfCBH6Jj via @hijaukudotcom,389643590357364736,,,in,,0,0,1,https://x.com/undefined/status/389643590357364736,238523166,,Mobil listrik
389326325086822400,Sun Oct 13 09:46:43 +0000 2013,1,#MitosBaterai 5. Nge-charge di mobil lebih bagus karena listriknya lebih stabil dibanding listrik rumah (FALSE).,389326325086822400,,,in,,0,0,9,https://x.com/undefined/status/389326325086822400,77986275,,Mobil listrik
389028493012393984,Sat Oct 12 14:03:15 +0000 2013,0,Garap lapangan jg?!!! «@detikcom RI-Korsel Garap Kerjasama Energi Mobil Listrik Hingga Pesawat Tempur http://t.co/5drXvM7SOL via»,389028493012393984,,,in,,0,0,3,https://x.com/undefined/status/389028493012393984,290845435,,Mobil listrik
389027130266222592,Sat Oct 12 13:57:50 +0000 2013,7,RI-Korsel Garap Kerjasama Energi Mobil Listrik Hingga Pesawat Tempur http://t.co/Cc9Bz0AIXu via @detikfinance,389027130266222592,,,in,,0,23,109,https://x.com/undefined/status/389027130266222592,69183155,,Mobil listrik
389025101674336256,Sat Oct 12 13:49:46 +0000 2013,0,RI-Korsel Garap Kerjasama Energi Mobil Listrik Hingga Pesawat Tempur http://t.co/CSN9va2Pfi,389025101674336256,,,in,,0,3,7,https://x.com/undefined/status/389025101674336256,135795460,,Mobil listrik
388811184704466944,Fri Oct 11 23:39:44 +0000 2013,0,Toyota Merancang Mobil Listrik Roda Tiga I-Road: PRLM - Pabrikan otomotif Jepang Toyota merancang ke... http://t.co/oS6HXTRx1E,388811184704466944,,,in,,0,0,2,https://x.com/undefined/status/388811184704466944,58880688,,Mobil listrik
388808202453676032,Fri Oct 11 23:27:53 +0000 2013,0,[Otomotif] Toyota Merancang Mobil Listrik Roda Tiga I-Road http://t.co/oS6HXTRx1E,388808202453676032,,,in,,0,0,1,https://x.com/undefined/status/388808202453676032,58880688,,Mobil listrik
388603160190660608,Fri Oct 11 09:53:07 +0000 2013,1,Dukung Mobil Listrik Buatan Dalam Negeri Ini Langkah PLN http://t.co/en7f6fx45y via @detikfinance,388603160190660608,,,in,,0,3,42,https://x.com/undefined/status/388603160190660608,69183155,,Mobil listrik
387418274595487745,Tue Oct 08 03:24:49 +0000 2013,1,Toyota Turunkan Harga Mobil Listrik http://t.co/sDqbIxBZ1H via @detikoto,387418274595487745,,,in,,0,1,21,https://x.com/undefined/status/387418274595487745,69183155,,Mobil listrik
387380621167038465,Tue Oct 08 00:55:11 +0000 2013,4,Mobil Listrik Dahlan Iskan Bikin Penasaran CEO Top Dunia http://t.co/Q74kjqaVaZ http://t.co/CM7MGgIv3H,387380621167038465,,,in,,0,0,14,https://x.com/undefined/status/387380621167038465,47596019,,Mobil listrik
387356673540493312,Mon Oct 07 23:20:02 +0000 2013,0,Mobil Listrik Dahlan Iskan Bikin Penasaran CEO Top Dunia http://t.co/sklWoGPxhU,387356673540493312,,,in,,0,0,6,https://x.com/undefined/status/387356673540493312,47596019,,Mobil listrik
387355164337635329,Mon Oct 07 23:14:02 +0000 2013,0,Mobil Listrik Dahlan Iskan Bikin Penasaran CEO Top Dunia http://t.co/mnt6pqpenn,387355164337635329,,,in,,0,0,4,https://x.com/undefined/status/387355164337635329,47596019,,Mobil listrik
387185612752564224,Mon Oct 07 12:00:18 +0000 2013,0,Sambangi pewarta APEC Dahlan pamer mobil listrik dapat pujian http://t.co/CSo08jAQhd #Riil,387185612752564224,,,in,,0,0,0,https://x.com/undefined/status/387185612752564224,456426648,,Mobil listrik
387157117984976896,Mon Oct 07 10:07:04 +0000 2013,0,Otomotif - 2014 Kia Luncurkan Mobil Listrik Mini http://t.co/0ckeLWW0yw,387157117984976896,,,in,,0,0,0,https://x.com/undefined/status/387157117984976896,88352716,,Mobil listrik
387115989701120000,Mon Oct 07 07:23:38 +0000 2013,0,14.22: Imbas kecelakaan mobil box menabrak tiang listrik di jln KH Mas Mansyur Jakpus lalu lintas macet arah Tnh Abang | (P. Joni) #Jkt,387115989701120000,,,in,,0,0,2,https://x.com/undefined/status/387115989701120000,121640063,,Mobil listrik
387110698313990145,Mon Oct 07 07:02:37 +0000 2013,0,14.00 Kabel listrik putus dpn Polda Kalbar akibat ditabrak mobil kontainer http://t.co/jwIBJBdwre foto: @HarisCaesaria,387110698313990145,https://pbs.twimg.com/media/BV9JqrnCcAAX07W.jpg,,in,,0,0,11,https://x.com/undefined/status/387110698313990145,124892829,,Mobil listrik
387090181318127616,Mon Oct 07 05:41:05 +0000 2013,0,Sahabat masih ingat kabar ini: Juni 2012 Produksi Mobil Listrik Massal Dimulai di Indonesia via http://t.co/9vcWmkmt7R,387090181318127616,,,in,,0,0,4,https://x.com/undefined/status/387090181318127616,36904795,,Mobil listrik
387087995108466688,Mon Oct 07 05:32:24 +0000 2013,0,Formula E bisa mengubah cara pandang masyarakat terhadap mobil listrik. http://t.co/zQC51NJ4me,387087995108466688,,,in,,0,1,0,https://x.com/undefined/status/387087995108466688,36904795,,Mobil listrik
386821180335718400,Sun Oct 06 11:52:10 +0000 2013,2,Mobil Listrik di Perhelatan APEC http://t.co/ZwOTe5OTfI via @detik_tv,386821180335718400,,,in,,0,3,37,https://x.com/undefined/status/386821180335718400,69183155,,Mobil listrik
386817678368702464,Sun Oct 06 11:38:15 +0000 2013,0,#Apec2013 Mobil Listrik di Perhelatan APEC http://t.co/9EVq0crbRn,386817678368702464,,,in,,0,0,7,https://x.com/undefined/status/386817678368702464,80543284,,Mobil listrik
386817366320893952,Sun Oct 06 11:37:01 +0000 2013,2,#Apec2013 Mobil Listrik di Perhelatan APEC http://t.co/JsWSV6rZpv via @detikoto,386817366320893952,,,in,,0,2,40,https://x.com/undefined/status/386817366320893952,69183155,,Mobil listrik
386758113116053504,Sun Oct 06 07:41:34 +0000 2013,7,Juga mobil listrik Gendhis karya anak bangsa ini yg sdh tiba di Bali utk dipamerkan di APEC http://t.co/6CTziVNN3U,386758113116053504,,,in,,0,3,70,https://x.com/undefined/status/386758113116053504,39677695,,Mobil listrik
386757746311585792,Sun Oct 06 07:40:06 +0000 2013,5,Sblmnya mobil listrik Selo karya anak bangsa sdh tiba di Bali utk dipamerkan di APEC 2013 http://t.co/ExYjNylTeE,386757746311585792,,,in,,0,9,106,https://x.com/undefined/status/386757746311585792,39677695,,Mobil listrik
386713447326429184,Sun Oct 06 04:44:05 +0000 2013,0,Video: Stasiun Pengisian Mobil Listrik Dukung KTT APEC http://t.co/dapWCVbevf,386713447326429184,,,in,,0,0,2,https://x.com/undefined/status/386713447326429184,47596019,,Mobil listrik
386506044836294657,Sat Oct 05 14:59:56 +0000 2013,3,[Video] Korsleting Listrik Sebuah Mobil Hangus Terbakar http://t.co/cyUZENFXtb,386506044836294657,,,in,,0,0,10,https://x.com/undefined/status/386506044836294657,55507370,,Mobil listrik
386409440255029248,Sat Oct 05 08:36:04 +0000 2013,1,Video: Stasiun Pengisian Mobil Listrik Dukung KTT APEC http://t.co/w6nwqZnPWZ,386409440255029248,,,in,,0,1,0,https://x.com/undefined/status/386409440255029248,47596019,,Mobil listrik
386369180083040256,Sat Oct 05 05:56:05 +0000 2013,0,[VIDEO] Stasiun Bahan Bakar Mobil Listrik Warnai KTT APEC http://t.co/dBArqdv4k0,386369180083040256,,,in,,0,0,1,https://x.com/undefined/status/386369180083040256,47596019,,Mobil listrik
386350807412527104,Sat Oct 05 04:43:05 +0000 2013,1,KTT APEC 2013: BRI Salurkan Kredit Produksi Mobil Listrik http://t.co/SeGwdpgyfR,386350807412527104,,,in,,0,0,1,https://x.com/undefined/status/386350807412527104,118646322,,Mobil listrik
429633392666083331,Sat Feb 01 15:12:37 +0000 2014,0,Sebelum tidur harap periksa kembali pagar motor jendela pintu listrik kompor dll. Waspada pencurian &amp; kebakaran. Selamat beristirahat!,429633392666083331,,,in,,0,0,3,https://x.com/undefined/status/429633392666083331,445183062,,Motor listrik
428867892516356096,Thu Jan 30 12:30:48 +0000 2014,3,Motor Listrik Brammo Serbu Inggris http://t.co/goh3XJHLaS via @detikoto,428867892516356096,,,in,,0,1,13,https://x.com/undefined/status/428867892516356096,69183155,,Motor listrik
428864076832194560,Thu Jan 30 12:15:38 +0000 2014,1,Motor Listrik Brammo Serbu Inggris http://t.co/U6IKiNJkjD,428864076832194560,,,in,,0,0,6,https://x.com/undefined/status/428864076832194560,80543284,,Motor listrik
428026830139179008,Tue Jan 28 04:48:43 +0000 2014,2,Selamat gajian ya. Jgn lupa bayar kost-an cicilan motor zakat pajak listrik air bon warteg utang pulsa dan lain2.,428026830139179008,,,in,,0,6,54,https://x.com/undefined/status/428026830139179008,191798619,,Motor listrik
426142605626601472,Thu Jan 23 00:01:29 +0000 2014,0,Mau bayar kode booking pesawat? Bayar listrik bahkan cicilan motor? Yuuk follow @alfamidi_ku untuk info lebih lengkapnya.,426142605626601472,,,in,,0,0,0,https://x.com/undefined/status/426142605626601472,246879632,,Motor listrik
424209110620323840,Fri Jan 17 15:58:28 +0000 2014,0,Sebelum tidur harap periksa kembali pagar motor jendela pintu listrik kompor dll. Waspada pencurian &amp; kebakaran. Selamat beristirahat!,424209110620323840,,,in,,0,0,7,https://x.com/undefined/status/424209110620323840,445183062,,Motor listrik
424066096107249664,Fri Jan 17 06:30:10 +0000 2014,4,[Video] Sebuah Tiang Listrik Timpa pengendara Motor Hingga Tewas http://t.co/oVbpqLWB6m,424066096107249664,,,in,,0,1,6,https://x.com/undefined/status/424066096107249664,55507370,,Motor listrik
424035240567255042,Fri Jan 17 04:27:34 +0000 2014,1,Dua Pengendara Motor Tewas Tertimpa Tiang Listrik http://t.co/eZoZb0RnmR,424035240567255042,,,in,,0,2,6,https://x.com/undefined/status/424035240567255042,57261519,,Motor listrik
424033727899893760,Fri Jan 17 04:21:33 +0000 2014,1,Dua Pengendara Motor Tewas Tertimpa Tiang Listrik http://t.co/tEPQraaPPM,424033727899893760,,,in,,0,0,0,https://x.com/undefined/status/424033727899893760,68930552,,Motor listrik
424030197751373824,Fri Jan 17 04:07:31 +0000 2014,1,Dua Pengendara Motor Tewas Tertimpa Tiang Listrik http://t.co/fz4c9Ga7zU,424030197751373824,,,in,,0,0,2,https://x.com/undefined/status/424030197751373824,22126902,,Motor listrik
424029745513132032,Fri Jan 17 04:05:44 +0000 2014,7,[Video] Sebuah Tiang Listrik Menimpa Pengendara Motor Hingga Tewas http://t.co/EoWz6NjVl6,424029745513132032,,,in,,0,4,8,https://x.com/undefined/status/424029745513132032,55507370,,Motor listrik
423318952778158080,Wed Jan 15 05:01:17 +0000 2014,0,Bayar listrik isi pulsa bayar kode booking pesawat bayar cicilan motor &amp; pesan tiket kereta SEMUA BISA di Alfamidi http://t.co/KwejOPVmIu,423318952778158080,,,in,,0,0,0,https://x.com/undefined/status/423318952778158080,289267785,,Motor listrik
422377677626937344,Sun Jan 12 14:41:00 +0000 2014,0,Sebelum tidur harap periksa kembali pagar motor jendela pintu listrik kompor dll. Waspada pencurian &amp; kebakaran. Selamat beristirahat!,422377677626937344,,,in,,0,0,7,https://x.com/undefined/status/422377677626937344,445183062,,Motor listrik
421195894780743680,Thu Jan 09 08:25:01 +0000 2014,1,4. Motor listrik rusak. Mintalah bantuan bengkel dinamo untuk memperbaiki kerusakaan motor listrik tersebut. #ToyotaTips,421195894780743680,,,in,,0,0,0,https://x.com/undefined/status/421195894780743680,64310527,,Motor listrik
420943464079966208,Wed Jan 08 15:41:57 +0000 2014,0,Sebelum tidur harap periksa kembali pagar motor jendela pintu listrik kompor dll. Waspada pencurian &amp; kebakaran. Selamat beristirahat!,420943464079966208,,,in,,0,0,4,https://x.com/undefined/status/420943464079966208,445183062,,Motor listrik
419740300899549184,Sun Jan 05 08:01:00 +0000 2014,0,Mau bayar kode booking pesawat? Bayar listrik bahkan cicilan motor? Yuuk follow @alfamidi_ku utk info lebih lengkapnya!,419740300899549184,,,in,,0,0,0,https://x.com/undefined/status/419740300899549184,246879632,,Motor listrik
419030686897831936,Fri Jan 03 09:01:15 +0000 2014,5,Mau bayar kode booking pesawat? Bayar listrik bahkan cicilan motor? Yuuk follow @alfamidi_ku untuk info lebih lengkapnya.,419030686897831936,,,in,,0,0,9,https://x.com/undefined/status/419030686897831936,140051054,,Motor listrik
418964721308426240,Fri Jan 03 04:39:08 +0000 2014,0,Ini Dia Motor Listrik Terbaik 2013 http://t.co/ooKt9cp5az (HalloRiau),418964721308426240,,,in,,0,0,1,https://x.com/undefined/status/418964721308426240,172425532,,Motor listrik
418730773571592192,Thu Jan 02 13:09:30 +0000 2014,3,Motor Listrik Terbaik Tahun 2013 http://t.co/9xgcpsY9nU via @detikoto,418730773571592192,,,in,,0,0,19,https://x.com/undefined/status/418730773571592192,69183155,,Motor listrik
418721592810565632,Thu Jan 02 12:33:01 +0000 2014,1,Motor Listrik Terbaik Tahun 2013 http://t.co/OANuNkQZtQ,418721592810565632,,,in,,0,0,6,https://x.com/undefined/status/418721592810565632,80543284,,Motor listrik
418607842363731969,Thu Jan 02 05:01:01 +0000 2014,0,Mau Bayar Listrik?Bayar Kode Booking Pesawat?Pesan Tiket Kereta Api?Bahkan mw bayar cicilan motor?Ke Alfamidi Lawson &amp; Alfaexpress aja :D,418607842363731969,,,in,,0,0,1,https://x.com/undefined/status/418607842363731969,289267785,,Motor listrik
417128256975159297,Sun Dec 29 03:01:40 +0000 2013,0,Mahasiswa D3 Teknik Mesin ITS menciptakan 2 sepeda motor ramah lingkungan yang berbahan bakar gas &amp; listrik. http://t.co/aA3SS0nbUZ #InfoSby,417128256975159297,,,in,,0,0,23,https://x.com/undefined/status/417128256975159297,100712680,,Motor listrik
416206478651842560,Thu Dec 26 13:58:51 +0000 2013,0,Bantu om LHI &gt; @asopfian: Ban motor gw kempes om minta di RT @fadjroeL: Bantu om LHI #eh @pln_123 RT @pkspiyungan: Listrik mati saudara2,416206478651842560,,,in,,0,0,0,https://x.com/undefined/status/416206478651842560,18158130,,Motor listrik
414071378799640577,Fri Dec 20 16:34:44 +0000 2013,0,Sebelum tidur harap periksa kembali pagar motor jendela pintu listrik kompor dll. Waspada pencurian &amp; kebakaran. Selamat beristirahat!,414071378799640577,,,in,,0,0,3,https://x.com/undefined/status/414071378799640577,445183062,,Motor listrik
413263189782966272,Wed Dec 18 11:03:17 +0000 2013,0,Pengemudi Innova Penabrak Gardu Listrik dan Motor Diduga Hilang Kendali http://t.co/xeEBNdIg4m,413263189782966272,,,in,,0,0,0,https://x.com/undefined/status/413263189782966272,154102750,,Motor listrik
413122018133823489,Wed Dec 18 01:42:19 +0000 2013,0,Mahasiswa ITS Ciptakan Sepeda Motor Gas dan Listrik http://t.co/f7tQU6J8OR,413122018133823489,,,in,,0,0,0,https://x.com/undefined/status/413122018133823489,306613537,,Motor listrik
412986949696122880,Tue Dec 17 16:45:36 +0000 2013,1,Innova Tabrak Gardu Listrik dan 3 Motor di Ciledug Raya http://t.co/K0jl7f5E21,412986949696122880,,,in,,0,1,8,https://x.com/undefined/status/412986949696122880,154102750,,Motor listrik
412978437863665664,Tue Dec 17 16:11:47 +0000 2013,0,Tribun Jakarta Sebelum Seruduk Pengendara Motor Innova Tabrak Gardu Listrik Hingga Mel... http://t.co/vXLSQuLdV7 http://t.co/GxdpCGgad9,412978437863665664,,,in,,0,0,0,https://x.com/undefined/status/412978437863665664,124171593,,Motor listrik
412971800323043328,Tue Dec 17 15:45:24 +0000 2013,0,Sebelum Seruduk Pengendara Motor Innova Tabrak Gardu Listrik Hingga Meledak - Tribun Jakarta http://t.co/mQ5cP6rir3 via @tribunnews,412971800323043328,,,in,,0,0,8,https://x.com/undefined/status/412971800323043328,124171593,,Motor listrik
412518727989485568,Mon Dec 16 09:45:03 +0000 2013,0,Mahasiswa ITS Ciptakan Sepeda Motor Gas dan Listrik http://t.co/f7tQU6J8OR,412518727989485568,,,in,,0,0,3,https://x.com/undefined/status/412518727989485568,306613537,,Motor listrik
412507568142319616,Mon Dec 16 09:00:42 +0000 2013,0,Mahasiswa ITS Ciptakan Sepeda Motor Gas dan Listrik http://t.co/ilocM1Lbab,412507568142319616,,,in,,0,0,4,https://x.com/undefined/status/412507568142319616,306613537,,Motor listrik
412395222404841473,Mon Dec 16 01:34:17 +0000 2013,0,Repotnya Daus Mini saat mengasuh anaknya serta kisah Daus Mini dengan motor listrik kesayanganya selengkapnya di SILET pkl 11.00 wib,412395222404841473,,,in,,0,3,9,https://x.com/undefined/status/412395222404841473,372106351,,Motor listrik
411873321291354112,Sat Dec 14 15:00:26 +0000 2013,0,Mahasiswa ITS Ciptakan Sepeda Motor Gas dan Listrik http://t.co/zGtQNOsa3X,411873321291354112,,,in,,0,1,8,https://x.com/undefined/status/411873321291354112,306613537,,Motor listrik
411782905237876736,Sat Dec 14 09:01:09 +0000 2013,0,Mahasiswa ITS Ciptakan Sepeda Motor Gas dan Listrik http://t.co/8wRssM51bz,411782905237876736,,,in,,0,0,6,https://x.com/undefined/status/411782905237876736,306613537,,Motor listrik
411675180734246912,Sat Dec 14 01:53:06 +0000 2013,0,Voxan Wattman - Jawara Motor Listrik Asal Perancis http://t.co/rMynulcpO2 via @TalkMen_com,411675180734246912,,,in,,0,0,0,https://x.com/undefined/status/411675180734246912,17588443,,Motor listrik
411616757808656384,Fri Dec 13 22:00:57 +0000 2013,0,New Post: Mahasiswa ITS Ciptakan Sepeda Motor Gas dan Listrik http://t.co/Gj5CvA65zA,411616757808656384,,,in,,0,0,2,https://x.com/undefined/status/411616757808656384,306613537,,Motor listrik
411483033993084928,Fri Dec 13 13:09:34 +0000 2013,0,#ITSnet Mahasiswa ITS Ciptakan Sepeda Motor Gas dan Listrik http://t.co/xoNUSH9SrX,411483033993084928,,,in,,0,0,3,https://x.com/undefined/status/411483033993084928,306613537,,Motor listrik
411481265515548672,Fri Dec 13 13:02:33 +0000 2013,0,Mahasiswa ITS Ciptakan Sepeda Motor Gas dan Listrik http://t.co/UjRFvOuYE1 #itsnet,411481265515548672,,,in,,0,0,5,https://x.com/undefined/status/411481265515548672,306613537,,Motor listrik
411480857732321280,Fri Dec 13 13:00:56 +0000 2013,0,Mahasiswa ITS Ciptakan Sepeda Motor Gas dan Listrik http://t.co/IYyaX9lVGF,411480857732321280,,,in,,0,0,6,https://x.com/undefined/status/411480857732321280,306613537,,Motor listrik
411425613397102592,Fri Dec 13 09:21:24 +0000 2013,0,Mahasiswa ITS menciptakan sepeda motor ramah lingkungan berbahan bakar gas dan listrik. http://t.co/dNHaipWc3W #InfoSby,411425613397102592,,,in,,0,1,19,https://x.com/undefined/status/411425613397102592,100712680,,Motor listrik
397753501301743616,Tue Nov 05 15:53:19 +0000 2013,0,Sebelum tidur harap periksa kembali pagar motor jendela pintu listrik kompor dll. Waspada pencurian &amp; kebakaran. Selamat beristirahat!,397753501301743616,,,in,,0,0,3,https://x.com/undefined/status/397753501301743616,445183062,,Motor listrik
396444324679782400,Sat Nov 02 01:11:07 +0000 2013,0,Ford Motor Tarik 2.618 Sedan Focus Tenaga Listrik http://t.co/aoPZwpyXzp,396444324679782400,,,in,,0,0,0,https://x.com/undefined/status/396444324679782400,118646322,,Motor listrik
395410346241835008,Wed Oct 30 04:42:27 +0000 2013,1,Pohon Tumbang Rusak Motor dan Putuskan Kabel Listrik http://t.co/MtNNwOWumq,395410346241835008,,,in,,0,0,6,https://x.com/undefined/status/395410346241835008,57261519,,Motor listrik
395211751286784000,Tue Oct 29 15:33:18 +0000 2013,0,Sebelum tidur harap periksa kembali pagar motor jendela pintu listrik kompor dll. Waspada pencurian &amp; kebakaran. Selamat beristirahat!,395211751286784000,,,in,,0,0,6,https://x.com/undefined/status/395211751286784000,445183062,,Motor listrik
394378120590942208,Sun Oct 27 08:20:45 +0000 2013,0,15.17: Kecelakaan pengendara motor menabrak tiang listrik di jln Latumeten Grogol dekat Season City korban meninggal dilokasi |(P.Yanto),394378120590942208,,,in,,0,0,1,https://x.com/undefined/status/394378120590942208,121640063,,Motor listrik
393405614593818624,Thu Oct 24 15:56:22 +0000 2013,0,Sebelum tidur harap periksa kembali pagar motor jendela pintu listrik kompor dll. Waspada pencurian &amp; kebakaran. Selamat beristirahat!,393405614593818624,,,in,,0,0,7,https://x.com/undefined/status/393405614593818624,445183062,,Motor listrik
393229249123205120,Thu Oct 24 04:15:33 +0000 2013,0,2. Amati pula kondisi kaca saat naik turun. Jika lambat naik bisa jadi motor listrik pemutar engkol lemah. #DaihatsuTips,393229249123205120,,,in,,0,0,3,https://x.com/undefined/status/393229249123205120,86864472,,Motor listrik
392788418825965569,Tue Oct 22 23:03:51 +0000 2013,1,Motor Listrik ini Mampu Dipacu hingga 240 Km/Jam http://t.co/SQu1mYvLGE,392788418825965569,,,in,,0,3,21,https://x.com/undefined/status/392788418825965569,57261519,,Motor listrik
392674786209316864,Tue Oct 22 15:32:19 +0000 2013,0,Sebelum tidur harap periksa kembali pagar motor jendela pintu listrik kompor dll. Waspada pencurian &amp; kebakaran. Selamat beristirahat!,392674786209316864,,,in,,0,0,1,https://x.com/undefined/status/392674786209316864,445183062,,Motor listrik
392218711844593664,Mon Oct 21 09:20:02 +0000 2013,0,Ngebut naik motor pelajar tabrak tiang listrik sampai tewas http://t.co/P0bMMlliHI #Peristiwa,392218711844593664,,,in,,0,0,0,https://x.com/undefined/status/392218711844593664,456426648,,Motor listrik
391778636572786689,Sun Oct 20 04:11:20 +0000 2013,0,#EkspedisiSabangMerauke: Tidak ada polusi udara dan suara di Agats karena hanya ada sepeda motor listrik. #Agats,391778636572786689,,,in,,0,0,2,https://x.com/undefined/status/391778636572786689,255866913,,Motor listrik
391755644778196993,Sun Oct 20 02:39:58 +0000 2013,0,#EkspedisiSabangMerauke: Keberadaan sepeda motor listrik baru sekitar 2 tahun yang lalu. #Agats,391755644778196993,,,in,,0,0,3,https://x.com/undefined/status/391755644778196993,255866913,,Motor listrik
391751352583348224,Sun Oct 20 02:22:55 +0000 2013,1,#EkspedisiSabangMerauke: Keberadaan sepeda motor listrik di Agats Kabupaten Asmat baru sekitar 2 tahun yang lalu. #Agats,391751352583348224,,,in,,0,1,0,https://x.com/undefined/status/391751352583348224,255866913,,Motor listrik
391719251301498881,Sun Oct 20 00:15:21 +0000 2013,0,#EkspedisiSabangMerauke : Untuk aktivitas bepergian warga Asmat menggunakan sepeda dan motor listrik. #Asmat,391719251301498881,,,in,,0,0,3,https://x.com/undefined/status/391719251301498881,255866913,,Motor listrik
390446846784454656,Wed Oct 16 11:59:17 +0000 2013,0,Motor Listrik yang Lebih Murah dari Harley Davidson http://t.co/K7YGwbHbEl,390446846784454656,,,in,,0,0,3,https://x.com/undefined/status/390446846784454656,36904795,,Motor listrik
389402383077216256,Sun Oct 13 14:48:57 +0000 2013,1,Sebelum tidur harap periksa kembali pagar motor jendela pintu listrik kompor dll. Waspada pencurian &amp; kebakaran. Selamat beristirahat!,389402383077216256,,,in,,0,0,8,https://x.com/undefined/status/389402383077216256,445183062,,Motor listrik
388684112648601600,Fri Oct 11 15:14:48 +0000 2013,0,Sebelum tidur harap periksa kembali pagar motor jendela pintu listrik kompor dll. Waspada pencurian &amp; kebakaran. Selamat beristirahat!,388684112648601600,,,in,,0,0,7,https://x.com/undefined/status/388684112648601600,445183062,,Motor listrik
388551594041540608,Fri Oct 11 06:28:13 +0000 2013,2,Ini 3 Model Motor Listrik Trail Terbaru http://t.co/n1vhxUuml0 via @detikoto,388551594041540608,,,in,,0,0,16,https://x.com/undefined/status/388551594041540608,69183155,,Motor listrik
388548252087222272,Fri Oct 11 06:14:56 +0000 2013,1,Ini 3 Model Motor Listrik Trail Terbaru http://t.co/Mpcm33orD6,388548252087222272,,,in,,0,0,0,https://x.com/undefined/status/388548252087222272,80543284,,Motor listrik
388343217826963456,Thu Oct 10 16:40:12 +0000 2013,0,Kepolisian Los Angeles sedang menguji coba motor listrik untuk motor operasional mereka. Seperti apa? http://t.co/K7YGwbHbEl,388343217826963456,,,in,,0,0,2,https://x.com/undefined/status/388343217826963456,36904795,,Motor listrik
388238449276239872,Thu Oct 10 09:43:54 +0000 2013,0,Los Angeles Police Department (LAPD) sedang menguji coba dua tipe sepeda motor listrik. http://t.co/K7YGwbHbEl,388238449276239872,,,in,,0,0,1,https://x.com/undefined/status/388238449276239872,36904795,,Motor listrik
388162019267854336,Thu Oct 10 04:40:11 +0000 2013,1,Motor listrik yg lebih murah daripada Harley Davidson? Cara baru berkendara Hijau http://t.co/K7YGwbHbEl,388162019267854336,,,in,,0,1,6,https://x.com/undefined/status/388162019267854336,36904795,,Motor listrik
387608414945148928,Tue Oct 08 16:00:22 +0000 2013,0,Sebelum tidur harap periksa kembali pagar motor jendela pintu listrik kompor dll. Waspada pencurian &amp; kebakaran. Selamat beristirahat!,387608414945148928,,,in,,0,0,5,https://x.com/undefined/status/387608414945148928,445183062,,Motor listrik
387241743805976576,Mon Oct 07 15:43:20 +0000 2013,0,Sebelum tidur harap periksa kembali pagar motor jendela pintu listrik kompor dll. Waspada pencurian &amp; kebakaran. Selamat beristirahat!,387241743805976576,,,in,,0,2,7,https://x.com/undefined/status/387241743805976576,445183062,,Motor listrik
387119474932850688,Mon Oct 07 07:37:29 +0000 2013,2,Ini Motor Listrik Pengaman APEC 2013 http://t.co/deqCe7MZ69,387119474932850688,,,in,,0,1,11,https://x.com/undefined/status/387119474932850688,57261519,,Motor listrik
387110251503169536,Mon Oct 07 07:00:50 +0000 2013,0,METRO TV NEWS | LIPSUS APEC 2013 - Ini Motor Listrik Pengaman APEC 2013 http://t.co/EYJBjD0p37,387110251503169536,,,in,,0,0,1,https://x.com/undefined/status/387110251503169536,57261519,,Motor listrik
386877207680782336,Sun Oct 06 15:34:48 +0000 2013,0,Sebelum tidur harap periksa kembali pagar motor jendela pintu listrik kompor dll. Waspada pencurian &amp; kebakaran. Selamat beristirahat!,386877207680782336,,,in,,0,0,12,https://x.com/undefined/status/386877207680782336,445183062,,Motor listrik
385829090105651200,Thu Oct 03 18:09:58 +0000 2013,0,Sebelum tidur harap periksa kembali pagar motor jendela pintu listrik kompor dll. Waspada pencurian &amp; kebakaran. Selamat beristirahat!,385829090105651200,,,in,,0,0,4,https://x.com/undefined/status/385829090105651200,445183062,,Motor listrik
385062120963837952,Tue Oct 01 15:22:18 +0000 2013,0,disini ada listrik sinyal 3G+ toko setara indomaret ada amoy pulau babi motor tanpa helm 3 mobil taman wifi jembatan cinta dll :))),385062120963837952,,,in,,0,0,2,https://x.com/undefined/status/385062120963837952,46058909,,Motor listrik
385040848024399872,Tue Oct 01 13:57:46 +0000 2013,0,Sebelum tidur harap periksa kembali pagar motor jendela pintu listrik kompor dll. Waspada pencurian &amp; kebakaran. Selamat beristirahat!,385040848024399872,,,in,,0,0,5,https://x.com/undefined/status/385040848024399872,445183062,,Motor listrik
384350998006755328,Sun Sep 29 16:16:33 +0000 2013,0,Sebelum tidur harap periksa kembali pagar motor jendela pintu listrik kompor dll. Waspada pencurian &amp; kebakaran. Selamat beristirahat!,384350998006755328,,,in,,0,0,3,https://x.com/undefined/status/384350998006755328,445183062,,Motor listrik
384190313750745088,Sun Sep 29 05:38:03 +0000 2013,1,Siang LOLs.. Udah pada gajian? Jangan lupa bayar kontrakan listrik air cicilan motor pulsa utang sm bon di warteg.,384190313750745088,,,in,,0,13,22,https://x.com/undefined/status/384190313750745088,191798619,,Motor listrik
382536004055216128,Tue Sep 24 16:04:25 +0000 2013,0,Sebelum tidur harap periksa kembali pagar motor jendela pintu listrik kompor dll. Waspada pencurian &amp; kebakaran. Selamat beristirahat!,382536004055216128,,,in,,0,0,1,https://x.com/undefined/status/382536004055216128,445183062,,Motor listrik
381800605376716800,Sun Sep 22 15:22:12 +0000 2013,0,Sebelum tidur harap periksa kembali pagar motor jendela pintu listrik kompor dll. Waspada pencurian &amp; kebakaran. Selamat beristirahat!,381800605376716800,,,in,,0,0,4,https://x.com/undefined/status/381800605376716800,445183062,,Motor listrik
381418699581698048,Sat Sep 21 14:04:39 +0000 2013,0,21.04: Pohon tumbang menimpa kabel listrik di Rt01/Rw06 Ds Jampang Kec Kemang Kab Bogor Jabar belakang showroom motor Yamaha | (P. Iwan),381418699581698048,,,in,,0,0,0,https://x.com/undefined/status/381418699581698048,121640063,,Motor listrik
380364461036429313,Wed Sep 18 16:15:29 +0000 2013,0,Sebelum tidur harap periksa kembali pagar motor jendela pintu listrik kompor dll. Waspada pencurian &amp; kebakaran. Selamat beristirahat!,380364461036429313,,,in,,0,2,1,https://x.com/undefined/status/380364461036429313,445183062,,Motor listrik
379652823211732992,Mon Sep 16 17:07:41 +0000 2013,0,Sebelum tidur harap periksa kembali pagar motor jendela pintu listrik kompor dll. Waspada pencurian &amp; kebakaran. Selamat beristirahat!,379652823211732992,,,in,,0,0,1,https://x.com/undefined/status/379652823211732992,445183062,,Motor listrik
379297545739964416,Sun Sep 15 17:35:56 +0000 2013,0,Sebelum tidur harap periksa kembali pagar motor jendela pintu listrik kompor dll. Waspada pencurian &amp; kebakaran. Selamat beristirahat!,379297545739964416,,,in,,0,0,3,https://x.com/undefined/status/379297545739964416,445183062,,Motor listrik
378530571661496320,Fri Sep 13 14:48:15 +0000 2013,0,Sebelum tidur harap periksa kembali pagar motor jendela pintu listrik kompor dll. Waspada pencurian &amp; kebakaran. Selamat beristirahat!,378530571661496320,,,in,,0,0,7,https://x.com/undefined/status/378530571661496320,445183062,,Motor listrik
378415315971235840,Fri Sep 13 07:10:16 +0000 2013,1,2. Hindari banjir. Motor listrik dipasang langsung pada as setir bisa rusak jika terendam air.,378415315971235840,,,in,,0,0,4,https://x.com/undefined/status/378415315971235840,86864472,,Motor listrik
378162211589349377,Thu Sep 12 14:24:31 +0000 2013,0,FOTO: Mobil Listrik yang Hadir di Frankfurt Motor Show http://t.co/FWJOg1NR3S,378162211589349377,,,de,,0,1,0,https://x.com/undefined/status/378162211589349377,18129942,,Motor listrik
377093017624006656,Mon Sep 09 15:35:56 +0000 2013,0,Sebelum tidur harap periksa kembali pagar motor jendela pintu listrik kompor dll. Waspada pencurian &amp; kebakaran. Selamat beristirahat!,377093017624006656,,,in,,0,0,4,https://x.com/undefined/status/377093017624006656,445183062,,Motor listrik
375653527940395009,Thu Sep 05 16:15:55 +0000 2013,0,Sebelum tidur harap periksa kembali pagar motor jendela pintu listrik kompor dll. Waspada pencurian &amp; kebakaran. Selamat beristirahat!,375653527940395009,,,in,,0,0,3,https://x.com/undefined/status/375653527940395009,445183062,,Motor listrik
375634413821775872,Thu Sep 05 14:59:57 +0000 2013,0,[Tanya] beli motor sepeda (sepeda listrik) dimana ya di Pekanbaru. Makasih. - @ikarrd,375634413821775872,,,in,,0,2,0,https://x.com/undefined/status/375634413821775872,168590064,,Motor listrik
375278474610483200,Wed Sep 04 15:25:35 +0000 2013,0,22.23: Macet imbas Pengendara spd motor menabrak tiang listrik di TL Kelapa Dua Jl. Raya Panjang dari arah Permata Hijau ke Joglo Jakbar.,375278474610483200,,,in,,0,1,0,https://x.com/undefined/status/375278474610483200,121640063,,Motor listrik
375268814302113792,Wed Sep 04 14:47:12 +0000 2013,0,21.46: Pengendara spd motor menabrak tiang listrik di TL Kelapa Dua Jl. Raya Panjang dari arah Permata Hijau ke Joglo Jakbar (P. Gufron),375268814302113792,,,in,,0,0,1,https://x.com/undefined/status/375268814302113792,121640063,,Motor listrik
375123527373828096,Wed Sep 04 05:09:53 +0000 2013,4,Harley Ingin Motor Kecil dan Motor Listrik http://t.co/9Dv5gk9HN0 via @detikoto,375123527373828096,,,in,,0,0,13,https://x.com/undefined/status/375123527373828096,69183155,,Motor listrik
375114834984972288,Wed Sep 04 04:35:20 +0000 2013,1,Harley Ingin Motor Kecil dan Motor Listrik http://t.co/EMCIbfbFvV,375114834984972288,,,in,,0,0,2,https://x.com/undefined/status/375114834984972288,80543284,,Motor listrik
375111248855040000,Wed Sep 04 04:21:05 +0000 2013,0,Syarat mudah proses cepat. Cukup KTP KK dan Rek Listrik sudah bisa bawa motor Yamaha. Ayoo ke @rapak_motor KM 01,375111248855040000,,,in,,0,0,0,https://x.com/undefined/status/375111248855040000,389557442,,Motor listrik
374929201175883776,Tue Sep 03 16:17:42 +0000 2013,1,Sebelum tidur harap periksa kembali pagar motor jendela pintu listrik kompor dll. Waspada pencurian &amp; kebakaran. Selamat beristirahat!,374929201175883776,,,in,,0,1,4,https://x.com/undefined/status/374929201175883776,445183062,,Motor listrik
374861274988830720,Tue Sep 03 11:47:47 +0000 2013,0,Harley Davidson Motor Listrik Akan Segera Hadir http://t.co/0VMGIG4JJb,374861274988830720,,,in,,0,0,1,https://x.com/undefined/status/374861274988830720,17588443,,Motor listrik
374748748477235200,Tue Sep 03 04:20:38 +0000 2013,0,Syarat mudah proses cepat. Cukup KTP KK dan Rek Listrik sudah bisa bawa motor Yamaha. Ayoo ke @rapak_motor KM 01,374748748477235200,,,in,,0,0,0,https://x.com/undefined/status/374748748477235200,389557442,,Motor listrik
374701810549653504,Tue Sep 03 01:14:07 +0000 2013,0,PERANCANGAN MEKANIK MESIN POLES UNTUK PROSES METALOGRAFI BAHAN MENGGUNAKAN MOTOR LISTRIK http://t.co/rGh4bzFDpF,374701810549653504,,,in,,0,0,3,https://x.com/undefined/status/374701810549653504,306613537,,Motor listrik
374024096306438145,Sun Sep 01 04:21:08 +0000 2013,1,Syarat mudah proses cepat. Cukup KTP KK dan Rek Listrik sudah bisa bawa motor Yamaha. Ayoo ke @rapak_motor KM 01,374024096306438145,,,in,,0,0,0,https://x.com/undefined/status/374024096306438145,389557442,,Motor listrik
373661596158922754,Sat Aug 31 04:20:41 +0000 2013,0,Syarat mudah proses cepat. Cukup KTP KK dan Rek Listrik sudah bisa bawa motor Yamaha. Ayoo ke @rapak_motor KM 01,373661596158922754,,,in,,0,0,0,https://x.com/undefined/status/373661596158922754,389557442,,Motor listrik
373299145286496256,Fri Aug 30 04:20:26 +0000 2013,0,Syarat mudah proses cepat. Cukup KTP KK dan Rek Listrik sudah bisa bawa motor Yamaha. Ayoo ke @rapak_motor KM 01,373299145286496256,,,in,,0,1,0,https://x.com/undefined/status/373299145286496256,389557442,,Motor listrik
372936910693343233,Thu Aug 29 04:21:03 +0000 2013,0,Syarat mudah proses cepat. Cukup KTP KK dan Rek Listrik sudah bisa bawa motor Yamaha. Ayoo ke @rapak_motor KM 01,372936910693343233,,,in,,0,0,0,https://x.com/undefined/status/372936910693343233,389557442,,Motor listrik
372574440476778496,Wed Aug 28 04:20:43 +0000 2013,0,Syarat mudah proses cepat. Cukup KTP KK dan Rek Listrik sudah bisa bawa motor Yamaha. Ayoo ke @rapak_motor KM 01,372574440476778496,,,in,,0,0,0,https://x.com/undefined/status/372574440476778496,389557442,,Motor listrik
372211987653984256,Tue Aug 27 04:20:27 +0000 2013,0,Syarat mudah proses cepat. Cukup KTP KK dan Rek Listrik sudah bisa bawa motor Yamaha. Ayoo ke @rapak_motor KM 01,372211987653984256,,,in,,0,0,0,https://x.com/undefined/status/372211987653984256,389557442,,Motor listrik
372027162653511680,Mon Aug 26 16:06:02 +0000 2013,0,Sebelum tidur harap periksa kembali pagar motor jendela pintu listrik kompor dll. Waspada pencurian &amp; kebakaran. Selamat beristirahat!,372027162653511680,,,in,,0,0,2,https://x.com/undefined/status/372027162653511680,445183062,,Motor listrik
371849624983584768,Mon Aug 26 04:20:33 +0000 2013,0,Syarat mudah proses cepat. Cukup KTP KK dan Rek Listrik sudah bisa bawa motor Yamaha. Ayoo ke @rapak_motor KM 01,371849624983584768,,,in,,0,0,0,https://x.com/undefined/status/371849624983584768,389557442,,Motor listrik
371487321549320192,Sun Aug 25 04:20:54 +0000 2013,0,Syarat mudah proses cepat. Cukup KTP KK dan Rek Listrik sudah bisa bawa motor Yamaha. Ayoo ke @rapak_motor KM 01,371487321549320192,,,in,,0,0,0,https://x.com/undefined/status/371487321549320192,389557442,,Motor listrik
371124848228978689,Sat Aug 24 04:20:33 +0000 2013,0,Syarat mudah proses cepat. Cukup KTP KK dan Rek Listrik sudah bisa bawa motor Yamaha. Ayoo ke @rapak_motor KM 01,371124848228978689,,,in,,0,0,1,https://x.com/undefined/status/371124848228978689,389557442,,Motor listrik
370762361268752384,Fri Aug 23 04:20:10 +0000 2013,0,Syarat mudah proses cepat. Cukup KTP KK dan Rek Listrik sudah bisa bawa motor Yamaha. Ayoo ke @rapak_motor KM 01,370762361268752384,,,in,,0,0,0,https://x.com/undefined/status/370762361268752384,389557442,,Motor listrik
370576832472416256,Thu Aug 22 16:02:56 +0000 2013,0,Sebelum tidur harap periksa kembali pagar motor jendela pintu listrik kompor dll. Waspada pencurian &amp; kebakaran. Selamat beristirahat!,370576832472416256,,,in,,0,1,3,https://x.com/undefined/status/370576832472416256,445183062,,Motor listrik
370400130022653952,Thu Aug 22 04:20:47 +0000 2013,0,Syarat mudah proses cepat. Cukup KTP KK dan Rek Listrik sudah bisa bawa motor Yamaha. Ayoo ke @rapak_motor KM 01,370400130022653952,,,in,,0,0,0,https://x.com/undefined/status/370400130022653952,389557442,,Motor listrik
370227897648177152,Wed Aug 21 16:56:23 +0000 2013,0,Sebelum tidur harap periksa kembali pagar motor jendela pintu listrik kompor dll. Waspada pencurian &amp; kebakaran. Selamat beristirahat!,370227897648177152,,,in,,0,0,5,https://x.com/undefined/status/370227897648177152,445183062,,Motor listrik
370037668299563008,Wed Aug 21 04:20:29 +0000 2013,0,Syarat mudah proses cepat. Cukup KTP KK dan Rek Listrik sudah bisa bawa motor Yamaha. Ayoo ke @rapak_motor KM 01,370037668299563008,,,in,,0,0,0,https://x.com/undefined/status/370037668299563008,389557442,,Motor listrik
370030920943685632,Wed Aug 21 03:53:41 +0000 2013,0,Kapal Terbakar - Kapal Motor Meledak 3 ABK Luka Bakar: Diduga akibat korsleting listrik dibagian mesin sebua... http://t.co/A4FuNqoZ6W,370030920943685632,,,in,,0,0,0,https://x.com/undefined/status/370030920943685632,351999221,,Motor listrik
369854628969451521,Tue Aug 20 16:13:09 +0000 2013,0,Sebelum tidur harap periksa kembali pagar motor jendela pintu listrik kompor dll. Waspada pencurian &amp; kebakaran. Selamat beristirahat!,369854628969451521,,,in,,0,0,5,https://x.com/undefined/status/369854628969451521,445183062,,Motor listrik
369675209839616000,Tue Aug 20 04:20:12 +0000 2013,0,Syarat mudah proses cepat. Cukup KTP KK dan Rek Listrik sudah bisa bawa motor Yamaha. Ayoo ke @rapak_motor KM 01,369675209839616000,,,in,,0,0,0,https://x.com/undefined/status/369675209839616000,389557442,,Motor listrik
369312980439035905,Mon Aug 19 04:20:50 +0000 2013,0,Syarat mudah proses cepat. Cukup KTP KK dan Rek Listrik sudah bisa bawa motor Yamaha. Ayoo ke @rapak_motor KM 01,369312980439035905,,,in,,0,0,0,https://x.com/undefined/status/369312980439035905,389557442,,Motor listrik
368950516602003458,Sun Aug 18 04:20:32 +0000 2013,0,Syarat mudah proses cepat. Cukup KTP KK dan Rek Listrik sudah bisa bawa motor Yamaha. Ayoo ke @rapak_motor KM 01,368950516602003458,,,in,,0,1,0,https://x.com/undefined/status/368950516602003458,389557442,,Motor listrik
368588764798406656,Sat Aug 17 04:23:04 +0000 2013,0,Bikin Motor Listrik Polinema Hanya Butuh 6 Bulan http://t.co/oZXGliUF0M,368588764798406656,,,in,,0,0,0,https://x.com/undefined/status/368588764798406656,157223980,,Motor listrik
368588087355379713,Sat Aug 17 04:20:22 +0000 2013,0,Syarat mudah proses cepat. Cukup KTP KK dan Rek Listrik sudah bisa bawa motor Yamaha. Ayoo ke @rapak_motor KM 01,368588087355379713,,,in,,0,0,0,https://x.com/undefined/status/368588087355379713,389557442,,Motor listrik
368225824941424641,Fri Aug 16 04:20:52 +0000 2013,0,Syarat mudah proses cepat. Cukup KTP KK dan Rek Listrik sudah bisa bawa motor Yamaha. Ayoo ke @rapak_motor KM 01,368225824941424641,,,in,,0,0,0,https://x.com/undefined/status/368225824941424641,389557442,,Motor listrik
368060312408174592,Thu Aug 15 17:23:11 +0000 2013,0,Sebelum tidur harap periksa kembali pagar motor jendela pintu listrik kompor dll. Waspada pencurian &amp; kebakaran. Selamat beristirahat!,368060312408174592,,,in,,0,0,4,https://x.com/undefined/status/368060312408174592,445183062,,Motor listrik
367863360433291264,Thu Aug 15 04:20:34 +0000 2013,0,Syarat mudah proses cepat. Cukup KTP KK dan Rek Listrik sudah bisa bawa motor Yamaha. Ayoo ke @rapak_motor KM 01,367863360433291264,,,in,,0,1,0,https://x.com/undefined/status/367863360433291264,389557442,,Motor listrik
367700571425210368,Wed Aug 14 17:33:42 +0000 2013,0,#LowonganKerja ENGINEER - UNIVERSITAS GAJAH MADAMOLINA (MOTOR LISTRIK NASIONAL UGM): Salary: Neg... http://t.co/U1MGcrsDEU | Engineering,367700571425210368,,,in,,0,0,2,https://x.com/undefined/status/367700571425210368,69550245,,Motor listrik
367664243266433025,Wed Aug 14 15:09:21 +0000 2013,0,Chevrolet Volt Turun Harga: Pada Januari Nissan Motor Co. mengurangi harga kendaraan listrik Leaf dengan poto... http://t.co/oBviYowjdg,367664243266433025,,,in,,0,0,0,https://x.com/undefined/status/367664243266433025,70139265,,Motor listrik
367500890590027777,Wed Aug 14 04:20:14 +0000 2013,0,Syarat mudah proses cepat. Cukup KTP KK dan Rek Listrik sudah bisa bawa motor Yamaha. Ayoo ke @rapak_motor KM 01,367500890590027777,,,in,,0,0,0,https://x.com/undefined/status/367500890590027777,389557442,,Motor listrik
367138670895054848,Tue Aug 13 04:20:54 +0000 2013,0,Syarat mudah proses cepat. Cukup KTP KK dan Rek Listrik sudah bisa bawa motor Yamaha. Ayoo ke @rapak_motor KM 01,367138670895054848,,,in,,0,0,0,https://x.com/undefined/status/367138670895054848,389557442,,Motor listrik
366950137521639425,Mon Aug 12 15:51:45 +0000 2013,0,Sebelum tidur harap periksa kembali pagar motor jendela pintu listrik kompor dll. Waspada pencurian &amp; kebakaran. Selamat beristirahat!,366950137521639425,,,in,,0,0,10,https://x.com/undefined/status/366950137521639425,445183062,,Motor listrik
366890959935504384,Mon Aug 12 11:56:36 +0000 2013,0,#LowonganKerja ENGINEER - UNIVERSITAS GAJAH MADAMOLINA (MOTOR LISTRIK NASIONAL UGM): Salary: Neg... http://t.co/J1xZnYXUxn | Engineering,366890959935504384,,,in,,0,0,3,https://x.com/undefined/status/366890959935504384,69550245,,Motor listrik
366776219439611905,Mon Aug 12 04:20:39 +0000 2013,0,Syarat mudah proses cepat. Cukup KTP KK dan Rek Listrik sudah bisa bawa motor Yamaha. Ayoo ke @rapak_motor KM 01,366776219439611905,,,in,,0,0,0,https://x.com/undefined/status/366776219439611905,389557442,,Motor listrik
366413774409826304,Sun Aug 11 04:20:26 +0000 2013,0,Syarat mudah proses cepat. Cukup KTP KK dan Rek Listrik sudah bisa bawa motor Yamaha. Ayoo ke @rapak_motor KM 01,366413774409826304,,,in,,0,0,0,https://x.com/undefined/status/366413774409826304,389557442,,Motor listrik
366051542345842688,Sat Aug 10 04:21:03 +0000 2013,0,Syarat mudah proses cepat. Cukup KTP KK dan Rek Listrik sudah bisa bawa motor Yamaha. Ayoo ke @rapak_motor KM 01,366051542345842688,,,in,,0,0,0,https://x.com/undefined/status/366051542345842688,389557442,,Motor listrik
365689047789748230,Fri Aug 09 04:20:37 +0000 2013,0,Syarat mudah proses cepat. Cukup KTP KK dan Rek Listrik sudah bisa bawa motor Yamaha. Ayoo ke @rapak_motor KM 01,365689047789748230,,,in,,0,0,0,https://x.com/undefined/status/365689047789748230,389557442,,Motor listrik
365326591418564608,Thu Aug 08 04:20:21 +0000 2013,0,Syarat mudah proses cepat. Cukup KTP KK dan Rek Listrik sudah bisa bawa motor Yamaha. Ayoo ke @rapak_motor KM 01,365326591418564608,,,in,,0,0,0,https://x.com/undefined/status/365326591418564608,389557442,,Motor listrik
364964377180381185,Wed Aug 07 04:21:02 +0000 2013,0,Syarat mudah proses cepat. Cukup KTP KK dan Rek Listrik sudah bisa bawa motor Yamaha. Ayoo ke @rapak_motor KM 01,364964377180381185,,,in,,0,0,0,https://x.com/undefined/status/364964377180381185,389557442,,Motor listrik
364601954925686785,Tue Aug 06 04:20:54 +0000 2013,0,Syarat mudah proses cepat. Cukup KTP KK dan Rek Listrik sudah bisa bawa motor Yamaha. Ayoo ke @rapak_motor KM 01,364601954925686785,,,in,,0,0,1,https://x.com/undefined/status/364601954925686785,389557442,,Motor listrik
364308138159124480,Mon Aug 05 08:53:23 +0000 2013,0,Ngantuk Pengendara Motor Tewas Tabrak Tiang Listrik http://t.co/vR0rj896sW,364308138159124480,,,in,,0,0,1,https://x.com/undefined/status/364308138159124480,223476605,,Motor listrik
364239557153140737,Mon Aug 05 04:20:52 +0000 2013,0,Syarat mudah proses cepat. Cukup KTP KK dan Rek Listrik sudah bisa bawa motor Yamaha. Ayoo ke @rapak_motor KM 01,364239557153140737,,,in,,0,0,0,https://x.com/undefined/status/364239557153140737,389557442,,Motor listrik
364050759546974209,Sun Aug 04 15:50:39 +0000 2013,0,Sebelum tidur harap periksa kembali pagar motor jendela pintu listrik kompor dll. Waspada pencurian &amp; kebakaran menjelang lebaran.,364050759546974209,,,in,,0,0,5,https://x.com/undefined/status/364050759546974209,445183062,,Motor listrik
363877100299620353,Sun Aug 04 04:20:35 +0000 2013,0,Syarat mudah proses cepat. Cukup KTP KK dan Rek Listrik sudah bisa bawa motor Yamaha. Ayoo ke @rapak_motor KM 01,363877100299620353,,,in,,0,0,0,https://x.com/undefined/status/363877100299620353,389557442,,Motor listrik
363514615142952960,Sat Aug 03 04:20:12 +0000 2013,0,Syarat mudah proses cepat. Cukup KTP KK dan Rek Listrik sudah bisa bawa motor Yamaha. Ayoo ke @rapak_motor KM 01,363514615142952960,,,in,,0,0,0,https://x.com/undefined/status/363514615142952960,389557442,,Motor listrik
363301086645334017,Fri Aug 02 14:11:43 +0000 2013,0,Sebelum guringan periksai pulang pagar motor jendela lawang listrik kompor dll. Waspada pencurian &amp; kebakaran buhannya.,363301086645334017,,,in,,0,1,7,https://x.com/undefined/status/363301086645334017,445183062,,Motor listrik
362271893719494656,Tue Jul 30 18:02:04 +0000 2013,0,Sebelum tidur harap periksa kembali pagar motor jendela pintu listrik kompor dll. Waspada pencurian &amp; kebakaran. Selamat beristirahat!,362271893719494656,,,in,,0,0,2,https://x.com/undefined/status/362271893719494656,445183062,,Motor listrik
361707368121253890,Mon Jul 29 04:38:51 +0000 2013,0,TDR Kenalkan Motor Sport Listrik Berkecepatan Tinggi http://t.co/M7F5dZeja4,361707368121253890,,,in,,0,0,3,https://x.com/undefined/status/361707368121253890,223476605,,Motor listrik
361438365570187265,Sun Jul 28 10:49:56 +0000 2013,0,Sepeda Motor Listrik TDR-Zero Dijual Rp 150 Juta http://t.co/5WSek3E6hm,361438365570187265,,,in,,0,0,2,https://x.com/undefined/status/361438365570187265,17588443,,Motor listrik
361417793847050240,Sun Jul 28 09:28:11 +0000 2013,0,Sepeda Motor Listrik TDR Ikut KTT APEC 2013 http://t.co/qSOQN6EHCG,361417793847050240,,,in,,0,1,3,https://x.com/undefined/status/361417793847050240,17588443,,Motor listrik
358836995277070338,Sun Jul 21 06:33:01 +0000 2013,0,#TakonKas RT @malingpitik: ada yang tau toko sepeda listrik atau motor trail anak di mana ya??,358836995277070338,,,in,,0,0,0,https://x.com/undefined/status/358836995277070338,180652518,,Motor listrik
358815252290355201,Sun Jul 21 05:06:37 +0000 2013,1,Motor Listrik Panel Surya Ramah Lingkungan http://t.co/o9CmUUuiJU,358815252290355201,,,in,,0,0,2,https://x.com/undefined/status/358815252290355201,115936810,,Motor listrik
351317084887719936,Sun Jun 30 12:31:34 +0000 2013,0,http://t.co/xygXihkFcd Zero MMX Motor Trail Bertenaga Listrik Untuk Pasukan Khusus,351317084887719936,,,in,,0,0,5,https://x.com/undefined/status/351317084887719936,106038219,,Motor listrik
350976600705220609,Sat Jun 29 13:58:37 +0000 2013,0,Biasakan sebelum tidur periksa dulu pagar motor jendela pintu listrik kompor dll. Waspada pencurian &amp; kebakaran.,350976600705220609,,,in,,0,1,4,https://x.com/undefined/status/350976600705220609,445183062,,Motor listrik
350422852341743616,Fri Jun 28 01:18:13 +0000 2013,2,Wah Polisi Kolombia Sudah Mulai Pakai Motor Listrik http://t.co/dTJAbB0Key via @detikoto,350422852341743616,,,in,,0,6,25,https://x.com/undefined/status/350422852341743616,69183155,,Motor listrik
350422328338956290,Fri Jun 28 01:16:08 +0000 2013,1,Wah Polisi Kolombia Sudah Mulai Pakai Motor Listrik http://t.co/weJktzYw50,350422328338956290,,,in,,0,1,3,https://x.com/undefined/status/350422328338956290,80543284,,Motor listrik
349557944372838401,Tue Jun 25 16:01:23 +0000 2013,0,Sebelum tidur harap periksa kembali pagar motor jendela pintu listrik kompor dll. Waspada pencurian &amp; kebakaran. Selamat beristirahat!,349557944372838401,,,in,,0,0,5,https://x.com/undefined/status/349557944372838401,445183062,,Motor listrik
349167011487694849,Mon Jun 24 14:07:57 +0000 2013,0,Sebelum tidur harap periksa kembali pagar motor jendela pintu listrik kompor dll. Selamat beristirahat. Tetap waspada pencurian &amp; kebakaran!,349167011487694849,,,in,,0,1,7,https://x.com/undefined/status/349167011487694849,445183062,,Motor listrik
348111098525929472,Fri Jun 21 16:12:08 +0000 2013,0,Sebelum tidur harap periksa kembali pagar motor jendela pintu listrik kompor dll. Waspada pencurian &amp; kebakaran. Selamat tidur buhannya.,348111098525929472,,,in,,0,0,1,https://x.com/undefined/status/348111098525929472,445183062,,Motor listrik
347963468948840449,Fri Jun 21 06:25:30 +0000 2013,0,Mission Rs Sepeda Motor Listrik Tercepat Dunia http://t.co/qbBIUo1YAW,347963468948840449,,,in,,0,0,1,https://x.com/undefined/status/347963468948840449,17588443,,Motor listrik
347877367210971136,Fri Jun 21 00:43:22 +0000 2013,0,Otomotif - Mission RS Sepeda Motor Listrik Tercepat Dunia http://t.co/U3ajuS03dt,347877367210971136,,,in,,0,0,2,https://x.com/undefined/status/347877367210971136,88352716,,Motor listrik
347845627847270401,Thu Jun 20 22:37:14 +0000 2013,0,Mission RS Sepeda Motor Listrik Tercepat Dunia http://t.co/cd9rmHs7rJ,347845627847270401,,,in,,0,0,0,https://x.com/undefined/status/347845627847270401,18129942,,Motor listrik
347723509830656002,Thu Jun 20 14:31:59 +0000 2013,0,Seperti biasa sebelum tidur harap cek kembali pagar motor jendela pintu listrik kompor dll. Waspada pencurian &amp; kebakaran buhannya.,347723509830656002,,,in,,0,2,5,https://x.com/undefined/status/347723509830656002,445183062,,Motor listrik
347566787979771904,Thu Jun 20 04:09:14 +0000 2013,0,Motor Listrik Ini Tahan Berlari Selama 84 5 Jam http://t.co/p137F0gFmv,347566787979771904,,,in,,0,0,1,https://x.com/undefined/status/347566787979771904,17588443,,Motor listrik
347564582694420481,Thu Jun 20 04:00:28 +0000 2013,4,Motor Listrik Ini Tahan Berlari Selama 84 5 Jam http://t.co/vXgAE2Ldao via @detikoto,347564582694420481,,,in,,0,1,29,https://x.com/undefined/status/347564582694420481,69183155,,Motor listrik
347564550553497600,Thu Jun 20 04:00:20 +0000 2013,0,Motor Listrik Ini Tahan Berlari Selama 84 5 Jam http://t.co/VorAoJD0qj,347564550553497600,,,in,,0,0,4,https://x.com/undefined/status/347564550553497600,80543284,,Motor listrik
347538845392314369,Thu Jun 20 02:18:12 +0000 2013,1,Motor Listrik Masih Butuh 20 Tahun Agar Bisa Bersaing http://t.co/Zi3HEIE0VD via @detikoto,347538845392314369,,,in,,0,1,27,https://x.com/undefined/status/347538845392314369,69183155,,Motor listrik
347538324761751552,Thu Jun 20 02:16:08 +0000 2013,0,Motor Listrik Masih Butuh 20 Tahun Agar Bisa Bersaing http://t.co/Bkzeczxbrf,347538324761751552,,,in,,0,0,3,https://x.com/undefined/status/347538324761751552,80543284,,Motor listrik
347360524666802176,Wed Jun 19 14:29:37 +0000 2013,0,Sebelum tidur harap periksa kembali pagar motor jendela pintu listrik kompor dll. Waspada pencurian &amp; kebakaran. Selamat beristirahat!,347360524666802176,,,in,,0,0,3,https://x.com/undefined/status/347360524666802176,445183062,,Motor listrik
346266459837706241,Sun Jun 16 14:02:12 +0000 2013,0,Sebelum tidur harap periksa kembali pagar motor jendela pintu listrik kompor dll. Waspada pencurian &amp; kebakaran. Selamat beristirahat!,346266459837706241,,,in,,0,0,8,https://x.com/undefined/status/346266459837706241,445183062,,Motor listrik
345547902929760257,Fri Jun 14 14:26:54 +0000 2013,0,Sebelum tidur harap periksa kembali pagar motor jendela pintu listrik kompor dll. Waspada pencurian &amp; kebakaran. Selamat beristirahat!,345547902929760257,,,in,,0,1,3,https://x.com/undefined/status/345547902929760257,445183062,,Motor listrik
345040653929033728,Thu Jun 13 04:51:17 +0000 2013,0,Unik Motor Ini Hanya Butuh Obeng Listrik Untuk Bisa Jalan http://t.co/0yQpcY6GaU,345040653929033728,,,in,,0,0,2,https://x.com/undefined/status/345040653929033728,17588443,,Motor listrik
344457096462471168,Tue Jun 11 14:12:26 +0000 2013,0,Sebelum tidur harap periksa kembali pagar motor jendela pintu listrik kompor dll. Waspada pencurian &amp; kebakaran. Selamat beristirahat!,344457096462471168,,,in,,0,1,1,https://x.com/undefined/status/344457096462471168,445183062,,Motor listrik
342284021323141122,Wed Jun 05 14:17:24 +0000 2013,0,Pemerintah juga sibuk buat mobil listrik. Belakangan sepeda motor listrik. Entah apa yg ada di pikiran para elit.,342284021323141122,,,in,,0,13,6,https://x.com/undefined/status/342284021323141122,38155089,,Motor listrik
342103778041933824,Wed Jun 05 02:21:11 +0000 2013,1,sebuah pabrik baterai di bekasi untuk memproduksi baterai litium khusus mobil dan motor listrik.,342103778041933824,,,in,,0,0,4,https://x.com/undefined/status/342103778041933824,306613537,,Motor listrik
342102730581618688,Wed Jun 05 02:17:01 +0000 2013,1,Anak Padang pemilik puluhan paten motor listrik di Jepang.,342102730581618688,,,in,,0,0,5,https://x.com/undefined/status/342102730581618688,306613537,,Motor listrik
341934477146202113,Tue Jun 04 15:08:26 +0000 2013,0,Ini Tampang Motor Listrik Dahlan Iskan http://t.co/QK2LSCWWi6,341934477146202113,,,in,,0,0,0,https://x.com/undefined/status/341934477146202113,17588443,,Motor listrik
341891730070712320,Tue Jun 04 12:18:35 +0000 2013,6,Ini Tampang Motor Listrik Dahlan Iskan http://t.co/z8xmFqEsxh via @detikoto,341891730070712320,,,in,,0,1,35,https://x.com/undefined/status/341891730070712320,69183155,,Motor listrik
341872983599620096,Tue Jun 04 11:04:05 +0000 2013,0,Wow! Motor Listrik Ini Berbanderol Rp500 Juta-an http://t.co/0VbeRoezTx,341872983599620096,,,in,,0,0,2,https://x.com/undefined/status/341872983599620096,17588443,,Motor listrik
341868967402553344,Tue Jun 04 10:48:08 +0000 2013,0,Ini Tampang Motor Listrik Dahlan Iskan http://t.co/9k2RZP239k,341868967402553344,,,in,,0,0,4,https://x.com/undefined/status/341868967402553344,80543284,,Motor listrik
341731384227946496,Tue Jun 04 01:41:25 +0000 2013,0,08.44 : 1. Raya Ngagel arah ke Jagir padat lancar ada kecelakaan sepeda motor menabrak tiang listrik depan PT... http://t.co/jmlLLIfbwy,341731384227946496,,,in,,0,0,1,https://x.com/undefined/status/341731384227946496,848614550,,Motor listrik
341601553469304832,Mon Jun 03 17:05:31 +0000 2013,0,Sebelum Tidur Harap Periksa Kembali Motor Listrik Kompor Jendela dsb. Waspada pencurian dan kebakaran !!! via @PemadamOfficial,341601553469304832,,,in,,0,0,0,https://x.com/undefined/status/341601553469304832,445183062,,Motor listrik
338886829820477440,Mon May 27 05:18:11 +0000 2013,1,Motor Listrik Ini akan Menjelajah Hingga 4 Ribu Kilometer http://t.co/zKgdIar5Di via @detikoto,338886829820477440,,,in,,0,1,23,https://x.com/undefined/status/338886829820477440,69183155,,Motor listrik
338882355668344832,Mon May 27 05:00:24 +0000 2013,0,Motor Listrik Ini akan Menjelajah Hingga 4 Ribu Kilometer http://t.co/95OAlvT86v,338882355668344832,,,in,,0,0,0,https://x.com/undefined/status/338882355668344832,80543284,,Motor listrik
338845217291640832,Mon May 27 02:32:49 +0000 2013,1,Tribun Jakarta Sepeda Motor Listrik Khusus Anak dengan Model Angry Bird: Ini sepeda mot... http://t.co/54YAhiGJbI http://t.co/GxdpCGgad9,338845217291640832,,,in,,0,0,1,https://x.com/undefined/status/338845217291640832,124171593,,Motor listrik
338836853593612291,Mon May 27 01:59:35 +0000 2013,0,Sepeda Motor Listrik Angry Birds&amp;quotuntuk Anak http://t.co/bvYvRGm1t0,338836853593612291,,,in,,0,0,8,https://x.com/undefined/status/338836853593612291,23343960,,Motor listrik
337873625489219584,Fri May 24 10:12:04 +0000 2013,3,Jalan kaki di trotoar makin lama makin sempit. Trus tiba-tiba nggak ada lagi. Atau mentok po'on atau tiang listrik. Atau diklaksonin motor.,337873625489219584,,,in,,0,10,154,https://x.com/undefined/status/337873625489219584,18862596,,Motor listrik
336414767315034112,Mon May 20 09:35:05 +0000 2013,0,Sepeda Motor Listrik Zero ke Asia Lewat Hong Kong: Pemerintah Hong kong membeli 59 unit untuk keperluaan penga... http://t.co/bvxcKqqJb3,336414767315034112,,,in,,0,0,0,https://x.com/undefined/status/336414767315034112,145919758,,Motor listrik
336409377047195649,Mon May 20 09:13:40 +0000 2013,1,Sepeda Motor Listrik Zero ke Asia Lewat Hong Kong http://t.co/O4EsiaLSds,336409377047195649,,,in,,0,0,7,https://x.com/undefined/status/336409377047195649,23343960,,Motor listrik
335322911772643329,Fri May 17 09:16:26 +0000 2013,0,MOGE LISTRIK : Ini Dia Penjelasan Prinsip Kerja Sepeda Motor Listrik Kreasi Wong Solo http://t.co/rl7zhVoE4f,335322911772643329,,,in,,0,0,0,https://x.com/undefined/status/335322911772643329,118371948,,Motor listrik
334336059997556737,Tue May 14 15:55:03 +0000 2013,3,hindari #kelangan motor bisa tambahkan gembok alarm pemutus arus listrik utk kunci yg berpenutup biasakan lubang kunci sll ditutup,334336059997556737,,,in,,0,2,30,https://x.com/undefined/status/334336059997556737,128175561,,Motor listrik
333684005000056832,Sun May 12 20:44:00 +0000 2013,0,Sepeda Motor Penyebab Nissan X-trail Tabrak Tiang Listrik http://t.co/Km0JCzc3ZY,333684005000056832,,,in,,0,0,0,https://x.com/undefined/status/333684005000056832,29013907,,Motor listrik
333164740245323776,Sat May 11 10:20:38 +0000 2013,0,#BDLNEWS | PT Astra Honda Motor bangun Pembangkit Listrik Tenaga Mikro Hidro berkapasitas 20.000 watt Di Lampung - http://t.co/8ZR2VWHVV5,333164740245323776,,,in,,0,0,1,https://x.com/undefined/status/333164740245323776,59055175,,Motor listrik
332880274998304768,Fri May 10 15:30:16 +0000 2013,0,Honda Motor Bangun Pembangkit Listrik Mikro Hidro di Lampung http://t.co/DRuHLoAkwv,332880274998304768,,,in,,0,0,3,https://x.com/undefined/status/332880274998304768,22126902,,Motor listrik
332838554701029378,Fri May 10 12:44:29 +0000 2013,0,Honda Motor Bangun Pembangkit Listrik Mikrohidro di Lampung http://t.co/Nz6SCGgEyO,332838554701029378,,,in,,0,0,1,https://x.com/undefined/status/332838554701029378,68930552,,Motor listrik
332685180949123072,Fri May 10 02:35:02 +0000 2013,0,#jogja @yudistirasatria Ada yang tau tempat jualan mesin motor listrik gak? Di jogja di mana ya? Thanks :),332685180949123072,,,in,,0,3,3,https://x.com/undefined/status/332685180949123072,128175561,,Motor listrik
332001448965570560,Wed May 08 05:18:08 +0000 2013,2,Nih Motor Listrik untuk Pasukan Khusus AS http://t.co/plq6NH0NMH via @detikoto,332001448965570560,,,in,,0,5,30,https://x.com/undefined/status/332001448965570560,69183155,,Motor listrik
331989867892465664,Wed May 08 04:32:07 +0000 2013,1,Nih Motor Listrik untuk Pasukan Khusus AS http://t.co/jbqStUGl6R,331989867892465664,,,in,,0,0,5,https://x.com/undefined/status/331989867892465664,80543284,,Motor listrik
331960311835930624,Wed May 08 02:34:40 +0000 2013,0,Sepeda Motor Listrik untuk Pasukan Khusus: ideal untuk menyergap teroris di malam hari. [...] http://t.co/xUclaLGqus,331960311835930624,,,in,,0,0,0,https://x.com/undefined/status/331960311835930624,145919758,,Motor listrik
331953547342127106,Wed May 08 02:07:47 +0000 2013,0,Sepeda Motor Listrik untuk Pasukan Khusus http://t.co/uB84GN3Njp,331953547342127106,,,in,,0,1,14,https://x.com/undefined/status/331953547342127106,23343960,,Motor listrik
330165134179827712,Fri May 03 03:41:16 +0000 2013,0,Motor sport listrik ala wong Solo http://t.co/wGCZ7JFxSd #SINDOnews,330165134179827712,,,in,,0,0,0,https://x.com/undefined/status/330165134179827712,231355136,,Motor listrik
326887265227898880,Wed Apr 24 02:36:11 +0000 2013,0,Apa Jadinya Jika Jet Darat F1 Menggunakan Motor Listrik? http://t.co/cFcfDzQNBS via @detikoto,326887265227898880,,,in,,0,0,16,https://x.com/undefined/status/326887265227898880,69183155,,Motor listrik
326886240479748097,Wed Apr 24 02:32:07 +0000 2013,2,Apa Jadinya Jika Jet Darat F1 Menggunakan Motor Listrik? http://t.co/AzyyqzYzA7,326886240479748097,,,in,,0,0,5,https://x.com/undefined/status/326886240479748097,80543284,,Motor listrik
326383893630570496,Mon Apr 22 17:15:58 +0000 2013,0,Bisa sekian tahun kemudian. RT @wingsulis Mobil listrik bisa ? RT @DetEksiJP: Trus orang2 dealer motor n mobil dapet duit darimana?,326383893630570496,,,in,,0,0,0,https://x.com/undefined/status/326383893630570496,96837607,,Motor listrik
326021097923416064,Sun Apr 21 17:14:21 +0000 2013,0,Mahasiswa Riau Juga Sudah Mampu Ciptakan Sepeda dan Motor Listrik http://t.co/XpNo6DZ4tE (GoRiau),326021097923416064,,,in,,0,0,4,https://x.com/undefined/status/326021097923416064,172425532,,Motor listrik
324488124052959233,Wed Apr 17 11:42:52 +0000 2013,0,Chevy Spark Listrik Meluncur Juni 2013: Tenaga yang dihasilkan motor mencapai 130 PS dan torsi 540 Nm jauh le... http://t.co/SFOiqExoxL,324488124052959233,,,in,,0,0,0,https://x.com/undefined/status/324488124052959233,145919758,,Motor listrik
324466772503822337,Wed Apr 17 10:18:01 +0000 2013,1,Hamdulillah Listrik dah masuk kiluan. Kebayang kl BBM naik dan kampung kami masih pakai generator :( smg BBM buat motor nelayan ttp subsidi,324466772503822337,,,in,,0,1,5,https://x.com/undefined/status/324466772503822337,373741227,,Motor listrik
324423954758524929,Wed Apr 17 07:27:52 +0000 2013,0,TARC 96V Motor Listrik dari Taiwan: Taiwan Automotive Research Consortium (TARC) dengan bangga memperkenalkan... http://t.co/2suNXL4YcQ,324423954758524929,,,in,,0,0,0,https://x.com/undefined/status/324423954758524929,145919758,,Motor listrik
324388863713890304,Wed Apr 17 05:08:26 +0000 2013,0,Motor Mobil Listrik Menristek Buatan LIPI. http://t.co/vJVtH4k9ow,324388863713890304,,,in,,0,0,0,https://x.com/undefined/status/324388863713890304,220151003,,Motor listrik
324116082296225793,Tue Apr 16 11:04:30 +0000 2013,1,Motor Mobil Listrik Menristek Buatan LIPI http://t.co/5pcNKhET6k,324116082296225793,,,in,,0,1,15,https://x.com/undefined/status/324116082296225793,23343960,,Motor listrik
322456916049678337,Thu Apr 11 21:11:34 +0000 2013,0,04.10: Sepeda motor supra B. 6658 .CCE menabrak tiang listrik di Jl. Ngeroto Pinang Tangerang dari Psr. Bengkok - Cipondoh. (P. Sutiadi),322456916049678337,,,in,,0,0,2,https://x.com/undefined/status/322456916049678337,121640063,,Motor listrik
322292450523762688,Thu Apr 11 10:18:02 +0000 2013,0,Ssstt Menristek Bikin Mobil Listrik: Gunakan motor listrik buatan LIPI. [...] http://t.co/7XbmMZVGXZ,322292450523762688,,,in,,0,0,0,https://x.com/undefined/status/322292450523762688,145919758,,Motor listrik
322025442192277504,Wed Apr 10 16:37:03 +0000 2013,0,Ngeliat muka kamu enak deh.. Tenang gitu kaya knalpot motor listrik,322025442192277504,,,in,,0,3,2,https://x.com/undefined/status/322025442192277504,52029529,,Motor listrik
317569417640808448,Fri Mar 29 09:30:23 +0000 2013,0,Kabel Listrik Tersangkut Kontainer 5 Motor Tertimpa Pohon http://t.co/dIUcwVHMCQ,317569417640808448,,,in,,0,0,0,https://x.com/undefined/status/317569417640808448,157223980,,Motor listrik
317550473605427200,Fri Mar 29 08:15:07 +0000 2013,0,Kabel Listrik Tersangkut Kontainer 5 Motor Tertimpa Pohon http://t.co/2m09RoQjtD,317550473605427200,,,in,,0,0,1,https://x.com/undefined/status/317550473605427200,214835683,,Motor listrik
317550234056138752,Fri Mar 29 08:14:10 +0000 2013,0,Kabel Listrik Tersangkut Kontainer 5 Motor Tertimpa Pohon http://t.co/NQdFRFtLS2 via @detiksby,317550234056138752,,,in,,0,3,21,https://x.com/undefined/status/317550234056138752,69183155,,Motor listrik
317398764417601539,Thu Mar 28 22:12:17 +0000 2013,0,Motor Listrik Akan Berkeliaran di Pertemuan APEC di Bali http://t.co/4abZr8MsFs #HBNews,317398764417601539,,,in,,0,0,21,https://x.com/undefined/status/317398764417601539,252829174,,Motor listrik
317284008193060865,Thu Mar 28 14:36:17 +0000 2013,1,Motor Listrik Akan Berkeliaran di Pertemuan APEC di Bali http://t.co/Jsavbe98mE via @detikoto,317284008193060865,,,in,,0,0,31,https://x.com/undefined/status/317284008193060865,69183155,,Motor listrik
317282963261886464,Thu Mar 28 14:32:07 +0000 2013,0,Motor Listrik Akan Berkeliaran di Pertemuan APEC di Bali http://t.co/nEtYlTK7Bp,317282963261886464,,,in,,0,0,8,https://x.com/undefined/status/317282963261886464,80543284,,Motor listrik
317278439516299264,Thu Mar 28 14:14:09 +0000 2013,4,Peluncuran Motor Listrik Terkendala Regulasi http://t.co/LomIGPfJcv via @detikoto,317278439516299264,,,in,,0,0,16,https://x.com/undefined/status/317278439516299264,69183155,,Motor listrik
317263830495424512,Thu Mar 28 13:16:06 +0000 2013,1,Peluncuran Motor Listrik Terkendala Regulasi http://t.co/pNgfGs2CIh,317263830495424512,,,in,,0,0,1,https://x.com/undefined/status/317263830495424512,80543284,,Motor listrik
299119310071291904,Wed Feb 06 11:36:15 +0000 2013,0,@cLeopatraToti Hah? Ini bicara listrik hape atau sepeda motor sih?,299119310071291904,,cLeopatraToti,in,,0,0,0,https://x.com/undefined/status/299119310071291904,95003951,,Motor listrik
294760394705235968,Fri Jan 25 10:55:29 +0000 2013,0,hati2 dg listrik selama musim banjir. parkir mobil motor yg aman jgn sampe keseret atau kerendem banjir. charge phone sblm listrik mati,294760394705235968,,,in,,0,0,6,https://x.com/undefined/status/294760394705235968,373741227,,Motor listrik
294720385843339264,Fri Jan 25 08:16:30 +0000 2013,1,ITS Masih Impor Motor dan Baterai Mobil Listrik dari China http://t.co/uo2eEUEL,294720385843339264,,,in,,0,0,1,https://x.com/undefined/status/294720385843339264,80543284,,Motor listrik
294720032263520256,Fri Jan 25 08:15:05 +0000 2013,1,ITS Masih Impor Motor dan Baterai Mobil Listrik dari China http://t.co/B7FE1rCi via @detikoto,294720032263520256,,,in,,0,2,23,https://x.com/undefined/status/294720032263520256,69183155,,Motor listrik
294263134380773376,Thu Jan 24 01:59:33 +0000 2013,0,Mengenal pembangkit listrik sepeda motor http://t.co/D7UGoMGA #MDK,294263134380773376,,,in,,0,0,0,https://x.com/undefined/status/294263134380773376,456426648,,Motor listrik
293602799357399040,Tue Jan 22 06:15:36 +0000 2013,0,Dahlan Iskan Siap Jual Motor Listrik http://t.co/CvqfHvkD,293602799357399040,,,in,,0,0,3,https://x.com/undefined/status/293602799357399040,80543284,,Motor listrik
293599017340911616,Tue Jan 22 06:00:35 +0000 2013,0,Dahlan Iskan Juga Siapkan Motor Bebek Listrik http://t.co/2nwjwa1v,293599017340911616,,,in,,0,0,1,https://x.com/undefined/status/293599017340911616,135795460,,Motor listrik
291392885247598592,Wed Jan 16 03:54:12 +0000 2013,0,Produksi Massal Sepeda Motor Listrik Masih Terganjal http://t.co/kQ4sPDKz (RiauPos),291392885247598592,,,in,,0,0,0,https://x.com/undefined/status/291392885247598592,172425532,,Motor listrik
290449404400373760,Sun Jan 13 13:25:08 +0000 2013,0,Naik motor trail dirut PLN pantau kondisi listrik di Pacitan http://t.co/Ma2zMTVi #MDK,290449404400373760,,,in,,0,0,0,https://x.com/undefined/status/290449404400373760,456426648,,Motor listrik
290367401323814913,Sun Jan 13 07:59:17 +0000 2013,0,Korsleting Listrik Motor dan Mobil Terbakar di Penggilingan http://t.co/JnVkIXjb,290367401323814913,,,in,,0,0,0,https://x.com/undefined/status/290367401323814913,154102750,,Motor listrik
289642858619748354,Fri Jan 11 08:00:13 +0000 2013,0,Motor Listrik untuk Anak Umur 2 Sampai 5 Tahun http://t.co/HOUMjlpd,289642858619748354,,,in,,0,0,1,https://x.com/undefined/status/289642858619748354,80543284,,Motor listrik
289593803407507457,Fri Jan 11 04:45:17 +0000 2013,0,RiauPos: Sepeda Motor Listrik Balitbang Bahas Komitmen Perusahaan http://t.co/wKY34wLz #beritaRIAU,289593803407507457,,,in,,0,2,1,https://x.com/undefined/status/289593803407507457,168590064,,Motor listrik
289329582035836929,Thu Jan 10 11:15:22 +0000 2013,1,Sepeda Motor Listrik Buat Anak-anak http://t.co/XKCWUXjq,289329582035836929,,,in,,0,2,3,https://x.com/undefined/status/289329582035836929,23343960,,Motor listrik
288877296943771648,Wed Jan 09 05:18:10 +0000 2013,1,Lexus LS 600 hL didukung mesin bensin 6000cc + motor listrik (Lexus Hybrid Drive) #LexusNewLS http://t.co/fOEKKuuI,288877296943771648,https://pbs.twimg.com/media/BAJMXvxCMAEHiNL.jpg,,in,,0,0,6,https://x.com/undefined/status/288877296943771648,64310527,,Motor listrik
288866684062793728,Wed Jan 09 04:35:59 +0000 2013,0,Pohon Tumbang Timpa Tiang Listrik Motor dan Becak http://t.co/KPuSreGm,288866684062793728,,,in,,0,2,4,https://x.com/undefined/status/288866684062793728,65639033,,Motor listrik
287328220343304192,Fri Jan 04 22:42:40 +0000 2013,1,Korsleting Meteran Listrik Ledakkan Mobil dan Motor: http://t.co/OTrOfNxN,287328220343304192,,,in,,0,0,9,https://x.com/undefined/status/287328220343304192,57261519,,Motor listrik
285033613463003138,Sat Dec 29 14:44:43 +0000 2012,0,Waspada! Kejut Listrik Jadi Modus Baru Perampas Motor di Kota Bandung http://t.co/iEIwXU1W #infoBDG,285033613463003138,,,in,,0,8,75,https://x.com/undefined/status/285033613463003138,101494663,,Motor listrik
285012020976287746,Sat Dec 29 13:18:55 +0000 2012,3,Kejut Listrik Modus Baru Perampas Motor http://t.co/pVPcFiI4,285012020976287746,,,in,,0,2,36,https://x.com/undefined/status/285012020976287746,23343960,,Motor listrik
280988777378361344,Tue Dec 18 10:51:59 +0000 2012,0,Dewi beserta motor Vario nya AB 6773 PN bahkan terseret 100 meter sebelum berhenti karena menabrak tiang listrik pinggir jalan,280988777378361344,,,in,,0,0,4,https://x.com/undefined/status/280988777378361344,593344156,,Motor listrik
279584121553043459,Fri Dec 14 13:50:23 +0000 2012,4,Motor Listrik ini 'Gentayangan' di Pabrik Yamaha http://t.co/uQAauhm4 via @detikoto,279584121553043459,,,in,,0,1,34,https://x.com/undefined/status/279584121553043459,69183155,,Motor listrik
279579014841122816,Fri Dec 14 13:30:06 +0000 2012,1,Motor Listrik ini 'Gentayangan' di Pabrik Yamaha http://t.co/NnDqqz8f,279579014841122816,,,in,,0,0,4,https://x.com/undefined/status/279579014841122816,80543284,,Motor listrik
2068247399345340631,Sat Jun 20 08:19:40 +0000 2026,0,Nih pemerintah pernah gencar untuk beralih ke EV bahkan sampai subsidi dan pajak EV dibuat murah tapi listrik aja kadang masih padam terus https://t.co/1c2jBwDKdI,2068247399345340631,https://pbs.twimg.com/tweet_video_thumb/HLPj_VlagAAL3TP.jpg,,in,,0,0,0,https://x.com/undefined/status/2068247399345340631,2016405025044758528,,Subsidi EV
2067466824015663572,Fri Jun 19 00:41:16 +0000 2026,0,@ramzanrachmat YA konsep ring-fencing memisahkan konsumen mampu (yg wajib membayar harga keekonomian/harga pasar) agar gak membebani alokasi energi murah u/ kelompok miskin. Meskipun strateginya secara makro tepat sasaran eksekusinya di lapangan mengalami kegagalan . Agar ring-fencing,2067769649455108493,,ramzanrachmat,in,,0,0,0,https://x.com/undefined/status/2067769649455108493,325599485,,Subsidi EV
2067601795917234296,Fri Jun 19 00:20:12 +0000 2026,0,@bugpain_ Bikin SIM pak. Mari realisasikan subsidi EV itu.,2067764347590566329,,bugpain_,in,,0,2,0,https://x.com/undefined/status/2067764347590566329,285759137,,Subsidi EV
2067709106799120406,Thu Jun 18 20:40:41 +0000 2026,0,Pakai la EV / lori elektrik . Kata pembuat dasar dan polisi oleh kerajaan madani . . Bayangkan lepasni Industri courier logistik dan penghantaran kerajaan kurangkan lagi subsidi diesel . Harga barang dala talian di industri e commerce akan naik harga. Membebankan,2067709106799120406,,,in,,0,0,0,https://x.com/undefined/status/2067709106799120406,1595122243553857538,,Subsidi EV
2067509213916709035,Thu Jun 18 15:07:07 +0000 2026,1,@NgkongRoses Heran deh kok ga sejalan sama pemerintah terkait subsidi mobil ev. Sedangkan PLN malah krisia energi,2067625158874153223,,NgkongRoses,in,,0,0,1,https://x.com/undefined/status/2067625158874153223,155157511,,Subsidi EV
2067553584976482531,Thu Jun 18 11:05:33 +0000 2026,1,@e100ss Kurang banyak subsidi EV nya,2067564369047867782,,e100ss,in,,0,0,0,https://x.com/undefined/status/2067564369047867782,218887410,,Subsidi EV
2067466824015663572,Thu Jun 18 05:37:34 +0000 2026,4,@eddesign_ Logika ini justru yg sesat &amp; cherry picking. Non-subsidi memang ikut mekanisme pasar tapi pasar itu dua arah. Pas harga minyak dunia naik kelas menengah ngamuk minta pemerintah jangan naikkan atau subsidi silang. Pas turun di bawah $80 langsung teriak turunin dong! . Itu,2067481829083672788,,eddesign_,in,,0,1,1,https://x.com/undefined/status/2067481829083672788,235931838,,Subsidi EV
2066823969047752964,Tue Jun 16 13:07:40 +0000 2026,0,@adejoon @LambeSahamjja Jangan lupain juga soal faktor geopolitik. Ini negara dengan 4 kebijakan baru² ini aja langsung disuruh 53LL 1ND0N3514 (dilumpuhkan loh ya pasar keuangannya) 1. Hilirisasi 2. Subsidi EV 3. Nolak pinjaman IMF 4. Ekspor satu pintu,2066870323686080899,,adejoon,in,,0,0,0,https://x.com/undefined/status/2066870323686080899,1213742568132841472,,Subsidi EV
2065608858001915993,Mon Jun 15 04:17:11 +0000 2026,1,@Benoe_Adja Menarik ini! Oversuply yg gak terserap di jaringan PLN bisa dimanfaatkan u/ sektor kendaraan listrik (EV) melalui SPKLU program elektrifikasi kawasan industri atau pompanisasi (pumped hydro) u/ dukung sektor pertanian di pedesaan. Subsidi ke alat penyimpan energi spt,2066374437084217468,,Benoe_Adja,in,,0,0,0,https://x.com/undefined/status/2066374437084217468,325599485,,Subsidi EV
2066349372774793484,Mon Jun 15 02:37:36 +0000 2026,2,Media lama kini mendorong narasi baru: Kekayaan Elon Musk berasal dari bantuan pemerintah. Ini salah. Kontrak pemerintah bukan subsidi. SpaceX menang karena produk terbaik dengan harga terendah. NASA membayar untuk misi nyata bukan amal. Kurang dari 5% pendapatan SpaceX tahun,2066349372774793484,,,in,,0,0,0,https://x.com/undefined/status/2066349372774793484,98829956,,Subsidi EV
2065585345107025924,Sat Jun 13 01:49:49 +0000 2026,0,@nicho0218 @TxtdariHI Bang lebih gampang kontrol polusi dari satu pabrik baterai atau dari jutaan knalpot yang bakar BBM impor tiap hari? Kalau mayoritas Jawa-Bali switch EV subsidi bensin bisa dialihkan bukan dihapus tapi difokusin ke logistik &amp; daerah yang emang butuh BBM. Itu namanya transisi,2065612572171358260,,nicho0218,in,,0,2,0,https://x.com/undefined/status/2065612572171358260,1213742568132841472,,Subsidi EV
2065008394537443691,Thu Jun 11 11:09:27 +0000 2026,18,@pedas__manis gitu kemarin dan sampai sekarang subsidi EV besar-besaran. pemerintah tolol,2065028634080158153,,pedas__manis,in,,0,0,0,https://x.com/undefined/status/2065028634080158153,218887410,,Subsidi EV
2064707314230407419,Wed Jun 10 13:52:38 +0000 2026,35,Naiknya harga BBM yg gada udahnya nampaknya bkin org2 mulai serius mempertimbangkan membeli motor maupun mobil listrik. Suka tidak suka masa depan itu arahnya ke EV. Di seluruh dunia pun udah terlihat kesana. Di Indonesia sendiri penetrasi motor listrik masih dibawah 1%. Sebuah https://t.co/iImsFK8Kzu,2064707314230407419,https://pbs.twimg.com/media/HKdQWSMbMAA02Re.jpg,,in,,0,4,2,https://x.com/undefined/status/2064707314230407419,1170586096578678785,,Subsidi EV
2064523148985524312,Wed Jun 10 01:40:50 +0000 2026,3,Harga BBM Pertamax tiba-tiba naik jadi Rp 16.250 walau cepat atau lambat ini bakal terjadi. Dampaknya bakal berasa banget. Pertamax banyak dikonsumsi oleh masyarakat kelas menengah. Sebelum naik aja antrean Pertamax di SPBU sering mengular panjang. Apalagi stok BBM di SPBU,2064523148985524312,,,in,,1,0,3,https://x.com/undefined/status/2064523148985524312,241392873,,Subsidi EV
2064452211422495113,Wed Jun 10 00:10:34 +0000 2026,2,@hanifproduktif Ini klasik kebijakan publik yang shortsighted. Risiko nahan harga BBM yang akhirnya meletup. Subsidi bocor lebih parah. APBN megap-megap. Combo dengan transparansi nol komunikasi buruk dan akhirnya rakyat yang bayar mahal. Bahkan bagi pengguna EV kayak gw mungkin orang ngira,2064500431766929578,,hanifproduktif,in,,0,0,0,https://x.com/undefined/status/2064500431766929578,79690781,,Subsidi EV
2060541731062600157,Sat May 30 02:00:06 +0000 2026,7,Ada berita soal suplai minyak yang bakal di-adjust bulan Juli bisa bikin negara importir minyak kaget. Pemerintah Indonesia terjebak di dilema harga BBM dan subsidi EV yang jalannya lambat. Kalau beneran naik bakal ada drama lagi? Yuk cek ulasann https://t.co/DsRVft1dn9 https://t.co/FUMoVMtHza,2060541731062600157,https://pbs.twimg.com/media/HJiDyNNawAAIjFc.png,,in,,0,0,0,https://x.com/undefined/status/2060541731062600157,1259878954229313536,,Subsidi EV
2059254094494314801,Tue May 26 13:35:25 +0000 2026,3,@profesor_saham Gila aja subsidi EV bt orang kayah yg bs beli mobil........yg ada itu naikin pajaknya.......,2059267164004294711,,profesor_saham,in,,0,0,0,https://x.com/undefined/status/2059267164004294711,234586131,,Subsidi EV
2059260715761013070,Tue May 26 13:09:48 +0000 2026,5,Wah ngitung apa lagi nih Pak Purbaya? @KemenkeuRI Menurut analisis kami: 1️⃣ Dukungan EV = merupakan investasi fiskal untuk menangani impor BBM kompensasi dan subsidi energi. Saat ini fiskal kita masih sangat bergantung dengan kondisi eksternal yang membuat kita masih boncos.,2059260715761013070,,,in,,1,0,5,https://x.com/undefined/status/2059260715761013070,72763910,,Subsidi EV
2057783434379231573,Fri May 22 11:19:37 +0000 2026,14,Kereta EV dah RM300 000! Jadi full tank petrol berapa kalau pakai Subsidi Budi?? Kalau nak beli kereta petrol jom jumpa Aunty dekat Primewheels Subang Jaya! https://t.co/gh0r2RQBIr,2057783434379231573,https://pbs.twimg.com/amplify_video_thumb/2057783278204252160/img/MOagaKy-0eTeYr43.jpg,,in,,0,1,2,https://x.com/undefined/status/2057783434379231573,1816055805994754049,,Subsidi EV
2057239768522805421,Wed May 20 23:19:17 +0000 2026,76,kerajaan bakar RM5 bilion sebulan subsidi minyak korang. pastu MITI haramkan EV murah sebab nak jaga Proton &amp; Produa korang yang tanggung bil. P&amp;P yang gelak.,2057239768522805421,,,in,,1,4,32,https://x.com/undefined/status/2057239768522805421,16995239,,Subsidi EV
2052384930555175257,Thu May 07 13:47:54 +0000 2026,3,Ya EV pakai elektrik yang guna gas atau arang batu dan juga subsidised. Tapi subsidi elektrik ni lebih mudah nak kawal. Kurang 600 kWj dapat rebat. Lebih 600 kWj takde rebat. T20 yang pakai atas 1 500 kWj kena surcaj terus. Takde isu subsidi pukal macam petrol atau diesel.,2052384933168230681,,muhammadnajib79,in,,1,1,2,https://x.com/undefined/status/2052384933168230681,1120318149654499328,,Subsidi EV
2052240157814960547,Thu May 07 04:12:37 +0000 2026,2,JAKARTA Pemerintah Indonesia akan memberikan subsidi Pajak Pertambahan Nilai (PPN) untuk kendaraan listrik atau Electric Vehicle (EV) demi memperkuat hilirisasi dalam negeri. Baca selengkapnya: https://t.co/2jA3EV8gYD https://t.co/AEE7W1zmvb,2052240157814960547,https://pbs.twimg.com/media/HHsFinIaYAAWZs5.jpg,,in,,0,0,0,https://x.com/undefined/status/2052240157814960547,539575639,,Subsidi EV
2052166828248694950,Thu May 07 02:20:56 +0000 2026,8,@ruffleseed @angah_izaaz Patut potong subsidi minyak negara jimat patut bg pelepasan cukai solar pv dan kereta ev. Tapi dia lagi tambah tax utk suruh org guna kereta ICE. Polisi bangang apakah kebabian ini,2052212053906194702,,ruffleseed,in,,0,1,2,https://x.com/undefined/status/2052212053906194702,997678596255662080,,Subsidi EV
2052041396434186623,Wed May 06 15:02:48 +0000 2026,143,PMX and Co dok canang gomen kena tanggung subsidi minyak berbillion ringgit. Bila ada banyak EV/PHEV as options to ICE cars it will reduce the oil consumption. Tapi gomen macam nak limit the choices to EV cars (and protect P1 &amp; P2) by doing this. Sepenggal.,2052041396434186623,,,in,,7,4,110,https://x.com/undefined/status/2052041396434186623,272918454,,Subsidi EV
2052023640573813147,Wed May 06 13:52:15 +0000 2026,2,Hari2 merentan kata kerajaan banyak spent duit subsidi minyak tapi bila marhaen nak beli fair priced EV lah tak boleh. Tetaplaaa kena beli axia 40k hutang 9 tahun sebab kena jaga company kereta nasional katanya,2052023640573813147,,,in,,0,1,1,https://x.com/undefined/status/2052023640573813147,1019427038556446722,,Subsidi EV
2051948458752520470,Wed May 06 08:53:30 +0000 2026,34,Tahu gini beli SEAL tunda dulu sampai GIIAS Pemerintah berencana memberi subsidi untuk 100 ribu unit mobil listrik dan 100rb unit motor listrik. Menteri Keuangan Purbaya Yudhi Sadewa mengatakan subsidi ini akan cair pada awal Juni 2026. Belum jelas skema nya tapi https://t.co/fVxKjyBjUp,2051948458752520470,https://pbs.twimg.com/amplify_video_thumb/2051948397905776640/img/SvO4VdbGDKg1UrE-.jpg,,in,,4,13,5,https://x.com/undefined/status/2051948458752520470,853206219611185152,,Subsidi EV
2051263068311843040,Mon May 04 11:30:00 +0000 2026,0,Berakhirnya subsidi pajak federal sebesar Rp127.500.000 (USD7.500) di Amerika Serikat pada September 2025 resmi mengubah peta jalan industri mobil listrik dunia. Data dari Cox Automotive menunjukkan pengiriman EV anjlok 27% pada kuartal pertama 2026 menyusul penurunan tajam 46% https://t.co/OBmtBHN836,2051263068311843040,https://pbs.twimg.com/media/HHc1iJwbQAAc3Xs.jpg,,in,,0,0,0,https://x.com/undefined/status/2051263068311843040,231355136,,Subsidi EV
2051235580118450629,Mon May 04 09:42:22 +0000 2026,3,@LambeSahamjja Wah ide Ojol Merah Putih ala Creative Trader ini memang liar banget Kalau kita bedah step-by-step pakai kacamata kebijakan publik &amp; bisnis ini yang bakal terjadi: ### **Bedah Ide Ojol Merah Putih ** ### **3 Masalah Utama Ide Ini** 1. **Ekonomi ga masuk** Ojol,2051235978946482673,,LambeSahamjja,in,,0,0,1,https://x.com/undefined/status/2051235978946482673,1834111245601189888,,Subsidi EV
2049339011983081647,Wed Apr 29 04:04:29 +0000 2026,0,Penggunaan EV Beri Dampak Positif Buat Ekonomi RI Irit BBM &amp; Subsidi Baca selengkapnya di atau download app CNBC Indonesia di AppStore dan PlayStore! https://t.co/cGfthLFa8t,2049339011983081647,,,in,,0,0,0,https://x.com/undefined/status/2049339011983081647,847372542830444544,,Subsidi EV
2049076825343902110,Tue Apr 28 10:42:39 +0000 2026,1,#UtasKompas Pemerintah Indonesia tengah merancang perluasan basis pajak melalui pengenaan PPN jalan tol dan penyesuaian pajak kendaraan listrik. Namun wacana ini memicu kekhawatiran besar terhadap efek domino ekonomi. Melihat besarnya penolakan terhadap PPN tol dan pajak EV https://t.co/HxvDyF6LFb,2049076825343902110,https://pbs.twimg.com/media/HG_CxziagAAySv6.jpg,,in,,0,1,0,https://x.com/undefined/status/2049076825343902110,255866913,,Subsidi EV
2048664919051313311,Mon Apr 27 07:25:53 +0000 2026,549,Guys ada situasi yang menurut gue menggambarkan dengan sangat jelas salah satu masalah terbesar yang membuat investor asing ragu masuk ke Indonesia. BYD produsen kendaraan listrik terbesar di dunia dari China sudah investasi besar-besaran di Indonesia. Bangun pabrik. Buka https://t.co/8YHRhp2znm,2048664919051313311,https://pbs.twimg.com/media/HG5RU8LbMAA_y_q.png,,in,,12,113,156,https://x.com/undefined/status/2048664919051313311,1772323119111487490,,Subsidi EV
2048591387030106603,Mon Apr 27 06:09:09 +0000 2026,11,@adarwis Logikanya sederhana sih: Minyak mahal&gt;BBM&gt;🇮🇩 kasih subsidi &gt; APBN gak support&gt; Kebijakan beralih ke EV&gt; pasar Fuel Motor&gt; Pendapatan pajak dari kendaraan &amp; Penjualan BBM oleh BUMN&gt; Pajaki kendaraan EV sesuai interest. Mw gimana itu hukum kausalitas cuy BYD mw interfensi.,2048645608995717585,,adarwis,in,,0,0,0,https://x.com/undefined/status/2048645608995717585,1352408771490770944,,Subsidi EV
2048366984262451221,Sun Apr 26 11:42:00 +0000 2026,1025,Susah banget jadi WNI kaum middle BBM naik ganti ke EV biar hemat Eeh subsidi pajak EV di hapus Bentar lagi wacana tarif listrik naik Bahkan mau lewat toll pun mau di pajakin.. Wooi gak dikasi napas ni kita diperes terus sampe miskin.. Ada gak sih WNA yg capek jadi WN di,2048366984262451221,,,in,,5,44,227,https://x.com/undefined/status/2048366984262451221,2045731527086989312,,Subsidi EV
2047900902137508270,Sat Apr 25 04:49:57 +0000 2026,43,Suzuki kopi eh Spresso Ini adalah mobil alternative selain EV kecil itu yang pajaknya kalo ga da subsidi jatuhnya lumayan (mihil). Cocok buat para bu ibu yang pingin mobil kecil irit mudah buat anter sekolah belanja kepasar laundry nge-gym dll. Mobil ini gak cocok https://t.co/tj5ux4obAr,2047900902137508270,https://pbs.twimg.com/ext_tw_video_thumb/2047900868687843328/pu/img/6ANkTNixgWyTQdY_.jpg,,in,,2,15,5,https://x.com/undefined/status/2047900902137508270,1833001838020636672,,Subsidi EV
2046851868727623938,Wed Apr 22 16:06:55 +0000 2026,2,@rahmatunKhasan3 @MiskinTV_ Pemilik mobil EV sebetulnya bantu Pemerintah mengurangi beban subsidi BBM yg diambil dr APBN. Subsidi mobil BBM itu Rp6jt - Rp9jt per mobil per tahun dr APBN. Ada ~27jt mobil di ID tahun 2025. Subsidi berlebihan ga sejalan dgn prinsip laissez-faire (Adam Smith). Ini bom waktu.,2046984101899681928,,rahmatunKhasan3,in,,0,3,0,https://x.com/undefined/status/2046984101899681928,1330319594,,Subsidi EV
2046759642064121889,Wed Apr 22 01:15:00 +0000 2026,2,Menteri Keuangan Purbaya Yudhi Sadewa menyatakan aturan baru pajak kendaraan listrik atau electric vehicle (EV) tidak mengubah total pajak melainkan hanya menggeser skema pemungutan. Sebetulnya total (pajak) sama nggak ada yang berubah. Cuma bergeser saja dari suatu tempat https://t.co/oP5vf6r9KT,2046759642064121889,https://pbs.twimg.com/media/HGd8aafbQAAups3.jpg,,in,,0,0,0,https://x.com/undefined/status/2046759642064121889,786549338818224128,,Subsidi EV
2046259483941478549,Mon Apr 20 16:07:33 +0000 2026,10,Bbm diesel modern mahal biosolar hapus qr EV dicabut subsidi+depresiasi. At this point kayaknya mending tetep pake mobil bensin irit yang membosankan itu.,2046259483941478549,,,in,,0,1,1,https://x.com/undefined/status/2046259483941478549,197403921,,Subsidi EV
2046163265726923199,Mon Apr 20 11:14:43 +0000 2026,3,@arivrh @ertigaid Pemerintah kita kan memang suka plin plan. Kl EV mahal ya org2 mending pake BBM subsidi.,2046185792780095939,,arivrh,in,,0,0,0,https://x.com/undefined/status/2046185792780095939,1238229350,,Subsidi EV
2046084782027931784,Mon Apr 20 04:33:21 +0000 2026,5,Kenaikan harga solar non-subsidi membuat pengguna mobil diesel mempertimbangkan ulang biaya dan mulai melirik kendaraan listrik (EV). Baca Selengkapnya https://t.co/AUtB5jOtD7 ~NA #BBM #MobilDiesel #KendaraanListrik https://t.co/itQLGbIO2E,2046084782027931784,https://pbs.twimg.com/media/HGUnQoVbAAA-rfI.jpg,,in,,1,0,0,https://x.com/undefined/status/2046084782027931784,23343960,,Subsidi EV
2045991659834573242,Sun Apr 19 22:23:19 +0000 2026,2,Nampaknya Grok setuju-setuju aja Indonesia all in sawit transisi ke EV dan percaya pemerintah sudah di-track yang benar. Bahkan menyarankan: 1. Jangan sampai ada demo besar. 2. My Pertamina harus anti korupsi konteksnya yang udah kaya ngga pakai BBM subsidi. Wdyt guys? https://t.co/AYijaoVN2G,2045991659834573242,https://pbs.twimg.com/media/HGTSkl9boAEE0wN.jpg,,in,,0,4,0,https://x.com/undefined/status/2045991659834573242,1030789552867139584,,Subsidi EV
2045709783462973576,Sun Apr 19 14:38:49 +0000 2026,9,@creeping5ilence Narasinya kelewat dramatis tapi salah di bagian-bagian yang penting. Mulai dari fakta dasarnya. Permendagri 11/2026 memang tidak lagi mencantumkan kendaraan listrik secara eksplisit sebagai yang dikecualikan. Tapi Pasal 19 aturan yang sama masih memberi ruang bagi pemda untuk,2045874767698534400,,creeping5ilence,in,,0,1,4,https://x.com/undefined/status/2045874767698534400,36319232,,Subsidi EV
2045329045450322057,Sat Apr 18 05:50:59 +0000 2026,11,@Me_LiverpoolFC @poetralr13 @ezash Justru subsidi buta itu yang bikin transisi EV lelet krn duitnya habis dibakar bukan buat bangun infrastruktur. 'Grand design' lu cuma angan2 selama logikanya masih gali lubang tutup lubang. Sok keras bahas ekosistem tapi buta opportunity cost mending balik belajar lagi dek,2045379545042452733,,Me_LiverpoolFC,in,,0,1,0,https://x.com/undefined/status/2045379545042452733,1590771342584025103,,Subsidi EV
2045329045450322057,Sat Apr 18 05:34:31 +0000 2026,2,@Dudiluislm @poetralr13 @ezash Syukurlah lu ngaku kita surplus. Lu nanya sampe kpn impor migas jd benalu? Jawabannya: sampe B50 &amp; transisi EV jalan full! Makanya negara dorong kemandirian energi. Subsidi skrg itu napas buatan sblm ekosistemnya siap. Kalo dicabut skrg kiamat inflasi. Lu yg buta grand design,2045375402030543181,,Dudiluislm,in,,0,2,0,https://x.com/undefined/status/2045375402030543181,78272180,,Subsidi EV
1817733627612172721,Thu Apr 16 11:12:49 +0000 2026,18,THE JAPANESE🇯🇵 DILEMMA Yg menarik tak satu pun pabrikan Jepang dlm 10 besar. Sayang VisualCapitalist gak menyertakan datanya sbg komparatif. Meskipun TOYOTA &amp; HONDA tetap mendominasi pasar mobil konvensional (ICE) dan Hybrid (HEV) secara global mereka tertinggal jauh di https://t.co/UmsEboxozq,2044735763074711984,https://pbs.twimg.com/ext_tw_video_thumb/2044735655390150656/pu/img/ZPrWec9R8GThGl7f.jpg,eddesign_,in,,0,4,7,https://x.com/undefined/status/2044735763074711984,325599485,,Subsidi EV
2044279047514107951,Wed Apr 15 04:58:00 +0000 2026,0,Pengamat Dorong Insentif EV Lebih Tepat Sasaran Bisa Tekan Beban Subsidi BBM https://t.co/y5lszr3RS4,2044279047514107951,,,in,,0,0,0,https://x.com/undefined/status/2044279047514107951,2392460208,,Subsidi EV
2043266749450342489,Sun Apr 12 12:27:40 +0000 2026,3,Akibatnya? Kerajaan kekurangan duit untuk ; i) bina pengangkutan awam besar-besaran ii) labur dlm tenaga bersih (solar EV grid) iii) bantu rakyat secara bersasar Jadi kerajaan buat apa? Ambil jalan paling mudah iaitu teruskan subsidi petrol.,2043305047644426711,,morasaki12,in,,0,1,1,https://x.com/undefined/status/2043305047644426711,715573280220971010,,Subsidi EV
2042876645468778953,Sun Apr 12 05:08:23 +0000 2026,2,@portaldekapital Pastu Malaysia nak jaga 'pemain indistri'.. Mengabiskan beras je. Lebih baik bagi ramai mampu beli EV kurang subsidi petrol.,2043194497644015737,,portaldekapital,in,,0,0,0,https://x.com/undefined/status/2043194497644015737,103557690,,Subsidi EV
2043132536130576485,Sun Apr 12 01:02:10 +0000 2026,9,Guys Benix baru rilis analisis soal kondisi industri otomotif Jepang dan katanya ini bisa jadi peluang buat Indonesia. Klaim satu industri otomotif Jepang sedang dalam masalah besar. Benix menyebut tiga data utama: - Nissan menutup tujuh pabrik di berbagai negara dan PHK lebih https://t.co/EyUuJ86uF8,2043132536130576485,https://pbs.twimg.com/media/HFqpgd3aQAA-UXp.jpg,,in,,0,1,1,https://x.com/undefined/status/2043132536130576485,1772323119111487490,,Subsidi EV
2042073979343741120,Thu Apr 09 02:55:51 +0000 2026,4,Kalau mau #ketahananenergi 🇮🇩 yang stabil ada 3 game changer yang wajib jalan: Transport listrik = less impor minyak Bayangin 1 juta mobil listrik bisa hemat 13 2 juta barel minyak/tahun ‍ Tapi biar makin masuk akal harga BBM juga harus realistis biar EV bisa truly,2042073979343741120,,,in,,0,1,1,https://x.com/undefined/status/2042073979343741120,72763910,,Subsidi EV
2040006981055119685,Fri Apr 03 15:53:44 +0000 2026,5,@fir_r @ZacZakirin13 Yup itulah. XMax tu pun dah lebih RM30k . Kalau nak harga Vios City dan EV semua sama macam Thailand (range RM15k-RM25k lagi murah) memang itulah expectation harga Myvi. Tapi bila depo kena 20-30% loan 5 tahun interest sampai 5-8% rasanya ramai juga tak mampu. Lagipun,2040095414339391897,,fir_r,in,,0,0,0,https://x.com/undefined/status/2040095414339391897,198424307,,Subsidi EV
2039923184460579306,Fri Apr 03 04:29:21 +0000 2026,1,Di tengah lonjakan harga minyak dunia yang dipicu ketegangan geopolitik global pemerintah dinilai perlu segera mengaktifkan kembali insentif kendaraan listrik (electric vehicle/EV). Institute for Development of Economics and Finance (INDEF) menilai langkah ini penting untuk https://t.co/q1MA7vefVc,2039923184460579306,https://pbs.twimg.com/media/HE9DUENaYAAZWGu.jpg,,in,,0,0,1,https://x.com/undefined/status/2039923184460579306,121640063,,Subsidi EV
2039898367312929196,Fri Apr 03 02:50:44 +0000 2026,0,Jepang Pangkas Subsidi EV BYD Kena Dampaknya https://t.co/uWbMXJ8fbE https://t.co/4xRtSWbC11,2039898367312929196,https://pbs.twimg.com/media/HE8swVDXsAA5Ldu.jpg,,in,,0,0,0,https://x.com/undefined/status/2039898367312929196,118371948,,Subsidi EV
2039371154281136331,Thu Apr 02 08:51:44 +0000 2026,2,@muizuddinhasan Public AC charger biasanya RM1/kWh so double the cost of home charging. Kalau banding RON95 untuk 200L lebih kurang sama. Tapi untuk menggunaan lebih 200L (bayar harga tanpa subsidi) EV lagi jimat. Pengguna yang selalu bergantung kepada public charger disarankan untuk,2039626825115333107,,muizuddinhasan,in,,0,0,0,https://x.com/undefined/status/2039626825115333107,129508554,,Subsidi EV
2039194647759856032,Wed Apr 01 04:14:25 +0000 2026,8,Pelaburan EV: Nilai Tambah Bukan Sekadar Pasang &amp; Simpan 1. Dalam dua hari ini negara kita hangat dengan isu cadangan BYD untuk membuka kilang di Malaysia. 2. Perdebatan timbul apabila syarat yang ditetapkan oleh MITI dilihat agak ketat khususnya kepada pemain EV import. Ada https://t.co/Vcq7lKmNSr,2039194647759856032,https://pbs.twimg.com/media/HEysuPVa8AAg1jK.jpg,,in,,0,1,6,https://x.com/undefined/status/2039194647759856032,212861003,,Subsidi EV
2039150394845392992,Wed Apr 01 01:18:34 +0000 2026,12,Panggung sirkus birokrasi kita hari ini sedang sibuk memamerkan mainan baru bertajuk Revolusi Hijau melalui kendaraan listrik (Electric Vehicle/EV). Sangat luar biasa melihat bagaimana energi negara habis terkuras untuk membentangkan karpet merah bagi produsen EV global https://t.co/5pS21Kcdpz,2039150394845392992,https://pbs.twimg.com/media/HEyEaCCbcAAqgTG.jpg,,in,,0,2,4,https://x.com/undefined/status/2039150394845392992,55300590,,Subsidi EV
2039020724573384851,Wed Apr 01 00:44:27 +0000 2026,2,@khalidkarim Tiap hari teriak subsidi petrol mahal sana mau Malaysians beli ev mahal. Akhirnya rakyat2 yg diexploit dn dibebankan,2039141808824033648,,khalidkarim,in,,0,0,0,https://x.com/undefined/status/2039141808824033648,272802182,,Subsidi EV
2038944397673496942,Tue Mar 31 16:50:57 +0000 2026,3,@ZARUL_GTI Lain benar larian pendapat kau ni. Kau mmg anti org miskin yg nakkan kereta EV murah utk hantar anak pegi sekolah/keja ke mcm mana? Habis tu nak guna kereta ICE supaya kerajaan tanggung subsidi minyak berbilion² sampai bila?,2039022647502385559,,ZARUL_GTI,in,,0,0,0,https://x.com/undefined/status/2039022647502385559,838274398297579520,,Subsidi EV
2038904323938365585,Tue Mar 31 09:53:24 +0000 2026,2,@MOFmalaysia Terima kasih. Tolong teliti @MITIMalaysia kita perlu EV bawah 100k kenapa kerajaan kena tanggung subsidi banyak dan rakyat kena bayar harga kereta tinggi untuk jaga kepentingan segelintir. Down with the old policy. They had their chances for so many years to evolve but failed.,2038917567923052727,,MOFmalaysia,in,,0,0,0,https://x.com/undefined/status/2038917567923052727,103557690,,Subsidi EV
2038852822452850878,Tue Mar 31 07:24:12 +0000 2026,2,@insidefolkative Di daerahku (Kaltara) udah lama dibatasi pembelian BBM subsidi gara2 pengetap. Udah gitu langka lagi sub &amp; non-sub hadeehh! Mau ganti EV ga ada yg jual. Dealer terdkt jaraknya 700km.,2038880023650918816,,insidefolkative,in,,0,0,0,https://x.com/undefined/status/2038880023650918816,189821832,,Subsidi EV
2038528537142100405,Tue Mar 31 04:29:15 +0000 2026,6,@khairizulfadhli @joharighani Kalau lebih ramai pakai ev mampu milik kan kerajaan boleh save subsidi petrol ..apa kata suruh proton dan produa support subsidi petrol sikit kalau nak sgt monopoly sales kereta...asyik petronas je kena,2038835993646977261,,khairizulfadhli,in,,0,0,0,https://x.com/undefined/status/2038835993646977261,1561649629589934080,,Subsidi EV
2038786571705765946,Tue Mar 31 01:12:52 +0000 2026,112,Dua faktor penyebab utama: 1. Pemerintah 🇨🇳 China dulu bnyk kasih subsidi tapi ekonominya lagi susah sejak Covid + konflik global. Target GDP 2026 diturunkan jadi 4.5-5% terendah selama puluhan tahun. 2. Sekarang mereka lagi shift gede2an ke industri terbaharukan: panel,2038786571705765946,,,in,,1,4,11,https://x.com/undefined/status/2038786571705765946,2019275795093680128,,Subsidi EV
2038445381638615487,Mon Mar 30 17:11:20 +0000 2026,2,@AbaGengGeng @A_Hxrrxz2nd Sampai khiamat la Pro2 and proton x perform. Byd kalau jual ev murah then org mampu beli duit extra boleh sumbang ke keluarga. Goverment xpyh tanggung subsidi byk2 utk minyak. Adoi,2038665391501951444,,AbaGengGeng,in,,0,1,0,https://x.com/undefined/status/2038665391501951444,404138542,,Subsidi EV
2038644241338159511,Mon Mar 30 15:47:17 +0000 2026,7,Selain drpd pengurangan subsidi minyak kita kena ingatlah yang sumber elektrik ni boleh dijana melalui renewables terutamanya solar yg boleh dipasang di rumah2 landed. Effectively opex EV jadi hampir nol. Besides what makes up our genmix is much more stable compared to oil.,2038644241338159511,,,in,,0,0,5,https://x.com/undefined/status/2038644241338159511,1044537878,,Subsidi EV
2038589413928870313,Mon Mar 30 14:37:12 +0000 2026,3,@syahir sbb tu la aq tak suka korang punya pandangan contoh byd jdi bina kilang korang punya tajuk tgk syarikat gergasi ev bina kilang di malaysia bnyk job bru msuk madani bagus. bila tiba2 tak jadi hujah dia mcm ni la dumping la subsidi la. ikut tekak dn cita rasa sendri,2038626604088447239,,syahir,in,,0,2,1,https://x.com/undefined/status/2038626604088447239,1696179509475917824,,Subsidi EV
2038619950575947957,Mon Mar 30 14:10:46 +0000 2026,395,Memang tak cerdik pun. Kurangkan subsidi (pukal) itu memang perlu buat. Kalau EV menjadi dasar utama kau hanya pindahkan consumption daripada petrol kepada gas (piped gas yang highly subsidised by Petronas) dan juga arang batu. Itu nama dia poket kiri poket kanan. Pegi tengok,2038619950575947957,,,in,,12,16,136,https://x.com/undefined/status/2038619950575947957,2537511066,,Subsidi EV
2038453482144084397,Mon Mar 30 03:09:17 +0000 2026,459,Aku ni takdelah cerdik mana tapi kalau betul nak kurangkan subsidi bahan api maka kenderaan EV adalah salah satu solusinya (selain pengangkutan awam atau suruh pekerja WFH). On way to encourage people to buy EV in Malaysia is to make it affordable sebab petrol kita murah dan,2038453482144084397,,,in,,18,24,234,https://x.com/undefined/status/2038453482144084397,1120318149654499328,,Subsidi EV
2038415119470952746,Mon Mar 30 02:42:41 +0000 2026,34,@XWarisan @joharighani Dua syarat tu kalau betul memang mengarutlah. Nampak sangat nak protect P1 dan P2. Padahal kalau fikir balik orang yang beli EV ni sekurangnya bantu juga kurangkan beban subsidi bahan api kerajaan.,2038446788433338554,,XWarisan,in,,1,1,1,https://x.com/undefined/status/2038446788433338554,82872938,,Subsidi EV
2036728451898737096,Wed Mar 25 08:54:38 +0000 2026,15,Mau bangga ga naik? Faktanya ini justru ngeri sih jujur aja. Negara klo defisit terus yang di kerok ya rakyatnya dengan pajak-pajak yang makin aneh. Ini bagaikan BOM waktu yang tinggal nunggu meledak ya aja. Tapi sayang rakyatnya terutama di kalangan bawah ga sadar efek domino https://t.co/kxBU210Umn,2036728451898737096,https://pbs.twimg.com/media/HEPpujWakAAw0oH.jpg,,in,,0,2,3,https://x.com/undefined/status/2036728451898737096,902005561675227136,,Subsidi EV
2036307814998851691,Tue Mar 24 06:18:23 +0000 2026,3,@dosenkesmas Good news Daripada kita tergantung ke minyak tiap tahun impor minyak dan subsidi BBM Kalo pake EV mininal kita punya batubara dan renewal energi lain jd ga terlalu bergantung ke negara luar,2036326743120945667,,dosenkesmas,in,,0,1,0,https://x.com/undefined/status/2036326743120945667,1206584104201809921,,Subsidi EV
2035677941053681716,Sun Mar 22 11:20:16 +0000 2026,3,True. Mudah-mudahan masih cukup buat arus balik ngga ujug-ujug besok dilarang beli BBM supaya semua kendaraan pribadi nyangkut di kampung lalu cuma bisa WFH atau kerja pake KRL. Tapi LPJ pasti seret MBG bisa distop ganti subsidi kompor listrik. Pickup India ganti EV China.,2035677941053681716,,,in,,0,0,1,https://x.com/undefined/status/2035677941053681716,185320244,,Subsidi EV
2034531984442294521,Thu Mar 19 09:15:44 +0000 2026,59,@bckupacc99 LOL .dia tak tau ka kereta ev dapat subsidi kerajaan,2034559434207428703,,bckupacc99,in,,0,0,0,https://x.com/undefined/status/2034559434207428703,3522936853,,Subsidi EV
2034160157740175547,Wed Mar 18 06:49:09 +0000 2026,19,Kebijakan terbaik itu berdasarkan kondisi negara masing2. Idn: net importir minyak Mal: net eksportir minyak Idn: subsidi BBM Rp 160 T Mal: subsidi Rp 86 T Idn: jumlah mobil 145 juta Mal: mobil 33 juta Idn: EV 6 pabrik Mal: EV 3 pabrik Idn: distribusi BBM lebih kompleks https://t.co/ZVrwEWHsRa,2034160157740175547,https://pbs.twimg.com/media/HDrJ2U1bEAgVShN.jpg,,in,,0,7,5,https://x.com/undefined/status/2034160157740175547,1405723264710709248,,Subsidi EV
2032672369182126124,Sat Mar 14 04:17:12 +0000 2026,1,Strategi baharu diperlukan selepas Amerika Syarikat menamatkan program subsidi pembelian EV di bawah pentadbiran Donald Trump. #AWANInews #AWANIpagi https://t.co/6ZW4Er9rEB,2032672369182126124,,,in,,0,0,3,https://x.com/undefined/status/2032672369182126124,497665754,,Subsidi EV
2031323290959229196,Tue Mar 10 10:57:03 +0000 2026,2,Salah satu isu paling penting adalah biaya dan dukungan kebijakan. Produksi biodiesel saat ini masih sangat bergantung pada subsidi dari pungutan ekspor CPO. Tanpa dukungan ini biaya produksi biodiesel relatif tinggi dan sulit bersaing dengan bahan bakar lain. Karena biodiesel,2031323440792445253,,IESR,in,,0,0,0,https://x.com/undefined/status/2031323440792445253,72763910,,Subsidi EV
2031284272158691469,Tue Mar 10 08:21:24 +0000 2026,80,Biodiesel di Indonesia saat ini juga menerima dukungan dan insentif dalam berbagai bentuk: 1⃣ BPDKS = subsidi biaya produksi ~Rp3.500 Rp5.500 per liter &gt;&gt; ini uangnya dari pungutan ekspor sawit (bukan uang APBN) 2⃣ Subsidi harga retail = ini karena biodiesel dijualnya fixed https://t.co/AnES0tceeY,2031284272158691469,https://pbs.twimg.com/media/HDCPr-6bIAAQUe3.jpg,,in,,3,7,28,https://x.com/undefined/status/2031284272158691469,69806285,,Subsidi EV
2027978613442941226,Sun Mar 01 09:27:28 +0000 2026,33,@catp00h Hmmm berarti rumah subsidi didesain untuk parkiran air ev sebelum ada air ev Visioner!,2028039406762987903,,catp00h,in,,1,1,0,https://x.com/undefined/status/2028039406762987903,197403921,,Subsidi EV
2023925655357059526,Wed Feb 18 01:29:23 +0000 2026,34,@mcitraningrum BYD sukses bukan cuma karena founder-nya jago baterai. Wang Chuanfu punya visi teknologi. Wan Gang dorong kebijakan besar-besaran ke EV saat China sadar tak akan menang di mobil bensin. Ada subsidi pasar dibentuk infrastruktur dibangun. Teknologi + kebijakan jalan bareng.,2023932827306512635,,mcitraningrum,in,,0,1,5,https://x.com/undefined/status/2023932827306512635,1025551760,,Subsidi EV
2023925655357059526,Wed Feb 18 01:00:53 +0000 2026,763,Kesuksesan BYD ini kombinasi visionernya Wang Chuanfu (founder &amp; CEO BYD) dan Wan Gang (Menteri Saintek Tiongkok 2007-2018). Wan Gang itu disebut Bapak EV negara panda :) ️ Wang Chuanfu adalah chemist dengan keahlian di baterai; makanya dia kemudian mendirikan pabrik baterai,2023925655357059526,,,in,,22,25,191,https://x.com/undefined/status/2023925655357059526,69806285,,Subsidi EV
2023580249305580021,Tue Feb 17 13:31:27 +0000 2026,4,@GaiusJArminius @AldhitamaR @WillyXO intinya ttp dibantu pemerintah insentif dan subsidi keduanyabentuk bantuan pemerintah. Tujuannya sama sama untuk meringankana jgn lupa ngecharge ev jg subsidi PLN jam 22.00 sampe subuh pln sendiri sebut subsidi loh ya faktanya gt No hard feeling saya jg user ev ‍↕️,2023752151374459104,,GaiusJArminius,in,,0,2,0,https://x.com/undefined/status/2023752151374459104,1550854739079749637,,Subsidi EV
2022164026512535987,Fri Feb 13 06:11:11 +0000 2026,2,@kompascom Berasa buat subsidi silang EV,2022191805362852299,,kompascom,in,,0,0,0,https://x.com/undefined/status/2022191805362852299,507437285,,Subsidi EV
2021557253946704134,Wed Feb 11 12:09:42 +0000 2026,122,Kenapa Penjualan mobil di Tiongkok anjlok? Orang2 bakal mikir ekonomi Tiongkok lagi hancur Tapi coba liat dari sudut pandang ini: 1. Efek Pesta di Bulan Desember Di akhir tahun itu biasanya ada cuci gudang dan subsidi gede-gedean. Orang-orang yang tadinya mau beli mobil di,2021557253946704134,,,in,,0,3,5,https://x.com/undefined/status/2021557253946704134,1955226998156169217,,Subsidi EV
2021210549238005809,Tue Feb 10 13:12:01 +0000 2026,1,Walau subsidi mobil listrik untuk tahun 2026 dipastikan dihapus produsen EV asal China BYD tetap menunjukkan optimisme tinggi. Menjaga pangsa pasar sekitar 50% di Indonesia BYD yakin permintaan kendaraan listrik akan tetap kuat berkat minat konsumen yang terus meningkat dan https://t.co/ObduuaWQVh,2021210549238005809,https://pbs.twimg.com/media/HAzIRq6bQAEZvAE.jpg,,in,,0,1,0,https://x.com/undefined/status/2021210549238005809,231355136,,Subsidi EV
2018857173972049923,Wed Feb 04 02:42:19 +0000 2026,4,@ikhwanuddin + pemerintah yg ngasih subsidi gila2an shg harga baru EV udah absurdly low. + Produsen yg tiap bulan ngerilis EV seperti ngerilis smartphone. ,2018877752678785282,,ikhwanuddin,in,,1,1,0,https://x.com/undefined/status/2018877752678785282,1963611322681368576,,Subsidi EV
2018593449050804249,Tue Feb 03 12:28:19 +0000 2026,2,@rodadotco Pertama krn pajak mobil ice itu 40% supaya msh terjangkau maka fitur banyak disunat itu pun ttp mahal sementara ev banyak di subsidi jd dgn harga murah fitur seabrek gak disunat kedua krn lg hype ev,2018662833890992633,,rodadotco,in,,0,0,0,https://x.com/undefined/status/2018662833890992633,50852842,,Subsidi EV
2017935443413918036,Sun Feb 01 12:17:55 +0000 2026,0,Nasib Insentif EV Belum Jelas Changan Kasih 'Subsidi' Sendiri untuk Konsumen RI https://t.co/GwGpsKoBgb,2017935443413918036,,,in,,0,0,0,https://x.com/undefined/status/2017935443413918036,80543284,,Subsidi EV
2010242740479758770,Sun Jan 11 08:45:39 +0000 2026,3,@BudiBukanIntel Kalau anda konglo yg selalu sejalan dg pemerintah dijamin aman gak bakal ada palakan sebaliknya justru disubsidi. Industri ev semiconductor panel surya ai biotech dapat guyuran subsidi ratusan milyar dollar.,2010271880381648935,,BudiBukanIntel,in,,0,0,0,https://x.com/undefined/status/2010271880381648935,866697242672979968,,Subsidi EV
2009908990952779907,Sat Jan 10 14:20:01 +0000 2026,2,@AldhitamaR Opini yang bagus kawan. Mari kita lihat kalau nanti segala macam insentif EV kaya subsidi pajak dan gage dicabut...,2009993636826755121,,AldhitamaR,in,,0,2,0,https://x.com/undefined/status/2009993636826755121,66363128,,Subsidi EV
2008407816655213031,Tue Jan 06 05:18:32 +0000 2026,0,BYD resmi salip Tesla sebagai penjual EV terbesar dunia. Penjualan Tesla turun 9% di 2025 sementara BYD melonjak hampir 28% hingga tembus 2 25 juta unit. Dicabutnya subsidi EV AS persaingan ketat dan faktor non-teknis ikut menekan Tesla. https://t.co/9jyDF6sWwe,2008407816655213031,https://pbs.twimg.com/amplify_video_thumb/2008405186763780101/img/Im7mrIsTTHEujZLU.jpg,,in,,0,0,0,https://x.com/undefined/status/2008407816655213031,80543284,,Subsidi EV
2007343719490732322,Sat Jan 03 07:40:26 +0000 2026,9,@BigAlphaID Kalau ev memang lebih efisien dan hemat masyarakatnya juga bakal pakai gausah di subsidi pajak,2007356364516143312,,BigAlphaID,in,,0,1,0,https://x.com/undefined/status/2007356364516143312,1846778537518551043,,Subsidi EV
2006683708368237022,Thu Jan 01 11:07:33 +0000 2026,1239,Bagi kuliah kat masjid macam sembang kat mamak jangan beli EV sebab nak kawal manusia(?).. petrol dah bagi subsidi (????).. minyak subsidi cepat habis (kemudian dialas dengan wallahu a'lam..) Dulu masjid jadi pusat ilmu.. https://t.co/lfcn5rNXIx,2006683708368237022,https://pbs.twimg.com/amplify_video_thumb/2006683614671679488/img/7bXgdG3G9RAF9bHV.jpg,,in,,84,124,419,https://x.com/undefined/status/2006683708368237022,275462876,,Subsidi EV
2005339484280500400,Mon Dec 29 06:56:34 +0000 2025,1,@andy_santuy @Fountaine30 EV itu memberi alternatif kepada orang utk punya mobil bagus &amp; canggih dgn harga yg lebih murah daripada harga mobil ICE bekas. Selain itu ngecharge listrik lebih murah daripada beli bensin kalau hari-hari dipakai pergi pulang kantor. Kalau adopsi EV berjalan kencang (katanya,2005533383422890008,,andy_santuy,in,,0,1,0,https://x.com/undefined/status/2005533383422890008,57572052,,Subsidi EV
2004745788396908569,Sat Dec 27 02:51:21 +0000 2025,32,Proyek kompor listrik (2016) Proyek sepeda motor listrik (2018) Proyek rice cooker (2021) Ngulang proyek kompor listrik (2022) Proyek subsidi EV (2023-2025) Semua tujuannya supaya segmen rumah tangga yg tanggungjawab sama planning &amp; eksekusi tolol rezim mulyono,2004746896473293085,,ObiWan_Catnobi,in,,1,2,14,https://x.com/undefined/status/2004746896473293085,371261655,,Subsidi EV
2004158111867965922,Thu Dec 25 16:43:08 +0000 2025,5,@Fountaine30 th dpn ud ga ada subsidi EV smg BYD/Vinfast ttp kuat jualan di Indo krn Investnya udh gede bgt ini ditambah udh deket Patimban juga biar Priok ga tambah macet,2004231447436271995,,Fountaine30,in,,0,0,1,https://x.com/undefined/status/2004231447436271995,1780949657323274240,,Subsidi EV
2002192032119566711,Sat Dec 20 03:00:49 +0000 2025,2,@ThatSun510 @StopPlandemit @MiraninonLita @maximv_satriaus @SumandoGaek @seekracle @GandarAntarkota @ranglasi @mamakchayank @mulkanjabariyan @dokter_kampung @Delta_tofu @Faraz_kepri @daddyyuki subsidi eV tahun depan dicabut keknya. ilang satu persatu tuh pabrikan ntar apalagi si gemoy bilang yuk nanam sawit buat bikin BBM,2002212565682958689,,ThatSun510,in,,0,2,0,https://x.com/undefined/status/2002212565682958689,2338218877,,Subsidi EV
2001611040510087205,Thu Dec 18 11:10:34 +0000 2025,0,18 DISEMBER 2025 - PERALIHAN KEPADA KENDERAAN EV: KERAJAAN TIDAK BERCADANG GANTI SUBSIDI. 'Yang sahih di RTM' #RTM #BeritaRTM #MalaysiaMadani #TaatSetia #BersamaMALAYSIAKU #RancakkanMADANI #MADANIBekerja https://t.co/Kv4KWSrVHN,2001611040510087205,https://pbs.twimg.com/amplify_video_thumb/2001610987800322048/img/anC-WBq_RYmtkpz2.jpg,,in,,0,0,0,https://x.com/undefined/status/2001611040510087205,704725700,,Subsidi EV
2001586967469781121,Thu Dec 18 09:34:55 +0000 2025,0,#KualaLumpur Kerajaan tidak bercadang menggantikan subsidi bahan api di bawah skim BUDI95 dengan rebat tunai sebagai insentif untuk menggalakkan peralihan kepada kenderaan elektrik (EV) atau hibrid kata Menteri Kewangan II Datuk Seri Amir Hamzah Azizan. https://t.co/C7tUXpGIRh https://t.co/S5qpuR3nzw,2001586967469781121,https://pbs.twimg.com/media/G8cQvUeXoAAUOCY.jpg,,in,,0,0,0,https://x.com/undefined/status/2001586967469781121,63070015,,Subsidi EV
2001548005745336818,Thu Dec 18 07:00:06 +0000 2025,13,Kerajaan Malaysia melalui Menteri Kewangan II Datuk Seri Amir Hamzah Azizan telah mengesahkan bahawa tiada penggantian skim subsidi bahan api Budi95 dengan rebat tunai untuk mempromosikan kenderaan elektrik atau hibrid. Beliau menyatakan bahawa inisiatif untuk meningkatkan https://t.co/epmUw5WCJ2,2001548005745336818,https://pbs.twimg.com/media/G8btTeSWIAAUBeL.jpg,,in,,0,0,6,https://x.com/undefined/status/2001548005745336818,1213807317419880450,,Subsidi EV
2001526964621058337,Thu Dec 18 05:36:29 +0000 2025,2,Objektif asal BUDI95 adalah subsidi bersasar untuk golongan bergantung kepada petrol bukan galakkan pemandu beralih ke EV atau hibrid. #AWANInews #AWANI745 https://t.co/NzgRPzaKFi,2001526964621058337,,,in,,0,0,1,https://x.com/undefined/status/2001526964621058337,497665754,,Subsidi EV
2001526061176172947,Thu Dec 18 05:32:54 +0000 2025,0,Kerajaan kekal subsidi bahan api BUDI 95 tiada rebat tunai untuk galak EV https://t.co/qX671ceJxb,2001526061176172947,,,in,,0,0,0,https://x.com/undefined/status/2001526061176172947,61083422,,Subsidi EV
2001520496337391854,Thu Dec 18 05:10:47 +0000 2025,1,Kerajaan tak bercadang ganti subsidi bahan api dengan rebat tunai galak beralih kepada EV #BHbisnes Langkah itu akan mengubah tujuan asal pelaksanaan BUDI95 dan berpotensi menjejaskan keberkesanan penyasaran subsidi kepada kumpulan sasar. https://t.co/N1QmfOzDwC,2001520496337391854,,,in,,0,0,0,https://x.com/undefined/status/2001520496337391854,63070483,,Subsidi EV
2001515611898417585,Thu Dec 18 04:51:22 +0000 2025,0,Buat masa ini kerajaan tidak bercadang untuk menggantikan subsidi bahan api di bawah BUDI95 dengan rebat tunai sebagai penggalak peralihan kepada EV atau hibrid. https://t.co/6HW0YXYi9C 'Yang sahih di RTM' #RTM #BeritaRTM #MalaysiaMadani #BersamaMALAYSIAKU https://t.co/ypCaiM3udQ,2001515611898417585,https://pbs.twimg.com/media/G8bPuZfakAAmqr2.jpg,,in,,0,0,1,https://x.com/undefined/status/2001515611898417585,704725700,,Subsidi EV
1998366352692977821,Tue Dec 09 12:17:36 +0000 2025,251,YANG HARUS DILAKUKAN PEMERINTAH: Wajibkan audit SLF tahunan + subsidi sprinkler (Rp50M nasional) Integrasikan AI early warning di damkar Update UU Cipta Kerja tambah klausul tech safety Kolaborasi ASEAN soal baterai EV/drone https://t.co/MJbnvD1ZN2,1998366416710586525,https://pbs.twimg.com/media/G7ue6V0boAAOdzU.jpg,dimarsasongko98,in,,3,1,49,https://x.com/undefined/status/1998366416710586525,1781618112259076096,,Subsidi EV
1993932768062128598,Thu Nov 27 06:39:52 +0000 2025,14,AIRLANGGA TOXIC POSITIVITY vs GUMIWANG REALISTIC Menko Airlangga bilang 'tidak ada insentif' karena industrinya 'sudah cukup kuat'. Lihat aja pameran GJAW (Permata Bank GAIKINDO Jakarta Auto Week 2025) yg sukses. Poin Menperin Agus Gumiwang realistik insentif justru https://t.co/53vfsj0DYU,1993932768062128598,https://pbs.twimg.com/media/G6vfSQKaQAEqCMR.jpg,,in,,0,1,4,https://x.com/undefined/status/1993932768062128598,325599485,,Subsidi EV
1986957593294807476,Sat Nov 08 00:43:00 +0000 2025,23,Selamat pagi.. Data ekspor Clean Energy atau energi bersih Tiongkok keluar dan gilanya semua sektor naik kecuali solar yang agak turun dikit. Baterai EV kabel listrik sistem grid semuanya naik. Dari Januari sampai Agustus 2025 nilainya udah tembus rekor baru. https://t.co/5jlH0Av04b,1986957593294807476,https://pbs.twimg.com/media/G5MWAoubIAA0_xG.jpg,,in,,0,2,5,https://x.com/undefined/status/1986957593294807476,1955226998156169217,,Subsidi EV
1984914407445696650,Sun Nov 02 09:24:07 +0000 2025,392,Inovasi demi inovasi China yg begitu dahsyat terjadi krn bbrapa faktor berikut : - pemerintah kompak satu suara. Tak ada sibuk debat di parlemen yg tak ada ujungnya antar partai saling menjatuhkan spt di amrik dan eropa. - pemerintah yg cerdas kompeten dan satu suara ini https://t.co/9Sc7XjxAjK,1984914407445696650,https://pbs.twimg.com/media/G4vVIm0aUAAo4Ff.jpg,,in,,4,16,77,https://x.com/undefined/status/1984914407445696650,190535830,,Subsidi EV
1984451430116442559,Sat Nov 01 02:44:24 +0000 2025,23,@anwaribrahim @tzafrul_aziz @rafiziramli -Mari Kita Hadapi Realiti - Bukan Retorik Politik Ramai yang sibuk menuduh DSAI &amp; Zafrul kononnya telah jual kedaulatan Malaysia kerana perjanjian dagangan dengan Amerika Syarikat. Tapi mari kita fikir dengan jujur - apa akan jadi kalau,1984451430116442559,,anwaribrahim,in,,1,0,10,https://x.com/undefined/status/1984451430116442559,1423556976554909697,,Subsidi EV
1984157076109861223,Fri Oct 31 07:14:45 +0000 2025,21,Day 8 #50HariNgulikSahamTiongkok Selamat sore semeton! Balik lagi saya ngulik saham-saham Tiongkok. Daripada liat berita gak ada ujungnya bahas dua kakek-kakek mulu mending kita bahas mobil mobil. Akhir-akhir ini saya lagi suka banget sama sektor mobil listrik. Sayang aja di https://t.co/gWrDAZVrrq,1984157076109861223,https://pbs.twimg.com/media/G4kkVPNa8AMc-Vg.jpg,,in,,0,0,3,https://x.com/undefined/status/1984157076109861223,1955226998156169217,,Subsidi EV
1979011608530633013,Fri Oct 17 02:28:30 +0000 2025,4,Subsidi petrol telah disasarkan. Mungkin boleh jimat RM1b-RM2b setahun. Soalan seterusnya apa langkah seterusnya untuk tarik 100%? Secara jujurnya aku rasa jawapannya ialah EV dan hybrid. Kalau jumlah EV 10% dari jumlah kenderaan 10% subsidi petrol dapat dikurangkan.,1979011608530633013,,,in,,0,2,0,https://x.com/undefined/status/1979011608530633013,226184401,,Subsidi EV
1978810658943795636,Thu Oct 16 13:10:00 +0000 2025,1,Periklindo Minta 10% Subsidi BBM Dialihkan untuk Prasarana EV https://t.co/sABpn0l5rh,1978810658943795636,,,in,,0,0,1,https://x.com/undefined/status/1978810658943795636,4187275698,,Subsidi EV
1976571772129669504,Fri Oct 10 08:53:28 +0000 2025,119,Naik Grab tadi mcm biasa rider complaint psl minyak BUDI95 tak cukup. Baru minggu kedua dh habis Terfikir jugak kalau ada usaha nak push kereta EV dimurahkan sikit harganya (RM25K-50K) lagi ramai driver pakai kereta EV dan lebih jimat subsidi minyak negara,1976571772129669504,,,in,,2,17,26,https://x.com/undefined/status/1976571772129669504,50513436,,Subsidi EV
1973018186389090511,Tue Sep 30 13:32:47 +0000 2025,2,Dulu gomen subsidi 2.60 - 2.05 = 0.55 Sekarang punya subsidi 2.60 - 1.99 = 0.61 Yg bijak pandai kira 2.05 - 1.99 = 0.06 Selama ni ingat gunapakai petrol takde subsidi ke? Turun salah. Naik salah. Pakai ev je lah. Eh?,1973018186389090511,,,in,,0,0,0,https://x.com/undefined/status/1973018186389090511,53131767,,Subsidi EV
1972843842748756030,Tue Sep 30 10:03:16 +0000 2025,2,@zhil_arf Mumpung listrik sedang over kapasitas. Langkah cepat dan strategis adalah zero tariff for Chinese ev solar panel inverter renewable energy technology. Subsidi BBM dialihkan ke voucher yang butuh dan elektrifikasi dapur dg kompor induksi.,1972965461320200475,,zhil_arf,in,,1,0,0,https://x.com/undefined/status/1972965461320200475,866697242672979968,,Subsidi EV
1972506543569674697,Mon Sep 29 03:59:20 +0000 2025,2,@2BasileaTheoph Subsidi langsung dalam bentuk voucher ke yang butuh zero tariff for Chinese ev solar panel inverter and renewable energy technology. Pajak kendaraan dan BBM 100 % wajib untuk infrastruktur dan logistik .,1972511487756480648,,2BasileaTheoph,in,,0,1,0,https://x.com/undefined/status/1972511487756480648,866697242672979968,,Subsidi EV
1972284755640225966,Sun Sep 28 16:03:07 +0000 2025,4,@FelixSGL1 @SelebtwitMobil Minimal klo benci EV subsidi lah mobil hybrid. Indo jg terlalu kuno klo langsung dipaksain EV,1972331242860564606,,,in,,0,0,0,https://x.com/undefined/status/1972331242860564606,1182215425578262528,,Subsidi EV
1970858388830793993,Wed Sep 24 14:30:31 +0000 2025,6,Kerajaan kata nak kurangkan jejak karbon tapi tangan kiri tolong EV tangan kanan subsidi petrol. Lestari alam ke atau lagi bercelaru? Atau kelentong sana sini tak tentu arah? https://t.co/XeGvuajGKv,1970858388830793993,https://pbs.twimg.com/media/G1nlP4SbYAAQnLe.jpg,,in,,1,1,0,https://x.com/undefined/status/1970858388830793993,995676205914378242,,Subsidi EV
1970752285547602297,Wed Sep 24 07:28:58 +0000 2025,4,Potensi Kebangkrutan PLN Akumulasi beban skema ToP dari PLTU dan geothermal dapat mendorong PLN ke ambang krisis. Di sisi lain oversupplyyang membebani PLN dapat memicu efek domino seperti subsidi EBT yang naik hingga Tarif Dasar Listrik berpotensi mengalami kenaikan untuk,1970752304396853468,,Hnirankara,in,,0,1,0,https://x.com/undefined/status/1970752304396853468,871058414364876800,,Subsidi EV
1970452270992241102,Tue Sep 23 11:36:45 +0000 2025,58,Dalam kita setuju dengan subsidi minyak ada dua perkara saya tak setuju 1. Subsidi kepada semua (termasuk Maha Kaya) 2. Limit 300liter (kerajaan juga dlm proses menetapkan limit harian tapi tak pasti mekanisma) Limit yang reasonable bagi saya ialah dlm lingkungan 400-500,1970452270992241102,,,in,,0,2,6,https://x.com/undefined/status/1970452270992241102,1928310119194054657,,Subsidi EV
1970366322711371789,Tue Sep 23 05:55:13 +0000 2025,4,Tenang betul hidup orang pakai EV eh. Tanya member dia langsung tak ambil port orang bergaduh pasal subsidi minyak ,1970366322711371789,,,in,,0,0,1,https://x.com/undefined/status/1970366322711371789,213477374,,Subsidi EV
1968240470989095320,Wed Sep 17 09:07:51 +0000 2025,34,Ini jawaban kenapa saya beli $NIO - Fundamental $NIO : 1.Inovasi unik: Battery Swap Technology tukar baterai dalam &lt;5 menit jauh lebih cepat daripada charging. Ini menciptakan keunggulan kompetitif yang sulit ditiru. 2.Partner strategis dengan CATL akses,1968240470989095320,,,in,,1,5,0,https://x.com/undefined/status/1968240470989095320,1955226998156169217,,Subsidi EV
1966699636196077790,Sat Sep 13 03:05:07 +0000 2025,35,Skandal Produksi Fiktif &amp; Fraud Subsidi EV di China (2016 2020) Biar jelas kita bahas modus kronologi perusahaan yg terlibat sanksi &amp; dampaknya.,1966699636196077790,,,in,,1,1,13,https://x.com/undefined/status/1966699636196077790,1568995446273773570,,Subsidi EV
1965620045658382405,Fri Sep 12 00:28:30 +0000 2025,7,@transloop_id @itdpindonesia Subsidi kendaraan listrik pribadi itu bener2 tolol. Ngurangi macet enggak bikin jebol anggaran pemprov karena PAD berkurang iya. Semua gak lebih dari niatan cuan dari impor EV dan maksimalisasi penggunaan listrik. Harusnya transum berbasis listrik yg disubsidi bukan KCIC.,1966297835135185362,,transloop_id,in,,0,1,2,https://x.com/undefined/status/1966297835135185362,1954354960323497984,,Subsidi EV
1959491215453467087,Mon Aug 25 10:53:54 +0000 2025,8,@neohistoria_id Nih. DPR dan eksekutif bs ngelolosin anggaran subsidi EV. Tapi apa itu yang rakyat butuh? Gmn dgn transum? Anak sd/smp bawa motor apa bukan karena gada akses transum? Gmn wakil rakyat harusnya menghadapi case gini? I can talk too long about this but I don t think i will. Muak.,1959932240739160284,,fzpermana,in,,0,0,0,https://x.com/undefined/status/1959932240739160284,138156814,,Subsidi EV
1959634024483402120,Sun Aug 24 15:08:54 +0000 2025,6,Halah.. Itu semua terjadi karna Hyundai sendiri yg ga komit buat nyediain harga terjangkau. Target peralihan bensin ke listrik jd mandek karna angka penjualan yg sangat kecil. Insentif pajak dr pemerintah itu ya biar semakin banyak org beralih ke EV dan semakin kecil subsidi bbm,1959634024483402120,,,in,,0,2,4,https://x.com/undefined/status/1959634024483402120,973243538,,Subsidi EV
1959500834909352125,Sun Aug 24 06:25:50 +0000 2025,2,@Daniel7iao Ya emang merek China lagi banyak yang masuk utamanya EV belum lagi kendaraan EV lagi subsidi gede makanya banyak yang minat kemarin ke GIIAS aja booth BYD rame banget,1959502390585069641,,Daniel7iao,in,,0,1,0,https://x.com/undefined/status/1959502390585069641,1604790074327306240,,Subsidi EV
1956788965891248193,Sat Aug 16 18:43:39 +0000 2025,3,Fakta yang jarang dibicarakan: ️Emas: Indonesia produsen No. 6 dunia. ️Batu Bara: Indonesia produsen No. 3 dunia. ️Nikel (untuk baterai EV): Indonesia No. 1 dunia. Dan lawan tanding kita bukan negara kecil. Kita bersaing langsung dengan Cina Amerika Serikat Australia https://t.co/bPKl7NwYTn,1956788965891248193,https://pbs.twimg.com/ext_tw_video_thumb/1956788891010445312/pu/img/28HJqQ8Bt-tVhbwX.jpg,,in,,1,0,2,https://x.com/undefined/status/1956788965891248193,1383295518374121475,,Subsidi EV
1956542806337675452,Sat Aug 16 02:46:34 +0000 2025,11,@innovacommunity Saya menunggu subsidi pemerintah utk ev dicabut nah kita lihat pertempuran sesungguhnya pemasaran &amp; pelayanan,1956548107162042516,,innovacommunity,in,,0,3,1,https://x.com/undefined/status/1956548107162042516,134638027,,Subsidi EV
1953652746563072401,Fri Aug 08 05:10:23 +0000 2025,3,@redpixel_prime @Auto___Revo Cuma mau dagang doang Harga EV itu murah banget bisa dijual dengan harga tinggi + dapet subsidi Kesian konsumennya nanti di tengah jalan bingung mau servis kemana,1953685198195110066,,redpixel_prime,in,,0,1,0,https://x.com/undefined/status/1953685198195110066,75245758,,Subsidi EV
1947996272000159998,Thu Jul 24 01:54:53 +0000 2025,5,@nandasdraft @txtdariotomotif Brand ini sm brand EV buah kena skandal subsidi chinese government perihal produksi EV. Kalo yg spareparts langka forum FB reddit banyak banget user yg komplain mobilnya dongkrok di dealer berminggu-minggu *ga cuma indo bahkan sampe thai sm aussie https://t.co/P3B9cLjirk,1948200179578065318,,nandasdraft,in,,0,1,0,https://x.com/undefined/status/1948200179578065318,1268830980,,Subsidi EV
1947996272000159998,Wed Jul 23 13:30:51 +0000 2025,19,@txtdariotomotif Ternyata beneran subsidi pemerintah sana buat mobcin EV gila-gilaan bikin pabrikan mobcin bensin pada iri berat,1948012936594899000,,txtdariotomotif,in,,0,1,2,https://x.com/undefined/status/1948012936594899000,1692153724238778368,,Subsidi EV
1947167270087909535,Mon Jul 21 07:19:38 +0000 2025,3,@HezeriSamsuri Diesel &gt; guna PADU. Harga terus diapungkan ikut pasaran. Kredit cash kpd individu yg layak subsidi. AKAN TETAPI kalo kawan tu tak guna kete/motor TAPI naik basikal EV?,1947194744880472490,,HezeriSamsuri,in,,0,1,0,https://x.com/undefined/status/1947194744880472490,442616958,,Subsidi EV
1945844422169723315,Fri Jul 18 04:04:12 +0000 2025,2,@abahlubna Hahah tu byk drama gak tu tapi aku rasa antara sebab paling besar dia nak subsidi EV dgn tariff ni la kot? Mampus member tu kena bayar lebih untuk barang dgn bahan mentah ,1946058395431374988,,abahlubna,in,,0,1,0,https://x.com/undefined/status/1946058395431374988,1113338643731451904,,Subsidi EV
1945101038995775839,Tue Jul 15 12:40:00 +0000 2025,1,‼️Elon Musk Diancam Dideportasi Pindahkan Bisnis ke Cina? Perselisihan antara Donald Trump dan Elon Musk memicu spekulasi soal pemindahan bisnis Musk ke Cina. Ketegangan ini dipicu ancaman Trump untuk mendeportasi Musk karena perbedaan pandangan politik dan pajak. Trump https://t.co/H88jBRf8jn,1945101038995775839,https://pbs.twimg.com/media/Gv5bUTAa4AApG29.jpg,,in,,0,0,1,https://x.com/undefined/status/1945101038995775839,786549338818224128,,Subsidi EV
1944844435109634166,Mon Jul 14 23:46:43 +0000 2025,7,@rintodrnt hebat berarti macem hyundai tetep gas bangun pabrik sementara pabrikan china dimudahkan lewat impor dan subsidi pajak ev,1944906434035998893,,rintodrnt,in,,0,1,0,https://x.com/undefined/status/1944906434035998893,1976991588,,Subsidi EV
1943461083282575530,Fri Jul 11 00:03:24 +0000 2025,53, 1. saya sebagai ekonom diajari kalau eksternalitas positif maka subsidi sah diberikan. Misalnya produksi EV yang memberi manfaat besar bagi lingkungan hidup sah untuk disubsidi. Tapi perlu juga mempelajari loophole dari subsidi,1943461083282575530,,,in,,0,2,14,https://x.com/undefined/status/1943461083282575530,124798254,,Subsidi EV
1942835322943046010,Wed Jul 09 06:36:51 +0000 2025,32,Kereta diesel tengah murah sekarang Nanti bila penyasaran RON95 ni jadi atleast half population tak merasa subsidi dah if B40 and some M40 je yg dapat subsidi. Kereta EV PHEV HEV &amp; kerete Diesel jadi rebutan Kereta Diesel offer extra mileage berbanding kereta petrol,1942835322943046010,,,in,,0,3,8,https://x.com/undefined/status/1942835322943046010,1187948228240494592,,Subsidi EV
1939950729327767948,Tue Jul 01 07:34:31 +0000 2025,5,🇺🇸 - Presiden AS Donald Trump sekali lagi mengejek pengusaha Afrika-Amerika Elon Musk setelah Musk menyarankan untuk membuat partai baru jika BBB disetujui dan menyuruh Musk untuk kembali ke Afrika jika ia sangat marah dengan hal itu Elon Musk tahu jauh sebelum ia https://t.co/z4V4IAvGj5,1939950729327767948,https://pbs.twimg.com/media/GuwW5nlWsAE6VC4.jpg,,in,,0,1,0,https://x.com/undefined/status/1939950729327767948,1514605626877366272,,Subsidi EV
1939920747083776398,Tue Jul 01 05:35:27 +0000 2025,29,Donald Trump baru-baru ini menyuarakan pandangannya melalui Truth Social mengenai dukungan Elon Musk yang kuat terhadap pencalonannya sebagai Presiden. Trump menyatakan bahwa Musk sudah mengetahui posisinya yang menentang mandat kendaraan listrik (EV) jauh sebelum memberikan https://t.co/x2JYGr1SyC,1939920767233532349,https://pbs.twimg.com/media/Guv7pb0XQAAy4lK.jpg,CryptoWaveID,in,,0,1,2,https://x.com/undefined/status/1939920767233532349,1749374921577574400,,Subsidi EV
1938627848652378502,Fri Jun 27 15:57:51 +0000 2025,66,pusaran bisnis EV di Indonesia: - yg jualan kendaraannya + bonus dpt subsidi negara - yg bikin sumber listriknya (PLTU) pakai uang negara - yg jualan bahan bakar PLTU-nya - yg jualan bahan batrenya semua dari gerombolan yg sama EV demi bumi hijau?? WKWKWK https://t.co/vDlmr8ROZx,1938627848652378502,https://pbs.twimg.com/media/GudjvbfbsAEKwkw.jpg,,in,,1,3,37,https://x.com/undefined/status/1938627848652378502,2990543688,,Subsidi EV
1934159119709298905,Sun Jun 15 08:00:43 +0000 2025,5,(English version below) JANGAN SALAH PAHAM / DON'T GET MISLED Di Indonesia TIDAK pernah ada mobil yg mendapat subsidi baik EV LCGC atau mobil manapun Selama ini yg terjadi adl perubahan pajak Kadang dinaikin kadang diturunin tp totalnya tdk pernah kurang dr puluhan juta,1934159119709298905,,,in,,0,1,2,https://x.com/undefined/status/1934159119709298905,1484423320632438789,,Subsidi EV
1930986620578353505,Fri Jun 06 15:11:29 +0000 2025,2,@rizkyrakhmat skema EV disini aman krn tdk ada subsidi pajak pun ttp kena walau tdk sebesar ICE jd ngejalanin akal2an ginian tetep rugi kl di indo,1931006034346435024,,rizkyrakhmat,in,,0,0,0,https://x.com/undefined/status/1931006034346435024,1484423320632438789,,Subsidi EV
1930858458787742139,Fri Jun 06 05:25:04 +0000 2025,2,Ringkasan Elon Trump Drama. Trump ngumumin rancangan undang-undang besar bernama One Big Beautiful Bill. Elon Musk langsung bereaksi keras dan mengkritik secara terbuka. Trump bilang Elon sebenarnya sudah tahu isi RUU itu sejak sebelum pemilu dan nggak protes waktu itu. Trump,1930858458787742139,,,in,,0,0,0,https://x.com/undefined/status/1930858458787742139,1588553212327788551,,Subsidi EV
1930791512188875000,Fri Jun 06 00:59:03 +0000 2025,1,- Elon Musk sedang berjuang untuk menghentikan RUU pajak senilai $2 4 triliun yang didorong oleh Donald Trump. Kenapa? Karena RUU itu bisa menghapus subsidi kendaraan listrik di AS - Musk sebelumnya gagal membujuk Partai Republik agar tetap mempertahankan insentif EV sebesar,1930791512188875000,,,in,,0,0,0,https://x.com/undefined/status/1930791512188875000,76537874,,Subsidi EV
1930092618039652505,Wed Jun 04 23:55:01 +0000 2025,2,@guesswho1333 @kitty_gandalf Kl pemerentahnya kan krn importir besar EV adalah menteri-menteri jkw termasuk di dalamnya adalah LBP. Awal2 covid swab 1.8jt LBP salah satu importir terbesar. EV dikasih subsidi LBP salah satu importir terbesar. Jkw haus kekuasaan. LBP haus uang.,1930413010616758663,,guesswho1333,in,,0,1,0,https://x.com/undefined/status/1930413010616758663,1159119751429287936,,Subsidi EV
1930380846026178937,Wed Jun 04 21:47:13 +0000 2025,7,Kebiasan pejabat kita bangun dulu sesuatu yg penting ada dulu. EV sampe dikasih subsidi urgensinya apa. Sdngkan ekosistem EV-nya masih minim bgt.,1930380846026178937,,,in,,0,1,1,https://x.com/undefined/status/1930380846026178937,702468770,,Subsidi EV
1930309508997493185,Wed Jun 04 17:07:58 +0000 2025,154,@Afat3K setuju mas afat kalo pemerintah emg mau invest di EV mending invest bus listrik ajah dibanding di subsidi pajak PEV (selain ngasih subsidi buat nambah kendaraan di jalan E-cars masih mahal bgt jd yg nikmatin subsidinya cm org kaya). blm lagi industri baterainya harmful,1930310570672095729,,Afat3K,in,,5,2,37,https://x.com/undefined/status/1930310570672095729,576167158,,Subsidi EV
1928805956990939567,Sat May 31 13:29:10 +0000 2025,118,China tengah hadap perang harga dalam industri kereta elektrik (EV) dan ia makin panas bila pengeluar macam BYD tawar diskaun sampai 34%. Model paling murah Seagull kini dijual sekitar RM33 200 lepas trade-in. Lepas BYD mula langkah agresif ni pada 23 Mei syarikat-syarikat https://t.co/UGlwYI2jGh,1928805956990939567,https://pbs.twimg.com/media/GsR-ygEaYAAQ3Yb.jpg,,in,,3,12,32,https://x.com/undefined/status/1928805956990939567,2838602964,,Subsidi EV
1925540097878863888,Thu May 22 13:11:48 +0000 2025,80,Insentif EV di Indonesia itu ditujukan untuk buka market less on emission. Strateginya mirip ama yg dipake Wan Gang (bapak EV RRT mantan menteri saintek). Buka market - tumbuhkan industri - harga kompetitif - makin banyak yg pake = emisi dan polusi ⬇️ plus jadi market leader https://t.co/qUkpne3f9z,1925540097878863888,https://pbs.twimg.com/media/GrjkgkZbQAAht2t.jpg,,in,,2,1,13,https://x.com/undefined/status/1925540097878863888,69806285,,Subsidi EV
1925194577541275669,Wed May 21 14:18:50 +0000 2025,2,Subsidi mobil EV itu yg menikmati cuman orang kaya Sejak kapan masyarakat menengah kebawah bisa beli mobil di harga sekarang? Sudah pasti kalau bisa beli orang kaya,1925194577541275669,,,in,,0,1,2,https://x.com/undefined/status/1925194577541275669,50217749,,Subsidi EV
1925177343095844965,Wed May 21 13:23:39 +0000 2025,17,@innovacommunity Betul. Subsidi EV khususnya mobil ga tepat sasaran. Pembelinya tetap menengah atas. Kalau memang mau push EV dengan alasan emisi seharusnya subsidi bus EV,1925180692209766860,,innovacommunity,in,,0,0,1,https://x.com/undefined/status/1925180692209766860,144497312,,Subsidi EV
1924324145887891959,Mon May 19 09:10:55 +0000 2025,2,@ucok_johnson @innovacommunity Koq dilema? Pmrnth teriak2 subsidi bbm jgn sampai dimanfaatkan org kaya. Hrs pakai barcode dll Eh org kaya dpt subsidi puluhan jt per th dg dalih EV car ,1924392311905263748,,ucok_johnson,in,,0,1,0,https://x.com/undefined/status/1924392311905263748,1317750858256240640,,Subsidi EV
1924320781099802995,Mon May 19 04:36:05 +0000 2025,10,@Auto___Revo kalau menurut saya ga adil harusnya EV ga ada subsidi yg berlebih,1924323149015040162,,SmwGwOto,in,,0,0,0,https://x.com/undefined/status/1924323149015040162,1135526713,,Subsidi EV
1923231452386214250,Sat May 17 00:25:33 +0000 2025,0,@rocky5harbes @TuankuNanSati @grok Mobil Cina bisa lebih murah baik ICE maupun EV karena gabungan beberapa faktor: biaya produksi dan tenaga kerja yang jauh lebih rendah dukungan subsidi besar dari pemerintah serta rantai pasok dan manufaktur yang sangat efisien dari hulu ke hilir. Selain itu persaingan,1923535325537669587,,rocky5harbes,in,,0,0,0,https://x.com/undefined/status/1923535325537669587,1882198073168080896,,Subsidi EV
1922953704526823559,Thu May 15 09:54:24 +0000 2025,13,Penting nya standarisasi dalam industri. Standar port charging EV. Standar kualitas BBM &amp; oli Bahkan lubang pengisian BBM ada standar nya. Dulu ada wacana standarisasi utk lubang pengisian BBM di mobil2 LCGC dibuat lebih kecil jadi mobil2 LCGC gk bisa ngisi BBM subsidi.,1922953704526823559,,,in,,1,2,1,https://x.com/undefined/status/1922953704526823559,1466179188096913412,,Subsidi EV
1922656037053886629,Wed May 14 14:11:35 +0000 2025,239,Banyak orang tahu Elon Musk tapi lebih banyak lagi yang nggak tahu Wan Gang. Jika Elon hanya bisa jualan satu brand Wan Gang jualan negara! Mantan petinggi Audi ini adalah Bapak EV Tiongkok. Banyak brand EV Tiongkok yg mendunia itu hasil kebijakannya :) Sekolah PhD https://t.co/k2Ay09TYt0,1922656037053886629,https://pbs.twimg.com/media/Gq6leJ_bIAALbNC.jpg,,in,,2,0,51,https://x.com/undefined/status/1922656037053886629,69806285,,Subsidi EV
1920849571250389386,Fri May 09 14:33:20 +0000 2025,6,Politisi Indonesia ini suka banget memberi insentif ke demand padahal akar masalahnya di supply. Rumah mahal? Subsidi KPR ️ Mobil mahal? Insentif EV ️ Tantangan pemimpin yang jago bukan menaikkan UMR atau pendapatan tapi memikirkan gimana caranya UMR udah bisa hidup enak.,1920849571250389386,,,in,,0,2,0,https://x.com/undefined/status/1920849571250389386,2847012252,,Subsidi EV
1920330787398037909,Thu May 08 04:11:52 +0000 2025,1,Hingga awal Mei 2025 subsidi motor listrik di Indonesia masih belum diterapkan secara resmi. ~SA #Subsidi #EV #MotorListrik https://t.co/zTFScFJziu,1920330787398037909,,,in,,0,0,0,https://x.com/undefined/status/1920330787398037909,23343960,,Subsidi EV
1917490306779603306,Wed Apr 30 16:27:08 +0000 2025,2,@LiongkyTan Wkwkwk kaga nyet. Bandingin semua program si miskin vs ke si kaya dari bansos subsidi ev sampw tax holiday mana yang lebih menelan banyak biaya? Yang miskin suruh iuran terus yang kaya dapet insentif terus kontoool,1917616720904347787,,LiongkyTan,in,,0,1,0,https://x.com/undefined/status/1917616720904347787,1740926759380594688,,Subsidi EV
1916792472350367833,Mon Apr 28 09:51:52 +0000 2025,4,@anwaribrahim @kamilmunim @tzafrul_aziz Sampai bila nak bagi subsidi EV kpd orang kaya shj? Sampai bila?,1916792472350367833,,anwaribrahim,in,,0,0,1,https://x.com/undefined/status/1916792472350367833,4776475699,,Subsidi EV
1915178325779337653,Wed Apr 23 22:57:49 +0000 2025,1,Org2 pd fokus ke technologi ev sm hidrogennya. Klo gw mau bahas politis -nya 1. Indo itu net importer minyak. Beban subsidi dan inflasi gede. Dgn pake non-ICE tentu jd solusi 2. Indo pny banyak batubara. Which is harga turun terus dan mulai ga laku. Jd sumber energi yg murah,1915178325779337653,,,in,,0,1,1,https://x.com/undefined/status/1915178325779337653,89053789,,Subsidi EV
1911031735925789114,Sat Apr 12 12:20:45 +0000 2025,1972,Malaysia bakal terima lambakan kereta murah dari China? Lepas ni kita akan jangka kereta China susah nak masuk US sebab tarif tinggi . Permintaan di sana akan jadi slow dengan kata lain tak laku sangat. Oleh itu China akan cari pasaran baru. Depa bakal mai sini dengan harga,1911031735925789114,,,in,,70,106,654,https://x.com/undefined/status/1911031735925789114,2838602964,,Subsidi EV
1909485574786023610,Tue Apr 08 09:54:09 +0000 2025,2,@koganenohikari @ridwanhr Jelas nDer yg lain masih mikir harga &amp; subsidi mutu (oplosan) kami pengguna EV ngacir ,1909545291466129752,,koganenohikari,in,,0,0,0,https://x.com/undefined/status/1909545291466129752,136891869,,Subsidi EV
1904111278794391612,Mon Mar 24 10:01:20 +0000 2025,0,Kriteria subsidi bahan api T15 dorong pemilihan kenderaan lebih murah atau EV - MIDF Research https://t.co/YmkLc8pg7a #BernamaNews https://t.co/naBk3nAafX,1904111278794391612,https://pbs.twimg.com/media/GmzCmiZboAA67Y4.jpg,,in,,0,1,0,https://x.com/undefined/status/1904111278794391612,106669711,,Subsidi EV
1904052220821418242,Mon Mar 24 06:06:39 +0000 2025,1,Golongan T15 mungkin beralih ke pilihan kereta lebih murah EV - Penganalisis #Bhbisnes #BHAuto Tumpuan akan beralih kepada pemansuhan subsidi bahan api untuk kumpulan T15. https://t.co/OcYEMxpg0v,1904052220821418242,,,in,,1,0,3,https://x.com/undefined/status/1904052220821418242,63070483,,Subsidi EV
1903261617824948658,Sat Mar 22 01:45:05 +0000 2025,13,Pelaksanaan rasionalisasi subsidi bahan api dijangka mengurangkan minat kumpulan M40 dan T15 peringkat atasan untuk membeli kereta baharu dan menyebabkan mereka beralih kepada kereta lebih kecil dan murah atau memilih kenderaan hibrid dan elektrik (EV) menurut Kenanga Investment https://t.co/PZiJftDnK0,1903261617824948658,https://pbs.twimg.com/media/Gmm-WhhbIAAOZhl.jpg,,in,,1,1,6,https://x.com/undefined/status/1903261617824948658,1213807317419880450,,Subsidi EV
1903021396894290258,Fri Mar 21 09:50:32 +0000 2025,0,Jualan sektor automatif dijangka merosot pada 2025 Sektor automotif Malaysia dijangka mengalami penurunan jualan pada 2025 dengan TIV diunjurkan turun hingga 750 000 unit dipengaruhi oleh persaingan EV dan rasionalisasi subsidi bahan api. - Pakar #SinarHarian #automatif #jualan,1903021396894290258,,,in,,0,0,0,https://x.com/undefined/status/1903021396894290258,331383958,,Subsidi EV
1901652406804623833,Mon Mar 17 15:10:39 +0000 2025,4,Rasionalisasi subsidi RON95 dijangka tak jejas ketara jualan kereta #Bhbisnes #BHAuto Isi rumah berpendapatan tinggi T15 semakin cepat beralih kepada EV pengguna M40 dan berpendapatan rendah pula pilih model jimat bahan api. https://t.co/lHb4tWJxiK,1901652406804623833,,,in,,0,0,0,https://x.com/undefined/status/1901652406804623833,63070483,,Subsidi EV
1898751059503514011,Sun Mar 09 15:01:44 +0000 2025,70,Thailand dijangka akan mengalami lonjatan penjualan EV sebanyak 40% dalam tahun ini kerana bantuan subsidi sehingga 150k Baht untuk pembelian EV dan juga perang harga. Tapi dalam masa yang sama bank Thailand dah ketatkan syarat pinjaman automotif kerana ramai M40 (middle https://t.co/t1DWnvEJAD,1898751059503514011,https://pbs.twimg.com/media/Glm4BZWa0AAZMVo.jpg,,in,,0,2,20,https://x.com/undefined/status/1898751059503514011,456568207,,Subsidi EV
1894410376089137492,Tue Feb 25 15:33:24 +0000 2025,3,Yoook migrasi ke EV total kita semua. *Terus kasusnya jadi coal listrik dan subsidi ev yang bocor,1894410376089137492,,,in,,1,1,2,https://x.com/undefined/status/1894410376089137492,1570589189200293888,,Subsidi EV
1894384393474723949,Tue Feb 25 13:50:10 +0000 2025,1,Dikira ev dan segala skema subsidi harga dll.nya itu bukan bagian dari kebohongan dan ketamakan jga. Ini short term solution yg jelek sih. Mentang2 ga kerasa kena ke diri sendiri,1894384393474723949,,,in,,0,0,0,https://x.com/undefined/status/1894384393474723949,1808006138761564162,,Subsidi EV
1892478394325225831,Thu Feb 20 08:02:19 +0000 2025,18,@detikcom Trik untuk naikan growth cuan bisnis EV oligarki (salah satunya Electrum). Pakai duit negara utk subsidi EV jual produk EV. Nikel dikeruk masif utk Cina membuat baterai. Ekspor nikel dgn harga murah + bebas pajak. Kalau bisa bikin susah rakyat kenapa harus bikin mudah? https://t.co/M9f9PslnH0,1892484917486862613,https://pbs.twimg.com/media/GkN1AOqbUAA5MEm.jpg,detikcom,in,,0,1,1,https://x.com/undefined/status/1892484917486862613,1254035776322453506,,Subsidi EV
1891653155949248558,Tue Feb 18 00:57:12 +0000 2025,5,*Prabowo Paparkan 8 Kebijakan Pendorong Pertumbuhan Ekonomi di Q1 2025 Makan Bergizi Gratis hingga THR dan Bansos* *Jakarta* Presiden RI Prabowo Subianto memaparkan delapan kebijakan pemerintah pendorong pertumbuhan ekonomi Indonesia pada kuartal satu tahun 2025 mulai dari https://t.co/FuXBoKwPn5,1891653155949248558,https://pbs.twimg.com/media/GkCAhDraAAAdjgJ.jpg,,in,,1,4,1,https://x.com/undefined/status/1891653155949248558,121640063,,Subsidi EV
1891423067425145284,Mon Feb 17 09:42:54 +0000 2025,4,Presiden Prabowo Siapkan Kebijakan Strategis untuk Dorong Ekonomi Nasional. Presiden Prabowo Subianto mengumumkan serangkaian kebijakan strategis yang bertujuan untuk menjaga stabilitas dan meningkatkan daya beli masyarakat dalam rangka mendorong pertumbuhan ekonomi. Hal https://t.co/NfZtrnJ7mD,1891423067425145284,https://pbs.twimg.com/media/Gj-vP2ibQAAeH9u.jpg,,in,,0,0,1,https://x.com/undefined/status/1891423067425145284,235931838,,Subsidi EV
1889611480150188085,Wed Feb 12 09:44:18 +0000 2025,0,Daftar Mobil Listrik yang Dapat Subsidi Pajak: Wuling Air ev-Chery J6 https://t.co/BlwRUlXStF,1889611480150188085,,,in,,0,0,0,https://x.com/undefined/status/1889611480150188085,80543284,,Subsidi EV
1888849888387138034,Mon Feb 10 07:18:01 +0000 2025,1,Keputusan pemerintah untuk memperpanjang #subsidi motor listrik bisa jadi angin segar buat konsumen yang ingin membeli #EV dan bagi pabrikan yang sudah banyak bermunculan. Tapi penting juga nih! Pemerintah sebaiknya segera kasih kejelasan soal arah kebijakan jangka https://t.co/HRdN17x5kX,1888849888387138034,https://pbs.twimg.com/media/GjaK80ra0AAHhzo.jpg,,in,,0,0,1,https://x.com/undefined/status/1888849888387138034,72763910,,Subsidi EV
1888245578494255228,Sat Feb 08 15:16:42 +0000 2025,14, EV itu ramah lingkungan? Tidak juga. EV hemat energi? Tidak juga. EV murah? Tidak juga. Lalu kenapa pemerintah ngotot rakyat utk beralih ke EV ? dirayu pula dgn subsidi yg jadi beban negara. *Tebak saja ya. Rongsokan EV di Cina negeri sahabat dekat Luhut. https://t.co/eqZGRN1XSM,1888245578494255228,https://pbs.twimg.com/ext_tw_video_thumb/1888245539160158208/pu/img/mD7DqP4zGld8kn7R.jpg,,in,,0,2,14,https://x.com/undefined/status/1888245578494255228,1254035776322453506,,Subsidi EV
1887682820379901970,Fri Feb 07 04:20:48 +0000 2025,1,@MasMasBiassaa Aslinya cuma mau ngurangin ketergantungan sama bbm. kalo pemakaian bbm berkurang maka subsidi jg berkurang. Soal kebutuhan pembangkit kita punya batubara. klo soal efisiensi katanya lbh efisien bbm yg dibakar di pembangkit jadi listrik dipakai EV drpd bbm dibakar langsung sm ICE.,1887718128106303540,,MasMasBiassaa,in,,0,0,0,https://x.com/undefined/status/1887718128106303540,85280641,,Subsidi EV
1887517121871290493,Fri Feb 07 01:09:43 +0000 2025,6,@katsu_0l0_ @sosmedkeras Alhamdulillah ga pernah kegiatan sama EV Walau diiming imingin subsidi... Akal waras guwah berkata lain... https://t.co/7FeWK9QzXA,1887670040302133700,,katsu_0l0_,in,,0,1,0,https://x.com/undefined/status/1887670040302133700,963751550,,Subsidi EV
1886250959325773910,Tue Feb 04 03:21:19 +0000 2025,2,@chapree @fazlihalimmedia Ikut pengiraan e-Mas7 ni charge kos di rumah = axia 25km/L jadi jika petrol subsidi ditarik balik nampaknya ev akan nampak lebih berbaloi lagi2 untuk mereka yg berpendapatan lebih dan boleh setup solar di rumah.,1886615995781144634,,chapree,in,,0,0,0,https://x.com/undefined/status/1886615995781144634,1088996582408646656,,Subsidi EV
1886417278180446564,Mon Feb 03 14:11:41 +0000 2025,4,Rasionalisasi subsidi.. promosikan kereta ev.. elektrik plok naik hahahahaa #SekadarMengeruhkanKeadaan,1886417278180446564,,,in,,0,0,1,https://x.com/undefined/status/1886417278180446564,1936540008,,Subsidi EV
1886331942536409445,Mon Feb 03 08:32:36 +0000 2025,3,Alamak! Diesel naik! Takpa petrol masih subsidi. Alamak! RON95 naik! Takpa belum confirmed. Alamak! Belanjawan 2025 kata penyasaran subsidi RON95 tengah tahun 2025! Takpa ada EV. Alamak! Tariff Elektrik naik! TNB umum! Takpa kerajaan tak benarkan .,1886331942536409445,,,in,,0,0,2,https://x.com/undefined/status/1886331942536409445,1166041230045663232,,Subsidi EV
1885962373942702146,Mon Feb 03 01:02:19 +0000 2025,1,@zulabmm @fazlihalimmedia Hapuskan subsidi petrol nanti nampak la bila jimat pakai ev ,1886218624970739828,,zulabmm,in,,0,0,0,https://x.com/undefined/status/1886218624970739828,233877603,,Subsidi EV
1884137119897235649,Tue Jan 28 14:55:18 +0000 2025,8,@syahir Rafizi sudah reply tahun lepas kata not possible nak buat sekarang sebab perbelanjaan negara sudah 400 billion berbanding 200 billion masa dia propose dulu dan kalau buat subsidi minyak lagi akan naik sebab lagi banyak kereta petrol. EV maybe jawapan pada masalah ini.,1884253924859035728,,syahir,in,,0,1,2,https://x.com/undefined/status/1884253924859035728,17511502,,Subsidi EV
1882407190235152470,Thu Jan 23 12:37:02 +0000 2025,2,Mantap madani tarik subsidi macam macam naikkan harga kereta promote EV macam nak gila,1882407190235152470,,,in,,0,0,1,https://x.com/undefined/status/1882407190235152470,3196478797,,Subsidi EV
1881731807479259472,Tue Jan 21 15:53:18 +0000 2025,0,Video: Pemerintah Guyur Subsidi Rumah - Nasib EV di Era Trump https://t.co/TZsG09ryX7,1881731807479259472,,,in,,0,0,0,https://x.com/undefined/status/1881731807479259472,847372542830444544,,Subsidi EV
1880519726784561249,Sat Jan 18 07:36:55 +0000 2025,6,Lu emang ga mikir kenapa barat kritisi subsidi EV sekaligus nyenggol nikel? Emang ga mikir sama protes Eropa ga bisa menikmati bahan mentah nikel lagi? Emang ga bisa mikir klo subsidi buat bikin ekosistemnya jalan dulu sekaligus ngurangin subsidi BBM?,1880519726784561249,,,in,,0,0,6,https://x.com/undefined/status/1880519726784561249,973243538,,Subsidi EV
1880410530810335447,Sat Jan 18 07:32:26 +0000 2025,3,@endangbambhang @zamire Karna kalian ga bisa mikir jadi gampang dibodohi. ada yg namanya multiplier effect. Nih biar gue ajarin ya Dikasih subsidi di awal biar ekosistemnya jalan. Ekosistemnya jalan multiplier effect terjadi. Tambang nikel jadi smelter nikel jadi industri batere jadi produsen EV.,1880518597644316922,,endangbambhang,in,,0,2,1,https://x.com/undefined/status/1880518597644316922,973243538,,Subsidi EV
1880487031392072146,Sat Jan 18 05:27:00 +0000 2025,6,Tpi ya subsidi EV itu emg kelewat ndableg sih jadi ya patut aja dikritisi barat dan pantas. Why? Dari duit sebanyak itu klo bisa ya dipakein buat kembangin infrastruktur + transportasi umum.,1880487031392072146,,,in,,1,2,0,https://x.com/undefined/status/1880487031392072146,1180815511,,Subsidi EV
1879448920637727030,Fri Jan 17 01:05:32 +0000 2025,4,@asumsico Lucu nih The Economist kritik subsidi kendaraan listrik Indonesia tapi lupa kl negara2 maju juga subsidi besar-besaran EV utk kurangi emisi. Mau Indonesia fokus kesehatan? Boleh tapi ingat negara2 itu dulu maju karena fokus industrinya juga. Senengnya pakai standar ganda!,1880058844061266290,,asumsico,in,,0,0,2,https://x.com/undefined/status/1880058844061266290,1296696583463919616,,Subsidi EV
1879448920637727030,Thu Jan 16 02:44:55 +0000 2025,6,@asumsico ga ada yg salah dgn subsidi EV. segala sesuatu di +62 ini bagus scr konsep semua serba strategic visioner. hanya saja masalahnya ada di pelaksanaannya yg terlalu koruptif. lingkaran setan yg membuat kebijakan apapun jd tdk bawa manfaat maksimal,1879721463940604082,,asumsico,in,,0,0,2,https://x.com/undefined/status/1879721463940604082,2281694042,,Subsidi EV
1879448920637727030,Thu Jan 16 00:53:42 +0000 2025,4,@asumsico Saya pemilik kendaraan listrik. Hemat saya tidak perlu diberi insentif karena segment pembeli golongan masyarakat mampu. Listrik untuk EV dari solar energy. Subsidi untuk kendaraan listrik di Indonesia berbentuk diskon. Tetap bayar pajak namun nilainya dikurangi. Tidak ambil,1879693477430382714,,asumsico,in,,0,3,0,https://x.com/undefined/status/1879693477430382714,1330319594,,Subsidi EV
1879448920637727030,Wed Jan 15 13:14:04 +0000 2025,4,@asumsico Subsidi EV itu ada untuk meningkatkan penjualan. Orang2 berduit bisa membeli dengan harga lebih murah. Pabrikan tetap menerima harga penuh.,1879517406751813705,,asumsico,in,,0,0,1,https://x.com/undefined/status/1879517406751813705,213523698,,Subsidi EV
1877572486860280251,Fri Jan 10 05:03:24 +0000 2025,3,@mamazgemini Mending kasih subsidi buat EV ga sih. ,1877581987008892960,,mamazgemini,in,,0,1,0,https://x.com/undefined/status/1877581987008892960,61684120,,Subsidi EV
1877541698013901263,Fri Jan 10 02:23:18 +0000 2025,11,Setelah menghabiskan banyak uang untuk mensubsidi industri smelter nikel -- tax holiday dan kemudahan2 lain -- pemerintah akan menghabiskan lebih banyak uang lagi untuk mensubsidi industri EV (subsidi konsumen dan produsen) Kata The Economist akan jadi kegagalan yg sangat https://t.co/6KyPLeLbMy,1877541698013901263,https://pbs.twimg.com/media/Gg5eOFraMAMJ8Zj.jpg,,in,,1,2,3,https://x.com/undefined/status/1877541698013901263,15177656,,Subsidi EV
1874051487921484098,Tue Dec 31 12:12:38 +0000 2024,12,@prastow Tetap titip pesan suara mas: - kejar PNBP menaikkan royalti tambang khususnya nikel emas perak timah etc yg masih imut² itu royaltinya. - kejar PNBP tarif IPPKH masa merusak hutan tropis jual kayu tanam sawit dan food estate gratis begitu saja pakai tanah negara? -,1874066130748530789,,prastow,in,,0,0,1,https://x.com/undefined/status/1874066130748530789,1209196396374417409,,Subsidi EV
1873564610969907373,Mon Dec 30 08:41:04 +0000 2024,1,@NUrban21 @kakkumei Betul! City car sure less pollution.. kalau long journey.. ahaha memang tak sesuai lah especially negara kita yang tak fully equipped for ev.. a type of car only the rich can afford.. and siap ada subsidi untuk golongan kaya.. ‍️‍️‍️,1873650499322532099,,,in,,0,0,0,https://x.com/undefined/status/1873650499322532099,1687518021739479040,,Subsidi EV
1872868281683722323,Sat Dec 28 12:27:38 +0000 2024,5,@innovacommunity Jadi males bayar pajak... Coba pajak mobil EV..... Boro2 pajaknya jutaan malah hampir mirip2 kek pajak motor ICE... Anjing bgt kan.... Kesannya kaya subsidi silang jadinya...,1872982743115808890,,innovacommunity,in,,0,0,0,https://x.com/undefined/status/1872982743115808890,104463067,,Subsidi EV
1872483681941770456,Fri Dec 27 03:24:33 +0000 2024,5,maka media sosial hangat dengan kenaikan tarif elektrik start july 2025... ditambah pula dengan sistem subsidi baru yg diaorg bakal perkenalkan... p/s: kalau guna ev terkesan kenaikan elektrik? https://t.co/jZz5myvG6r,1872483681941770456,https://pbs.twimg.com/tweet_video_thumb/Gfxl-vMb0AA2tOL.jpg,,in,,0,0,0,https://x.com/undefined/status/1872483681941770456,52304312,,Subsidi EV
1872188443180298583,Thu Dec 26 07:51:23 +0000 2024,2,Tetap Pemerintah kok biar cepet Balik modal buat bisa bikin Proyek lagi. Apalagi pejabat JKT mau dana subsidi dikurangin biar msk ke kantong mereka kalo koridor 1 dihapus bsa bikin orang2 beli EV biar ngk kena GaGe yg industrinya mostly di backup pejabat tingkat nasional ,1872188443180298583,,,in,,1,0,1,https://x.com/undefined/status/1872188443180298583,1376212304501477387,,Subsidi EV
1872059933681926351,Thu Dec 26 01:20:33 +0000 2024,10,@alexanderdrspan @Y_D_Y_P subsidi transportasi umum dicabut/dikurangi btw malah lari ke EV jirr ,1872090087930114544,,alexanderdrspan,in,,0,0,1,https://x.com/undefined/status/1872090087930114544,1630922644383211520,,Subsidi EV
1871883758129107404,Wed Dec 25 22:09:51 +0000 2024,10,@txttransportasi Biar kebeli tuh teknologi MRT pejabat JKT mau dana subsidi dikurangin biar msk ke kantong mereka sendiri di saat bersamaan kalo koridor 1 dihapus bsa bikin orang2 beli EV biar ngk kena GaGe yg industrinya mostly di backup pejabat tingkat nasional kelas menengah lagi dikorbanin,1872042097949491502,,txttransportasi,in,,0,0,0,https://x.com/undefined/status/1872042097949491502,1676426426768318464,,Subsidi EV
1871793783710613934,Wed Dec 25 22:05:31 +0000 2024,5,@Adrianussatrio Oalah pantesan ini angka muncul - JICA mau jualan MRT ke Pejabat Indo buat ngurangin subsidi (biasa suka penghematan anggaran kan) - TJ koridor 1 kalo hilang bisa ningkatin sales EV biar ngak kena GaGe Sama2 fokusin cuan sih pelayanan masyarakatnya di nomor 2 kan aja ,1872041004796366969,,Adrianussatrio,in,,0,0,0,https://x.com/undefined/status/1872041004796366969,1676426426768318464,,Subsidi EV
1871886298036007363,Wed Dec 25 11:50:46 +0000 2024,5,Public transport service tapi mindset-nya nyari untung. ‍️ Subsidi transum maunya dikurangi. Sementara mobil pribadi (LCGC EV Hybrid) mau dikasih insentif subsidi. Ini pemerenta konsepnya mau gimana? Apa guna pajak? ,1871886298036007363,,,in,,0,0,5,https://x.com/undefined/status/1871886298036007363,14284867,,Subsidi EV
1870730619975831557,Sun Dec 22 07:18:30 +0000 2024,2,Ini menarik ini benar juga sih kenapa mobil listrik dapat subsidi PPN 10% sementara sembako tertentu hanya 1%? Subsidi mobil listrik tujuannya banyak dan jangka panjang salah satu goalnya adalah ingin menaikkan konsumsi battery sehingga investor minat bikin pabrik,1870730619975831557,,,in,,0,2,1,https://x.com/undefined/status/1870730619975831557,1691133510315347968,,Subsidi EV
1870637071209296226,Sun Dec 22 05:54:27 +0000 2024,7,@thefaizzainal Hahahaha by the time kerajaan selesai dengan penyelerasan subsidi petrol bersasar semua T15 dah ada EV dan siapa yang tersesak dengan itu ? Marilah kita renungkan bersama ,1870709467886825983,,thefaizzainal,in,,0,1,0,https://x.com/undefined/status/1870709467886825983,822977931219587072,,Subsidi EV
1869899192522703282,Fri Dec 20 00:55:19 +0000 2024,13,@bumilangit Sebelum ni volume tinggi. Dia orang seronok lah. Lepas ni akan makin berkurangan sebab penyelarasan subsidi RON95 dan lambakan EV dari China pulak. Pandai2 lah nak evolve kan business petrol station tu.,1869909413156532411,,bumilangit,in,,0,1,0,https://x.com/undefined/status/1869909413156532411,730173774,,Subsidi EV
1869720846635569488,Thu Dec 19 16:05:32 +0000 2024,6,@adriansyahyasin Kalau dilihat si pemerintah sekarang masih lebih suka bangun jalur tol dan lebarin jalan. Solusi untuk dekarbonisasi sektor transportasi pun lebih condong ke subsidi EV daripada pengembangan transportasi umum (selain di kota Jakarta),1869776086432956578,,adriansyahyasin,in,,0,0,0,https://x.com/undefined/status/1869776086432956578,288536391,,Subsidi EV
1869720846635569488,Thu Dec 19 13:39:12 +0000 2024,13,@adriansyahyasin Pemerintah: mending kasih subsidi buat EV pribadi ygy,1869739260972314795,,adriansyahyasin,in,,0,0,1,https://x.com/undefined/status/1869739260972314795,1817226735311831041,,Subsidi EV
1869590379168936392,Thu Dec 19 04:52:37 +0000 2024,2,@6_arung @MoehB21154 Singkatnya Pemerintah benar2 serius untuk pengurangan subsidi BBM jadi harapannya pemakaian EV di Indonesia meningkat. Sedangkan beberapa tahun Hyundai beroperasi jualannya itu sedikit karna harganya yang tetap mahal walau dapat fasilitas pembebasan pajak dan endorse pemerintah,1869606740133916693,,6_arung,in,,1,0,0,https://x.com/undefined/status/1869606740133916693,973243538,,Subsidi EV
1868835268427760095,Tue Dec 17 04:36:42 +0000 2024,3,@ThatSun510 @StopPlandemit @seekracle @hanan052020 @dokter_kampung @mamakchayank @TedInvestigasi @BukanAntarkota @FirmanSentosa22 @Faraz_kepri @Sadewa_39 Subsidi EV 6 Trilyun artinya duit subsidi ngalir ke kantong2 pebisnis EV. Semoga harta haram mrk bikin sial dunia akhirat sampai anak cucu mrk. https://t.co/5kwlHfod1U,1868877959496712456,,ThatSun510,in,,0,1,1,https://x.com/undefined/status/1868877959496712456,1254035776322453506,,Subsidi EV
1864485941811007839,Thu Dec 05 01:44:23 +0000 2024,2,katakanlah bila rasionalisasi petrol mula aku tak layak dpt subsidi aku nampak ada 2 route. beli new EV or beli 2nd hand diesel. ,1864485941811007839,,,in,,0,2,0,https://x.com/undefined/status/1864485941811007839,41552221,,Subsidi EV
1864177997475135925,Wed Dec 04 05:20:44 +0000 2024,111,#TitipJual Serutan Pensil Mobil (mobilan) yang Aesthetique kalo kata Gen Z soalnya size imut bentuk yang Mindblowing &amp; warnanya juga kiyowo kek mobil remot hadiah sendal homipet bahkan sangking mininya nih mobil keknya sizenya mirip mirip kek sizenya enmek atau pecex. https://t.co/8twliE1DL4,1864177997475135925,https://pbs.twimg.com/media/Gd7kAUUbIAA6Qnb.jpg,,in,,9,38,15,https://x.com/undefined/status/1864177997475135925,1544688618534408192,,Subsidi EV
1863768029810876810,Tue Dec 03 02:13:01 +0000 2024,15,Lagi dalamin skema awal2nya Transsemarang yg pakai skema kabon. Program JICA sama Kemenko. Menarik. Yg gini2 lbh manfaat utk orang banyak drpd subsidi EV mobil.,1863768370035957966,,elisa_jkt,in,,0,0,0,https://x.com/undefined/status/1863768370035957966,44556194,,Subsidi EV
1859118814773825587,Wed Nov 20 06:17:20 +0000 2024,6,Subsidi minyak paket tu akak tak kisah sangat sebab banyak mana pun aku pakai minyak. TAPI MINYAK KERETA TU AKAK KISAH HAHAHAHAHAHHA . Wahhh ko nak suruh aku beli EV kan parking kena bg kt EV arufosocoeisoxjfjsskskshhhhhh,1859118814773825587,,,in,,0,0,0,https://x.com/undefined/status/1859118814773825587,2400783624,,Subsidi EV
1858676554429329556,Tue Nov 19 01:26:29 +0000 2024,54,@BudiBukanIntel EV di Indonesia masih belom jadi kendaraan roda 4 primer yang patut dikritisi itu selain PLTU ya kualitas BBM disini akibat subsidi buat semua jadi susah buat naikin standar. Kudunya subsidi BBM itu cuma buat kendaraan logistik+transum persetan subsidi buat kendaraan pribadi,1858683229257298195,,BudiBukanIntel,in,,0,4,0,https://x.com/undefined/status/1858683229257298195,306551745,,Subsidi EV
1858432362515947820,Mon Nov 18 08:49:45 +0000 2024,3,- Turunkan threshold PKP dan PPh Final - Turunkan tarif PPh Badan - Turunkan tarif progresive PPh OP Ps 17 naikkan layer Buat kompetitive untuk berusaha setidaknya seperti Singapore dan Vietnam. Hapus subsidi yg gak perlu i.e untuk pengusaha EV yg notabene milik pejabat itu.,1858432394157834391,,gg_02022020,in,,0,1,0,https://x.com/undefined/status/1858432394157834391,1209196396374417409,,Subsidi EV
1856519220697411672,Wed Nov 13 04:50:55 +0000 2024,2,@innovacommunity EV china research batere power unit software dll buat banyak tipe tinggal ditambahin-kurangin tergantung tipe.Mazda buat 1 type doang. Fasilitas produksi china langsung buat banyak tipe mazda EV nya dikit. Ini belom ngomongin subsidi pemerintah yak.,1856560349757223111,,innovacommunity,in,,0,0,0,https://x.com/undefined/status/1856560349757223111,77098425,,Subsidi EV
1854687322316644666,Fri Nov 08 00:48:10 +0000 2024,3,Aku akan cakap ini dan berterusan cakap ini. Menyalahkan golongan MAHAKAYA sbg rasionalisasi subsidi RON95 adalah ALASAN semata. Orang kaya sama ada Guna kenderaan EV Petrol ditanggung syarikat mereka masing-masing Pengguna utama petrol adalah golongan pertengahan.,1854687322316644666,,,in,,0,0,1,https://x.com/undefined/status/1854687322316644666,298973732,,Subsidi EV
1850994991826649097,Tue Oct 29 04:16:50 +0000 2024,3,@HezeriSamsuri Golongan yang tak dapat subsidi Petrol boleh lah guna EV kan? Yang 85% masih dapat subsidi Petrol.,1851115954622906621,,HezeriSamsuri,in,,0,1,0,https://x.com/undefined/status/1851115954622906621,2349968316,,Subsidi EV
1850994991826649097,Tue Oct 29 03:26:54 +0000 2024,5,@HezeriSamsuri Tarik subsidi petrol tp org kaya pakai EV ,1851103389729612288,,HezeriSamsuri,in,,0,1,0,https://x.com/undefined/status/1851103389729612288,81263363,,Subsidi EV
1850994991826649097,Mon Oct 28 20:16:10 +0000 2024,139,Korang tau tak insentif untuk hybrid bakal berakhir? Kita bagi insentif yang cukup banyak untuk EV sedangkan yang lebih mampu dan praktikal untuk kita guna ialah hybrid. Dah la tahun depan subsidi petrol akan berkurang. Tak kan nak suruh orang kaya je berjimat dengan beli EV https://t.co/aoGNtgtmWq,1850994991826649097,https://pbs.twimg.com/media/GbAOIYsaoAAY4bC.jpg,,in,,3,9,59,https://x.com/undefined/status/1850994991826649097,456568207,,Subsidi EV
1850781918171906449,Mon Oct 28 06:09:29 +0000 2024,58,Beli kereta jangan rushing. Tahun ni harga kereta drop kaw-kaw Sebab adjustment pada polisi subsidi bahan api &amp; EV muncul lagi laju daripada iphone baru keluar. So Next year boleh ni pakai Porsche used https://t.co/ZFOv3sxLkv,1850781918171906449,https://pbs.twimg.com/media/Ga9MV8bbcAAv9uS.jpg,,in,,1,2,15,https://x.com/undefined/status/1850781918171906449,1187948228240494592,,Subsidi EV
1849787889737138276,Fri Oct 25 12:19:34 +0000 2024,0,#ICYMI MIT atasi kesan subsidi RON95 Kemungkinan akan menyebabkan penambahan kenderaan elektrik (EV) atau enjin hidrogen (HE). https://t.co/1zAR8wB2Ds,1849787889737138276,,,in,,0,0,0,https://x.com/undefined/status/1849787889737138276,331383958,,Subsidi EV
1849671852375093263,Fri Oct 25 05:40:13 +0000 2024,2,dulu sempet QRT kalo lu pada beli EV karena subsidi tuh sama aja lu dikadalin luhut wkwk,1849687387565326708,,HadeuhXDXD,in,,0,1,0,https://x.com/undefined/status/1849687387565326708,1794392424107933696,,Subsidi EV
1849628408923492716,Fri Oct 25 01:45:51 +0000 2024,2,MIT atasi kesan subsidi RON95 Kemungkinan akan menyebabkan penambahan kenderaan elektrik (EV) atau enjin hidrogen (HE). #SinarHarian #subsidiRON95 https://t.co/1zAR8wB2Ds,1849628408923492716,,,in,,0,0,0,https://x.com/undefined/status/1849628408923492716,331383958,,Subsidi EV
1849460458056741108,Thu Oct 24 14:38:29 +0000 2024,4,minyak subsidi bersasar bermula pada tahun 2025 proton dijangka nak lancar EV pada tahun 2025 perodua dijangka nak lancar EV pada tahun 2025 rancangan puak kayangan untuk paksa rakyat beli EV makin menjelma....kah kah kah https://t.co/6pits1sRHc,1849460458056741108,https://pbs.twimg.com/media/GaqZCjYaQAAl7gD.png,,in,,0,1,1,https://x.com/undefined/status/1849460458056741108,1430721438772654083,,Subsidi EV
1848908036045508732,Wed Oct 23 02:03:31 +0000 2024,23,Pemangkasan anggaran akan berdampak terancamnya berbagai program transum. Misalnya saja ada isu penyesuaian tarif KRL yang telah masuk nota keuangan RAPBN 2025 walau belum ada keputusan resmi. Pada tahun ini saja subsidi PSO KAI (4.7 T) sudah kalah dengan insentif EV (9.1 T). https://t.co/KDUeJLnWFm,1848908078844174618,https://pbs.twimg.com/media/GaikF29bEAAXC91.jpg,stravenues,in,,0,1,3,https://x.com/undefined/status/1848908078844174618,1764278689188237312,,Subsidi EV
1848617992978108723,Tue Oct 22 06:50:49 +0000 2024,0,Gaji penjawat awam naik jualan kereta dijangka rancak - BIMB Securities #BHbisnes Pengenalan subsidi RON95 bersasar menjelang pertengahan 2025 juga dijangka mengalihkan permintaan pengguna ke arah kenderaan EV. https://t.co/s5rGsuyT9k,1848617992978108723,,,in,,0,0,0,https://x.com/undefined/status/1848617992978108723,63070483,,Subsidi EV
1848189539434836045,Mon Oct 21 02:28:18 +0000 2024,31,Orang kaya yang tak dapat subsidi boleh beli EV. Kalau tak cukup kaya nak beli EV anda mungkin masih layak dapat subsidi.,1848189539434836045,,,in,,1,3,8,https://x.com/undefined/status/1848189539434836045,275462876,,Subsidi EV
1847809797703553534,Sun Oct 20 01:19:21 +0000 2024,2,Nak adjust subsidi petrol orang kaya dah drive EV dapat manfaat,1847809797703553534,,,in,,0,0,0,https://x.com/undefined/status/1847809797703553534,14505531,,Subsidi EV
1847530393370771864,Sat Oct 19 23:03:10 +0000 2024,7,@La_FarEast Bukan T15 tapi m40/b40 yg back up t15 t15 skrg duk pakai EV..xkisah pon pasal subsidi petrol lepas ni dorng lagi ramai pakai EV..aim kite nk reduce carbon footprint harap berjaya yg education dorng byr sama je dkt school private anak dorng..,1847775529182908698,,La_FarEast,in,,0,2,0,https://x.com/undefined/status/1847775529182908698,77677934,,Subsidi EV
1847612250971951535,Sat Oct 19 12:14:22 +0000 2024,2,Lepas tu jadi mcm ho chi minh hahaha. The future is public transport tarik subsidi minyak. Guna duit tu buat public transport bukan pergi kasi orang beli EV,1847612250971951535,,,in,,0,0,1,https://x.com/undefined/status/1847612250971951535,3253313210,,Subsidi EV
1847454389524713983,Sat Oct 19 08:02:36 +0000 2024,11,@fahmi_fadzil T15 tak dpt subsidi tapi tidak kena cukai bila beralih ke EV sbb golongan T15 mampu.,1847548893690810478,,fahmi_fadzil,in,,0,0,1,https://x.com/undefined/status/1847548893690810478,2318749160,,Subsidi EV
1846848906149417325,Thu Oct 17 14:38:00 +0000 2024,7,@501Awani Kerap sgt berita subsidi minyak ini. Tahu lah nk dekat dgn belanjawan 2025. Nk tarik subsidi ckp jer lah. Yg penting ultra kaya dpt rebat kereta EV ,1846923623241777398,,501Awani,in,,0,1,0,https://x.com/undefined/status/1846923623241777398,1600113417117118465,,Subsidi EV
1844747262779658445,Sat Oct 12 02:07:50 +0000 2024,4,@HezeriSamsuri Norway je negara yg dah almost majoriti guna EV sbb polisi kerajaan yg sokong n mampu bina dulu byk infra charger then bg subsidi guna EV Msia tak mampu so takkan jd mcm Norway laa ,1844922898248864150,,HezeriSamsuri,in,,0,0,0,https://x.com/undefined/status/1844922898248864150,18013063,,Subsidi EV
1844225943000494181,Fri Oct 11 13:24:40 +0000 2024,2,@MekSangBuaya Kata nak tarik subsidi utk golongan mahakaya. Tp telur ni Msia pengguna ke-3 or ke-5 tertinggi dunia which merangkumi hmpir keseluruhan B40 kebwh. Apa bnda nk tlg org susah. Tlg org kaya lg ada la. Cukai EV (kreta org kaya n berduit) beli pun krajaan ni murahkan tlg b40 konon,1844730839432601927,,MekSangBuaya,in,,1,1,1,https://x.com/undefined/status/1844730839432601927,944448516914479105,,Subsidi EV
1843910097468371451,Wed Oct 09 07:08:44 +0000 2024,11,Also our gov today. Lagi sanggup batalkan subsidi rakyat untuk cover kerugian negara tapi boleh sambung tax exemption EV indefinitely postponed HGV taxes bailout company kaya. https://t.co/SqQmd3KI43,1843911459497181274,,IchiXIV,in,,0,2,10,https://x.com/undefined/status/1843911459497181274,14783745,,Subsidi EV
1842007466009362716,Fri Oct 04 01:02:57 +0000 2024,35,Anjing kata gua mah. Cabut aja tuh subsidi EV ga guna.,1842007466009362716,,,in,,0,3,10,https://x.com/undefined/status/1842007466009362716,1202899827480088577,,Subsidi EV
1841464838377427197,Wed Oct 02 13:06:44 +0000 2024,15,Pembangkang membidas kenyataan Perdana Menteri Datuk Seri Anwar Ibrahim yang memberi bayangan kerajaan akan menghentikan pemberian subsidi dalam sektor pendidikan kepada golongan mahakaya kerana mendakwa kelompok elit itu sebenarnya tidak peduli pun terhadap subsidi itu. Ketua,1841464838377427197,,,in,,0,15,5,https://x.com/undefined/status/1841464838377427197,391891588,,Subsidi EV
1838072379786109087,Mon Sep 23 16:11:21 +0000 2024,4,@Spikespigeel @WinnerCogan Kurang literasi tpi ngegoblokin Hyundai itu masih bisa nikmatin diskon PPnBM 0% + PPn 1% sedangkan EV CBU hanya bisa nikmatin PPnBM 0% + PPn 11% pabrikan EV CBU yg ambil jalur diskon ini harus bikin pabrik di indo maks 2 tahun kedepan. Trusnknapa BYD bisa murah? Krena subsidi,1838249807820820738,,DanteAlegory,in,,0,1,0,https://x.com/undefined/status/1838249807820820738,1157198824403656706,,Subsidi EV
1838072379786109087,Mon Sep 23 12:08:44 +0000 2024,7,@WinnerCogan Brand yang bikin HYUNDAI kecewa besar sama pemerintah nih... Wuling juga sih. Minta subsidi EV tp diharusin bikin pabrik dalam negeri. Pabrik udah jadi eh ini brand sekalinya masuk CBU langsung auto dapet subsidi cuma modal MoU doank. ,1838188748699566361,,WinnerCogan,in,,0,2,1,https://x.com/undefined/status/1838188748699566361,41552768,,Subsidi EV
1837316431245103490,Sun Sep 22 03:19:45 +0000 2024,160,@aliviaawin @notyourdarlin9 Ini yg diusulkan Riken Yamamoto salah satu Arsitek terbaik di Japan untuk mengatasi masalah kemacetan di Indonesia. Meanwhile Lord luhut malah usul subsidi utk EV/cars dan diamini pemerintah. Negara broker emang beda :) https://t.co/5xvsOXnun6,1837693239924871635,https://pbs.twimg.com/media/GYDMQ0tbYAATEQp.jpg,aliviaawin,in,,2,7,34,https://x.com/undefined/status/1837693239924871635,1622613372482232321,,Subsidi EV
1836586667131703308,Thu Sep 19 02:02:38 +0000 2024,1,Penjualan Polytron EV mayoritas berasal dari motor listrik subsidi. https://t.co/iBEb3AnklH,1836586667131703308,,,in,,0,1,0,https://x.com/undefined/status/1836586667131703308,23343960,,Subsidi EV
1834457781598052408,Fri Sep 13 05:03:12 +0000 2024,0,Subsidi Rp7 Juta untuk Motor Listrik Genjot Penjualan EV Dua Kali Lipat Airlangga Hartarto: Untuk Kurangi Efek Rumah Kaca: Berbagai inisiatif dan peta jalan pengembangan kendaraan listrik (EV) hingga 2030 telah disusun untuk mempercepat transisi menuju https://t.co/Ma4VlB7KES https://t.co/e7bfL79vRb,1834457781598052408,https://pbs.twimg.com/media/GXVNoYzbgAAOqJI.jpg,,in,,0,0,0,https://x.com/undefined/status/1834457781598052408,55507370,,Subsidi EV
1834424731153637754,Fri Sep 13 02:51:54 +0000 2024,3,Lagian di Jawa udah oversupply sampe sak peak-load. Industri menengah &amp; berat ga stonk malah de-industrialisasi. Makanya rezim bikin subsidi EV buat makan load listrik sama kasi makan dompet sendiri. Bikin program tolol kompor listrik bagi-bagi rice cooker maksa naik daya,1834424740074979783,,ObiWan_Catnobi,in,,0,1,0,https://x.com/undefined/status/1834424740074979783,371261655,,Subsidi EV
1834086051620815232,Thu Sep 12 04:26:05 +0000 2024,0,Raksasa Otomotif Jepang Terima Bantuan Subsidi untuk EV https://t.co/5j5Ixgcyj7,1834086051620815232,,,in,,0,0,0,https://x.com/undefined/status/1834086051620815232,41730943,,Subsidi EV
1833743358378025152,Thu Sep 12 02:05:59 +0000 2024,2,@PokPokPokTeh @sinach_z Kalau nak buat retorik begitu boleh juga saya cakap subsidi dihantar untuk ditambah peruntukkan str bantuan kewangan dsb. Subsidi EV taklah tinggi mana cukup as insentif untuk merancakkan lagi kereta2 EV di Malaysia ni. Petrol pun ada mudarat dan tenaga yang terhad. Jadi?,1834050795794502093,,,in,,0,1,0,https://x.com/undefined/status/1834050795794502093,738084816042631168,,Subsidi EV
1833041096538018040,Mon Sep 09 07:13:48 +0000 2024,11,Pagi ini saya dan @noprusso menulis di @jakpost soal rame-rame arah distribusi subsidi KRL yang tidak pas. Agak aneh kalo amanat subsidi transportasi publik yang lebih dahulu harus ditata dibanding subsidi BBM atau EV. Apa skrg pemerintah jg memunggungi transportasi publik? https://t.co/9KFCNtKS67,1833041096538018040,https://pbs.twimg.com/media/GXA89CuaQAEPK1h.jpg,,in,,0,0,6,https://x.com/undefined/status/1833041096538018040,53014538,,Subsidi EV
1831973273229492413,Fri Sep 06 08:30:39 +0000 2024,2,Luhut Klaim Penggunaan EV Bisa Hemat Anggaran Selama Ini di Alokasikan Untuk Jadi Subsidi BBM https://t.co/EjCqaH2hSr lewat @Keuangan News,1831973273229492413,,,in,,0,1,2,https://x.com/undefined/status/1831973273229492413,1226436091617505281,,Subsidi EV
1830903537553039806,Tue Sep 03 09:39:54 +0000 2024,0,Proses transisi energi yang tengah dilakukan Indonesia secara bertahap disebut menghemat anggaran subsidi BBM sekitar Rp45 triliun hingga Rp90 triliun per tahun. Menteri Koordinator Bidang Kemaritiman dan Investasi (Menko Marves) Luhut Binsar Pandjaitan mengatakan salah satu https://t.co/kRy1Ws2z0l,1830903537553039806,https://pbs.twimg.com/media/GWitDs-aoAIeu58.jpg,,in,,0,0,0,https://x.com/undefined/status/1830903537553039806,118646322,,Subsidi EV
1830823357622993217,Tue Sep 03 06:41:15 +0000 2024,3,@BudiBukanIntel Ya siapa tau kan karena tarifnya udah belasan taun ga naik Satu2nya subsidi EV yg bagus tuh EV transum ,1830858579550838900,,BudiBukanIntel,in,,0,0,0,https://x.com/undefined/status/1830858579550838900,253948136,,Subsidi EV
1830823357622993217,Tue Sep 03 05:32:32 +0000 2024,6,@BudiBukanIntel ketinggian aja itu angka subsidi ev. tuker aja subsidi kai sama ev market yang beli ev ttp bisa beli karena naiknya ga parah2 amat market yang pake kereta kebantu banget karena ga naik,1830841286620049495,,BudiBukanIntel,in,,0,1,1,https://x.com/undefined/status/1830841286620049495,1002933675430854656,,Subsidi EV
1830823357622993217,Tue Sep 03 04:21:18 +0000 2024,304,Angka partisipasi kerja usia produktif jepang juga tinggi subsidi ga selalu jelek ya ges Subsidi EV jelas jelek sih tapi,1830823357622993217,,,in,,0,13,63,https://x.com/undefined/status/1830823357622993217,1794298849651212288,,Subsidi EV
1828738293732724764,Mon Sep 02 12:02:08 +0000 2024,77,@Emtezet @IESR @abidzara___ @detikcom @KemenkeuRI @PerekonomianRI Terkait subsidi berbasis NIK bukan berarti karena sedang dikembangkan oleh PT Jaklingko maka subsidi berbasiskan NIK itu benar adanya efisien efektif solutif. Malah kalau ternyata PT Jaklingko mengembangkan hal tersebut maka anggota DPRD harusnya protes karena tugas utama,1830576944997658864,,Emtezet,in,,7,5,39,https://x.com/undefined/status/1830576944997658864,44556194,,Subsidi EV
1830395194975686959,Sun Sep 01 23:59:56 +0000 2024,14,Inti dr utas ini a/ pelayanan publik bukan prioritas bukan krn KAI-nya bangkrut dsb. Jd penghematan yg menyebabkan turunnya subsidi transum a/ pilihan politik pemerintah yg lebih mengutamakan subsidi thd EV (yg beneficiary-nya sbnrnya a/ perusahaan2 bukan publik).,1830395194975686959,,,in,,0,0,8,https://x.com/undefined/status/1830395194975686959,21861624,,Subsidi EV
1830185171502710885,Sun Sep 01 15:05:23 +0000 2024,214,@tubbirfess if only pamrenta fokus memperbaiki transum instead of subsidi ev!!!!!!!!!,1830260670535028978,,tubbirfess,in,,0,0,6,https://x.com/undefined/status/1830260670535028978,3218900125,,Subsidi EV
1829902236727841024,Sun Sep 01 07:51:38 +0000 2024,4,@haznanf Comparison emang harus berdasarkan pendapatan tiap negara dan spend nya berapa % nya... bukan hanya belum naik selama 8 tahun hehehe... Subsidi EV yang buat kebutuhan pribadi harusnya lebih rendah dari subsidi buat transportasi publik,1830151517023977606,,haznanf,in,,0,0,0,https://x.com/undefined/status/1830151517023977606,50147183,,Subsidi EV
1830145878059053238,Sun Sep 01 07:29:14 +0000 2024,15,lagian subsidi KRL udah cuma 1 6 T per tahun masih mau dipotong juga padahal cuma recehan dari APBN 3600 T sedangkan subsidi EV IKN dll digas terus macem orang kelebihan duit. emang ga ngerti skala prioritas aja,1830145878059053238,,,in,,0,0,4,https://x.com/undefined/status/1830145878059053238,1219481356486332416,,Subsidi EV
1830113305274507714,Sun Sep 01 05:19:48 +0000 2024,3,Abaikan stori temennya yg PNS paparan thread ini intinya sama kok kaya keluhan orang2: iya butuh duit banyak buat transum yg lebih baik nah tp skrg prioritasny kmn? Kcic subsidi ev itu emg lbh ngebantu ya utk kemacetan? Ya udh intiny emg duitnya bukan buat krl ‍️,1830113305274507714,,,in,,0,1,5,https://x.com/undefined/status/1830113305274507714,75548546,,Subsidi EV
1830111499412529441,Sun Sep 01 05:12:37 +0000 2024,5326,Gara gara subsidi EV sama KCIC malah KRL jadi korban Eamng skill issue aja ini si mulyono kelakuan inkompeten,1830111499412529441,,,in,,31,44,2054,https://x.com/undefined/status/1830111499412529441,1794298849651212288,,Subsidi EV
1830088794571509879,Sun Sep 01 03:42:24 +0000 2024,4,Ktka pjbt pnya bisnis EV &amp; gunakan kewenangan tsb dg kebijakan yg menguntungkan bisnis mrk sungguh amat licik &amp; terang²an menantang rakyat. Smntara subsidi KRL dikurangi akibat sulitnya membayar hutang KAC btpa krg ajarnya mrk yg salah menganalisa kelayakan proyek dmi kkuasaan https://t.co/ng48QQ1FYC,1830088794571509879,https://pbs.twimg.com/media/GWXIDzxbQAURSc1.jpg,,in,,0,0,1,https://x.com/undefined/status/1830088794571509879,1085740795020206080,,Subsidi EV
1830042111452070000,Sun Sep 01 00:36:54 +0000 2024,68,Subsidi tiket KRL di-cut Subsidi EV di-keep Budget buat IKN stonksss Mantap betul ini mulyono patrikno luhud mulkodo srimul,1830042111452070000,,,in,,0,0,47,https://x.com/undefined/status/1830042111452070000,371261655,,Subsidi EV
1829892169282568520,Sat Aug 31 14:41:05 +0000 2024,3,Emang pemerintahnya kocak. Transum malah mesti digendong oleh sektor informal. Kagak ada niat bikin proteksi/regulasi di sektor ini. Swasta mulu yang inisiatif padahal bisa didukung dana APBN juga tapi lebih pilih subsidi EV. Dari jaman angkot dipegang koperasi sampe sekarang,1829892169282568520,,,in,,0,0,0,https://x.com/undefined/status/1829892169282568520,278087108,,Subsidi EV
1829719423911149898,Sat Aug 31 03:14:39 +0000 2024,3,gampang cabut aja subsidi EV kasi ke subsidi transum tambah armada sama tingkatkan fasilitas,1829719423911149898,,,in,,0,0,3,https://x.com/undefined/status/1829719423911149898,237296131,,Subsidi EV
1829000951950176586,Fri Aug 30 15:56:34 +0000 2024,2,@humblenumber @sihir_sains Banyak yg kurang ngerti mas sama bedanya sederhananya: subsidi di kai mayoritas dipakai untuk operational sama maintenance dibayarkan pakai pajak yang udh terkumpul sementara subsidi EV dalam bentuk tax reduction pemerintah gak keluar uang tapi kehilangan pendapatan cmiiw,1829548778569056336,,humblenumber,in,,0,2,0,https://x.com/undefined/status/1829548778569056336,351529455,,Subsidi EV
1829505794276303170,Fri Aug 30 13:14:21 +0000 2024,9,@tanyarlfes Kenapa subsidi EV yang harus dihapus? Karena ga semua lapisan masyarakat mampu beli EV. Harusnya transum dibagusin biar masyarakat makin banyak yang naik transum dan ngurangin emisi karbon dari kendaraan. Plis lah jangan kelewat TOLOl.,1829507953285857692,,_tauriii,in,,0,0,0,https://x.com/undefined/status/1829507953285857692,1516227237204307969,,Subsidi EV
1829505794276303170,Fri Aug 30 13:11:36 +0000 2024,87,@tanyarlfes Wahai sender GOBLOK subsidi itu asalnya dari uang pajak rakyat ya jelas buat rakyat. Subsidi transum udah jelas tepat sasaran. Harusnya fasilitas diperbaiki bukan dirubah skema subsidinya. Yang harus dihapus tuh subsidi EV karena ga tepat sasaran sama sekali.,1829507259845792151,,tanyarlfes,in,,0,1,9,https://x.com/undefined/status/1829507259845792151,1516227237204307969,,Subsidi EV
1829369060460826961,Fri Aug 30 04:02:26 +0000 2024,4,Apa ada yang mikir subsidi EV itu subsidi untuk masyarakat? Enggak. Itu subsidi buat perusahaan (produsen/distributor) yang bisa diklaim apabila ada unit yang dibeli masyarakat~ bisa dibilang fixed income malah buat mereka. Makanya pake segala macem cara buat jualan ,1829369060460826961,,,in,,0,1,0,https://x.com/undefined/status/1829369060460826961,87319138,,Subsidi EV
1829359670789816410,Fri Aug 30 03:47:46 +0000 2024,7,Kalau subsidi KRL bisa dibuat tepat sasaran harusnya subsidi EV juga. Sebaliknya kalau berbagai manuver bisa dilakukan untuk subsidi EV harusnya subsidi KRL juga. Akhir kata mungkin sebaiknya kita semua ikut sekolah social justice di UPenn (jangan lupa bawa masker),1829365366835102148,,bincangurban,in,,0,1,0,https://x.com/undefined/status/1829365366835102148,576167158,,Subsidi EV
1829359670789816410,Fri Aug 30 03:32:04 +0000 2024,3,Bahkan menurut gue upaya akselerasi EV juga nggak serius-serius banget. 1. Subsidi orang kaya -&gt; mobil listrik cuma bakal jadi mobil kedua ketiga mereka. Alih-alih subsitusi kendaraan pribadi eksisting kemungkinan besar cuma akan menambahkan. Dampaknya ya macet dll dll,1829361417352515765,,bincangurban,in,,2,1,0,https://x.com/undefined/status/1829361417352515765,576167158,,Subsidi EV
1829359670789816410,Fri Aug 30 03:25:08 +0000 2024,246,Menurut gue besar subsidi EV &gt; subsidi KRL tuh nggak masuk akal TOTAAAL Subsidi EV yang sekarang ada itu kebanyakan demand side ( diskon untuk pembelian/konversi motor potongan pajak untuk pembelian mobil) di mana setelah diitung-itung upfront cost-nya tetep GUEDE.,1829359670789816410,,,in,,12,2,78,https://x.com/undefined/status/1829359670789816410,576167158,,Subsidi EV
1828738293732724764,Fri Aug 30 01:06:01 +0000 2024,2,@Emtezet @eivinaevia @abidzara___ @detikcom Coba skrg efektif gak subsidi EV nya?? Anda bisa lihat pengguna transum dan Ev berapa banyak?? Anda naik transum?? Pengguna rutin transum??,1829324661605486916,,Emtezet,in,,0,0,0,https://x.com/undefined/status/1829324661605486916,1512253914087059457,,Subsidi EV
1829321609347489949,Fri Aug 30 00:53:53 +0000 2024,2,Dari 4 policy ini lu lebih dukung mana? 1.Electronic democracy ala Estonia 2.war on judol (basically war on drugs tapi untuk judol) 3.potong subsidi BBM untuk insentif EV 4.kembalikan independensi KPK,1829321609347489949,,,in,,0,0,1,https://x.com/undefined/status/1829321609347489949,1608033915708620805,,Subsidi EV
1829062485036695837,Thu Aug 29 09:12:32 +0000 2024,3,@BudiBukanIntel Emang gila pemerintah ini subsidi EV yg justru mau dinaikin middle class biayain upper class bajingan. #SelamatkanKRL,1829084710053786093,,BudiBukanIntel,in,,0,1,2,https://x.com/undefined/status/1829084710053786093,274532930,,Subsidi EV
1828738293732724764,Thu Aug 29 05:38:17 +0000 2024,5,@Emtezet @abidzara___ @detikcom Gini lho bapak transum itu untuk semua orang. Transum itu juga menekan kemacetan membantu menghijaukan lingkungan juga. Mestinya di sini lah bapak2 sekalian mikir untuk subsidi poll-pollan. Tolong saya ga mau dengar kan bisa pake EV listriknya kan msh dri batubara tolonglah,1829030793739632664,,Emtezet,in,,0,1,0,https://x.com/undefined/status/1829030793739632664,1105754610235432960,,Subsidi EV
1828978595555094687,Thu Aug 29 02:10:53 +0000 2024,7,3. NIK-based ini mau gmn? Cuma NIK Jabodetabek? Non-Jabodetabek ineligible? NIK lain harus di-whitelist? 4. NIK berlaku nasional dan ga berubah 5. Subsidi EV subsidi kompor listrik &amp; subsidi rice cooker justru pemborosan. Yang tolol siapa yg bayar akibat siapa,1828978598059098254,,ObiWan_Catnobi,in,,0,1,7,https://x.com/undefined/status/1828978598059098254,371261655,,Subsidi EV
1828738293732724764,Wed Aug 28 15:00:09 +0000 2024,232,@Emtezet @abidzara___ @detikcom Berarti yang dicabut subsidi mobil EV pak karena itu mensubsidi wong sugih untuk beli mobil listrik lebih murah. Sementara orang miskin mana naik EV saya aja mobil minjem adek saya. PSO transum harus konsisten pak untuk menarik orang naik alternatif kendaraan pribadi.,1828809802199232554,,Emtezet,in,,0,3,22,https://x.com/undefined/status/1828809802199232554,1566448070379720705,,Subsidi EV
1828587571946897482,Wed Aug 28 00:17:05 +0000 2024,0,Rasional subsidi minyak pengaruhi penggunaan EV https://t.co/4iIxR1BzxA #K2 #diesel #EV #minyak #Petrol,1828587571946897482,,,in,,0,0,0,https://x.com/undefined/status/1828587571946897482,822514562,,Subsidi EV
1827680985506558227,Sun Aug 25 12:14:38 +0000 2024,14,Ini juga salah pemerintah. Jangan cari hubungan impor EV subsidi EV pebisnis yang di belakangnya pejabrut paling getol promo sana sini termasuk ke luar nehri,1827680985506558227,,,in,,0,0,3,https://x.com/undefined/status/1827680985506558227,113948365,,Subsidi EV
1826122054673797147,Wed Aug 21 05:00:00 +0000 2024,11,Sebelum dapetin subsidi mobil listrik Wuling Air ev yuk ketahui terlebih dahulu mengenai syarat dan perhitungannya pada artikel ini! https://t.co/Jwy5hLj6rj,1826122054673797147,,,in,,0,0,2,https://x.com/undefined/status/1826122054673797147,757798365933383680,,Subsidi EV
1824995145420620177,Sun Aug 18 02:22:04 +0000 2024,0,Penjualan Polytron EV mulai mengalami lonjakan sejak pemerintah merilis subsidi buat motor listrik. https://t.co/wv3tWJXtB2,1824995145420620177,,,in,,0,1,0,https://x.com/undefined/status/1824995145420620177,23343960,,Subsidi EV
1822909622879179065,Mon Aug 12 08:14:56 +0000 2024,1,Vietnam merancang untuk memberi subsidi harga elektrik bagi stesen pengecas kenderaan EV. https://t.co/NVWxf0LzS3 'Yang sahih di Berita RTM' #RTM #BeritaRTM #MalaysiaMadani https://t.co/ThrPFDFv8l,1822909622879179065,https://pbs.twimg.com/media/GUxGfVya4AAvOv6.jpg,,in,,0,1,0,https://x.com/undefined/status/1822909622879179065,704725700,,Subsidi EV
1818663105800683634,Wed Jul 31 15:00:48 +0000 2024,14,EV punya subsidi ni utk perkembangkan market EV itu sendiri. Ikut teori ekonomi Makin ramai org pakai makin demand. Makin demand harga makin rendah sebab of cost production akan makin byk. Tahun 2000 Harga simcard RM238. Nokia 8250 RM1k&gt; Blackberry RM2k @Solisidtor https://t.co/bk2aSBEIhY,1818663105800683634,https://pbs.twimg.com/media/GT0wFwtboAEZOwa.jpg,,in,,1,1,6,https://x.com/undefined/status/1818663105800683634,1599550396938465280,,Subsidi EV
1816714252176228563,Fri Jul 26 11:52:21 +0000 2024,12,@RakyatAduan @MRTMalaysia @askrapidkl Lepas tu sibuk nak bagi subsidi dekat EV Car yg menambah kesesakan jln raya. Org miskin tak mampu nikmati sistem pengangkutan yg baik selamat &amp; selasa.,1816803741670264875,,RakyatAduan,in,,0,1,4,https://x.com/undefined/status/1816803741670264875,1600113417117118465,,Subsidi EV
1816727865096036672,Fri Jul 26 09:12:55 +0000 2024,2,@HezeriSamsuri Kerajaan thailand tk bg subsidi kepada pengguna EV ke mcm kerajaan madani ni buat sperti diskaun pembelian kereta EV free parking dll,1816763621378261200,,HezeriSamsuri,in,,0,1,1,https://x.com/undefined/status/1816763621378261200,1757210037427331072,,Subsidi EV
1815908140493463617,Wed Jul 24 04:21:33 +0000 2024,3,@abahlubna HAHAHA kurangkan org kaya enjoy subsidi disebaliknya still tolong orang kaya dengan tax exemptionnya dan juga jangan lupa ada subsidi one off untuk pembelian EV walhal bole je kenakan cukai untuk pendapatan negara tapi x nk. Bole je kenakan higher tax for EV bukan susah pon lol.,1815965520396706094,,abahlubna,in,,0,2,0,https://x.com/undefined/status/1815965520396706094,844713752868147201,,Subsidi EV
1815908140493463617,Wed Jul 24 00:33:33 +0000 2024,195,Aku tgk replies dgn QTs byk hentam TZ Aku tak paham kenapa. Well aku bukan lah nak backup dia even zaman dia jadi MoF byk yg aku hentam dia kott Soal EV ni harap semua dpt fikir kedepan dan mohon jgn menggelabah nak hentam tak tentu hala Kenapa govt beria push EV? Well ada,1815908140493463617,,,in,,16,32,71,https://x.com/undefined/status/1815908140493463617,470078388,,Subsidi EV
1815714869787902235,Tue Jul 23 11:45:33 +0000 2024,4,sedang menunggu thread dari nazribiztalk GDP Malaysia meroket sebanyak 48% dengan penjualan EV yg berharga B40 (RM 30 900) dan penjimatan subsidi petrol yg ditarik dapat membina infrastruktur LRT dari Paya Jaras sehingga Alor Pongsu,1815714869787902235,,,in,,0,0,0,https://x.com/undefined/status/1815714869787902235,797704333,,Subsidi EV
1812846833561223191,Mon Jul 15 18:35:31 +0000 2024,251,@pedoqpop budak2 yang lambat angkat baju ni lagi 5-10 tahun dioranglah pengguna EV yang tak reti nak cabut charger bila dah full charge bateri sidai kereta sampai malam pastu block orang lain dari nak guna charger. Pastu still makan subsidi.,1812918935186252228,,pedoqpop,in,,0,2,30,https://x.com/undefined/status/1812918935186252228,13231002,,Subsidi EV
1810588511646720047,Tue Jul 09 11:10:47 +0000 2024,33,@innovacommunity Mending ini apa subsidi EV?,1810632687306281018,,innovacommunity,in,,0,2,0,https://x.com/undefined/status/1810632687306281018,1484423320632438789,,Subsidi EV
1810562954674462849,Tue Jul 09 06:33:41 +0000 2024,13,Ayo siapa yg mau beli EV Cina? Sedang diskon nih. Banyak bonusnya! Bebas pajak subsidi asuransi. @_Banyoe @StopPlandemit @ThatSun510 @nic04722 @mamakchayank @clairvoyant_cl @wongWedokBakoh Harusnya ada bonus asuransi jiwa️ APAR dan Genset Padahal itu penting. https://t.co/4EgyD76CWJ,1810562954674462849,https://pbs.twimg.com/media/GSBpaWCbkAA82X2.jpg,,in,,1,12,2,https://x.com/undefined/status/1810562954674462849,1254035776322453506,,Subsidi EV
1809553246987645040,Sat Jul 06 16:06:17 +0000 2024,3,@heiapeni @La_FarEast Disagree antara bnyk2 yg you mention ni diesel je yg ada problem utk segelintir tp ramai ke budak2 skrg pakai diesel sampai takut sgt subsidi ditarik ni? Ron95 bincang pun tak medical insurance cuba baca balik benda full EV tu dah confirm ke? Bila masa BN bebas rasuah?,1809619889805787444,,heiapeni,in,,0,0,0,https://x.com/undefined/status/1809619889805787444,840188880691253248,,Subsidi EV
1809403905987735615,Sat Jul 06 06:20:34 +0000 2024,39,@StiltskinMan Taknak subsidi mahakaya bagi tax exemption utk EV.,1809472488843227619,,StiltskinMan,in,,0,0,6,https://x.com/undefined/status/1809472488843227619,40764602,,Subsidi EV
1808874951187050560,Sat Jul 06 04:13:19 +0000 2024,6,@ismail_mslm @pidotburn orang kaya boleh beli byk kete. tukar kete ikut angin. EV lepas dh ramai guna tarik subsidi dorang can easily switch back to gas guzzlers. so i tak faham what is the goal here. rich will just get rid of or don't drive their EVs when policy change again so knp nk encourage dorang,1809440467177873658,,m2bimslm,in,,0,0,0,https://x.com/undefined/status/1809440467177873658,979695213613494272,,Subsidi EV
1809419082338562182,Sat Jul 06 02:48:21 +0000 2024,13,Dengan menetapkan harga lantai Kerajaan Madani hanya benarkan kereta EV dengan harga RM100k ke atas dijual di Malaysia. Kerajaan Madani juga mahu beri subsidi FREE PARKING kepada kereta EV bagi menggalakkan pembelian kereta EV. https://t.co/FhtUbtkxO1,1809419082338562182,https://pbs.twimg.com/media/GRxZDRWbkAANfls.jpg,,in,,1,3,7,https://x.com/undefined/status/1809419082338562182,995676205914378242,,Subsidi EV
1809361618419294435,Sat Jul 06 00:26:47 +0000 2024,0,Kenapa maha kaya disubsidi? Tapi kalau pakai logik dalam hal kenderaan elektrik (EV) ini yang untung adalah golongan mahakaya. - Awang #SinarHarian #subsidi https://t.co/VqUSScc5rx,1809383457572921591,,SinarOnline,in,,1,2,0,https://x.com/undefined/status/1809383457572921591,331383958,,Subsidi EV
1809030105156760038,Fri Jul 05 07:28:05 +0000 2024,62,@NabilErsyad Yg kaya (T10) gelak pakai EV. yg miskin (B40) dapat diesel subsidi. yg tersepit (M40) kerja bagai nak mati xdapat apa pun kene lagi ada la.,1809127091700707356,,NabilErsyad,in,,0,1,10,https://x.com/undefined/status/1809127091700707356,1304834303398785024,,Subsidi EV
1809088566913609984,Fri Jul 05 04:55:00 +0000 2024,4,Kesatuan Eropah akan mengenakan tambahan duti sehingga 37.6% kepada kereta-kereta elektrik import buatan China Tambahan duti ini dilaksanakan setelah Suruhanjaya Eropah mendapati pentadbiran Beijing memberi subsidi terhadap pengeluar kereta EV tempatan https://t.co/LmhKBRI98j,1809088566913609984,https://pbs.twimg.com/media/GRqJjOoaUAMvBvT.jpg,,in,,1,0,4,https://x.com/undefined/status/1809088566913609984,1213807317419880450,,Subsidi EV
1808874951187050560,Fri Jul 05 02:36:38 +0000 2024,6,@pidotburn lol diorang dah akan start bayar roadtax dah negara maju lain pun buat benda sama untuk galakkan rakyat beli ev. daripada org kaya ni semua beli ICE lepastu sauk semua subsidi minyak baikla kerajaan buat macam ni kalau thailand siap bagi rebate lagi dkt kereta ev,1809053748054143339,,pidotburn,in,,0,2,1,https://x.com/undefined/status/1809053748054143339,378964901,,Subsidi EV
1808656594705789282,Thu Jul 04 00:18:30 +0000 2024,3,Ulang-ulang dia kata. Mahakaya yang guna subsidi akan dituntas habis-habisan Mahakaya jugak beli kereta ev dapat macam-macam tax rebate Pindah office ke TRX dpat tax rebate Make it make sense? Bab bawahan laju je buat cukai itu ini,1808656594705789282,,,in,,0,1,0,https://x.com/undefined/status/1808656594705789282,1735598659,,Subsidi EV
1808150688553488772,Wed Jul 03 05:31:19 +0000 2024,10,@sarinizainal Kereta hanyalah medium untuk ke Point B dari Point A vice versa Yg pakai EV/hybrid atau diesel ada kelebihan pinjamatan walaupun pakai Diesel tanpa Subsidi Dan environmental friendly Diesel moden kurang pencemaran ya Ketimbang petrol skrg Padan Muka dia Sis ,1808372933271904362,,sarinizainal,in,,0,0,0,https://x.com/undefined/status/1808372933271904362,1717937148907966464,,Subsidi EV
1807629731535462638,Mon Jul 01 04:18:06 +0000 2024,2,Katanya walaupun permulaan rasionalisasi subsidi baru-baru ini boleh jadi halangan kepada jumlah jualan kenderaan inisiatif pembaharuan kerajaan boleh mempercepatkan penggunaan EV. #AWANInews #AWANI745 https://t.co/vQ5GqLQ9Jy,1807629731535462638,,,in,,0,0,1,https://x.com/undefined/status/1807629731535462638,497665754,,Subsidi EV
1807021446495162482,Sat Jun 29 17:58:13 +0000 2024,4,@EkonomiRakyatMY pros &amp; cons kena tengok mmg cukai ev xde tp kemampuan membeli ev ni lebih kpd yg income tinggi &amp; mampu ini sedikit sebanyak akan mengurangkan pengunaan petrol apabila harganya diapungkan kelak dan golongan B80 boleh menerima manfaat tunai dari budget subsidi petrol negara ,1807111341628604754,,EkonomiRakyatMY,in,,0,0,0,https://x.com/undefined/status/1807111341628604754,280074238,,Subsidi EV
1807021446495162482,Sat Jun 29 12:01:00 +0000 2024,1666,Kita Banyak Beri Subsidi Kepada Orang Kaya Bantuan Tunai Kepada Golongan Susah Perlu Dipertingkatkan Katakan beli Mercedes EV berharga RM300 000-RM400 000. Senang-senang cukai yang (golongan kaya) tak perlu bayar adalah minimum RM200 000 https://t.co/pXPXuyAxJS,1807021446495162482,https://pbs.twimg.com/ext_tw_video_thumb/1804860174974554112/pu/img/709L1-aovTzEhmIY.jpg,,in,,57,45,1170,https://x.com/undefined/status/1807021446495162482,1213807317419880450,,Subsidi EV
1806675537701875925,Fri Jun 28 13:06:29 +0000 2024,4,Penyasaran subsidi diesel: Pemintaan jualan EV dijangka meningkat Malaysia MADANI : Tekad Perpaduan Penuhi Harapan 'Yang sahih di Berita RTM' #RTM #BeritaRTM #MalaysiaMadani https://t.co/od7fUCudUl,1806675537701875925,https://pbs.twimg.com/ext_tw_video_thumb/1806675124697051137/pu/img/SdpiaNj3RoZmPytD.jpg,,in,,0,0,1,https://x.com/undefined/status/1806675537701875925,704725700,,Subsidi EV
1802950133367328923,Wed Jun 19 02:58:50 +0000 2024,4,@niwseir @piotrj Komparasi pengaruh subsidi untuk kendaraan ev pribadi vs public ev terhadap pengurangan polusi udara berbeda dengan kendaraan bermotor punya porsi kecil terhadap polusi udara Menurutku enggak kontradiktif sih. Yg satu komparasi yg satunya proporsi terhadap polusi.,1803261126177866143,,niwseir,in,,0,0,0,https://x.com/undefined/status/1803261126177866143,996353191573839872,,Subsidi EV
1802950133367328923,Tue Jun 18 23:43:36 +0000 2024,4,@niwseir @piotrj Gk tau tweet sblmnya kayak gmn tp kalo dr pernyataannya gk salah kok karena *cuma* bandingin subsidi ev utk transport publik atau utk pribadi,1803211994524426360,,niwseir,in,,0,1,0,https://x.com/undefined/status/1803211994524426360,109568933,,Subsidi EV
1802899703895626074,Tue Jun 18 03:02:40 +0000 2024,1,Subsidi bersasar bahan api mampu lonjak jualan kereta elektrik #BHbisnes #BHAuto EV alternatif lebih menarik dari segi ekonomi kos operasi lebih rendah: Penganalisis automotif https://t.co/lIL9RO2ZDt,1802899703895626074,,,in,,0,0,1,https://x.com/undefined/status/1802899703895626074,63070483,,Subsidi EV
1801843593881260330,Sat Jun 15 10:58:24 +0000 2024,4,@Marchfoward Eropah ni kalau nak menang dorang akan main kotor..tgk je laa EV china kena..EU tetapkan tarif smp 38% dgn alasan china bg subsidi kpd pengeluar EV tempatan..alasan paling bangang aku penah dgr..US lg byk bg subsidi kat Ford &amp; GM!!!,1801932264357695799,,Marchfoward,in,,0,0,0,https://x.com/undefined/status/1801932264357695799,1772455875556573184,,Subsidi EV
1801170288220225700,Thu Jun 13 08:30:35 +0000 2024,0,Uni Eropa (UE) akan menaikkan tarif kendaraan listrik (EV) Tiongkok pada 4 Juli kecuali jika Beijing menyetujui solusi subsidi yang menurut blok ters... https://t.co/xXLNWDaMG7,1801170288220225700,,,in,,0,0,0,https://x.com/undefined/status/1801170288220225700,46693036,,Subsidi EV
1800755765931839902,Wed Jun 12 05:03:25 +0000 2024,22,Kemampuan kamu membeli kenderaan berdiesel saja-saja dah cukup menjadi dalil yang kamu tak layak diberikan subsidi. Begitu juga yang memakai EV. Sudah boleh beli EV lagi mahu subsidi untuk beli EV. Keluhan maha kaya ini tidak masuk akal.,1800755765931839902,,,in,,0,0,2,https://x.com/undefined/status/1800755765931839902,4495287014,,Subsidi EV
1800207237107048911,Tue Jun 11 00:06:06 +0000 2024,5,@lontonggorengz Kalau dah sblm ni org kaya tekan ron 95 dpt rm 100 lebih seminggu Bila dieorg lagi ramai opted for EV tak ke petrol tu dieorg dah tak guna? Letih la kalau analogi org kereta besar isi minyak 40-50 litre dpt lagi tinggi subsidi berbanding org naik motor isi minyak 7-8 litre pun,1800318556619612291,,lontonggorengz,in,,0,2,2,https://x.com/undefined/status/1800318556619612291,470078388,,Subsidi EV
1800048722862309866,Mon Jun 10 20:42:23 +0000 2024,5,@RidhuanSazuki Pdpt aku dieorg bagi gula2 extra ke EV sbb nk suruh lagi ramai org2 kaya tukar ke EV Bila dah ramai org2 kaya tukar ke EV maka kurang lah dieorg enjoy subsidi petrol yg selama ni org dok canang dieorg isi minyak full tank 30-40 litre org biasa motor kapcai 7-8 litre lagi satu,1800267286487638491,,RidhuanSazuki,in,,0,2,2,https://x.com/undefined/status/1800267286487638491,470078388,,Subsidi EV
1800048722862309866,Mon Jun 10 17:19:24 +0000 2024,5,@abahlubna Paling aku menyampah sebab diorang utamakan EV siap bagi subsidi..padahal ramai orang nak public transport bagi solid..lepas tu nak naik kan harga minyak tak faham la aku kerajaan lonie..,1800216203702698211,,abahlubna,in,,0,1,0,https://x.com/undefined/status/1800216203702698211,980091224437661696,,Subsidi EV
1800124907709432264,Mon Jun 10 15:30:10 +0000 2024,83,@RazmanZakaria60 Dia ckp je minyak naik 1.20 terus aku tutup video. Ternyata dh tua2 pun bodoh. Kenapa tk ckp psl subsidi bersasar? Haritu masa kerajaan bagi pelepasan utk roadtax kenderaan EV bising gak. Ckp kerajaan bela golongan T20. Ni bila tk bagi golongan T20 subsidi minyak korg bising,1800188716734201922,,RazmanZakaria60,in,,0,9,2,https://x.com/undefined/status/1800188716734201922,1001149440,,Subsidi EV
1800032477630873724,Mon Jun 10 05:09:20 +0000 2024,56,Cukai barangan murah terus kena. Subsidi diesel kena apung naik terus sampai RM1.20. Cukai barangan mewah boleh pulak tangguh. Subsidi EV boleh pulak buat. Dasar ekonomi neolibedal.,1800032477630873724,,,in,,1,1,60,https://x.com/undefined/status/1800032477630873724,580717077,,Subsidi EV
1799677456166883496,Sun Jun 09 09:29:28 +0000 2024,16,@DrDzul Saya nampak sebab utama masalah KKM ni datangnya dari kekurangan staff yang datangnya dari kekurangan dana. Mintak la PMX salurkan dana lebih ke KKM instead of pergi benda bodoh macam pengecualian cukai beli EV untuk T20. Sama jugak untuk $ lebihan dari subsidi bersasar nanti.,1799735553891750011,,DrDzul,in,,0,0,7,https://x.com/undefined/status/1799735553891750011,103853714,,Subsidi EV
1798587987737125128,Thu Jun 06 05:29:27 +0000 2024,43,️ Golongan B40 M40 dapat subsidi diesel. ️ Golongan T20 and above dapat subsidi EV. For me it's fair enough. Why? 1. Diesel ni kena isi at least 2 kali seminggu bg yg mmg gunakan utk keperluan harian mereka. Lagi banyak minyak diisi lagi tinggi subsidi yg digunakan.,1798587987737125128,,,in,,1,1,17,https://x.com/undefined/status/1798587987737125128,1369505570521149440,,Subsidi EV
1798394812036686153,Wed Jun 05 16:41:50 +0000 2024,62,Kita tarik subsidi diesel dan petrol golongan T20 T20 bayar cukai barang mewah tinggi dan kena bayar lebih bill eletrik sebab duduk rumah besar dan peralatan elektrik banyak Bila bagi roadtax murah untuk EV Pas kata kerajaan nak tolong T20 Apa punya bengap,1798394812036686153,,,in,,1,23,10,https://x.com/undefined/status/1798394812036686153,1358995588067454977,,Subsidi EV
1798151966658601416,Wed Jun 05 13:08:00 +0000 2024,2,@Solisidtor Roadtax kereta EV disubsidi? Ini bukan subsidi... https://t.co/UBiM3KgXP2,1798341000190136576,https://pbs.twimg.com/media/GPT9m_XbsAEKWt4.jpg,Solisidtor,in,,0,0,0,https://x.com/undefined/status/1798341000190136576,405519719,,Subsidi EV
1798339004523557014,Wed Jun 05 13:04:04 +0000 2024,4,@_JANGAN_DIAM Tarik subsidi utk T20 kau marah... Bagi murah ev utk T20 kau marah.. Pukimak haram jadah apa yg kau nak ni sekarang? Apa sial malaysia dpt rakyat minda kelas ke 3 mcm kau ni.. Betul2 bala,1798340008761548854,,_GEMAMEDIA,in,,0,2,1,https://x.com/undefined/status/1798340008761548854,1626456350,,Subsidi EV
1798197484780736975,Wed Jun 05 13:00:15 +0000 2024,46,@ahmadazarul_ Tolong T20 (Bagi rebat EV): Kerajaan zalim tak tolong B40/M40 Buli T20 (Tarik subsidi minyak) Kerajaan zalim tolong B40/M40 saja Ignore T20 (Bantuan byk kpd B40/M40): Kerajaan zalim tolong B40/M40 saja,1798339047670300783,,ahmadazarul_,in,,1,0,12,https://x.com/undefined/status/1798339047670300783,884596384149590016,,Subsidi EV
1798287737981944113,Wed Jun 05 11:25:44 +0000 2024,3,@ybperpaduan Awak mahakarya tak patut dpt subsidi Pakailah EV tuihh hahaha,1798315261696893235,,infodemik,in,,0,1,0,https://x.com/undefined/status/1798315261696893235,470078388,,Subsidi EV
1798197374730584211,Wed Jun 05 10:42:32 +0000 2024,113,@druglordfxdl Roadtax axia RM20 je tu kalau setahun pun tak mampu bayar RM20 macam mana boleh mampu pakai kereta? Discount roadtax EV ni tujuannya nak galakkan orang kaya pakai EV instead of pakai kereta petrol enjin besar tank besar sedap sedut subsidi minyak banyak2,1798304390870454465,,druglordfxdl,in,,3,1,12,https://x.com/undefined/status/1798304390870454465,554368761,,Subsidi EV
1798197374730584211,Wed Jun 05 10:36:20 +0000 2024,9,@druglordfxdl Axia roadtax berapa?.. ang nk galakkan green energy.. guna EV b40 xmampu beli lg.. org kaya ja.. tarik subsidi minyak slow2 depa beralih ke EV sbb tank depa besar minyak mahal.. nk suruh beli EV kna la bg benefit jgk nk tukar kereta.. guna elektrik dpt jgk hasil lain.. dr sana,1798302831633707338,,druglordfxdl,in,,0,0,1,https://x.com/undefined/status/1798302831633707338,1599306085,,Subsidi EV
1798181594806862330,Wed Jun 05 05:53:32 +0000 2024,53,@Solisidtor Kadang aku kesian tgok geng2 PN kau ni sid. Bila kerajaan buat subsidi bersasar yang mana merugikan golongan T20 kau kemain backup ckp dorg dh kene potong mcm2 cukai then subsidi tk dpt sama bnyk mcm geng B40. Ni bila kerajaan buat subsidi utk roadtax kenderaan EV demi,1798231660565262822,,Solisidtor,in,,2,5,7,https://x.com/undefined/status/1798231660565262822,1001149440,,Subsidi EV
1797901697198784596,Wed Jun 05 05:51:04 +0000 2024,2,@azraeimuhamad Mcm saya pernah katakan x semua mampu beli kereta EV. Yg import brand begini lglah. Boleh lg tu cukai dikurangkan..mmg subsidi minyak diesel ditarik tp org kaya dpt pula diskaun besar cukai beli kereta mewah. Apa kes ni?,1798231042828169509,,azraeimuhamad,in,,0,0,0,https://x.com/undefined/status/1798231042828169509,916524116,,Subsidi EV
1798151966658601416,Wed Jun 05 05:40:05 +0000 2024,25,@Solisidtor Kenapa lah kau di lahirkn? Masa zaman abah cirit kau tk nk ckp ke cukai kenderaan EV free?? Subsidi ni std lah sbb menggalakkn org beli kenderaan EV. And subsidi ni jalan kejap je dlm 1-3 tahun je. Then tkde dh subsidi.,1798228276911260057,,Solisidtor,in,,0,3,1,https://x.com/undefined/status/1798228276911260057,1001149440,,Subsidi EV
1798223400789553167,Wed Jun 05 05:20:42 +0000 2024,26,Kerajaan buat subsidi bersasar diesel hanya utk B40/M40. - Walaun bising kata T20 byr cukai patut dpt subsidi gak. Kerajaan bg diskaun cukai jalan utk EV kebanyakannya T20 yang guna - Walaun bising kata kerajaan hanya bantu mahakaya. Mana nak bantu B40 pun. Kesan Pajak Otak,1798223400789553167,,,in,,0,4,8,https://x.com/undefined/status/1798223400789553167,584081102,,Subsidi EV
1798181594806862330,Wed Jun 05 04:49:52 +0000 2024,8,@Solisidtor Axia Rahmah RM22K? Roadtax EV murah sebab kerajaan guna cukai dia utk subsidi M40 &amp; B40 so win win lah kan mereka kurang guna kereta petrol &amp; Disel,1798215642245713966,,Solisidtor,in,,0,0,1,https://x.com/undefined/status/1798215642245713966,55125301,,Subsidi EV
1798182663674904652,Wed Jun 05 04:31:49 +0000 2024,239,@_c_zar Dan Eric juga membayar cukai 3 kali ganda dari Makcik Kiah. Dengan menggunakan EV Eric juga tidak lagi bergantung kepada subsidi Minyak yg memang disediakan untuk golongan seperti Makcik Kiah.,1798211099382415609,,_c_zar,in,,1,2,40,https://x.com/undefined/status/1798211099382415609,1681837301280952320,,Subsidi EV
1798180576694051057,Wed Jun 05 04:28:37 +0000 2024,1,@Solisidtor Parti paknon mmg nak menyenangkan geng Mahakaya je..tarik subsidi..pastu yg kaya tukar la kete EV..selesai pening pala org Mahakaya..org bawahan gak yang pening..nak beli kete EV..belum ada yg keluarkan harga marhaen..kalau kesenangan utk semua golongan okla.,1798210292645855344,,Solisidtor,in,,0,0,0,https://x.com/undefined/status/1798210292645855344,1286118449811341313,,Subsidi EV
1797894674969153844,Wed Jun 05 04:12:21 +0000 2024,5,@fareezakmal @anwaribrahim Bodohnya ko ni. Yg penting hak kita kn dapat klu kita layak subsidi bersasar pastikn dpt subsidi bersasar. Tp bl org lain dpt kemudahan tu rezeki dia la. Jgn dengki. Yg penting bukan ambik drpd hak ko. Nnt Perodua kluar EV besok ko beli la blh la dpt road tax rendah. Bodoh.,1798206197788803227,,fareezakmal,in,,0,0,0,https://x.com/undefined/status/1798206197788803227,1888948562,,Subsidi EV
1798013546401591379,Wed Jun 05 03:51:37 +0000 2024,2,@amer7211 @kloppopedia Tarik subsidi maha kaya di marah . Bila bagi murah fi tukar ke EV pon dia marah . Dia ingat Mahakarya ada sebijik je Keta macam dia agaknya . Org nak galak Mahakaya tukar ke Keta EV . So Keta petrol ada Keta EV ada . Sesuai lah dgn peralihan tenaga negara . Benak betul,1798200979634192410,,amer7211,in,,0,0,1,https://x.com/undefined/status/1798200979634192410,561135477,,Subsidi EV
1798199068923236822,Wed Jun 05 03:44:01 +0000 2024,13,Aku sokong T20 pakai EV sebab lepas ni dah takde alasan nak complaint takde subsidi minyak. Biarlah B40-M40 ni yang tak mampu beli EV pakai kenderaan petrol je lah.,1798199068923236822,,,in,,0,1,5,https://x.com/undefined/status/1798199068923236822,270994792,,Subsidi EV
1798191451878355319,Wed Jun 05 03:13:46 +0000 2024,1,Bukan tambah lane kereta bukan potong tax kenderaan bukan bagi subsidi EV. Negara yang mesra pejalan kaki dan pengangkutan awam automatik akan menjadi Negara yang sihat.,1798191454231331191,,sinach_z,in,,0,0,1,https://x.com/undefined/status/1798191454231331191,213982721,,Subsidi EV
1798151966658601416,Wed Jun 05 03:13:40 +0000 2024,6,@Solisidtor Tk fhm aku lawyer buruk ni. Bila trk subsidi diesel utk mahakaya dia kt kejam. Bila bg subsidi utk krt EV yg mahakaya ja mmpu beli dia meroyan plk knp bagi subsidi pd mahakaya. Stkt membangkang tnp solusi baik tk pyh. Ptt la org gelar pembangkang skrg paling trk dlm sejarah. ,1798191430890123766,,Solisidtor,in,,0,2,0,https://x.com/undefined/status/1798191430890123766,109223185,,Subsidi EV
1798182663674904652,Wed Jun 05 02:48:35 +0000 2024,114,@_c_zar untung jadi orang kaya kat malaysia. subsidi minyak tarik? takpa pakai EV dapat discount gilababi. padan la muka miskin pakai minyak kessah pulak zafrul,1798185117283975245,,_c_zar,in,,0,2,25,https://x.com/undefined/status/1798185117283975245,1339039845289611264,,Subsidi EV
1797978853144735776,Wed Jun 05 02:02:12 +0000 2024,9,@CheteDofficial Walatok tetap bongok. T20 bakal tiada subsidi petrol &amp; diesel diorg beralih ke EV,1798173444250784212,,CheteDofficial,in,,0,0,1,https://x.com/undefined/status/1798173444250784212,1386701268,,Subsidi EV
1798167318218039411,Wed Jun 05 01:42:55 +0000 2024,3,Kalau range gaji dah lebih RM100K setahun and niat nak tukar kereta boleh seriously consider EV Tu sbb tahun depan Perodua akan launch first Malaysian EV and diorang dpt govt grant for this Kerajaan jimat puluh billion subsidi minyak T20 ada option EV nk jimat duit minyak,1798168591306727802,,Firdausi_Fauzi,in,,0,0,0,https://x.com/undefined/status/1798168591306727802,2826474560,,Subsidi EV
1798167318218039411,Wed Jun 05 01:37:51 +0000 2024,10,Masa Najib float harga minyak business yg meletup adalah bengkel yg retrofit NGV system sbb NGV jauh murah Kerajaan kurg income roadtax EV tp jimat jauh berpuluh bilion bila subsidi tarik dari T20 T20 ada jalan utk jimat belanja minyak dgn beli EV mcm mana NGV dlu jd alternatif https://t.co/IPoyvJY7Qc,1798167318218039411,https://pbs.twimg.com/media/GPRfpDubQAAf44Y.jpg,,in,,2,1,3,https://x.com/undefined/status/1798167318218039411,2826474560,,Subsidi EV
1791663546176307668,Sat May 18 03:19:01 +0000 2024,3,@Saham_fess Konon toyota memang ga konsen ke full ev. Lebih ke hybrid. Kl pemerintah jadi bikin subsidi utk kendaraan hybrid dijamin penjualan meningkat. Full ev saat ini lebih utk kendaraan ke 2 bukan pertama/satu2nya,1791669796389728472,,Saham_fess,in,,0,1,0,https://x.com/undefined/status/1791669796389728472,83037325,,Subsidi EV
1791025619918315581,Thu May 16 23:55:00 +0000 2024,2,@FreeMsian Bila dah pakai EV dan tak pam petrol maka tak ada subsidi petrol lagi utk these T20. Also satu incentive pada T20 buat switching manusia tak ada incentive tak buat. Tengok time kerajaan abolish SST utk cars sementara sebab nak jaga local manufacturers jualan kereta naik mendadak.,1791256063016411338,,FreeMsian,in,,0,0,1,https://x.com/undefined/status/1791256063016411338,1398486252102459393,,Subsidi EV
1790727047884796361,Wed May 15 13:47:03 +0000 2024,0,@fahmieabdoel @komunitaswevi oh logikanya bukan subsidi silang demi tetap tercapainya pendapatan negara dari pajak? misal seharusnya pajak kendaraan penyumbang 30% pajak mobil 20% motor 10% krn mobil didiskon menjadj 15% sisa 5% nya dibebankan ke motor dgn embel2 dinaikkan pajaknya demi pindah ev?,1790740680383574310,,fahmieabdoel,in,,0,2,0,https://x.com/undefined/status/1790740680383574310,54485242,,Subsidi EV
1790551637955924437,Wed May 15 01:15:51 +0000 2024,24,Dalam posisi geopolitik energi Tiongkok fokus ke new three : EV baterai (Li-ion) panel surya. Insentif jor-joran untuk produsen Subsidi gede untuk konsumen Dukungan jumbo untuk R&amp;D Jadi yaaa memang PR besar 'menumbangkan' dominasi mereka. AS juga kasih insentif jumbo,1790551637955924437,,,in,,0,1,3,https://x.com/undefined/status/1790551637955924437,69806285,,Subsidi EV
1789526188886802646,Sun May 12 05:25:34 +0000 2024,5,Yg gk tepat sasaran itu subsidi EV buat orang kaya. 3 3T pemakaian personal. Yahh pak ini 1 6T doang untuk ribuan publik masih diributin sama Kemenhub? malu2in pemerintah doang Mending mah layanan cakep lah iniaja jadwal masih awur2an,1789527317620146405,,diviowin,in,,1,1,0,https://x.com/undefined/status/1789527317620146405,1295259252,,Subsidi EV
1789526188886802646,Sun May 12 05:21:05 +0000 2024,25,Teruntuk @kemenhub151 Yg kalian sebut penumpang KRL mampu ini kelas menengah mepet juga. Gaji lebih dari 4 juta plg 6-7jt Jadi pesan saya negara gk usah medit2 amat sm kelas menengah. Masa subsidi 1 6T doang untuk ribuan user KRL masih diributin. Itu subsidi EV aja 3 3T ‍️ https://t.co/GNWLMODfmZ,1789526188886802646,https://pbs.twimg.com/media/GNWslUPaMAAG_AL.jpg,,in,,0,1,7,https://x.com/undefined/status/1789526188886802646,1295259252,,Subsidi EV
1789024213183197361,Fri May 10 20:30:09 +0000 2024,13,@NOTASLIMBOY EV udh bnyk case batre error bang daripada ga jln mumpung dpt subsidi jg,1789030186144722960,,NOTASLIMBOY,in,,0,2,3,https://x.com/undefined/status/1789030186144722960,1649941132980416514,,Subsidi EV
1787081376476622916,Sun May 05 11:26:17 +0000 2024,4,Takdak subsidi petrol mungkin buat rakyat reconsider beli kereta.. mungkin EV akan jadi pilhan ? Tapi EV still mahal dan still dlm proses pemerhatian lagi. Sapa ada kereta tngh loan lagi mmg sakit ah yang belum beli ni still ada chance nk observe keperluan nk beli.,1787081376476622916,,,in,,0,1,0,https://x.com/undefined/status/1787081376476622916,1031529499731476480,,Subsidi EV
1787029465362571497,Sun May 05 08:00:00 +0000 2024,13,Memiliki mobil listrik seperti Wuling EV di Indonesia dapat menjadi investasi cerdas untuk masa depan yang lebih hijau dan hemat biaya karena adanya subsidi yang diberikan. #WulingMotors #DriveForABetterLife https://t.co/P6eglZbHNl,1787029465362571497,,,in,,0,0,3,https://x.com/undefined/status/1787029465362571497,757798365933383680,,Subsidi EV
1785547457344213178,Wed May 01 05:51:02 +0000 2024,46,Gw kasi 3: 1. Masalah re-charging 2. Belum percaya sama sistem kelistrikan EV yg udah rilis 3. Gamau kasi makan subsidi buat geng rezim,1785547457344213178,,,in,,0,2,9,https://x.com/undefined/status/1785547457344213178,371261655,,Subsidi EV
1783488208069886267,Thu Apr 25 14:40:48 +0000 2024,2,@xopch Iya lagi diminta untuk permanent ban alasannya ancaman keamanan nasional. Hahahaha Emang ga pernah ngasih peluang ke EV China sih tariff-nya udah tinggi. Paling lucu ya tuduhan subsidi Eropa ke China saat US cetak duit 3000 triliun buat subsidi 'green'.,1783506451597754423,,xopch,in,,0,1,1,https://x.com/undefined/status/1783506451597754423,185320244,,Subsidi EV
1783323314070687765,Thu Apr 25 02:33:05 +0000 2024,0,Polytron EV sudah menjual mtor listrik sebanyak lebih dari 10.000 unit paling banyak setelah ada perubahan syarat penerima subsidi https://t.co/UD7zXTfQJX,1783323314070687765,,,in,,0,0,0,https://x.com/undefined/status/1783323314070687765,23343960,,Subsidi EV
1783308474128150717,Thu Apr 25 01:34:07 +0000 2024,2,Polytron EV sudah menjual mtor listrik sebanyak lebih dari 10.000 unit paling banyak setelah ada perubahan syarat penerima subsidi https://t.co/ZzpJxbXgDc,1783308474128150717,,,in,,0,0,0,https://x.com/undefined/status/1783308474128150717,23343960,,Subsidi EV
1782023090920435967,Sun Apr 21 12:26:27 +0000 2024,4,Bila fikir balik patutlah beria galakkan EV sebabnya subsidi petrol ditarik... #TakipSiEkonomis,1782023090920435967,,,in,,0,1,0,https://x.com/undefined/status/1782023090920435967,1080540035869331456,,Subsidi EV
1781891494582116386,Sun Apr 21 04:41:02 +0000 2024,5,@govoes Klu elon mau bikin pabrik di indo padahal unitnya bakal laku banget. Harga pajak TKDM kecil ditambah subsidi mobil listrik ditambah lagi tren ketertarikan masyarakat EV makin meningkat. Btw ada penggantinya BYD ama Hyundai masuk indo siap2 bakal ada banyak unit di indo.,1781905963722965409,,govoes,in,,0,1,0,https://x.com/undefined/status/1781905963722965409,1528209145736085504,,Subsidi EV
1781291445644857792,Fri Apr 19 11:59:10 +0000 2024,18,Hmm pajak kendaraan bermotor kan kewenangan Provinsi termasuk jenis pajak daerah. Bagaimana logikanya menaikan pajak bermotor se Indonesia lantas digunakan subsidi LRT? Provinsi transfer ke pusat? Pakai UU apa? Btw: itu wacana Kung agar orang beralih ke EV. Bukan u/,1781291445644857792,,,in,,0,2,4,https://x.com/undefined/status/1781291445644857792,24893875,,Subsidi EV
1780504047675732236,Wed Apr 17 08:16:51 +0000 2024,4,@naim__x sebab tak efficient dan mahal la takde orang beli hydrogen cell. Bagila subsidi banyak mana pun market will adjust to cost and efficency. Kos buat green hydrogen is too expensive. EV charge kat rumah je dah cukup jimat saing2 minyak. harga reta pun ada bawah 200k.,1780510724428808367,,naim__x,in,,0,1,0,https://x.com/undefined/status/1780510724428808367,964200320413794304,,Subsidi EV
1779119845256450301,Sat Apr 13 12:10:00 +0000 2024,15,Kerajaan China dilaporkan menyalurkan subsidi sebanyak $3.7 bilion kepada syarikat pengeluar kenderaan elektrik BYD bagi memperkukuhkan penguasaan pasaran syarikat berkenaan BYD menjadi pengeluar terbesar kenderaan EV dengan pengeluaran sebanyak 41 000 unit pada suku ke-4 2023 https://t.co/ZZ8Dh4Qxh4,1779119845256450301,https://pbs.twimg.com/media/GLCXbrdbIAAAffx.jpg,,in,,0,0,3,https://x.com/undefined/status/1779119845256450301,1213807317419880450,,Subsidi EV
1778253027905819130,Thu Apr 11 02:45:34 +0000 2024,9,BYD Co menerima sekurang-kurangnya €3.4 bilion dalam bentuk subsidi daripada kerajaan China bagi menguasai industri EV dan teknologi bersih yg lain menurut Kiel Institute for the World Economy BYD memiliki 17.1% bahagian pasaran global pada tahun 2023 kedua di belakang Tesla https://t.co/nHsyR4q9MK,1778253027905819130,https://pbs.twimg.com/media/GK2fswdWsAAMP-I.jpg,,in,,0,0,1,https://x.com/undefined/status/1778253027905819130,1213807317419880450,,Subsidi EV
1776840133398126639,Sun Apr 07 05:11:14 +0000 2024,16,Kerajaan cadang bawa masuk kereta EV mampu milik. Beli kereta EV untuk jimatkan kos last2 bil letrik pun melambung sebab subsidi kena tarik. Fuh gg,1776840133398126639,,,in,,0,0,5,https://x.com/undefined/status/1776840133398126639,386080007,,Subsidi EV
1776509365459312695,Sat Apr 06 07:16:53 +0000 2024,18,Skuter EV laju macam pelesit . dah kalis air!!? Bukan macam RXZ banjir je terus kong. Lepastu sparepart jual macam harga Israel dah boleh buang dah RXZ tu. Dah la laju waterproof murah pulak tu Murah weh harga dia https://t.co/XRSwNnQ48h Sambil2 fikir tu cuci mata https://t.co/8O7uaxpEGl,1776509365459312695,https://pbs.twimg.com/media/GKdt2TvbAAA9NSB.jpg,,in,,0,0,18,https://x.com/undefined/status/1776509365459312695,1450478574843023363,,Subsidi EV
1773638960889380995,Fri Mar 29 17:19:33 +0000 2024,6,@nazribiztalk Alternatif minyak petrol sangat limited. EV &amp; Public Transport. Kerajaan tak mampu tanggung subsidi rakyat pun penat tanggung eksais duti kenderaan. Bayar 2x ganda harga sebenar kereta. Kekal subsidi &amp; perkenal VAT (nama lain GST) Atau Tiada subsidi &amp; hapuskan eksais duti,1773761929166889056,,nazribiztalk,in,,0,0,3,https://x.com/undefined/status/1773761929166889056,1047821226,,Subsidi EV
1772762702638928090,Wed Mar 27 16:48:21 +0000 2024,4,@aaaaariffff Biasalaa. Bila tiada subsidi petrol lagi. Geng2 depa t20 t10 semua pergi ev. Yg untung dan jimat tetap geng2 depa. Beli ev dpt subsidy. Charging pun masih murah rate. Semua bagi senang t10t20,1773029303527129403,,aaaaariffff,in,,0,0,0,https://x.com/undefined/status/1773029303527129403,251641019,,Subsidi EV
1772612552800846040,Tue Mar 26 13:12:20 +0000 2024,3,China mulakan prosiding penyelesaian pertikaian terhadap AS di WTO berhubung kepentingannya dalam industri kenderaan elektrik (EV) China dakwa subsidi di bawah Akta Pengurangan Inflasi AS bersifat diskriminasi sehingga berlaku pengecualian barangan dari China dan negara WTO lain https://t.co/ozUuFBDwIz,1772612552800846040,https://pbs.twimg.com/media/GJmVuCHWMAAqUb-.jpg,,in,,0,0,0,https://x.com/undefined/status/1772612552800846040,1213807317419880450,,Subsidi EV
1772521470729875868,Tue Mar 26 07:10:25 +0000 2024,2,Ada potongan cukai yang besar untuk kereta EV. Dalam masa yang sama ada subsidi tunai untuk motosikal elektrik sebanyak RM2400. Insentif ini kenapa ramai M40 tak ambil ya? Untuk orang yang biasa bawak motor la. Lagi berbaloi kot berbanding beli motor biasa loan kedai,1772521470729875868,,,in,,0,2,1,https://x.com/undefined/status/1772521470729875868,110937828,,Subsidi EV
1771920279180386770,Sun Mar 24 15:24:15 +0000 2024,2,Kalau T20 nak sangat dapat subsidi sambil bawa lambo ramai politicians patut bising lawan PADU ni dari awal lagi. Ni berapa kerat je tentang. Lagi syok tolong T20 beli ev adalah.,1771920971789971598,,zarith4real,in,,0,1,0,https://x.com/undefined/status/1771920971789971598,1170921374,,Subsidi EV
1771588672196067629,Sun Mar 24 10:03:08 +0000 2024,2,@pendapatmy @rafiziramli I dun mind nk kasi subsidi sunsidi ke apa..but bole tak nanti jual.kete EV dgn harga murah sikit?? Not smpai 100k? Dan juga tax kete lain reduce la sikit..kurgla beban kami dahla tk dpt bantuan apa at least hrga kete tu kurg kurg la membantu juge..boleh yer?...,1771840163653497245,,pendapatmy,in,,0,0,0,https://x.com/undefined/status/1771840163653497245,1637766008944603137,,Subsidi EV
1770960464710947007,Fri Mar 22 00:56:21 +0000 2024,0,@moneymaseDd Bagus lah sebab ini tindakan jangka masa panjang. Kerajaan boleh spend pada benda yang lebih kritikal. Berjuta subsidi petrol kita habis kat traffic jam je. +1 alasan kenapa beli kena beli EV untuk alik KL Seremban.,1770977783713583524,,gfbenzeema,in,,0,0,1,https://x.com/undefined/status/1770977783713583524,42173607,,Subsidi EV
1770022067867668512,Tue Mar 19 10:44:21 +0000 2024,3,@reyhan2ff Itu gara gara ada orang brengseknya mau jualan EV dan ngelobby subsidi pembelian EV di Indonesia.,1770038596780646848,,reyhan2ff,in,,0,0,0,https://x.com/undefined/status/1770038596780646848,1338309661,,Subsidi EV
1768722076276518982,Fri Mar 15 19:32:58 +0000 2024,28,BBM Pertalite ini untuk Apa dan Siapa? BBM digunakan masyarakat umum utamanya dalam hal mobilisasi sisanya untuk industri produktif dan pembangkitan listrik. Tahun 2020 konsumsi BBM Indonesia sempat turun sedikit tapi melesat tinggi di tahun-tahun setelahnya hingga mencetak https://t.co/CHg6YGRmZF,1768722076276518982,https://pbs.twimg.com/media/GIu-zjtaEAAu7MT.png,,in,,0,1,8,https://x.com/undefined/status/1768722076276518982,1976991588,,Subsidi EV
1764977747590627468,Tue Mar 05 18:39:45 +0000 2024,2,@gtafrihi Beliau ini kan kontra subsidi EV yg mestinya dialihkan ke tranportasi umum jadi mungkin agak keki dengan reviewers yg disebutnya tak paham/ngerti mobil,1765084802708074683,,gtafrihi,in,,0,1,1,https://x.com/undefined/status/1765084802708074683,63976714,,Subsidi EV
1764279264739004599,Sun Mar 03 13:18:50 +0000 2024,44,Beli axia kena tax beli ev boleh dapat subsidi.,1764279264739004599,,,in,,3,0,53,https://x.com/undefined/status/1764279264739004599,468432710,,Subsidi EV
1763402797486313817,Fri Mar 01 03:16:04 +0000 2024,2,Kerajaan kata nak bantu orang miskin tapi orang miskin tersepit sepit dah ni tahu la ada kabel besar tapi jangan la zalim sangat. Nak bantu orang miskin apa kalau subsidi benda penting semua tarik tapi bagi subsidi kereta EV? Orang kaya je pakai EV bang.,1763402797486313817,,,in,,0,0,1,https://x.com/undefined/status/1763402797486313817,1645276856709677056,,Subsidi EV
1763177906342400099,Thu Feb 29 16:52:05 +0000 2024,2,@naimbrundage Kerajaan bagi subsidi kepada T20 agar puak ni ramai2 beralih kepada EV sebab depa berduit utk guna EV. Maka subsidi bersasar ie minyak petrol akan dapat kepada marhaen + kurang beban kewangan negara. Selain drp mengurangkan penggunaan karbon/ dasar go green.,1763245767534546948,,naimbrundage,in,,0,1,0,https://x.com/undefined/status/1763245767534546948,329405619,,Subsidi EV
1763177906342400099,Thu Feb 29 15:47:07 +0000 2024,1,@naimbrundage Walaun gila. Bila bagi subsidi dekat kereta EV kereta EV jadi laku. Kereta EV akan buka kilang. Jadi orang yang kerja Foodpanda atau Grab boleh bekerja dengan syarikat kereta EV. Silap silap diorang sendiri nanti boleh pakai EV.,1763229418473111569,,naimbrundage,in,,0,0,0,https://x.com/undefined/status/1763229418473111569,710327485,,Subsidi EV
1763177906342400099,Thu Feb 29 12:22:25 +0000 2024,159,Tak mampu beli EV? Tak dapatlah subsidi https://t.co/dj3pJWGtKs,1763177906342400099,https://pbs.twimg.com/ext_tw_video_thumb/1763177840873443328/pu/img/BsPDtj6X0cDyPXQv.jpg,,in,,11,50,57,https://x.com/undefined/status/1763177906342400099,328994879,,Subsidi EV
1763137349230448962,Thu Feb 29 09:41:16 +0000 2024,352,Bil elektrik aku gerenti akan naik mencanak. Sama dgn bil minyak aku nanti. Ginilah dah berzaman kita tahu subsidi ni akan berhenti. Dunia lain dah lama ke arah tu. Samada aku kena cari jalan tambah income atau jimatkan perbelanjaan. Ramai jugak bertanya pakai EV jimat tak?,1763137349230448962,,,in,,6,13,139,https://x.com/undefined/status/1763137349230448962,456568207,,Subsidi EV
1763120125472031125,Thu Feb 29 08:32:49 +0000 2024,1,Bayangkan beriya buat sistem padu untuk potong subsidi marhaen. Hasil potongan dan penjimatan tersebut disumbangkan pulak untuk t20. yang terus tersepit macam biasa ialah golongan pertengahan. Subsidi minyak tak dapat subsidi EV pun tak dapat.,1763120125472031125,,,in,,0,0,0,https://x.com/undefined/status/1763120125472031125,1483163318642933760,,Subsidi EV
1762818885420789820,Thu Feb 29 04:40:10 +0000 2024,8,@RMalanjum_ Apabila subsidi minyak ditarik...yg byk kena adalah golongan in. Jd kerajaan beri ruang utk mereka kurangkan penggunaan minyak dan kembangkan industry EV. Cuba tgk polisi secara menyeluruh...ni ashik cari isu2 remeh. PT di dpt berbillion dgn pembinaan LRT/ MRT improve bus.,1763061575085338767,,,in,,0,1,0,https://x.com/undefined/status/1763061575085338767,800943073622507520,,Subsidi EV
1762818885420789820,Thu Feb 29 04:38:27 +0000 2024,1,@RMalanjum_ ada motor EV...subsidi...untuk marhaen...,1763061142157684933,,,in,,0,0,0,https://x.com/undefined/status/1763061142157684933,1613115273820921858,,Subsidi EV
1763055681438126535,Thu Feb 29 04:16:45 +0000 2024,3,Dari bagi subsidi utk EV baik subsidi utk EEV sub RM100k. Yang mampu beli kereta above RM100k nak bagi subsidi pe kejadah?,1763055681438126535,,,in,,0,2,3,https://x.com/undefined/status/1763055681438126535,1016139543987118083,,Subsidi EV
1762772137322914203,Thu Feb 29 04:15:34 +0000 2024,2,@paultan Bana kau yang mampu kenederaan EV ni yang kaya saja nak subsidi apa lagi.,1763055385458741664,,paultan,in,,0,0,4,https://x.com/undefined/status/1763055385458741664,2541486961,,Subsidi EV
1762772137322914203,Thu Feb 29 01:46:01 +0000 2024,3,@paultan Dhla ev ni xde cukai....nk bg subsidi lg???? Pastu yg beli semua org2 kaya ja...hoiii sudah2la,1763017751759827368,,paultan,in,,0,1,2,https://x.com/undefined/status/1763017751759827368,1341053629982097409,,Subsidi EV
1762279411322356018,Tue Feb 27 00:52:07 +0000 2024,3,Mau ngalahin EV di Indonesia? Nunggu 2-3 thn lagi. Nunggu para pemilik EV shock pas mrk hrs ganti baterai yg sdh usang atau pemakaian krg benar. Skrg EV msh terlena dgn harga murah subsidi &amp; trending. Nanti kaget pas ganti baterai dgn quote yg hampir sama dgn harga mobil baru.,1762279411322356018,,,in,,0,1,4,https://x.com/undefined/status/1762279411322356018,16945033,,Subsidi EV
1761313472090948037,Sat Feb 24 08:53:50 +0000 2024,3,stop subsidi mobil-mobil LCGC tambah subsidi EV,1761313472090948037,,,in,,0,1,1,https://x.com/undefined/status/1761313472090948037,94043919,,Subsidi EV
1760857291400909196,Fri Feb 23 02:48:18 +0000 2024,1,@innovacommunity tp saya punya pertanyaan om oke baru2 ini regulasi EV dipermudah dpt subsidi pembelian mobil EV baru SPKLU sedang dikembangkan. ditambah lg skrg pajak tahunan moblis bisa setara motor Tp apakah let's say 5 tahun kedepan subsidi akan terus ada ? *cont*,1760859095404544163,,innovacommunity,in,,0,1,0,https://x.com/undefined/status/1760859095404544163,1019541603050926081,,Subsidi EV
1758298686852104655,Fri Feb 16 18:35:03 +0000 2024,3,@ameethica @Alvans407 Subsidi EV ini ada plus minusnya plus karena memang membantu mengurangi konsumsi BBM minus karena pembangkit masih pakai batu bara harusnya pakai nuklir,1758560639709278492,,JSTrikukuh,in,,0,0,0,https://x.com/undefined/status/1758560639709278492,80493203,,Subsidi EV
1758298686852104655,Fri Feb 16 18:30:01 +0000 2024,3,@JSTrikukuh @Alvans407 iya sih tapi dananya dari mana? kudu bangun ikn+pemerataan transum sampe ke pelosok bersamaan. kayaknya emang pemerintah kita kurang concern ke transum alih2 pemerataan transum mereka prefer buat kereta cepat dan subsidi ev. :(,1758559374300332434,,JSTrikukuh,in,,0,1,0,https://x.com/undefined/status/1758559374300332434,1109153570660605952,,Subsidi EV
1758550159351255442,Fri Feb 16 17:53:24 +0000 2024,2,Anyways makan siang cuma siang doang dan gw ngerti ni org dua mangkas subsidi bbm biar org pada beralih ke kendaraan ev terus mobil ev pembuatan nya pake nikel dan yang punya perusahaan nikel lu tau lah siapa wow,1758550159351255442,,,in,,0,1,0,https://x.com/undefined/status/1758550159351255442,1625475547295023104,,Subsidi EV
1758453372297118206,Fri Feb 16 11:28:49 +0000 2024,5,Subsidi bio fuel harusnya dihentikan. Itu aja dulu sekalian jadi bagian program transisi energi. Kalau bbm dibuat mahal lalu diguyur subsidi buat EV dan bio fuel yg ada memang makan gratis ini menunya cuma kerikil micin.,1758453372297118206,,,in,,0,1,2,https://x.com/undefined/status/1758453372297118206,753553855,,Subsidi EV
1758448744864063903,Fri Feb 16 11:10:25 +0000 2024,2,OHH i just connected the dots subsidi bbm dinaikin buat jualan EV kan pasti... makanya trus hilirisasi nikel ,1758448744864063903,,,in,,0,1,0,https://x.com/undefined/status/1758448744864063903,2995396842,,Subsidi EV
1758433299322839346,Fri Feb 16 10:09:03 +0000 2024,828,Maaf sebelum soal maksi gratis dan kejauhan ke memaksa orang ganti ke EV subsidi energi Indonesia memang udah lama diwaspadai dan perlu direformasi. Beban ke APBN berat banget - ini untuk listrik LPG dan BBM. Kelemahan subsidi barang itu gampang disalahgunakan pertalite https://t.co/6vs3O1obkM,1758433299322839346,https://pbs.twimg.com/media/GGc1v83aUAA3Qpe.jpg,,in,,69,83,277,https://x.com/undefined/status/1758433299322839346,69806285,,Subsidi EV
1758417890687308102,Fri Feb 16 09:32:49 +0000 2024,25,@antikatanya @UGM_FESS eh tulil masih berkelit aja lu yee lu tau ga klo subsidi bbm dicabut itu artinya bakal naek dan itu efeknya kemana mana? ekonomi lemah sembako mahal lu kira distribusi sembako pake wuling air ev? solar lah ege dan solar itu bbm jgn2 lu ga paham apa maksud gue nulis pnjg gini,1758424179609846261,,antikatanya,in,,0,1,1,https://x.com/undefined/status/1758424179609846261,2898061285,,Subsidi EV
1758423634367144091,Fri Feb 16 09:30:39 +0000 2024,58,betapa beratnya dulu mendorong pencabutan subsidi BBM karena sifatnya yg regresif dan mendorong pemborosan/pencemaran lingkungan .. skrg enteng krn 2 alasan: untuk kepentingan industri EV dan makan siang gratis. logikanya sudah benar pertanyaannya pengalihan kemana yg optimal?,1758423634367144091,,,in,,3,5,19,https://x.com/undefined/status/1758423634367144091,124798254,,Subsidi EV
1758398925185351802,Fri Feb 16 07:52:27 +0000 2024,2,Potong subsidi BBM buat biaya makanan gratis kamp konsentrasi Auschwitz --&gt; BBM naik anjing banget --&gt; Masyarakat beralih ke EV tapi yang diimpor perusahaan punya YTTA --&gt; Aku bercumbu dengan dakimakura Prabowo dan 9 naga dengan latar lagu oke gas yang diputar lewat spotify,1758398925185351802,,,in,,0,0,0,https://x.com/undefined/status/1758398925185351802,1032895160428843008,,Subsidi EV
1758395927537303899,Fri Feb 16 07:40:33 +0000 2024,16362,Ini emang udah sistematis plan 02. Alesan pangkas subsidi BBM biar masyarakat dapet makan gratis. Padahal BBM naik = semua naik. Masyarakat kelas bawah dibuat tergantung pemerintah biar lebih gampang dikontrol. Karena semua harga naik dan gak mampu beli otomatis makan gratis,1758395927537303899,,,in,,1172,356,6473,https://x.com/undefined/status/1758395927537303899,59987088,,Subsidi EV
1757805233093083214,Wed Feb 14 16:33:20 +0000 2024,0,Prancis memangkas 20% subsidi mobil hibrida dan mobil listrik (EV) untuk pembeli berpenghasilan tinggi. https://t.co/oG0bwPAtmx,1757805233093083214,,,in,,0,0,0,https://x.com/undefined/status/1757805233093083214,135795460,,Subsidi EV
1757185739648008442,Mon Feb 12 23:31:48 +0000 2024,1,makin ke sini pusat makin liar.. berlindung di balik UU untuk melancarkan bisnisnya yg berbisnis dgn rakyat. ga ada UU-nya bikin baru.. legalis ekstrim. . apa itu subsidi EV.. gila2 food estate.. ditipu tesla.. kan gila . ga takut dosa apa itu pada gerombolan? naudzubillah,1757185765312983385,,Pak_Dimas,in,,0,1,1,https://x.com/undefined/status/1757185765312983385,65870480,,Subsidi EV
1755912568856785024,Fri Feb 09 11:12:34 +0000 2024,10,Jalanraya pendidikan kesihatan subsidi bermacam-macam tu T20 pon enjoy. In fact yg paling banyak enjoy subsidi minyak yg bermillion-million tu korang lah. Not to mention free tax EV. Dan bermacam tax exclusive lain lagi. Butoh betul,1755912568856785024,,,in,,0,1,6,https://x.com/undefined/status/1755912568856785024,213982721,,Subsidi EV
1755810684280156589,Fri Feb 09 04:27:46 +0000 2024,10,- ⁠Free Charging Device* (Air ev Long Range &amp; Semua BinguoEV) - ⁠New Almaz RS Trade In untuk dapatkan tambahan subsidi sebesar Rp5juta* - ⁠Dapatkan GRATIS biaya service berkala s.d 4 Tahun/50.000 Km* di setiap pembelian Alvez Almaz &amp; New Almaz RS #WulingMotors,1755810697521565937,,WulingMotorsID,in,,0,1,0,https://x.com/undefined/status/1755810697521565937,757798365933383680,,Subsidi EV
1754715162446344686,Tue Feb 06 11:49:30 +0000 2024,54,@redsskyyyyy @coolnodoubt94 @itnaivra @rifalelf Kan dsini BBM mba....dan biasanya u/ BBM subsidi yg kelas menengah ke bawah. Klo kendaraan EV mungkin itu u/ kota2 besar tlebih dahulu. Coba dibaca &amp; dipahami dlu aja...,1754834702517838261,,redsskyyyyy,in,,0,3,1,https://x.com/undefined/status/1754834702517838261,1207481250581078016,,Subsidi EV
1754715162446344686,Tue Feb 06 10:51:23 +0000 2024,28,@itnaivra @rifalelf dgn menambah volume impor BBM agar tercukupi dan bisa di subsidi bbm. dibarengi mau bangun transportasi umum di 40 kota biar pke kendaraan umum EV. bagus tp realisasinya entar gmn? itu biaya jg gede. pemerintahan skrg aje impor bbm udh gila gilaan klo nmbh volume impor lg gmn tu?,1754820073829888202,,itnaivra,in,,3,1,1,https://x.com/undefined/status/1754820073829888202,1724826569490006016,,Subsidi EV
1754294888303341952,Mon Feb 05 00:04:29 +0000 2024,4,di RRT EV disubsidi besar2an akibatnya terjadi pemborosan korupsi kelebihan kapasitas perang harga dan profitabilitas rendah. tapi setelahnya keluar lebijakan survival of the fittest yg kejam perang harga didorong terus dan subsidi dicabut hingga hanya the best yg survive,1754294888303341952,,,in,,1,0,1,https://x.com/undefined/status/1754294888303341952,124798254,,Subsidi EV
1753987208518975653,Sun Feb 04 03:41:52 +0000 2024,7,Subsidi nya mending buat yg lebih membutuhkan aja.. Drpd dipakai buat EV.,1753987208518975653,,,in,,0,0,1,https://x.com/undefined/status/1753987208518975653,1466179188096913412,,Subsidi EV
1750749131369554264,Fri Jan 26 06:29:05 +0000 2024,3,@QimLee1 @501Awani Let EV compete in the free market without any backup or support dari kerajaan. Subsidi tu bole guna untuk tempat lain.,1750767797473587407,,QimLee1,in,,0,1,0,https://x.com/undefined/status/1750767797473587407,844713752868147201,,Subsidi EV
1750749131369554264,Fri Jan 26 05:41:43 +0000 2024,81,@501Awani Elaun dengan pencen ahli politik patut disingkirkan serta merta berserta dengan subsidi EV(Electric Vehicle). Letakkan subsidi pada tempat yang sepatutnya.,1750755878175936814,,501Awani,in,,0,1,13,https://x.com/undefined/status/1750755878175936814,844713752868147201,,Subsidi EV
1749968550595563549,Wed Jan 24 01:33:09 +0000 2024,56,Pengurangan bahkan penghapusan subsidi BBM konsumtif itu bagus. Apalagi kalo duitnya dipindah buat program yg tepat guna. Cuman kita semua tau tujuannya kali ini bukan realokasi melainkan dagang EV :),1749968550595563549,,,in,,0,0,39,https://x.com/undefined/status/1749968550595563549,371261655,,Subsidi EV
1747944575660880049,Fri Jan 19 01:49:08 +0000 2024,2,@kumparan lebih baik tingkatkan mutu transportasi umum&amp; perbanyak armadanya. sekalian sama alokasi anggaran subsidi tarif. beralih ke EV cuma solusi jangka pendek.,1748160629796733246,,kumparan,in,,0,0,0,https://x.com/undefined/status/1748160629796733246,94209863,,Subsidi EV
1747935558289203230,Thu Jan 18 10:54:46 +0000 2024,3,gw no komen sama yg lain tp karna gw pernah ngerjain kajian kecil2an di bidang NZE transport gw rasa ni org gapaham ttg subsidi mobil listrik. di otaknya itu merugikan negara padahal tujuannya supaya org indo berpindah ke EV target indo NZE di 2060. https://t.co/4xHKT8mS3i,1747935558289203230,https://pbs.twimg.com/media/GEHptVJasAAP0a2.jpg,,in,,0,1,0,https://x.com/undefined/status/1747935558289203230,606465189,,Subsidi EV
1746789595822571948,Mon Jan 15 07:01:08 +0000 2024,0,Daftar Harga Lengkap Wuling BInguo EV Setelah Dapat Subsidi Pemerintah Termurah Rp300 Jutaan? https://t.co/84T5le4imv,1746789595822571948,,,in,,0,0,0,https://x.com/undefined/status/1746789595822571948,58880688,,Subsidi EV
1746748556269261078,Mon Jan 15 04:18:03 +0000 2024,0,Wuling Binguo EV dapat Subsidi Pangkas Harga hingga Rp30 Jutaan https://t.co/TKBihUmkrw,1746748556269261078,,,in,,0,0,0,https://x.com/undefined/status/1746748556269261078,58880688,,Subsidi EV
1746360584491479495,Sun Jan 14 02:36:23 +0000 2024,0,Volvo harap cukai barang nilai tinggi tidak jejas penggunaan EV #BHBisnes Pengenalan subsidi bahan api bersasar juga dijangka menyebabkan pengguna beralih kepada kenderaan elektrik (EV) https://t.co/Ua2dykPp9I,1746360584491479495,,,in,,0,0,1,https://x.com/undefined/status/1746360584491479495,63070483,,Subsidi EV
1746318399607902362,Sun Jan 14 00:47:45 +0000 2024,26,@jesswjk Thanks infonya. Soalnya Menperin sendiri yg bilang hilirisasi nikel itu untuk menopang target kendaraan listrik dalam negeri yang jutaan unit. https://t.co/oePEF7F63u Makanya Kemenperin juga yang ngasih subsidi kendaraan listrik triliunan agar masyarakat beralih dari ICE ke EV.,1746333245548253691,,jesswjk,in,,0,1,2,https://x.com/undefined/status/1746333245548253691,92804304,,Subsidi EV
1745714238554046791,Fri Jan 12 11:20:27 +0000 2024,1,@HezeriSamsuri Kalau dah tak dapat subsidi nanti atau untuk yang selama ni dah biasa terpaksa guna RON97 atau RON100 memang EV la yang terpaling jimat nampaknya. Huhuhu,1745767694803386389,,HezeriSamsuri,in,,0,0,1,https://x.com/undefined/status/1745767694803386389,17107079,,Subsidi EV
1745406527035576794,Thu Jan 11 11:25:18 +0000 2024,3,Subsidi minyak untuk orang kaya akan dihapuskan lepas ni. Kau rasa orang kaya akan isi minyak harga RM3.50 seliter atau beralih beli kereta ev? Mungkin sebab tu lah banyak brand &amp; model kereta ev start masuk Malaysia tahun ni.,1745406527035576794,,,in,,0,0,1,https://x.com/undefined/status/1745406527035576794,74401052,,Subsidi EV
1745026862437515520,Thu Jan 11 05:22:43 +0000 2024,1,@innovacommunity Dapet subsidi besar2an dari CCP. Tapi coba lihat video liputan EV China di YT China Insihgth serpentza China Observer menghawatirkan.,1745315276982563272,,innovacommunity,in,,0,1,0,https://x.com/undefined/status/1745315276982563272,968338763834429440,,Subsidi EV
1743754746618634658,Sun Jan 07 01:09:22 +0000 2024,257,@mansorgoonerz @nazribiztalk Sebab nak galakkan t20 migrate to EV pastu charge higher tariff for letrik baru boleh jimat subsidi minyak,1743801970820096357,,mansorgoonerz,in,,8,6,58,https://x.com/undefined/status/1743801970820096357,269337159,,Subsidi EV
1743562080148717711,Sat Jan 06 11:15:25 +0000 2024,2,@nazribiztalk Ya. Aku mungkin antara orang yang risau jugak kalau lepas ni dah tak dapat subsidi atau ditarik sebahagian. Tapi aku tak pernah lari dari cukai. Cuma lepas ni kalau aku kena beli petrol seliter RM5 mungkin aku akan consider EV. Kapcai pun silap haribulan rabak poket. Ha3,1743592097519960555,,nazribiztalk,in,,0,1,0,https://x.com/undefined/status/1743592097519960555,953982584,,Subsidi EV
1741424529875128394,Sun Dec 31 15:56:15 +0000 2023,9,@fuadbinothman @ShahHafiz3103 @HezeriSamsuri Kerajaan bagi subsidi bro untuk EV no wonder la lol apologist at its finest ,1741488444088737828,,satanjahaynum,in,,0,0,0,https://x.com/undefined/status/1741488444088737828,844713752868147201,,Subsidi EV
1740604584404656491,Fri Dec 29 05:24:06 +0000 2023,0,Tahun ini pemerintah mengeluarkan beragam kebijakan untuk mendorong EV mulai dari hadirnya insentif subsidi sampai pembebasan tarif impor https://t.co/jcq055uhej,1740604584404656491,,,in,,0,0,0,https://x.com/undefined/status/1740604584404656491,23343960,,Subsidi EV
1739675267717791915,Tue Dec 26 17:23:36 +0000 2023,1,@AdamVelcro Di satu sisi EV bakalan digenjot pakai subsidi.. penjahat besar penggagasnya,1739698489670705218,,AdamVelcro,in,,0,1,0,https://x.com/undefined/status/1739698489670705218,2908675710,,Subsidi EV
1738224970021695577,Fri Dec 22 15:48:22 +0000 2023,14,Bulan 5 announce tarik subsidi untuk T20 bulan ni naik plak 6%. Ini yang kita nak. Orang kaya jaa bayar elektrik lebih 220 sebulan sebab caj kereta ev bebas cukai dekat rumah. Lanjut 3 penggal! https://t.co/f7wzG63FT4,1738224970021695577,https://pbs.twimg.com/media/GB9qZO4b0AAmAzH.jpg,,in,,0,0,13,https://x.com/undefined/status/1738224970021695577,468432710,,Subsidi EV
1738195982402404631,Fri Dec 22 13:53:10 +0000 2023,17,Bila kerajaan berjimat taraf kebajikan rakyat akan merosot. Kerajaan yg cekap mampu agihkan semula pendapatan pada rakyat termiskin tetapi polisi ini perlu jelas dan effective bukan retorik. Isu: 1)subsidi/pelepasan cukai EV 2)Golongan kaya sahaja bil melebihi RM220?,1738195982402404631,,,in,,1,4,6,https://x.com/undefined/status/1738195982402404631,1238791624211062785,,Subsidi EV
1735674088180347263,Fri Dec 15 14:52:04 +0000 2023,2,Gatau ya padahal kalo dana subsidi ev dialihkan ke transportasi umum JAUH LEBIH berguna 1. Mengurangi polusi asap kendaraan bermotor INDEED 2. Mengurangi polusi limbah pembakaran batubara sbg pembangkit listrik,1735674088180347263,,,in,,0,0,0,https://x.com/undefined/status/1735674088180347263,1219867280676286464,,Subsidi EV
1731647747072373111,Tue Dec 05 04:22:15 +0000 2023,7,@sarinizainal In china diorang prioritise siapa yang nak beli EV car. Dan ada subsidi. In terms of stock pun lagi banyak stock ev car dah petrol car. Waiting list pun sama lagi cepat dapat ev car. Ev charger pun dah banyak kat sana. Malaysia tersangat slow dan kebelakang dalam hal ni,1731891710706475025,,sarinizainal,in,,0,0,0,https://x.com/undefined/status/1731891710706475025,1167108488587202560,,Subsidi EV
1730451048165445873,Fri Dec 01 04:57:34 +0000 2023,0,Subsidi Motor Listrik Minim Diserap Apa Kabar Saham EV? https://t.co/h4A9JUINDm,1730451048165445873,,,in,,0,0,0,https://x.com/undefined/status/1730451048165445873,118646322,,Subsidi EV
1729753204655841400,Wed Nov 29 06:44:35 +0000 2023,0,Berbagai macam jenis dan harga motor listrik yang mendapat subsidi dipamerkan di Inabuyer EV Expo 2023. https://t.co/AEuTBDY6NT,1729753204655841400,,,in,,0,0,0,https://x.com/undefined/status/1729753204655841400,759692754985242625,,Subsidi EV
1729694067934548382,Wed Nov 29 02:49:36 +0000 2023,6,Dengan jangkaan kenaikan harga petrol ekoran pemansuhan subsidi pukal apakah perancangan kalian menuju tahun depan? Tukar kereta EV? Beli motor? Naik pengangkutan awam?,1729694067934548382,,,in,,6,4,2,https://x.com/undefined/status/1729694067934548382,1026808095974907904,,Subsidi EV
1725904123667824641,Sat Nov 18 18:28:33 +0000 2023,10,@HezeriSamsuri Agak jimat kalau nak banding petrol 95 memang xcomparable sebab subsidi. Tapi tulah jalan tak boleh pilih ikut suka kena plan mana wajib berhenti. Masalah ni mungkin berkurang bila ada penambahan ev charger,1725944096974622886,,HezeriSamsuri,in,,0,0,0,https://x.com/undefined/status/1725944096974622886,3372551173,,Subsidi EV
1725752934988943497,Sat Nov 18 05:48:57 +0000 2023,2,Waduh. Jadi buat apa subsidi EV klo penjualan ga ngangkat? https://t.co/4Ck9qooOqO,1725752934988943497,,,in,,0,0,0,https://x.com/undefined/status/1725752934988943497,453931027,,Subsidi EV
1725558339873186079,Fri Nov 17 16:55:47 +0000 2023,1,Selain mengurangi emisi penggunaan EV juga dapat mengurangi impor minyak dan subsidi yang dikeluarkan dapat dialokasikan untuk mendukung kendaraan listrik. Daur ulang dan ekonomi sirkuler komponen EV akan mendorong keberlanjutan serta diversifikasi ekonomi. https://t.co/2F6Ql9ydxd,1725558361847116064,https://pbs.twimg.com/media/F_JqLotaoAIwAzY.jpg,KemenkoInfra,in,,0,0,0,https://x.com/undefined/status/1725558361847116064,2989211223,,Subsidi EV
1724590893729194404,Wed Nov 15 00:51:25 +0000 2023,18,Bertemu Presiden Biden Presiden Jokowi Paparkan Sejumlah _Comprehensive Strategic Partnership_ Antarkedua Negara Presiden Joko Widodo melakukan pertemuan bilateral dengan Presiden Amerika Serikat Joe Biden yang digelar di Gedung Putih Washington DC Amerika Serikat pada https://t.co/BXUzpe60Bd,1724590893729194404,https://pbs.twimg.com/media/F-76RFNaMAAzj2b.jpg,,in,,0,3,6,https://x.com/undefined/status/1724590893729194404,235931838,,Subsidi EV
1721156766409609648,Sun Nov 05 13:25:25 +0000 2023,77,Well basically bil elektrik aku sekarang naik RM8-RM12 sehari kalau aku charge penuh EV yang aku test. Bergantung pada besar bateri tu dan banyak mana aku caj. Zaman aku pakai Zoe EV aku selama 4 tahun dulu bil elektrik aku sebulan dalam RM70 ke RM130 lebih dari biasa. https://t.co/UzUgBWsp8l,1721156766409609648,https://pbs.twimg.com/media/F-LG9BlbcAA4mk0.jpg,,in,,3,3,12,https://x.com/undefined/status/1721156766409609648,456568207,,Subsidi EV
1720776201479086181,Sat Nov 04 16:16:04 +0000 2023,8,@pian_cyberpunK @Iqtodabal I d preferred EV buses dimulakan dahulu. Ramai assume public transport ni rail transport. Rail transport ni ada fiasco dia seperti maintenance. Bas merupakan public transport paling penting. Bas EV step pertama untuk menjimatkan subsidi diesel.,1720837322772758975,,pian_cyberpunK,in,,1,1,1,https://x.com/undefined/status/1720837322772758975,524136687,,Subsidi EV
1720251447248621929,Fri Nov 03 02:16:55 +0000 2023,2,@SumandoGaek Subsidi kendaraan EV itu ibarat melihat tulisan diskon 50% tp harganya telah di mark-up sebelum dijual uang negara akan masuk ke kantong pengusaha berkedok subsidi.,1720263758709506464,,FaiNomady,in,,0,1,0,https://x.com/undefined/status/1720263758709506464,80366659,,Subsidi EV
1720251447248621929,Fri Nov 03 01:28:00 +0000 2023,5,Indonesia juga kasih subsidi tapi utk EV dan duit nya pun dari hutang LN. BBM sering naik diam2. Hebatnya NKRI dead rice.,1720251447248621929,,,in,,0,2,0,https://x.com/undefined/status/1720251447248621929,1254035776322453506,,Subsidi EV
1719381987348418890,Tue Oct 31 15:53:05 +0000 2023,2,Belom kepikiran nih. Karena banyak subsidi dan insentif untuk EV perjalanan pake mobil jadi lebih murah daripada transportasi massal di Norway.,1719381987348418890,,,in,,0,1,0,https://x.com/undefined/status/1719381987348418890,50849040,,Subsidi EV
1717387935711162718,Thu Oct 26 03:58:31 +0000 2023,3,Teks Ucapan Penuh - Belanjawan 2024 Pembangungan Kenderaan Elektrik (EV) 1. Dalam belanjawan ini kerajaan telah mengumumkan 3 inisiatif baru iaitu Galakan Penggunaan Motosikal Elektrik; perolehan 150 bas elektrik serta insentif cukai ke atas perbelanjaan pengecasan EV dan kos,1717390222550573244,,yeobeeyin,in,,0,0,0,https://x.com/undefined/status/1717390222550573244,135951084,,Subsidi EV
1717119762650759297,Thu Oct 26 03:52:09 +0000 2023,6,Teks Ucapan Penuh. 1. Puchong ingin memberi pandangan tentang pengumuman PMX berkenaan dengan Prasarana akan memperoleh 150 bas elektrik dan membina 3 depoh dengan kos RM600 juta. 2. Langkah untuk mengelektrifikasi pengangkutan awam adalah baik kerana ia bukan sahaja boleh,1717388622390034693,,yeobeeyin,in,,1,0,0,https://x.com/undefined/status/1717388622390034693,135951084,,Subsidi EV
1715236940759634134,Fri Oct 20 05:22:08 +0000 2023,3,subsidi bersasar petrol tapi kalu beli EV dapat tax exemption ni gomen untuk orang kaya2 aje ke?,1715236940759634134,,,in,,0,0,2,https://x.com/undefined/status/1715236940759634134,14505531,,Subsidi EV
1715183294638370896,Fri Oct 20 01:48:58 +0000 2023,0,#ICYMI #BuletinBernama : Pelaksanaan subsidi bersasar dapat menarik minat pemilikan kenderaan elektrik (EV) di seluruh negara. https://t.co/O3KGanRCzr,1715183294638370896,,,in,,0,0,0,https://x.com/undefined/status/1715183294638370896,196460981,,Subsidi EV
1714951712212144434,Thu Oct 19 10:28:45 +0000 2023,8,Subsidi bersasar tarik pengguna beli kereta elektrik #BHbisnes #BHAuto Bila ada subsidi bersasar berdasarkan pendapatan isi rumah pengguna terpaksa membayar kos sebenar bahan api dan kemungkinan ramai akan beralih kepada EV. https://t.co/zXHXkqzeFH,1714951712212144434,,,in,,0,0,0,https://x.com/undefined/status/1714951712212144434,63070483,,Subsidi EV
1714892790919053560,Thu Oct 19 06:34:37 +0000 2023,0,MGNews: Subsidi Bersasar Untuk Pengguna EV #malaysiagazette https://t.co/BkOS7koXfS,1714892790919053560,,,in,,0,0,0,https://x.com/undefined/status/1714892790919053560,1600369057,,Subsidi EV
1714892687495561707,Thu Oct 19 06:34:12 +0000 2023,1,Subsidi Bersasar Untuk Pengguna EV Menteri Sumber Asli Alam Sekitar dan Perubahan Iklim Nik Nazmi Nik Ahmad berkata langkah itu akan membantu kenderaan elektrik (EV) berkembang dengan cepat. #DewanRakyat #ParlimenMalaysia #EV Video : Airulrezal https://t.co/HJv6nJCiz2,1714892687495561707,https://pbs.twimg.com/ext_tw_video_thumb/1714892572240527360/pu/img/YDzxeS-L9oXQxGS1.jpg,,in,,0,0,1,https://x.com/undefined/status/1714892687495561707,1600369057,,Subsidi EV
1714889076976017853,Thu Oct 19 06:19:51 +0000 2023,2,Subsidi bersasar bantu tarik minat pemilikan EV - Nik Nazmi Pelaksanaan subsidi bersasar dapat menarik minat pemilikan kenderaan elektrik (EV) di seluruh negara. - Nik Nazmi https://t.co/DiSqKfQUgQ,1714889076976017853,,,in,,0,0,0,https://x.com/undefined/status/1714889076976017853,331383958,,Subsidi EV
1714888085375504645,Thu Oct 19 06:15:55 +0000 2023,1,Subsidi bersasar bantu tarik minat pemilikan EV - @niknazmi #BernamaNews @nreccmalaysia https://t.co/OhCbchZ8Dm https://t.co/X7qrNJH6qQ,1714888085375504645,https://pbs.twimg.com/media/F8yBn08bQAAdclw.jpg,,in,,0,0,0,https://x.com/undefined/status/1714888085375504645,106669711,,Subsidi EV
1714878249015402884,Thu Oct 19 05:36:50 +0000 2023,0,Pelaksanan subsidi bersasar dapat menarik minat pemilikan kenderaan elektrik (EV) di seluruh negara kata Menteri Sumber Asli Alam Sekitar dan Perubahan Iklim (NRECC) Nik Nazmi Nik Ahmad. https://t.co/MMNzgkePja,1714878249015402884,,,in,,0,1,0,https://x.com/undefined/status/1714878249015402884,196460981,,Subsidi EV
1714866031184027872,Thu Oct 19 04:48:17 +0000 2023,10,Pelaksanaan subsidi bersasar berdasarkan pendapatan isi rumah berupaya menggalakkan penggunaan kenderaan EV di Malaysia - Nik Nazmi #AWANInews #SisiTVParlimen https://t.co/ZQmyPlJa4a,1714866031184027872,https://pbs.twimg.com/media/F8xth_HakAAxVBn.jpg,,in,,2,7,4,https://x.com/undefined/status/1714866031184027872,497665754,,Subsidi EV
1714844425598427146,Thu Oct 19 03:22:25 +0000 2023,91,#TERKINI : Menteri Sumber Asli Alam Sekitar dan Perubahan Iklim Nik Nazmi Nik Ahmad menjangka lebih ramai pemandu akan beralih menggunakan kenderaan elektrik (EV) setelah subsidi bersasar dilaksanakan kerana mereka perlu membayar kos sebenar untuk minyak. Beliau berkata https://t.co/6DZav31Up0,1714844425598427146,https://pbs.twimg.com/media/F8xZ5C6bwAAZONN.jpg,,in,,26,25,16,https://x.com/undefined/status/1714844425598427146,1600369057,,Subsidi EV
1713013398655607269,Sat Oct 14 04:44:44 +0000 2023,1,@kungzapps @Solisidtor EV less costing than petrol car. Subsidi dari petrol tu tinggi and also for transition kita nk tukar ke arah EV mesti starting from govt. Baru dia tahu apa elok nya EV utk diceritakan ke rakyat. Dia umpama kau suruh orang pakai proton tapi kau sendiri pakai merc. Kan tak kena tu,1713053200138588484,,kungzapps,in,,0,1,1,https://x.com/undefined/status/1713053200138588484,503221711,,Subsidi EV
1712990140208197860,Sat Oct 14 00:34:09 +0000 2023,3,Patutnya bagi subsidi harga lesen je. Auto dapat vote banyak. Ni pi bagi untuk ev. Orang kaya jelah untung.,1712990140208197860,,,in,,0,0,0,https://x.com/undefined/status/1712990140208197860,1078291350074798080,,Subsidi EV
1712764209677930750,Fri Oct 13 09:36:23 +0000 2023,1,Aku rasa tujuan utama kerajaan nak push EV adalah untuk kurangkan subsidi petrol. Subsidi ni paling susah kerajaan nak hapuskan.,1712764209677930750,,,in,,0,0,0,https://x.com/undefined/status/1712764209677930750,184621954,,Subsidi EV
1712283341410717858,Thu Oct 12 01:45:35 +0000 2023,4,Subsidi utk EV Invest utk EV public transport Kerajaan menjaga T20 ,1712283341410717858,,,in,,0,0,1,https://x.com/undefined/status/1712283341410717858,409890261,,Subsidi EV
1712083570758730064,Wed Oct 11 12:31:46 +0000 2023,5,Buang subsidi EV biar je lah orang yg byk duit beli EV. Takde EV pun takde masalah pun. Zaman Jepun dulu oraaa elok je naik basikal!,1712083570758730064,,,in,,0,0,0,https://x.com/undefined/status/1712083570758730064,91702730,,Subsidi EV
1712076956685258855,Wed Oct 11 12:05:29 +0000 2023,134,Pengangkutan awam tapi kena tengok pada untung rugi. Tengkusikal promote EV tapi Anthony kata pengangkutan awam tak boleh beli EV sebab mahal. Dalam pada masa sama kenderaan peribadi orang kaya boleh diberi subsidi. Formula madani formula tengkulani formula anthony.,1712076956685258855,,,in,,3,1,204,https://x.com/undefined/status/1712076956685258855,580717077,,Subsidi EV
1711957968579953054,Wed Oct 11 11:55:50 +0000 2023,61,@NewsBFM Tp bagi subsidi pembelian kereta EV boleh pula. Tau pulak EV tu mahal. EV mahal maknanya org kaya aje yg mampu beli. Tp kerajaan cerdik sgt bagi duty free kt org kaya. Yg miskin lg dia cukai suruh bayar fi denda sana sini. Sohai,1712074525607956659,,NewsBFM,in,,0,2,30,https://x.com/undefined/status/1712074525607956659,2461160882,,Subsidi EV
1711542767170826261,Tue Oct 10 01:18:51 +0000 2023,2,@doktermarket aturan terkait: sepeda motor listrik tidak akan terkena aturan ganjil genap sama seperti mobil listrik masyarakat: ev ev itu mahal pemerintah: kita subsidi! https://t.co/4uecsWMqO1,1711551837718065632,https://pbs.twimg.com/tweet_video_thumb/F8CnUOYbEAAKWjq.jpg,doktermarket,in,,0,0,0,https://x.com/undefined/status/1711551837718065632,926208028923240448,,Subsidi EV
1711379791797199307,Mon Oct 09 15:14:24 +0000 2023,57,@Ronnie_Rusli Coba ditanya ke temannya prof di sana nemu anomali macam di sini? Misal harga beras mahal tapi mau subsidi Rice Cookers Pupuk mahal bibit beli lahan kena pajak hasil panen pun dipajaki.. giliran panen pemerintah import dari luar negeri BBM ganti harga EV &amp; KC disubsidi,1711399721489908219,,,in,,1,4,8,https://x.com/undefined/status/1711399721489908219,2908675710,,Subsidi EV
1710539584940253656,Sat Oct 07 06:16:31 +0000 2023,41,Aku nampak cubaan kerajaan untuk tukar trend ke arah EV ni takde kena mengena dengan isu isu transportation pun. Probably (ikut palatao aku) kerajaan rasa subsidi petrol ni tak sustainable dah. In a way membantu trend peralihan tenaga juga.,1710539584940253656,,,in,,2,7,11,https://x.com/undefined/status/1710539584940253656,137342127,,Subsidi EV
1710151426805264632,Fri Oct 06 04:34:07 +0000 2023,3,Utamakan pengangkutan awam berbanding subsidi EV Zafrul diberitahu #FMTNews #FMTBerita https://t.co/wAj9awZOtg,1710151426805264632,,,in,,0,0,0,https://x.com/undefined/status/1710151426805264632,102098902,,Subsidi EV
1709960219135275028,Thu Oct 05 15:54:20 +0000 2023,37,PM ni sedar tak dia tak konsisten? PM tak nak beri subsidi minyak sbb tak nak golongan kaya dapat manfaat paling byk. Pada masa sama dia beri pelepasan cukai import &amp; eksais utk kereta EV CBU. Ni orang kaya yg beli Rolls-Royce Spectre &amp; Merc EQS paling banyak dapat manfaat,1709960219135275028,,,in,,0,4,22,https://x.com/undefined/status/1709960219135275028,1488911067350663169,,Subsidi EV
1709884785630613697,Thu Oct 05 12:48:33 +0000 2023,2,@twt_bajet Nanti subsidi takde laku je org tukar ev nanti.. Sbb tu dia nak slow2 tarik subsidi t20 n upper m40. Utk push tukar ev.,1709913463919935819,,twt_bajet,in,,0,1,0,https://x.com/undefined/status/1709913463919935819,347729263,,Subsidi EV
1709720158258737362,Thu Oct 05 00:00:25 +0000 2023,2,Menteri Pelaburan Perdagangan dan Industri (MITI) Tengku Datuk Seri Zafrul Tengku Abdul Aziz berkata Kerajaan subsidi bersasar dan bantuan kewangan Ia bagi memastikan pemilikan kenderaan elektrik (EV) adalah tersedia untuk semua kumpulan berpendapatan di negara ini https://t.co/K44YySSJrG,1709720158258737362,https://pbs.twimg.com/media/F7ola4hWYAAQIkS.jpg,,in,,1,0,0,https://x.com/undefined/status/1709720158258737362,1213807317419880450,,Subsidi EV
1709601688821367054,Wed Oct 04 16:09:40 +0000 2023,8,Tak kisah nak cut subsidies tapi boleh tak cut pada golongan yg betul? Ni cut subsidi rakyat tapi bagi subsidi untuk kereta EV. Apoooo,1709601688821367054,,,in,,0,1,3,https://x.com/undefined/status/1709601688821367054,75551388,,Subsidi EV
1709216424563216649,Tue Oct 03 14:38:45 +0000 2023,5,Govt ni kalau dia blh buat esok esok dia nak tarik subsidi ron95 nak sasarkan Thats why beria nak EV bagai Yes golongan mahakaya yg byk reap the benefit of subsidi Ron95 But to focus everything on EV making it affordable 0 tax blablabla doesn t solve other fundamental problem,1709216424563216649,,,in,,0,1,0,https://x.com/undefined/status/1709216424563216649,470078388,,Subsidi EV
1709195541555679288,Tue Oct 03 13:15:47 +0000 2023,30,Second Subsidi EV ni guna duit rakyat. Dan semua ni memakan kos yang mahal hanya untuk selesaikan satu masalah yg kecil berbanding masalah2 besar yg timbul akibat kebergantungan kepada kereta seperti kemalangan jalan raya yg kesudah.,1709195541555679288,,,in,,2,2,13,https://x.com/undefined/status/1709195541555679288,1667230598,,Subsidi EV
1709103453115453441,Tue Oct 03 07:09:51 +0000 2023,88,Haha betul la kot. Orang kaya guna EV dapat subsidi kereta EV dapat subsidi guna letrik pun dapat subsidi gamaknya. Orang pertengahan dan bawahan guna kenderaan enjin petrol dan diesel kena bayar lebih sebab harga minyak ditarik subsidi. Hahaha ke guane?,1709103453115453441,,,in,,5,0,111,https://x.com/undefined/status/1709103453115453441,580717077,,Subsidi EV
1709034196382241228,Tue Oct 03 02:34:39 +0000 2023,61,*BERITA PORTAL MEDIA PERPADUAN 2 OKTOBER (ISNIN)* DAP sokong saya lupus hutang Felda marah pasal apa PM https://t.co/7qobGgaJeH RM400 juta subsidi kepada premis kerajaan guna beras import https://t.co/KZsKhL83G8 Semai menabung pemahaman saham di peringkat sekolah PM,1709034196382241228,,,in,,1,1,15,https://x.com/undefined/status/1709034196382241228,125402342,,Subsidi EV
1709020869807468712,Tue Oct 03 01:41:42 +0000 2023,19,Menteri: Kita akan galakkan rakyat pakai EV untuk kurangkan pencemaran Rakyat: Bas dan keretapi macamana? Menteri: Ok kita bagi subsidi supaya rakyat boleh beli EV,1709020869807468712,,,in,,1,1,32,https://x.com/undefined/status/1709020869807468712,58061936,,Subsidi EV
1708848758564552797,Mon Oct 02 14:17:47 +0000 2023,30,Nak tarik subsidi minyak tapi boleh bagi subsidi ev plak. Harap next cabinet reshuffle ni mamat ni gone la alang alang nk pass baton nnt. Unless ,1708848758564552797,,,in,,0,0,53,https://x.com/undefined/status/1708848758564552797,468432710,,Subsidi EV
1708786203687002536,Mon Oct 02 10:09:13 +0000 2023,14,Kenderaan EV boleh dimiliki semua menerusi subsidi bersasar bantuan kewangan https://t.co/NJTSDQmPcz,1708786203687002536,,,in,,0,2,3,https://x.com/undefined/status/1708786203687002536,1607546835220172800,,Subsidi EV
1708784863250358610,Mon Oct 02 10:03:53 +0000 2023,3,Kerajaan akan memastikan pemilikan kenderaan elektrik (EV) adalah tersedia untuk semua kumpulan berpendapatan menerusi subsidi bersasar dan bantuan kewangan kata Menteri Pelaburan Perdagangan dan Industri (MITI) Tengku Zafrul Abdul Aziz. Berita penuh: https://t.co/MgmSE1GYBo https://t.co/lLVTJ3cBmr,1708784863250358610,https://pbs.twimg.com/media/F7bSxd9aEAAMNp0.jpg,,in,,0,1,1,https://x.com/undefined/status/1708784863250358610,18714463,,Subsidi EV
1707927159669768402,Sat Sep 30 01:21:06 +0000 2023,2,@RadioElshinta Tekan tombol NO buat EV apalagi sepeda motor. Sudahlah habiskan uang negara buat subsidi tidak mengurangi polusi berbahaya lagi...,1707928525523890207,,RadioElshinta,in,,0,0,0,https://x.com/undefined/status/1707928525523890207,77692092,,Subsidi EV
1707642578064257113,Fri Sep 29 06:24:51 +0000 2023,1,Sekarang petrol sebulan purata rm500-600. Kalau kata la tak dapat subsidi ni maksudnya sebulan petrol akan naik sampai rm1000-1200. Baik tukar EV kalau macam ni. ,1707642578064257113,,,in,,0,1,0,https://x.com/undefined/status/1707642578064257113,9287162,,Subsidi EV
1705038471721877985,Fri Sep 22 01:57:04 +0000 2023,85,Hambatan RI utk membangun baterai EV - kekurangan supply lithium - pasar US: RI tidak punya FTA dg US sehingga tidak dapat subsidi EV dr US. Apalagi jika pasokan Nikel RI terkait dg perusahaan RRT - pasar EU: EU akan menerapkan tarif tambahan utk produk dg emisi tinggi,1705038471721877985,,,in,,1,3,39,https://x.com/undefined/status/1705038471721877985,124798254,,Subsidi EV
1703268341744537779,Sun Sep 17 04:43:12 +0000 2023,100,Masalah Abg Non adalah inconsistency dan carca marba dlm pembuatan polisi. contoh: tarik subsidi bahan api yg berimpak tinggi pada golongan rentan tapi beri subsidi besar pada EV yg pasarannya utk golongan berpendapatan tinggi. Itu belum lagi bab cukai. Takkan tak nampak?,1703268341744537779,,,in,,1,8,85,https://x.com/undefined/status/1703268341744537779,1238791624211062785,,Subsidi EV
1703030382936183059,Sat Sep 16 22:40:57 +0000 2023,12,@jalur5_ Sementara ev buat pejabatnya di subsidi kan????,1703177179704803481,,jalur5_,in,,0,1,0,https://x.com/undefined/status/1703177179704803481,1604260308092358656,,Subsidi EV
1702684892298203371,Fri Sep 15 14:19:51 +0000 2023,20,@nazribiztalk Sebab tu lori dan bas perlu dialih kepada EV secepat mungkin. Bila bas EV makin banyak subsidi diesel dapat dikurangkan serta bebas pencemaran asap diesel. Lagi murah tambang bas bila bas EV meluas.,1702688685857411460,,nazribiztalk,in,,0,5,1,https://x.com/undefined/status/1702688685857411460,524136687,,Subsidi EV
1702232645827232185,Fri Sep 15 06:07:28 +0000 2023,3,@mkhairulazri EV tak perlu subsidi petrol EV juga guna Electric pada kadar komersial.. Gov dapat lebih sebab kurang subsidi untuk EV car. Selain nak menggalakkan penggunaan EV nak capai SDG,1702564771328082290,,mkhairulazri,in,,0,0,0,https://x.com/undefined/status/1702564771328082290,1061889705636114432,,Subsidi EV
1702224708333404583,Thu Sep 14 07:36:10 +0000 2023,138,Tapi bagi subsidi untuk beli EV. EV harga beratus ribu ni bulan2 dah beribu bayar. Mana ada orang miskin pakai ev. Pelik pelik depa ni.,1702224708333404583,,,in,,5,8,155,https://x.com/undefined/status/1702224708333404583,468432710,,Subsidi EV
1702119822258270328,Thu Sep 14 00:39:24 +0000 2023,5,Takkan PM tak tahu apa yg menteri-menteri dia buat? Sembang kurang subsidi ongkaya tapi subsidi EV kemain lagi. Sekolah SBP MRSM masih ada kuota alumni - siap solusi pi buka sekolah asing utk orgmiskin. Belum cerita subsidi minyak yang mostly utilised by Top 40.,1702119822258270328,,,in,,0,2,7,https://x.com/undefined/status/1702119822258270328,213982721,,Subsidi EV
1701088617635139766,Mon Sep 11 04:53:57 +0000 2023,42,Seres E1 Brand baru under DFSK belum dapet subsidi ppnbm tapi harganya 189 juta. Range lebih pendek cuma 180 km dibanding Wuling. Kabin sedikit lebih sempit tapi fitur lebih banyak dibanding air ev lite. Udah punya pabrik disini tunggu dapet subsidi kalau tkdn udah masuk https://t.co/X94lOt4PvI,1701096719877067105,https://pbs.twimg.com/media/F5uCc5RagAAuwgY.jpg,ridwanhr,in,,7,6,3,https://x.com/undefined/status/1701096719877067105,43922847,,Subsidi EV
1700042668397470031,Fri Sep 08 07:05:32 +0000 2023,10,Takleh panggil GST boleh dipanggil VAT. Memang kena dah buat cukai baharu. Tapi cukai tu kena pastikan semua rakyat Malaysia kena bayar. Bukan hanya untuk orang kaya je. Marhaen B40 kena faham orang kaya nijam pun hidup susah sebab tu beli kereta EV pun kena subsidi.,1700042668397470031,,,in,,0,0,15,https://x.com/undefined/status/1700042668397470031,580717077,,Subsidi EV
1699460431243550965,Thu Sep 07 01:52:21 +0000 2023,2,@Uncle_Gober324 Lapor ke Luhut nanti di beri saran utk suntik booster dan diberi subsidi beli EV.,1699601465793532145,,uncle_gober324,in,,0,1,0,https://x.com/undefined/status/1699601465793532145,1254035776322453506,,Subsidi EV
1697783902155461093,Sun Sep 03 01:54:44 +0000 2023,1,@budiyonow Belum ada selengkap itu dan kalau ada pun kebanyakan relawan. Duitnya ga besar. Buktinya: lihat isu polusi udara saat NGO gugat pemerintah. Informasi menyebar baik tp tdk viral2 amat. Giliran dipegang yg mau jualan EV dan akan keluarkan kebijakan subsidi motor listrik... Wow.,1698152513525219498,,budiyonow,in,,0,0,1,https://x.com/undefined/status/1698152513525219498,122019148,,Subsidi EV
1696786781176574065,Wed Aug 30 08:08:19 +0000 2023,6,@Outstandjing Nanti ijonya barengan sama rilis hasil implementasi subsidi EV,1696796978494222792,,Outstandjing,in,,0,0,0,https://x.com/undefined/status/1696796978494222792,1696096251782336514,,Subsidi EV
1696370047042892051,Tue Aug 29 03:51:50 +0000 2023,2,smoga subsidi EV naek lagi ,1696370047042892051,,,in,,0,1,1,https://x.com/undefined/status/1696370047042892051,1192094510076923905,,Subsidi EV
1696070407126970393,Mon Aug 28 08:01:11 +0000 2023,3,Benci betui netizen kat Orang kaya beli EV hangpa tak tau yang orang kaya ni yg pakai subsidi minyak paling banyak! EV memang mahai skarang ni so Eloklah depa beli EV pasai mampu kuranglah subsidi minyak tu untuk T20. Look at the brighter side.,1696070407126970393,,,in,,0,0,0,https://x.com/undefined/status/1696070407126970393,40243245,,Subsidi EV
1694677940880179337,Thu Aug 24 11:48:01 +0000 2023,34,Rezim baik hati. Berkat polusi udara ini Ring 1 dapat tambang beterai &amp; EV Pengusaha (ponakan ring 1) dapat subsidi tambahan buat konversi lebih green Pemda dapat pengadaan EV &amp; sensor polusi Wercok dapat dari plat-STNK EV razia emisi &amp; proyek semprot-semprot,1694677940880179337,,,in,,0,1,0,https://x.com/undefined/status/1694677940880179337,371261655,,Subsidi EV
1694578641316028550,Thu Aug 24 05:13:26 +0000 2023,30,Real culprit: - Industri nakal &amp; PLTU kurang modern Yang disalahin: - Kendaraan bermotor pribadi - Bakar sampah/nabun Solusi pemerintah: - Suruh beli EV - Kasi subsidi buat EV - Larang impor KRL - WFH 50% buat ASN Pemprov - Razia emisi - Pengadaan detektor pencemaran udara,1694578641316028550,,,in,,0,1,0,https://x.com/undefined/status/1694578641316028550,371261655,,Subsidi EV
1694152622977278062,Wed Aug 23 01:03:18 +0000 2023,16,Dan setelah push and pull utk beralih ke transportasi publik jalan kaki dan sepeda sudah ada dan terprioritaskan; barulah sibuk2 dengan transisi kend pribadi ke EV. Bisa barengan tp bedakan prioritas dan arah subsidi. Jangan kebalik.,1694153305604407470,,elisa_jkt,in,,0,1,1,https://x.com/undefined/status/1694153305604407470,44556194,,Subsidi EV
1694005164460626050,Tue Aug 22 15:14:38 +0000 2023,2,𝐃𝐢𝐬𝐰𝐚𝐲 𝐄𝐕 Kementerian ESDM memperbesar nilai subsidi konversi motor BBM ke motor listrik. Dari yang sebelumnya Rp 7 juta menjadi Rp 10 juta per unit. https://t.co/wY90nPSJ9d #HarianDisway #ElectricVehicle,1694005164460626050,,,in,,0,0,0,https://x.com/undefined/status/1694005164460626050,1279248910276419585,,Subsidi EV
1693822720990118374,Tue Aug 22 03:09:41 +0000 2023,60,China kasih subsidi kendaraan listrik (EV) untuk mengembangkan industri EV. Industri sudah terbangun subsidi dihentikan. Permintaan turun tajam: hingga Mei -20%. Indonesia diberdayakan APBN kasih subsidi EV: dari China? Untuk menopang industri China? https://t.co/8rgTjeICxj https://t.co/pLpa4UP55u,1693822720990118374,https://pbs.twimg.com/media/F4GqyGPa0AATP-b.jpg,,in,,1,2,33,https://x.com/undefined/status/1693822720990118374,1256945510,,Subsidi EV
1693623191929786866,Mon Aug 21 16:24:00 +0000 2023,2,@AnkerTwiter Mending subsidi ini ketimbang EV harusnya aneh banget ,1693660232520704187,,AnkerTwiter,in,,0,0,1,https://x.com/undefined/status/1693660232520704187,1647384187,,Subsidi EV
1693614418930913709,Mon Aug 21 16:16:30 +0000 2023,12,@CNNIndonesia .. kerugian ini akan berasal dari penggenangan pesisir kelangkaan air kecelakaan kapal penurunan produktivitas beras peningkatan kasus penyakit sensitif.. dia (mereka) tau lho masalah yang akan (sudah) timbul tapi (solusinya) subsidi EV &amp; bangun IKN gass terooss,1693658342538055765,,CNNIndonesia,in,,0,0,1,https://x.com/undefined/status/1693658342538055765,87319138,,Subsidi EV
1692750651531632935,Sat Aug 19 04:09:39 +0000 2023,2,misal motor ev 20 jt nih dapet subsidi 10 jt kalau harga baterai sekarang per kWh itu sekitar $150an maka harganya jadi 8.5jt untuk 3.7 kWh.... susbidinya cuma habis buat beli baterai thok,1692750651531632935,,,in,,0,1,0,https://x.com/undefined/status/1692750651531632935,67281504,,Subsidi EV
1692185646587314351,Thu Aug 17 14:44:32 +0000 2023,4,Ngeliat EV di Gias harga nya gila gila jadii yg dpt Subsidi dr Pemerintah itu yg CKD atau yg perakitan nya di Indo kalo built up CBU gak dapet Subsidi Contoh Nissan Leaf Klo mau yg diatas Wuling paling Affordable dan model nya bagus itu Nissan Leaf,1692185646587314351,,,in,,0,2,0,https://x.com/undefined/status/1692185646587314351,383298309,,Subsidi EV
1692127171895246907,Thu Aug 17 10:52:10 +0000 2023,5,Emang sebenernya masyarakat jakarta lah penyebabnya pdhl Heru udah tanem pohon tiap wiken Luhut udah ngasi subsidi EV kurang apa lagi coba? Sampe rumput JIS mau diganti oleh Erik demi menyerap Co2 kota Jkt big thanks to Jkw pindahin ibukota ke IKn babat hutan dgn hutang https://t.co/o7yYFEDsPv,1692127171895246907,https://pbs.twimg.com/media/F3uksWiaUAArw-1.jpg,,in,,0,2,1,https://x.com/undefined/status/1692127171895246907,1192094510076923905,,Subsidi EV
1691643960010363290,Wed Aug 16 02:52:03 +0000 2023,0,MG Motor Indonesia memberikan subsidi PPN hingga 10 persen bagi pengunjung GIIAS 2023 yang memesan MG4 EV. https://t.co/4RZfMsGyxf,1691643960010363290,,,in,,0,0,0,https://x.com/undefined/status/1691643960010363290,23343960,,Subsidi EV
1691584452399652892,Tue Aug 15 22:55:36 +0000 2023,280,2015 langit Beijing seperti Jakarta saat ini Fast forward PLTNnya skrg sudah 50an 2022 bangun 10 2023 (baru saja approved) bangun 6 Tp tidak lupa desa-desanya di daratan masif pada pakai PLTS dan Biogas PLTN Indonesia baru 2045~~ Padahal dah punya Batan 58 Bapeten 98~~,1691584452399652892,,,in,,11,5,74,https://x.com/undefined/status/1691584452399652892,353985663,,Subsidi EV
2066915929519423750,Tue Jun 16 16:13:24 +0000 2026,0,@jnanajiva Gak bisa nge-charge soalnya spklu nya buat parkir Agya ,2066917063684489408,,jnanajiva,in,,0,0,0,https://x.com/undefined/status/2066917063684489408,2051631465340055552,,SPKLU
2066915929519423750,Tue Jun 16 16:08:53 +0000 2026,0,Kalo battery-nya low kubawa ke spklu yang fast charging,2066915929519423750,,,in,,0,1,0,https://x.com/undefined/status/2066915929519423750,2012854666288312321,,SPKLU
2066880271325278495,Tue Jun 16 13:57:16 +0000 2026,0,Refund 12K karena sudah full. Total biaya akhir untuk 500K pakai EV hanya Rp118K. Kalau isi daya di SPKLU KWh kita bayarkan sesuai yang terisi. Kelebihan pembayaran direfund. https://t.co/6CE5UOlh78,2066882806421287381,https://pbs.twimg.com/media/HK8K9LSawAAiIpd.jpg,jusdalle,in,,0,0,0,https://x.com/undefined/status/2066882806421287381,79690781,,SPKLU
2066796240646627732,Tue Jun 16 08:13:17 +0000 2026,3,Jangan lupa transaksi pakai MyPertamina bisa bikin poinmu makin cepat terkumpul: ​ Senin Jumat: Double Points untuk Pertamax Turbo &amp; Pertamina Dex. Sabtu Minggu: ​Triple Points: Pertamax Turbo &amp; Pertamina Dex. Double Points: Pertamax Green 95 Pertamax Dexlite Bright https://t.co/fog6GxaS09,2066796240646627732,https://pbs.twimg.com/media/HK68OWabMAAYUi8.jpg,,in,,0,0,0,https://x.com/undefined/status/2066796240646627732,788714108245774338,,SPKLU
2066745284580037030,Tue Jun 16 06:24:21 +0000 2026,0,@Rzrmno Sdh banyak SPKLU dimana-mana bang. Beberapa brand bahkan gratis ngecas. 1 bulan pertama pakai EV gw juga srg afgak was was urusan baterai ,2066768825669058746,,Rzrmno,in,,0,0,0,https://x.com/undefined/status/2066768825669058746,79690781,,SPKLU
2066401011200376866,Mon Jun 15 18:53:29 +0000 2026,0,@KapudS640 gua klo punya modal punya tanah pinggir jalan yang luas mau buka spklu 100 colokan ,2066594963845267823,,KapudS640,in,,0,0,0,https://x.com/undefined/status/2066594963845267823,936324644667195392,,SPKLU
2066539137952555272,Mon Jun 15 15:11:39 +0000 2026,0,PLN UP3 Bulukumba melalui ULP Jeneponto resmi menghadirkan SPKLU Fast Charging 60 kW pertama di Kabupaten Jeneponto. Langkah nyata mendukung ekosistem kendaraan listrik dan transisi energi bersih menuju masa depan yang lebih hijau dan berkelanjutan. #PLN #SPKLU https://t.co/VcR0BOkpQI,2066539137952555272,https://pbs.twimg.com/media/HK3SYcsboAANh-0.jpg,,in,,0,0,0,https://x.com/undefined/status/2066539137952555272,1229923328942428160,,SPKLU
2066401011200376866,Mon Jun 15 11:48:47 +0000 2026,0,@KapudS640 True bgtt punya mobil sm motor listrik kalo mau pergi jauh2 mesti cek maps SPKLU terdekat,2066488086276854133,,KapudS640,in,,0,0,0,https://x.com/undefined/status/2066488086276854133,761403339154141185,,SPKLU
2066426198092390506,Mon Jun 15 07:42:52 +0000 2026,0,️ PLN UP3 Cirebon melepas peserta Riding Nusantara 2026 yang menempuh perjalanan 1.200 km dari Cilegon menuju Bali. Bukti bahwa kendaraan listrik semakin siap digunakan untuk perjalanan jauh dengan dukungan jaringan SPKLU PLN yang terus berkembang. https://t.co/36sWDFg12k,2066426198092390506,https://pbs.twimg.com/media/HK1rolLbsAAuWoE.jpg,,in,,0,1,0,https://x.com/undefined/status/2066426198092390506,1916776599397232640,,SPKLU
2066401011200376866,Mon Jun 15 07:35:28 +0000 2026,0,@gocanz @KapudS640 Di kantor cabang PLN di semua kota/kab sudah tersedia SPKLU. Tinggal dipastikan berfungsi atau tidak. Selama masih di pulau Jawa rasanya aman. Pun di pulau besar lainnya pun harusnya sudah ada jg.,2066424336496648552,,gocanz,in,,0,0,0,https://x.com/undefined/status/2066424336496648552,1346305256762720256,,SPKLU
2066418797049991670,Mon Jun 15 07:13:28 +0000 2026,0,Dukung ekosistem kendaraan listrik PLN siagakan puluhan SPKLU 24 jam #spklu #PLNUntukSemua #PLNUntukIndonesia @plndisjatim https://t.co/FUdm9kKepn,2066418797049991670,https://pbs.twimg.com/amplify_video_thumb/2066417784415031296/img/K9rLnmDIPvgErMQe.jpg,,in,,0,0,0,https://x.com/undefined/status/2066418797049991670,1371191090,,SPKLU
2066401011200376866,Mon Jun 15 06:36:01 +0000 2026,4,@KapudS640 Selama yang punya EV menganggap SPKLU tempat parkir gratisan malas pakainya. Bulan kemarin pinjem M6 teman ke jogja ngecharge di rest area penuh dan sudah banyak yg full tapi ga langsung dipindahin. Nunggu 30 menit datang cengar cengir ky kunyuk. Ditanya nanggung lagi makan,2066409374579560736,,KapudS640,in,,0,1,0,https://x.com/undefined/status/2066409374579560736,68180062,,SPKLU
2066405090626326620,Mon Jun 15 06:19:00 +0000 2026,0,PLN Purwokerto terus dorong pertumbuhan kendaraan listrik dengan menerapkan strategi demand-driven untuk SPKLU. Terbanyak di Banyumas dengan Alun-alun Purwokerto jadi primadona! Potensi omzet hingga puluhan juta. Mari dukung energi bersih! #KendaraanListrik #PLN #InovasiEnergi https://t.co/2ADrE8HlTO,2066405090626326620,https://pbs.twimg.com/media/HK0vZLBbgAAS0TU.jpg,,in,,0,0,0,https://x.com/undefined/status/2066405090626326620,3245882905,,SPKLU
2066401011200376866,Mon Jun 15 06:02:47 +0000 2026,563,Jangan beli mobil listrik kalau kamu termasuk kategori ini. Serius. Setelah hampir 6 bulan dan 3.400 km pakai BYD Atto 1 saya justru merasa mobil listrik tidak cocok untuk semua orang. Jangan beli mobil listrik kalau kamu sering melakukan perjalanan jauh dadakan dan tidak suka https://t.co/awhzyNgeS4,2066401011200376866,https://pbs.twimg.com/media/HK1UwwNbUAAyV1x.jpg,,in,,9,89,83,https://x.com/undefined/status/2066401011200376866,2045731527086989312,,SPKLU
2065608858001915993,Mon Jun 15 04:17:11 +0000 2026,1,@Benoe_Adja Menarik ini! Oversuply yg gak terserap di jaringan PLN bisa dimanfaatkan u/ sektor kendaraan listrik (EV) melalui SPKLU program elektrifikasi kawasan industri atau pompanisasi (pumped hydro) u/ dukung sektor pertanian di pedesaan. Subsidi ke alat penyimpan energi spt,2066374437084217468,,Benoe_Adja,in,,0,0,0,https://x.com/undefined/status/2066374437084217468,325599485,,SPKLU
2066364736284053855,Mon Jun 15 03:38:38 +0000 2026,11,MALANG Kenaikan harga BBM jenis Pertamax mendorong Pemkot Malang mengkaji penggunaan kendaraan listrik (electric vehicle/EV) sebagai kendaraan dinas untuk menekan biaya operasional pemerintah daerah. Sekretaris Daerah Kota Malang Erik Setyo Santoso mengatakan kajian tersebut https://t.co/nIxe15FYwl,2066364736284053855,https://pbs.twimg.com/amplify_video_thumb/2066364566158852096/img/YikChFT45hRQk22F.jpg,,in,,1,8,2,https://x.com/undefined/status/2066364736284053855,1068381082381299713,,SPKLU
2066364418448109591,Mon Jun 15 03:37:23 +0000 2026,0,Menunggu di SPKLU lebih nyaman. Dengan fitur AntreEV di PLN Mobile Electrizen bisa cek antrean SPKLU dan estimasi waktu tunggu secara real-time. Jadi bisa atur waktu lebih baik atau bahkan ngopi dulu sambil nunggu! Yuk manfaatkan fitur AntreEV di PLN Mobile! https://t.co/Laazxq3mqN,2066364418448109591,https://pbs.twimg.com/media/HK0zYOobwAAOVz2.jpg,,in,,0,1,0,https://x.com/undefined/status/2066364418448109591,1247046796653690880,,SPKLU
2066354864477938175,Mon Jun 15 02:59:25 +0000 2026,0,susah bgt sih cari spklu di jogja ,2066354864477938175,,,in,,0,0,0,https://x.com/undefined/status/2066354864477938175,1576447243598860288,,SPKLU
2066332361911128423,Mon Jun 15 01:30:00 +0000 2026,0,Rest Area Km 10 Cibubur Square hadir sebagai salah satu titik singgah strategis bagi pengguna Tol Jagorawi arah Bogor. Dengan konsep modern layaknya pusat perbelanjaan rest area ini menyediakan berbagai fasilitas untuk mendukung kenyamanan perjalanan mulai dari tenant makanan https://t.co/ZYIXFJ3d4t,2066332361911128423,https://pbs.twimg.com/amplify_video_thumb/2065362616051228672/img/D_EHtaAhfeqNPpVC.jpg,,in,,0,0,0,https://x.com/undefined/status/2066332361911128423,775978911662428160,,SPKLU
2066329009089294808,Mon Jun 15 01:16:40 +0000 2026,0,Electrizen sekarang ngecas EV semakin mudah. 5.000 SPKLU telah hadir di seluruh wilayah Indonesia. Memperingati Hari Kebangkitan Nasional SPKLU ke-5000 diresmikan di Tanjung Priok Jakarta Utara. SPKLU ini merupakan SPKLU Center dengan tempat charging yang banyak dan https://t.co/oBh9fq1Q0w,2066329009089294808,https://pbs.twimg.com/media/HK0TQ_KaoAEuyrJ.jpg,,in,,0,0,0,https://x.com/undefined/status/2066329009089294808,1328229878,,SPKLU
2066316793283764245,Mon Jun 15 00:28:08 +0000 2026,0,Dengan fitur AntreEV di PLN Mobile Electrizen bisa cek antrean SPKLU dan estimasi waktu tunggu secara real-time. Jadi bisa atur waktu lebih baik atau bahkan ngopi dulu sambil nunggu! Yuk manfaatkan fitur AntreEV di PLN Mobile! #PLNUntukSemua #SPKLUPLN #PLNMobile https://t.co/GQZsSW5Khn,2066316793283764245,https://pbs.twimg.com/media/HK0IK3PbkAAPApM.jpg,,in,,0,0,0,https://x.com/undefined/status/2066316793283764245,801641041145184256,,SPKLU
2066316587624464785,Mon Jun 15 00:27:19 +0000 2026,0,Dengan fitur AntreEV di PLN Mobile Electrizen bisa cek antrean SPKLU dan estimasi waktu tunggu secara real-time. Jadi bisa atur waktu lebih baik atau bahkan ngopi dulu sambil nunggu! Yuk manfaatkan fitur AntreEV di PLN Mobile! #PLNUntukSemua #SPKLUPLN #PLNMobile https://t.co/dvjx4CYKBl,2066316587624464785,https://pbs.twimg.com/media/HK0H9q3agAAS5g9.jpg,,in,,1,0,0,https://x.com/undefined/status/2066316587624464785,801641041145184256,,SPKLU
2066313994315698584,Mon Jun 15 00:17:01 +0000 2026,0,mowning pagi ini gue kerja pake mobil listrik ke daerah terpencil yg ga ada spklu pusing ntr ngecas dimana ya,2066313994315698584,,,in,,0,0,0,https://x.com/undefined/status/2066313994315698584,1213697138573447169,,SPKLU
2066194026387423632,Sun Jun 14 16:20:18 +0000 2026,0,Malah susah cariii spklu di hutan bunaaaa,2066194026387423632,,,in,,0,0,0,https://x.com/undefined/status/2066194026387423632,2616611678,,SPKLU
2066136691132256709,Sun Jun 14 12:32:28 +0000 2026,0,Menunggu di SPKLU lebih nyaman Dengan fitur AntreEV di PLN Mobile Electrizen bisa cek antrean SPKLU dan estimasi waktu tunggu secara real-time. Jadi bisa atur waktu lebih baik atau bahkan ngopi dulu sambil nunggu! Yuk manfaatkan fitur AntreEV di PLN Mobile! #PLNUntukSemua https://t.co/RaHKydbwBk,2066136691132256709,https://pbs.twimg.com/media/HKxkV1fbUAAMfR7.jpg,,in,,0,0,0,https://x.com/undefined/status/2066136691132256709,1928381664969035776,,SPKLU
2066136039836766604,Sun Jun 14 12:29:53 +0000 2026,1,Menunggu di SPKLU lebih nyaman Dengan fitur AntreEV di PLN Mobile Electrizen bisa cek antrean SPKLU dan estimasi waktu tunggu secara real-time. Jadi bisa atur waktu lebih baik atau bahkan ngopi dulu sambil nunggu! https://t.co/chdOKdIXAt,2066136039836766604,https://pbs.twimg.com/media/HKxjxE7acAAJeTo.jpg,,in,,0,1,0,https://x.com/undefined/status/2066136039836766604,1479299908700192768,,SPKLU
2066060888537485783,Sun Jun 14 07:31:16 +0000 2026,0,Menunggu di SPKLU lebih nyaman. Dengan fitur AntreEV di PLN Mobile Electrizen bisa cek antrean SPKLU dan estimasi waktu tunggu secara real-time. Jadi bisa atur waktu lebih baik atau bahkan ngopi dulu sambil nunggu! https://t.co/yXBD2yblpC,2066060888537485783,https://pbs.twimg.com/media/HKwfbBOaoAAfBWr.jpg,,in,,0,1,0,https://x.com/undefined/status/2066060888537485783,1894241872593522691,,SPKLU
2066031440618287299,Sun Jun 14 05:34:15 +0000 2026,8,Karena sekarang ada promo Extra Points MyPertamina setiap hari bikin isi BBM jalan tambahan poin juga jalan! ​ Senin Jumat: Double Points untuk Pertamax Turbo &amp; Pertamina Dex. Sabtu Minggu: ​Triple Points: Pertamax Turbo &amp; Pertamina Dex. ​Double Points: Pertamax Green 95 https://t.co/6QwwTgxt9V,2066031440618287299,https://pbs.twimg.com/amplify_video_thumb/2066031354685644800/img/AoW2P3wWIR95Hl4J.jpg,,in,,0,1,2,https://x.com/undefined/status/2066031440618287299,788714108245774338,,SPKLU
2066025075707650370,Sun Jun 14 05:08:57 +0000 2026,5,Jam istirahat gaiiss.. Ini SPKLU gede bgt sumpah baru ini nemu SPKLU kyk pom bensin cuma ada di tangerang please jakarta bekasi adain dong.. Toilet bersih ada cofi anak Genji juga.. Kereeeeennnnn.. Kalian suka ke sini gak.. Comen dong klo suka ke sini Siapa tau bisa ngopi https://t.co/lGy4A6e437,2066025075707650370,https://pbs.twimg.com/media/HKv-1tpbEAAcEJ_.jpg,,in,,0,1,3,https://x.com/undefined/status/2066025075707650370,2047267040390742016,,SPKLU
2065974401481445649,Sun Jun 14 04:45:20 +0000 2026,2,@Mukminus_ ngecas mobil di spklu mana pak,2066019132848357841,,Mukminus_,in,,0,0,0,https://x.com/undefined/status/2066019132848357841,1976991588,,SPKLU
2066003221731320021,Sun Jun 14 03:42:10 +0000 2026,0,Yuk mulai kenali kendaraan listrik dan temukan lokasi SPKLU terdekat melalui PLN Mobile. #EnergiBijak #TransisiEnergi #PLNPeduli #PLNKaltimra #MelayaniSepenuhHati https://t.co/PE1mXmHrzj,2066003237375967705,https://pbs.twimg.com/media/HKvq_ajbIAEH18t.jpg,PLNKaltimra,in,,0,0,0,https://x.com/undefined/status/2066003237375967705,990317023,,SPKLU
2065744942891425926,Sat Jun 13 14:42:27 +0000 2026,0,@BukanPegawaiJP Jkt antrinya ga gitu hu Sobat SPKLU mah ditinggal kerja aja hu tau2 full. Klo udah full jangan lupa dicabut aja klo ga kena biaya tambahan.,2065807014199181382,,BukanPegawaiJP,in,,0,1,0,https://x.com/undefined/status/2065807014199181382,1981490042649665537,,SPKLU
2065757067600933035,Sat Jun 13 11:23:59 +0000 2026,0,PLN Batam Tambah 3 SPKLU Ultra Fast Charging di Kantor Batam Center https://t.co/v7s6z5ya97,2065757067600933035,,,in,,0,0,0,https://x.com/undefined/status/2065757067600933035,4401199034,,SPKLU
2065681208705724675,Sat Jun 13 06:22:33 +0000 2026,0,Dalam rangka mendukung ekosistem EV di Batam PLN Batam menyediakan 3 unit SPKLU Ultra Fast Charging baru di Kantor PLN Batam. Saat ini telah tersedia 26 SPKLU yang siap melayani kebutuhan kendaraan listrik di Batam. #PLN #PLNBatam #PLNUntukIndonesia https://t.co/HfVluuNdmP,2065681208705724675,https://pbs.twimg.com/amplify_video_thumb/2065681121241907200/img/fU9F83fECc4OIddr.jpg,,in,,0,1,0,https://x.com/undefined/status/2065681208705724675,382065654,,SPKLU
2065623017775067505,Sat Jun 13 02:31:25 +0000 2026,1,Intinya beralih ke mobil listrik itu langkah bagus asal konsisten! Jangan sampai beli/sewa molis cuma buat pajangan karena fasilitas SPKLU belum siap atau kebijakannya tumpang tindih lagi. Semoga kebijakan transportasi Pemkot Malang makin sinkron terintegrasi dan beneran,2065623041451999250,,yusufgunawan,in,,0,0,0,https://x.com/undefined/status/2065623041451999250,78619866,,SPKLU
2064933175198122133,Thu Jun 11 04:50:08 +0000 2026,2,Tiap hari ngecharge kurleb 30 menit - 40 menit Kadang merasa males krn harus cari SPKLU Tp klo inget harga BBM pertamax yg naiknya gk ngotaks ya diniatin2 aja dah Toh klo isi daya utk mobil bisa sambil udud dan bersihin mobil juga Drpd klo isi bbm klo pas antri panjang kan?? https://t.co/8z6cBcQDK7,2064933175198122133,https://pbs.twimg.com/ext_tw_video_thumb/2064933115232198656/pu/img/ix4zKVH6MAC6uLNd.jpg,,in,,0,2,0,https://x.com/undefined/status/2064933175198122133,3323283601,,SPKLU
2064868948940894342,Thu Jun 11 00:34:55 +0000 2026,2,BBM naik saatnya ganti ke EV? Shifting total ke EV di Indonesia = perlu kombinasi insentif kebijakan jangka panjang pembangunan infrastruktur dan perubahan perilaku. Permendagri terbaru April 2026 memberlakukan pajak normak namun daerah diminta pertahankan insentif,2064868948940894342,,,in,,1,1,1,https://x.com/undefined/status/2064868948940894342,72763910,,SPKLU
2064750433307173330,Wed Jun 10 16:43:59 +0000 2026,12, kamu kmrn bilangnya mau ngecas mobil di SPKLU? kok malah orang PLNnya yang kamu colok?!?!? enggak loh ini semua salah paham salah paham apaan aku tuh capeeek aku mau nyolokin cas mobil tapi penuh semua akhirnya boolku yg dicolok orang PLNnya *patahin keyboard pemda*,2064750433307173330,,,in,,0,4,0,https://x.com/undefined/status/2064750433307173330,1278269892882337792,,SPKLU
2064733923675099326,Wed Jun 10 16:08:42 +0000 2026,16,@ardianpancaa Hahaha aku paling ga mau charge semaleman ditinggal Enak ke spklu.,2064741554766684258,,ardianpancaa,in,,0,2,0,https://x.com/undefined/status/2064741554766684258,116632682,,SPKLU
2064733923675099326,Wed Jun 10 16:00:37 +0000 2026,53,@ardianpancaa Karena lebh stable d spklu pak. Di rumah males dibiarin semaleman jujur Takut,2064739521380728887,,ardianpancaa,in,,0,2,2,https://x.com/undefined/status/2064739521380728887,116632682,,SPKLU
2064727570562900022,Wed Jun 10 15:13:08 +0000 2026,441,Paksa shifting ke ev? Kayanya sulit. Pajaknya dah normal setauku. Trus jumlah spklu juga belum sebanyak itu. Lagipula efek domino ga mngkin harga listrik ga naik kan? Lalu banyak warga yang msh krisis trust sma ev. Jadi shifting ke ev total di Indonesia sepertinya sulit,2064727570562900022,,,in,,6,23,44,https://x.com/undefined/status/2064727570562900022,116632682,,SPKLU
2064553791811403950,Wed Jun 10 12:17:03 +0000 2026,2,@AdhityaFachri gue mau beli tapi masih dilema nih anjing kampung gue belom ada spklu,2064683259414634815,,AdhityaFachri,in,,0,0,0,https://x.com/undefined/status/2064683259414634815,4834948053,,SPKLU
2064180817837064568,Tue Jun 09 14:07:33 +0000 2026,3,@ardibhironx 10 taun lalu ane pake innova konversi CNG. Mau konsisten pake CNG tapi SPBG nya jauh dan terbatas. Harus jalan 20km dulu buat isi. Diset ke mode bensin eh jadi boros karena setingan ECU nya nggk bisa dapet efisien 22nya. Harus milih salah satu. Terus mesin jadi panas dan,2064348678337556901,,ardibhironx,in,,0,0,2,https://x.com/undefined/status/2064348678337556901,1987760103530123266,,SPKLU
2064159145096343616,Tue Jun 09 01:34:25 +0000 2026,1,Hematnya biaya kepemilikan mobil listrik tak sebanding dengan keterbatasan infrastrukturnya seperti SPKLU dan kualitas tegangan listrik di luar Jabodetabek. #Ekonomi #AdadiKompas https://t.co/blhurnfZTb,2064159145096343616,,,in,,0,0,0,https://x.com/undefined/status/2064159145096343616,255866913,,SPKLU
2063942397869097046,Mon Jun 08 11:13:08 +0000 2026,5, BYD jadikan Indonesia pasar ekspor terbesar dunia (Jan Apr 2026): 69.995 unit (+664% YoY)! Angka ini menandakan akselerasi EV di Indonesia sangat nyata. Tapi peluang ini jangan disia-siakan: infrastruktur SPKLU TKDN dan investasi pabrik lokal harus berlari jauh lebih,2063942397869097046,,,in,,0,1,0,https://x.com/undefined/status/2063942397869097046,72763910,,SPKLU
2063834955696967905,Mon Jun 08 04:06:24 +0000 2026,0,Meski demikian jumlah SPKLU belum tersebar merata di setiap gugus pulau. Sebanyak 73 9 persen atau 3.629 unit dari total SPKLU tercatat berada di Jawa. Setelah itu 11 3 persen atau 555 unit dibangun di Sumatera Bali-Nusa (283 unit) Kalimantan (226 unit) Sulawesi (162 unit) https://t.co/R7WDXkqxRw,2063835006569738733,https://pbs.twimg.com/media/HKQ1OSJbQAE289C.jpg,hariankompas,in,,0,1,0,https://x.com/undefined/status/2063835006569738733,255866913,,SPKLU
2063834955696967905,Mon Jun 08 04:06:23 +0000 2026,0,Hingga saat ini pembangunan stasiun pengisian kendaraan listrik umum atau SPKLU terus digenjot PLN dan mitra untuk memperkuat pengembangan ekosistem mobil listrik. Hingga Maret 2026 tercatat 4.911 SPKLU yang beroperasi di 3.156 lokasi di seluruh Indonesia. #JurnalismeData,2063835002304090388,,hariankompas,in,,0,1,0,https://x.com/undefined/status/2063835002304090388,255866913,,SPKLU
2063834955696967905,Mon Jun 08 04:06:13 +0000 2026,0,Namun biaya kepemilikan mobil listrik menjadi lebih mahal dari mobil bensin saat memasuki tahun keenam hingga kesepuluh dengan skenario tanpa insentif pajak dan mengisi daya di stasiun pengisian kendaraan listrik untuk umum (SPKLU). #JurnalismeData #MobilListrik #AdadiKompas,2063834959010492489,,hariankompas,in,,0,1,0,https://x.com/undefined/status/2063834959010492489,255866913,,SPKLU
2063153404201824375,Sat Jun 06 15:42:15 +0000 2026,281,@jr2703192 MBG &amp; KMP di stop dan fokus bangun: 1. Kereta Api Commuter &amp; LRT di 8 Kota Metropolitan paling besar di Indo 2. Kereta antar kota diperbanyak rel kereta trans sumatera trans kalimantan dan trans sulawesi 3. Kabel listrik bawah laut antar pulau dan pembangun SPKLU besar2an Itu,2063285346482417755,,jr2703192,in,,1,2,10,https://x.com/undefined/status/2063285346482417755,1676426426768318464,,SPKLU
2063264897212072230,Sat Jun 06 14:20:59 +0000 2026,114,53 detik membangun cikal bakal pembangkit listrik tenaga naksir. naksir joo ina senaksir-naksirnya. kalo ketauan PLN udah direkrut jadi SPKLU fast charging tenaga naksir. gw ga peduli pokoknya gw naksir https://t.co/ERJLq7u8Jh,2063264897212072230,https://pbs.twimg.com/amplify_video_thumb/2063209605854011392/img/gmk_A-c7YbIp9Z84.jpg,,in,,1,1,23,https://x.com/undefined/status/2063264897212072230,1252246188247531520,,SPKLU
2062978125945037121,Sat Jun 06 03:23:29 +0000 2026,8,@oxpeckter @SelebtwitMobil @lutfithe13th Itulah heran pdhl pake innova tuh udh nyaman trus yg tinggal di kabupaten dgn medan cukup terjal naik kayak sumatra kalimantan sulawesi barulah pakai pajero atau hilux. Khusus jkt yg udah gampang SPKLU bolehla ioniq suka bingung sm pejabat yg minta mobil dinas milyaran,2063099431512375650,,oxpeckter,in,,0,0,0,https://x.com/undefined/status/2063099431512375650,933704425,,SPKLU
2062765361599303880,Fri Jun 05 05:16:01 +0000 2026,22,Mulai sering kena mobil kayak gini. Yg terbaru semalem di daerah jaksel bukannya charging slot SPKLU malah dipakai parkir. Mana battery sdh sekarat.,2062765361599303880,,,in,,0,1,3,https://x.com/undefined/status/2062765361599303880,853206219611185152,,SPKLU
2062535094708158783,Thu Jun 04 14:55:50 +0000 2026,0,@redoceanox @redoceanox Hai Kakak admin informasikan untuk converternya nanti bisa menyesuaikan dengan SPKLU yang ada di sana ya Kak. Apabila terdapat kendala dalam pengecasan bisa menghubungi Hotline SPKLU di Nomor WA 0877 7111 2123. Agar semua makin mudah ayo download,2062548889983758404,,redoceanox,in,,1,0,0,https://x.com/undefined/status/2062548889983758404,558516132,,SPKLU
2062391145444106574,Thu Jun 04 04:29:01 +0000 2026,0,Charging Rate Kecil: Antrean Mobil Listrik di SPKLU Bakal Mengular ~NA Klik untuk baca: https://t.co/ucBrqUyXBw,2062391145444106574,,,in,,0,1,0,https://x.com/undefined/status/2062391145444106574,23343960,,SPKLU
2062326717599928812,Thu Jun 04 00:13:00 +0000 2026,30,Ratusan massa yang tergabung dalam Aliansi Gerakan Cipayung Plus Sumatera Utara menggelar aksi unjuk rasa di depan kantor PLN Unit Induk Distribusi (UID) Sumatera Utara Selasa (2/6/2026). Aksi yang diikuti kader GMNI GMKI IMM dan KAMMI Sumut itu berlangsung memanas hingga https://t.co/MnsAazlWv3,2062326717599928812,https://pbs.twimg.com/amplify_video_thumb/2062251303926169600/img/GrzjYvNnyXexvJgj.jpg,,in,,0,1,10,https://x.com/undefined/status/2062326717599928812,1745265761416056832,,SPKLU
2062057032908435724,Wed Jun 03 06:21:22 +0000 2026,1,Komuniitas Koleksi menilai kondisi SPKLU di lapangan justru sudah jauh lebih baik dibanding beberapa tahun lalu. https://t.co/TWaVZsfada,2062057032908435724,,,in,,0,0,0,https://x.com/undefined/status/2062057032908435724,23343960,,SPKLU
2062006646742884744,Wed Jun 03 03:01:09 +0000 2026,3,Sudah tau belum sekarang Stasiun Slawi sudah memiliki fasilitas charger mobil listrik/ SPKLU. Meski area parkirnya tidak terlalu luas pengguna kendaraan listrik kini bisa memanfaatkan fasilitas pengisian daya yang tersedia di area stasiun. https://t.co/ItlWRh67zm,2062006646742884744,https://pbs.twimg.com/media/HJ24GiYakAA7Qw5.jpg,,in,,0,0,0,https://x.com/undefined/status/2062006646742884744,183897108,,SPKLU
2061699081962193160,Tue Jun 02 19:21:26 +0000 2026,11,@ertigaid Yup ini baru berapa persen yg punya ev. Bayangin kalo udah separo yg pake ev. Tiap hari isinya rebutan spklu. Wkwkwk.,2061890955440177555,,ertigaid,in,,0,0,0,https://x.com/undefined/status/2061890955440177555,1720459107583565824,,SPKLU
2061275816210887161,Mon Jun 01 06:24:07 +0000 2026,1,@PecintaSejarah2 otaknya kpk mungkin abis baca berita ini langsung pegang kepala. lo mau izin gak hadir rapat mbg tapi caranya temui gubernur tengah malam? gak ada hp? video call aja takut ketauan sama siapa? terus pilihannya ngaku bareng gubernur biar kasusnya seolah-olah gak sendiri tapi,2061332948369228265,,PecintaSejarah2,in,,0,0,0,https://x.com/undefined/status/2061332948369228265,3716097493,,SPKLU
2061275816210887161,Mon Jun 01 02:37:05 +0000 2026,844,Fadia Rafiq Bupati Pekalongan yang ditangkap KPK mengaku bahwa dirinya ditangkap saat bersama Ahmad Luthfi di rumah pribadi Gubernur Jateng tersebut. Ahmad Luthfi statusnya tidak memiliki istri. Fadia Rafiq adalah wanita yang berparas cantik. KPK menepis statement Fadia https://t.co/NvzwAu0um9,2061275816210887161,https://pbs.twimg.com/media/HJsfbkabwAA04iv.jpg,,in,,3,43,119,https://x.com/undefined/status/2061275816210887161,1376458830175870976,,SPKLU
2061057134696239229,Sun May 31 13:46:15 +0000 2026,0,@Senjapagimalam @Senjapagimalam Hi Kak admin siap melayani sepenuh hati. Admin informasikan untuk terkait SPKLU akan dikenakan biaya ya Kak. Agar semua makin mudah ayo download aplikasi New PLN Mobile. Sehat selalu. Trims -Lutfi,2061081828614971702,,Senjapagimalam,in,,0,0,0,https://x.com/undefined/status/2061081828614971702,558516132,,SPKLU
2060686741493920088,Sat May 30 14:50:46 +0000 2026,11,@Ardaffaf Yang paling ga masuk akal dari vinfas itu doi bikin spklu diseluruh cabang kantor pos yg ada di tiap kecamatan.,2060735677986418921,,Ardaffaf,in,,0,0,0,https://x.com/undefined/status/2060735677986418921,1192292306742693888,,SPKLU
2060732509244305864,Sat May 30 14:44:32 +0000 2026,4,Relevan di Indonesia Kondisi SPKLU 2026: * ±2.500 SPKLU nasional * ±800 fast charger DC * 70% terkonsentrasi di Jawa Efektivitas: Sangat efektif untuk: - Pengguna perkotaan - Komuter harian - Perjalanan antarkota utama ️ Masih terbatas untuk: - Perjalanan jarak jauh luar Jawa,2060734107634790888,,Rahadi0816,in,,0,0,4,https://x.com/undefined/status/2060734107634790888,1611567480992043008,,SPKLU
2060532005272703174,Sat May 30 01:40:37 +0000 2026,3,Tips Transisi‼️ Sebelum memutuskan hitung kembali rute harian dan jarak tempuh Anda. Jika Anda lebih sering bepergian jarak jauh antar kota Hybrid adalah opsi paling fleksibel. Sebaliknya jika wilayah Anda memiliki banyak SPKLU (Stasiun Pengisian Kendaraan Listrik Umum) dan,2060536828747563032,,sharpandshark,in,,0,0,0,https://x.com/undefined/status/2060536828747563032,1628338800362672128,,SPKLU
2059285571449799108,Tue May 26 15:18:37 +0000 2026,0,@bukanomar_ @bukanomar_ Hai Kakak Mhn maaf atas perihal tersebut. akan mimin tindaklanjuti. Untuk itu dapat menginformasikan Alamat SPKLU dan No. Telepon melalui DM. Mimin tunggu ya Kak. Tks -Rian,2059293133809332652,,bukanomar_,in,,0,0,0,https://x.com/undefined/status/2059293133809332652,558516132,,SPKLU
2059148814507036709,Tue May 26 05:45:09 +0000 2026,0,Launching Tera SPKLU Komitmen Jaga Kepercayaan Masyarakat #BacadiBJ #beritajakarta #dkijakarta #jaki #welovejakarta https://t.co/y3TER75Npq,2059148814507036709,,,in,,0,0,0,https://x.com/undefined/status/2059148814507036709,213204035,,SPKLU
2059056319538356501,Tue May 26 02:01:50 +0000 2026,4,@innovacommunity Sejauh ini masih asik2 aja om kerjaan diluar kota (masih dalam jangkauan kapasitas batre untuk PP) Spklu masih belum antri.,2059092617020019034,,innovacommunity,in,,0,1,0,https://x.com/undefined/status/2059092617020019034,79547046,,SPKLU
2058830546567041468,Mon May 25 09:33:03 +0000 2026,8,@nyidamendhog @txttransportasi Kalo tj kan dalam kota doang sedangkan bus akap itu risiko soal ketersediaan spklu di daerah.,2058843782091800872,,nyidamendhog,in,,0,0,0,https://x.com/undefined/status/2058843782091800872,916314380,,SPKLU
2058798685748703382,Mon May 25 06:33:51 +0000 2026,0,Kemendag Luncurkan Alat Ukur SPKLU untuk Lindungi Konsumen EV https://t.co/IOAEOkngTm,2058798685748703382,,,in,,0,0,0,https://x.com/undefined/status/2058798685748703382,118371948,,SPKLU
2058797713815155149,Mon May 25 06:30:00 +0000 2026,0,Kemendag Targetkan Uji 5.000 SPKLU Tahun Depan https://t.co/KQfOdbLhLE,2058797713815155149,,,in,,0,0,0,https://x.com/undefined/status/2058797713815155149,4187275698,,SPKLU
2058492709837668691,Sun May 24 10:18:01 +0000 2026,1,Wajib Tahu Etika Mengecas Mobil Listrik di SPKLU https://t.co/Zd9hDM2Ybf,2058492709837668691,,,in,,0,0,1,https://x.com/undefined/status/2058492709837668691,41730943,,SPKLU
2058140236958577026,Sat May 23 14:42:35 +0000 2026,2,@disc8785885 @jawapos Saya bukan orang sana aja jg kesel kok. Tau gmn keselnya pengemudi mobil listrik seperti itu. Di aplikasi kan bisa cek SPKLU mana yg kosong. Pas sampe lokasi tempatnya bukan dipake buat charge tapi malah buat parkir. Belum lagi baterai mobilnya udah sekarat.. Ga heran ngamuk.,2058196899984007313,,disc8785885,in,,0,1,0,https://x.com/undefined/status/2058196899984007313,42585625,,SPKLU
2057748304918913522,Fri May 22 09:00:01 +0000 2026,0,PLN kenalkan inovasi SPKLU mobile emergency untuk pengguna EV https://t.co/L6hdVaz04o,2057748304918913522,,,in,,0,0,0,https://x.com/undefined/status/2057748304918913522,121640063,,SPKLU
2057398457330229745,Thu May 21 09:49:51 +0000 2026,1,PLN Resmikan SPKLU ke-5.000 di Tanjung Priok Jakarta Utara https://t.co/nniRS0h6pt,2057398457330229745,,,in,,0,0,1,https://x.com/undefined/status/2057398457330229745,68930552,,SPKLU
2057018145521766793,Wed May 20 22:54:42 +0000 2026,20,@liputan6dotcom @prabowo khayalan tingkat dewa. Inggris sejak tahun 2016 isi ulang mobil listrik udah pake tiang pju. Kita 2026 isi ulang masih spklu. Tahun brp kita bisa isi ulang mobil listrik di tiang pju? Samain itu aja dlu wo sebelum salip ekonomi. Biar ga trlalu keliatan omon² https://t.co/qYh4ru6GZH,2057233585158160413,https://pbs.twimg.com/media/HIzDCvwbMAABYqZ.jpg,liputan6dotcom,in,,0,0,1,https://x.com/undefined/status/2057233585158160413,1751219493819555840,,SPKLU
2055872383249158635,Sun May 17 04:45:47 +0000 2026,2,Apes di SPKLU! Kabel Tersangkut di Towing Bar Mesin Fast Charging 200 KW di Bantul Ikut Tertarik #spklu #mobillistrik #ev #bantul #yogyakarta #viral #indonesia #trending #fyp #charger #teknologi #otomotif #update https://t.co/8I6SpQEOyv,2055872383249158635,https://pbs.twimg.com/amplify_video_thumb/2055872130382974976/img/T0_cN4yYdf7XImpx.jpg,,in,,0,0,0,https://x.com/undefined/status/2055872383249158635,1886262460149346304,,SPKLU
2055655639607828596,Sat May 16 14:24:31 +0000 2026,12,Saat ini Borneo Trans mulai membangun SPKLU di depan kantor pemasarannya di Pontianak (Kubu Raya). Diperlukan kesiapan infrastruktur sebelum bus listrik ini dapat beroperasi. https://t.co/9sNazmshB9,2055655639607828596,https://pbs.twimg.com/media/HIcn5t7bQAATRtT.jpg,,in,,0,0,2,https://x.com/undefined/status/2055655639607828596,900999973075996672,,SPKLU
2055587951166492742,Sat May 16 09:55:33 +0000 2026,5,Penambahan populasi EV belum diimbangi dengan penambahan jumlah SPKLU. 6 mobil memperebutkan dua SPKLU di rest area Karang Tengah https://t.co/w4RdCMqXhP,2055587951166492742,https://pbs.twimg.com/ext_tw_video_thumb/2055587921793785856/pu/img/vCUfaC2jDqkC4Qjp.jpg,,in,,2,1,1,https://x.com/undefined/status/2055587951166492742,119741295,,SPKLU
2055534036488196273,Sat May 16 09:21:30 +0000 2026,8,@RadioElshinta Aduh mesin SPKLU Ultra Fast Charging dengan daya 200 kW 2 nozzle konektor CCS2 data ESDM investnya 700-800jt. Belum integrasi n deploymentnya,2055579383310811325,,RadioElshinta,in,,0,0,0,https://x.com/undefined/status/2055579383310811325,286731815,,SPKLU
2055557357636333704,Sat May 16 07:53:59 +0000 2026,7,Waduh... Buat semua pengguna SPKLU sebelum jalan pastiin kabel SPKLU nya nggak nyangkut/kelindes ban. Kronologi: Chery J5 kena sangkut kabel charging station 200 kW akhirnya roboh dan nimpa J6. https://t.co/h7JeafRd0P,2055557357636333704,https://pbs.twimg.com/ext_tw_video_thumb/2055557218230210560/pu/img/ZGcm9DO8V0zw1_8T.jpg,,in,,0,2,0,https://x.com/undefined/status/2055557357636333704,1194220651155873793,,SPKLU
2055534036488196273,Sat May 16 06:21:18 +0000 2026,118,Kabel Charger Diduga Tersangkut di Mobil Mesin Fast Charging SPKLU Di Bantul Ikut Tertarik Sebuah insiden di stasiun pengisian kendaraan listrik (SPKLU) menjadi perhatian warganet setelah video yang beredar di media sosial memperlihatkan kabel charger diduga masih tersangkut https://t.co/f1Y2SkINBf,2055534036488196273,https://pbs.twimg.com/amplify_video_thumb/2055533729326739456/img/swRYjp2A6ZkT6drV.jpg,,in,,3,26,39,https://x.com/undefined/status/2055534036488196273,121640063,,SPKLU
2055171569929040117,Fri May 15 06:21:00 +0000 2026,1,Shm! Buat pengguna mobil listrik Yuk share pengalamanmu mengenai SPKLU Insentif pemerintah dan Kepuasan thd EV Klik barcode berikut ya https://t.co/yWEC2oVJCV,2055171569929040117,https://pbs.twimg.com/media/HIVvpj_bcAAkU5t.png,,in,,0,1,0,https://x.com/undefined/status/2055171569929040117,1336580251493646343,,SPKLU
2055111096386936929,Fri May 15 06:11:02 +0000 2026,3,@ertigaid Kira2 apa mungkin nanti ada drama spklu ya min? Misal rebutan charger sama driver grabcar ,2055169064172196062,,ertigaid,in,,0,1,0,https://x.com/undefined/status/2055169064172196062,220035649,,SPKLU
2054926250838544852,Thu May 14 14:06:11 +0000 2026,3,afaik SPKLU yang layoutnya cocok buat kendaraan besar se-jakarta (mungkin se-indonesia) cuma di perintis kemerdekaan yang 2 pulau SPBBG-nya beneran disulap buat EV yang ngecas dengan durasi singkat. dateng ngecas cabut. gak ada parkir maju mundur dulu https://t.co/UOf8xs6U7K,2054926250838544852,https://pbs.twimg.com/media/HISQXVPbIAAymmj.jpg,,in,,0,0,0,https://x.com/undefined/status/2054926250838544852,266506059,,SPKLU
2054899838156943573,Thu May 14 14:01:43 +0000 2026,2,@SAASH1MI Bener Ca.. Insentif 2025 keluar pas rasio EV/SPKLU dibawah 15.. insentifnya siap infranya amburadul ,2054925125770957132,,SAASH1MI,in,,0,1,0,https://x.com/undefined/status/2054925125770957132,1886290407501557760,,SPKLU
2054899838156943573,Thu May 14 12:21:14 +0000 2026,5,i think we need more spklu deh.... antrinya lumayan yah,2054899838156943573,,,in,,0,4,0,https://x.com/undefined/status/2054899838156943573,1180796981322469376,,SPKLU
2054140043800047931,Tue May 12 10:15:26 +0000 2026,0,@YusikakisuY @YusikakisuY Halo Kak admin siap melayani sepenuh hati. Perihal kendala tsb Kk dapat menghubungi via Chat WA ke Hotline SPKLU dinomor 0877 7111 2123 ya Kak. Agar semua makin mudah ayo download aplikasi New PLN Mobile. Sehat selalu. Tks -Aji,2054143404683276357,,YusikakisuY,in,,0,0,0,https://x.com/undefined/status/2054143404683276357,558516132,,SPKLU
2053720621847351348,Mon May 11 06:15:27 +0000 2026,0,Perang yang meletus pada 28 Februari 2026 telah mengguncang pasar energi global. Kenaikan harga diesel yang mencapai 27% memicu percepatan transisi dari truk konvensional ke kendaraan listrik (EV) khususnya di China dan Indonesia. Baca Selengkapnya di https://t.co/tjznh1DGG7 https://t.co/OSq1lf6o74,2053720621847351348,https://pbs.twimg.com/media/HIBIAu5aQAAZXKZ.jpg,,in,,0,0,0,https://x.com/undefined/status/2053720621847351348,231355136,,SPKLU
2053673947208790045,Mon May 11 03:09:59 +0000 2026,4,jujur kepala ini gak sanggup nanggung kontrak B2B bilingual legal opinion SPKLU sertifikat standar klinik pratama ngurusin amdal pabrik outsourcing secara bersamaan fix gue ️,2053673947208790045,,,in,,0,1,0,https://x.com/undefined/status/2053673947208790045,1679090790390460416,,SPKLU
2053650826338750809,Mon May 11 01:38:06 +0000 2026,159,Bacanya pelan-pelan jangan emosi di depan :) Sebagai orang yang tertarik menggunakan EV bagiku kebijakan yang berubah-ubah itu malesin sih. Semacam udah mendekati yakin karena bensin dkk harganya volatil EV ada insentif SPKLU mulai banyak; trus mendadak ada 1 aturan penting https://t.co/wTXmCfNLjb,2053650826338750809,https://pbs.twimg.com/media/HIAG5gda0AE-KwT.jpg,,in,,2,5,52,https://x.com/undefined/status/2053650826338750809,69806285,,SPKLU
2053095600925933826,Sat May 09 12:51:50 +0000 2026,0,SPKLU Center Jadi Magnet Baru Aloha PIK2 Targetkan 1 4 Juta Pengunjung https://t.co/GB4m29fTs4,2053095600925933826,,,in,,0,0,0,https://x.com/undefined/status/2053095600925933826,1415953428,,SPKLU
2052267946110804259,Thu May 07 06:03:02 +0000 2026,0,PT Perusahaan Listrik Negara resmikan SPKLU Center di Bantul dengan fasilitas ultra fast charger dan lounge modern memperkuat ekosistem kendaraan listrik di Indonesia. Langkah ini jadi dorongan nyata menuju transportasi rendah emisi sekaligus mendukung target Net Zero 2060. Baca,2052267946110804259,,,in,,0,0,0,https://x.com/undefined/status/2052267946110804259,23343960,,SPKLU
2052232688514556240,Thu May 07 03:42:56 +0000 2026,0,Masyarakat Indonesia memiliki antusiasme tinggi untuk beralih ke kendaraan listrik. Namun laju adopsi terhambat oleh daya beli dan minimnya infrastruktur SPKLU. #UntukIndonesia https://t.co/BKMArKKgHu,2052232688514556240,,,in,,0,0,0,https://x.com/undefined/status/2052232688514556240,255866913,,SPKLU
2052147472877723708,Wed May 06 22:04:19 +0000 2026,0,Masyarakat Indonesia memiliki antusiasme tinggi untuk beralih ke kendaraan listrik. Namun laju adopsi terhambat oleh daya beli dan minimnya infrastruktur SPKLU. #Ekonomi #AdadiKompas https://t.co/snkaKitzqQ,2052147472877723708,,,in,,1,0,0,https://x.com/undefined/status/2052147472877723708,255866913,,SPKLU
2052044120714326034,Wed May 06 15:13:38 +0000 2026,1,SEBARAN SPKLU &amp; SPBKLU DI SEKITAR KITA! #SobatEnergi sudah tahu belum lokasi-lokasi SPKLU &amp; SPBKLU? Nih Minergi bocorin ya. Hingga Maret 2026 tercatat 4.892 unit SPKLU telah beroperasi di 3.163 titik. https://t.co/kHKVCitLRB,2052044120714326034,https://pbs.twimg.com/media/HHpTQAabcAAUzGH.jpg,,in,,0,1,1,https://x.com/undefined/status/2052044120714326034,1138467176,,SPKLU
2052006447907787159,Wed May 06 12:43:56 +0000 2026,37,Kapolda Sumatera Utara meresmikan Stasiun Pengisian Kendaraan Listrik Umum (SPKLU) di Mako Polda Sumut dan melaksanakan penandatanganan MOU dengan PT. PLN (Persero). #poldasumut #polriuntukmasyarakat #presisi https://t.co/Mjg7FTXru0,2052006447907787159,https://pbs.twimg.com/amplify_video_thumb/2052006309730680832/img/rZJR1zEOJt3D6JtL.jpg,,in,,0,19,0,https://x.com/undefined/status/2052006447907787159,1540532249124253696,,SPKLU
2051924670182777159,Wed May 06 08:22:11 +0000 2026,1,@MyPertaminaID @MyPertamina Jawabannya 1. Warna background tulisan SPKLU 2. Warna mobil 3. Bentuk mata ikon my pertamina #MyPertamina #MelayaniSepenuhHati #EnergizingIndonesia Sukses selalu @MyPertaminaID,2051940577579848141,,MyPertaminaID,in,,0,0,0,https://x.com/undefined/status/2051940577579848141,1997895507847622656,,SPKLU
2051609772764602733,Tue May 05 10:27:41 +0000 2026,0,Surabaya Hadirkan 5 SPKLU Ultra Fast Charging Ini Lokasinya https://t.co/sBgzKkWiZa,2051609772764602733,,,in,,0,0,0,https://x.com/undefined/status/2051609772764602733,848614550,,SPKLU
2051183180187848786,Mon May 04 06:12:33 +0000 2026,21,SPKLU bisa cepat berkembang krn lebih gampang bikinnya drpd SPBU. Modalnya jg lebih murah. Diluar tanah bikin SPBU minimal 5M sekelas pertashop atau SPBU mobil minimal 250jt. Bikin SPKLU sekitar 360jt. Perizinan SPKLU jg gk seribet SPBU.,2051183180187848786,,,in,,0,1,6,https://x.com/undefined/status/2051183180187848786,853206219611185152,,SPKLU
2051177045582139619,Mon May 04 05:48:11 +0000 2026,16,Pertanyaan ayam dan telur: EV dulu atau infrastruktur charging dulu? Menurut beberapa survei keraguan utama calon pengguna EV adalah 'range anxiety' alias cemas soal ketahanan baterai dan di mana ngisinya. Pertumbuhan tempat charging (SPKLU) dan nuker baterai (motor &gt;&gt; SPBKLU) https://t.co/UgplBqZS15,2051177045582139619,https://pbs.twimg.com/media/HHc82H5acAAuGTs.jpg,,in,,1,3,6,https://x.com/undefined/status/2051177045582139619,69806285,,SPKLU
2050846460850426362,Sun May 03 11:55:27 +0000 2026,12,@vajar4111 Iya om musti cek rute yg dipilih ada SPKLU gk dan apakah battery nya cukup.,2050907085173617021,,vajar4111,in,,0,0,0,https://x.com/undefined/status/2050907085173617021,853206219611185152,,SPKLU
2050846460850426362,Sun May 03 10:40:54 +0000 2026,2,@SmwGwOto Beberapa kali ke Bdg malah gak pernah charging ulang PP plus jalan2 udah cukup. Kecuali lebih dari dua hari mungkin ya baru cari spklu,2050888323993055681,,SmwGwOto,in,,0,0,0,https://x.com/undefined/status/2050888323993055681,18448193,,SPKLU
1740966229563830545,Sat May 02 14:32:00 +0000 2026,0,@Harischandraa33 @Harischandraa33 Baik Kak Haris untuk perihal pengaduannya Kakak dapat menghubungi hotline SPKLU di nomor 087771112123 ya Kak. Agar semua makin mudah ayo download aplikasi New PLN Mobile. Sehat selalu. Tks -Cahyo,2050584092174152188,,Harischandraa33,in,,0,0,0,https://x.com/undefined/status/2050584092174152188,558516132,,SPKLU
1740966229563830545,Sat May 02 13:57:27 +0000 2026,0,@Harischandraa33 @Harischandraa33 Hai Kak admin siap melayani sepenuh hati. Untuk pelaporan gangguan terkait SPKLU bisa menghubungi nomor WhatsApp yang tertera ya Kak. Agar semua makin mudah ayo download aplikasi New PLN Mobile. Sehat selalu. Thanks -Yusril,2050575396652146696,,Harischandraa33,in,,0,1,0,https://x.com/undefined/status/2050575396652146696,558516132,,SPKLU
2049832346854326334,Thu Apr 30 12:44:50 +0000 2026,4,Fasilitas umum rasa pribadi. Inget guys SPKLU itu milik bersama jangan serakah. https://t.co/wHvu6hFhPL,2049832346854326334,https://pbs.twimg.com/media/HHJ3om8bEAALXcl.jpg,,in,,0,1,0,https://x.com/undefined/status/2049832346854326334,1194220651155873793,,SPKLU
2049029627818148128,Tue Apr 28 07:35:07 +0000 2026,14,Minggu lalu naik Green SM driver sendiri pun kesulitan cari lokasi SPKLU khusus VinFast dan kalau mogok harus pakai derek/towing resmi faktanya lg ketika saya bayar 158 ribu argo yg diterima drivernya hanya 70 ribu potongannya lebih dari 50% bukan.,2049029627818148128,,,in,,0,0,2,https://x.com/undefined/status/2049029627818148128,1968646358531026944,,SPKLU
2048806103610482870,Tue Apr 28 01:15:24 +0000 2026,0,@ekawidyapur @ekawidyapur Hai Kak mimin siap melayani sepenuh hati. Mohon maaf kendalanya ya perihal SPKLU sering padam agar dpt mimin tindaklanjuti Kakak bs info alamat lengkap dan No. Tlp melalui DM ke mimin. Mimin tunggu konfirmasinya lebih lanjut y. Tks-Herni,2048934069740999166,,ekawidyapur,in,,0,0,0,https://x.com/undefined/status/2048934069740999166,558516132,,SPKLU
2048742872955207748,Mon Apr 27 12:35:39 +0000 2026,0,Indonesia Ditargetkan Punya 192 Ribu SPKLU pada 2034 https://t.co/VZXdFFqHdr,2048742872955207748,,,in,,0,0,0,https://x.com/undefined/status/2048742872955207748,80543284,,SPKLU
2048633973824458805,Mon Apr 27 05:22:55 +0000 2026,0,Populasi Mobil Listrik di RI 119 Ribu Unit SPKLU-nya Cuma Ada 4 Ribu https://t.co/qOzUmk2K9h,2048633973824458805,,,in,,1,0,0,https://x.com/undefined/status/2048633973824458805,80543284,,SPKLU
2047741445264773230,Sat Apr 25 04:54:53 +0000 2026,39,@fajarnugros Bless in disguise. Berita soal BBM ini apalagi insentif EV bikin akselerasi penjualan makin kenceng. Apalagi ekosistem SPKLU sdh ramai di pulau Jawa tinggal aftersales yg pasti mengikuti. Follow the market and money.,2047902141751447855,,fajarnugros,in,,0,1,0,https://x.com/undefined/status/2047902141751447855,136499246,,SPKLU
2047298104874164627,Thu Apr 23 12:54:39 +0000 2026,0,Pakai Mobil Listrik Sudah Aman 4.892 Unit SPKLU Sudah Tersebar di RI https://t.co/w1a0leE7oi,2047298104874164627,,,in,,0,0,0,https://x.com/undefined/status/2047298104874164627,847372542830444544,,SPKLU
2047281280975601787,Thu Apr 23 11:47:48 +0000 2026,5,Aprisiasi terhadap Pemprov DKI yg sdh menginisiasi kajian Manajemen Risiko Kendaraan Listrik. Kendaraan Bermotor Listrik Berbasis Baterai (KBLBB) banyak bagusnya tp harus banyak persiapan biar tdk menjadi bahaya dikemudian hari. Dimulai Infrastruktur pendukungnya s/d https://t.co/5nm58KPfjq,2047281280975601787,https://pbs.twimg.com/media/HGlneaGbEAAVRm8.jpg,,in,,0,0,0,https://x.com/undefined/status/2047281280975601787,187667135,,SPKLU
2047147648969519425,Thu Apr 23 02:56:48 +0000 2026,1,Adopsi kendaraan listrik di China tidak hanya bertumpu pada SPKLU atau pengisian di rumah. Negeri Tirai Bambu juga mengembangkan battery swap sebagai alternatif yang lebih cepat dan efisien. Baca Selengkapnya https://t.co/hFohIrz4OA ~NA #MobilListrik #BatterySwap #SPKLU https://t.co/GZP8LgwrLB,2047147648969519425,https://pbs.twimg.com/media/HGjt6t2aoAApeZK.jpg,,in,,0,0,0,https://x.com/undefined/status/2047147648969519425,23343960,,SPKLU
2046464409753809230,Tue Apr 21 05:41:51 +0000 2026,0,Masih Ragu Beli Mobil Listrik? Ini 5 Alasan Hybrid Lebih Masuk Akal saat SPKLU Belum Merata https://t.co/3I1Y4q5UMg,2046464409753809230,,,in,,0,0,0,https://x.com/undefined/status/2046464409753809230,2392460208,,SPKLU
2046384954981138827,Tue Apr 21 00:38:08 +0000 2026,0,@rullysardjan @rullysardjan Hi Kakak admin siap melayani sepenuh hati. Mohon maaf Kk untuk kendalanya dapat menghubungi ke hotline SPKLU di nomor 087771112123 ya Kk. Agar semua makin mudah ayo download aplikasi New PLN mobile di Play Store atau Apps Store. Stay safe -Weli,2046387976402583623,,rullysardjan,in,,0,0,0,https://x.com/undefined/status/2046387976402583623,558516132,,SPKLU
2046140970409091406,Mon Apr 20 08:16:37 +0000 2026,5,Mungkin salah satu Brand dengan Service Tersebar dan banyak di Indonesia yakni @polytronmobile Ketika kami benerin Dispenser. Disana ada jualan motor SPKLU nya Mobil juga ada TV dan Mesin Cuci juga ada. Bisa dipertimbangkan terutama kaya Motor Listrik nya Keliatannya akan https://t.co/ZARLMOmTRP,2046140970409091406,https://pbs.twimg.com/ext_tw_video_thumb/2046140951178117120/pu/img/WhDyYGMQBidawZRs.jpg,,in,,0,1,0,https://x.com/undefined/status/2046140970409091406,1034308064,,SPKLU
2045329045450322057,Sat Apr 18 04:59:52 +0000 2026,3,@poetralr13 @dwiputro89 @ezash Makin ngelantur. Awalnya sok debat makro subsidi APBN krn kalah telak skrg geser tiang gawang ngeluhin aftersales bengkel mobil? PLN lg masif bangun ribuan SPKLU. Transisi ekosistem itu butuh waktu. Kalo negara ngikutin mental cengeng lu selamanya kita dijajah impor BBM,2045366680046682255,,poetralr13,in,,0,1,0,https://x.com/undefined/status/2045366680046682255,78272180,,SPKLU
2044970164383256579,Fri Apr 17 02:44:15 +0000 2026,1,Lonjakan penggunaan SPKLU selama RAFI menjadi indikator meningkatnya kepercayaan masyarakat terhadap kendaraan listrik. #Taja #AdadiKompas https://t.co/9DACYkf6wg,2044970164383256579,,,in,,0,0,0,https://x.com/undefined/status/2044970164383256579,255866913,,SPKLU
2044782319362560239,Thu Apr 16 14:17:49 +0000 2026,0,Kadis Nakertransgi Resmikan SPKLU di Cipayung #BacadiBJ #BeritaJakarta #DKIJakarta #JAKI #WeLoveJakarta https://t.co/2C7LEasLub,2044782319362560239,,,in,,0,0,0,https://x.com/undefined/status/2044782319362560239,213204035,,SPKLU
2044760217406308433,Thu Apr 16 12:50:00 +0000 2026,0,Ekosistem kendaraan listrik di Indonesia terus menguat. Hingga Maret 2026 tercatat 4.911 SPKLU tersebar di 3.156 lokasi dengan populasi kendaraan listrik mencapai sekitar 200 ribu unit. Hal ini disampaikan oleh General Manager PLN UID Jakarta Raya Moch. Andy Adchaminoerdin https://t.co/f1PNXHCgSz,2044760217406308433,https://pbs.twimg.com/media/HGBrUJ_b0AAatJa.jpg,,in,,0,0,0,https://x.com/undefined/status/2044760217406308433,121640063,,SPKLU
2044708332574015699,Thu Apr 16 09:40:15 +0000 2026,0,@zams_nurjaman @zams_nurjaman Hi Kak Zams mimin siap melayani sepenuh hati. Dengan senang hati mimin informasikan terkait kerjasama dengan SPKLU yang bersifat bisnis (bermitra bekerjasama invetasi). Kakak dapat mengakses website https://t.co/T1R2GUdQBf ya Kak. Agar semua makin mudah ayo,2044712468061327397,,zams_nurjaman,in,,0,1,0,https://x.com/undefined/status/2044712468061327397,558516132,,SPKLU
2044619947058597997,Thu Apr 16 03:49:51 +0000 2026,0,@Shinigamii_33 @Shinigamii_33 Hai Kak admin siap melayani sepenuh hati mohon maaf atas ketidaknyamanannya. Perihal keluhannya akan admin tindak lanjuti dibantu informasikan nama pelapor alamat SPKLU dan nomor tlp via DM. Admin tunggu ya. Tks-Cita,2044624283641733259,,Shinigamii_33,in,,0,1,0,https://x.com/undefined/status/2044624283641733259,558516132,,SPKLU
2044400652307333239,Wed Apr 15 13:02:17 +0000 2026,3,HEV (hybrid): Depresiasi stabil 10 15%/tahun Resale value paling kuat &amp; praktis PHEV: Solusi tengah (fleksibel listrik + BBM) cocok jarak jauh Infrastruktur: SPKLU masih terkonsentrasi di Jawa → home charging jadi kunci BEV 2. Entry Level (&lt; Rp350 juta) Target: city car/komuter https://t.co/n32G0BJfyC,2044400921208401955,https://pbs.twimg.com/media/HF8ryYyaUAEOu78.jpg,Rahadi0816,in,,0,0,3,https://x.com/undefined/status/2044400921208401955,1611567480992043008,,SPKLU
2044359967688269900,Wed Apr 15 10:19:33 +0000 2026,0,Semakin banyaknya SPKLU pemerintah yang dikembangkan PLN kehadiran SPKLU swasta turut menunjang pertumbuhan pengguna kendaraan listrik di Tanah Air. #Ekonomi #AdadiKompas https://t.co/LZbRpFY7DO,2044359967688269900,,,in,,0,0,0,https://x.com/undefined/status/2044359967688269900,255866913,,SPKLU
2044245026377740590,Wed Apr 15 02:42:58 +0000 2026,2,1. Harga beli lebih mahal di awal selisihnya bisa Rp50 100 juta dibanding bensin sekelas. 2. Waktu isi daya lama butuh 30 menit hingga beberapa jam. Bensin cukup 5 10 menit. 3. SPKLU masih terbatas cocok buat kota besar tapi perjalanan luar kota masih bikin was-was.,2044245066454315335,,13_iwaN,in,,0,1,0,https://x.com/undefined/status/2044245066454315335,78260254,,SPKLU
2044245026377740590,Wed Apr 15 02:42:55 +0000 2026,2,Buat yang 40 km sehari: Mobil bensin butuh sekitar Rp20.000/hari. Mobil listrik (isi di SPKLU)? Rp14.400/hari. Kalau isi di rumah? Cuma Rp7.900/hari. Selisih Rp12.100/hari kelihatan kecil. Tapi dalam setahun = Rp4 4 juta. Dalam 5 tahun = Rp22 juta cuma dari bensin vs listrik.,2044245054378914218,,13_iwaN,in,,0,1,0,https://x.com/undefined/status/2044245054378914218,78260254,,SPKLU
2042756850895196652,Sat Apr 11 16:05:48 +0000 2026,3,@jo_arsy SPKLU daerah gw sih ga pernah kosong. Malah kita antri klo mau pake fast charging. Issue battery drop gw rasa perusahaan ev punya R&amp;D sendiri buat cegah Hal itu sebelom fast charging release dan compatible dengan Mobil mereka. ,2042997552195473428,,jo_arsy,in,,0,1,0,https://x.com/undefined/status/2042997552195473428,902005561675227136,,SPKLU
2042756850895196652,Sat Apr 11 15:17:21 +0000 2026,10,@warungdegen Bro phase 3 di China katanya beberapa menit full. Tapi di Indo? SPKLU masih sepi colokan rusak dan fast charging yang ada aja bikin baterai cepet drop umur. Lo ganti semua mobil rumah ke EV respect. Tapi buat mayoritas yang daily commute macet &amp; keluar kota random tetep,2042985360091943072,,warungdegen,in,,1,3,0,https://x.com/undefined/status/2042985360091943072,1621239711229698050,,SPKLU
2042964924394266625,Sat Apr 11 13:56:09 +0000 2026,4,Nekat bawa Ev sampai ke Jember ternyata seru dan udah gak takut lagi kehabisan listrik karna SPKLU udah hampir merata di PLN setiap kota https://t.co/Ny1G0Ssh8O,2042964924394266625,https://pbs.twimg.com/media/HFoRbSQakAIoKlM.jpg,,in,,0,0,0,https://x.com/undefined/status/2042964924394266625,1519955319564423168,,SPKLU
2042529777312239984,Fri Apr 10 10:43:06 +0000 2026,5,@picscjiwoo Walaupun dikata Tom and Jerry tetapi Leehoon mode SPKLU tidak bisa dibantah,2042553955100823708,,picscjiwoo,in,,0,1,1,https://x.com/undefined/status/2042553955100823708,3224131358,,SPKLU
2042185753535336777,Thu Apr 09 10:20:00 +0000 2026,0,Penggunaan SPKLU di Bali naik 9 kali lipat saat Libur Nyepi-Idul Fitri https://t.co/QmaOejXO8y,2042185753535336777,,,in,,0,0,0,https://x.com/undefined/status/2042185753535336777,121640063,,SPKLU
2042159268762427758,Thu Apr 09 10:01:32 +0000 2026,14,@Strategi_Bisnis EV itu masa depan.Dlm konteks Indonesia EV adl harapan kemandirian energi (batubara LNG panas bumi melimpah). Pemerintah jor2an beri insentif. Beberapa kelemahan EV yg sdh bersaing dg ICE: Harga awal Jarak tempuh Infrastruktur SPKLU Yg belum diatasi: 1Harga baterai msh mahal,2042181108952142251,,Strategi_Bisnis,in,,0,2,0,https://x.com/undefined/status/2042181108952142251,4601087533,,SPKLU
2041370380825407627,Tue Apr 07 04:20:00 +0000 2026,0,Stasiun Pengisian Kendaraan Listrik Umum (SPKLU) Signature berkapasitas 2 7 MVA yang terbesar dan pertama di Indonesia kini bisa dijumpai di Summarecon Mall Bekasi (SMB). https://t.co/gQnq2XnlE7,2041370380825407627,,,in,,0,0,0,https://x.com/undefined/status/2041370380825407627,106745550,,SPKLU
2041049106966323320,Mon Apr 06 10:33:01 +0000 2026,0,@DeepDiveSeek @ertigaid Tapi kan lemot watt nya g segede spklu,2041101866407469415,,DeepDiveSeek,in,,0,1,0,https://x.com/undefined/status/2041101866407469415,267097201,,SPKLU
2041098754737225820,Mon Apr 06 10:20:39 +0000 2026,2,Era sudah berbeda Pak JK. Pemerintah #prabowogibran dituntut kerja ekstra persiapkan kebutuhan rakyat di masa depan. Terutama Gibran calon pemimpin bangsa kelak. #spklu #spbu Langkah ini bahkan sudah dirintis sejak 2019 oleh Jokowi 🇮🇩 untuk Indonesia. #legacy #Jokowilegacy 🇮🇩 https://t.co/pKh0LueSLj,2041098754737225820,https://pbs.twimg.com/media/HFNweMOaMAE2pUZ.jpg,,in,,1,0,0,https://x.com/undefined/status/2041098754737225820,1405723264710709248,,SPKLU
2041049106966323320,Mon Apr 06 09:59:57 +0000 2026,7,@ertigaid Cas dirumah aman dan nyaman padahal ke spklu kalo keluar kota aja,2041093544019128366,,ertigaid,in,,0,0,0,https://x.com/undefined/status/2041093544019128366,116962548,,SPKLU
2040940034501554228,Sun Apr 05 23:49:57 +0000 2026,0,Rekor Transaksi Harian SPKLU PLN Tembus 18.088 Selama Lebaran 2026 https://t.co/Pt2uJQvHh9 https://t.co/lwKp6icHUf,2040940034501554228,https://pbs.twimg.com/media/HFLgJVuXkAAhtqD.jpg,,in,,0,0,0,https://x.com/undefined/status/2040940034501554228,118371948,,SPKLU
2040437418906747084,Sun Apr 05 08:53:20 +0000 2026,2,@bardanslm Alasan macam apa... Pdhl kl saatnya kelemahan utama (baterai mahal) moblis sdh teratasi pembuatan SPKLU itu gampang banget. Investasi satu SPBU itu bisa buat puluhan SPKLU,2040714393084965057,,bardanslm,in,,0,1,0,https://x.com/undefined/status/2040714393084965057,4601087533,,SPKLU
2040437418906747084,Sat Apr 04 14:37:15 +0000 2026,3,@bardanslm Tapi lebih cocok hybrid sih di lingkungan Indonesia. Soalnya kalau ke lokasi yg masih pelosok belum ada SPKLU-nya. Kecuali kalau buat kota besar ya udah banyak SPKLU,2040438553679970482,,bardanslm,in,,0,0,0,https://x.com/undefined/status/2040438553679970482,1791649066369355776,,SPKLU
2039960219183370355,Sat Apr 04 09:44:07 +0000 2026,3,@kedamaianalam @KangManto123 Izin jawab. Sudah bang itu memang biaya listriknya. Angka Rp 21-47 ribu per 100 km itu dihitung dari konsumsi daya Atto 1 sekitar 14 kWh per 100 km dikalikan tarif listrik. Kenapa rentangnya lebar? Karena tergantung di mana ngecasnya. Kalau cas di rumah atau kantor pakai tarif,2040364783418196477,,kedamaianalam,in,,0,0,0,https://x.com/undefined/status/2040364783418196477,36319232,,SPKLU
2040283231170572461,Sat Apr 04 04:20:03 +0000 2026,3,Gak ada ceritanya transaksi biasa aja di hari Sabtu dan Minggu karena MyPertamina kasih Dobel Poin! Mau isi Pertamax Series Dex Series beli Bright Gas jajan di Bright Store sampai ganti oli Fastron atau Enduro semua poinnya dapet dobel. Bahkan isi daya EV di SPKLU juga https://t.co/MJcCgMc4AJ,2040283231170572461,https://pbs.twimg.com/amplify_video_thumb/2040283150983847936/img/z0YzjH-g3fxf0hUB.jpg,,in,,0,0,0,https://x.com/undefined/status/2040283231170572461,788714108245774338,,SPKLU
2040117750451052608,Fri Apr 03 17:39:24 +0000 2026,0,@kepegang @kepegang Hai Kak admin siap melayani sepenuh hati mohon maaf atas kendala yang dialami perihal kendala tersebut agar segera dilakukan pengecekan dan penanganan segera Kakak dapat menghubungi ke Hotline layanan SPKLU melalui nomor telepon WA 0877 7111 2123. Agar semua,2040122007074086925,,brokenribs2099,in,,0,0,0,https://x.com/undefined/status/2040122007074086925,558516132,,SPKLU
2040037690994028914,Fri Apr 03 12:04:22 +0000 2026,7,sebaiknya benerin SPKLU kalian ngescan QR code aja gak bisa (touch screennya mati) padahal di showroom chargernya belom lagi ngeden 3/10 kapasitas https://t.co/du3sMZmX87,2040037690994028914,https://pbs.twimg.com/media/HE-rHcaaAAEm0kt.png,,in,,0,0,1,https://x.com/undefined/status/2040037690994028914,266506059,,SPKLU
2039726310596190230,Thu Apr 02 15:27:03 +0000 2026,2,PLN Catat Penggunaan SPKLU Naik 4 Kali Lipat di Mudik Lebaran 2026 https://t.co/WkjqDH2KKt,2039726310596190230,,,in,,0,2,1,https://x.com/undefined/status/2039726310596190230,17128975,,SPKLU
2039655442046222483,Thu Apr 02 10:45:27 +0000 2026,0,Mudik Usai PLN Catat Lonjakan Penggunaan SPKLU Lebih dari 4 Kali Lipat https://t.co/ttj3kPmWSV,2039655442046222483,,,in,,0,0,0,https://x.com/undefined/status/2039655442046222483,990237626,,SPKLU
2039628003840590196,Thu Apr 02 08:56:25 +0000 2026,0,SPKLU Berkapasitas 2 7 MVA Resmi Beroperasi di Summarecon Mall Bekasi https://t.co/I30VPWuMq2,2039628003840590196,,,in,,0,0,0,https://x.com/undefined/status/2039628003840590196,135795460,,SPKLU
2038838998668550499,Wed Apr 01 00:56:24 +0000 2026,0,@EduKunts81850 @EduKunts81850 Hai Kakak mimin siap melayani sepenuh hati. Mohon maaf atas kendala yg dialami. Agar laporannya dapat ditindaklanjuti mohon diinfokan no. telepon dan alamat lengkap lokasi SPKLU (Jalan Kelurahan Kota/Provinsi). Responnya mimin tunggu di DM ya Kak. Tks -Zulla,2039144817633186220,,EduKunts81850,in,,0,0,0,https://x.com/undefined/status/2039144817633186220,558516132,,SPKLU
2038838998668550499,Tue Mar 31 04:50:07 +0000 2026,0,@EduKunts81850 @EduKunts81850 Hai Kak atas kendala yang dialami admin mohon maaf. Agar laporannya dapat ditindaklanjuti mohon melengkapi data berikut: 1. Nama pelapor? 2. Alamat lokasi SPKLU? (Jalan No. Bangunan Kelurahan Kecamatan Kota/Provinsi &amp; Acuan Lokasi) 3. Nomor telepon yang,2038841245766943011,,EduKunts81850,in,,0,1,0,https://x.com/undefined/status/2038841245766943011,558516132,,SPKLU
2038830690641551371,Tue Mar 31 04:08:10 +0000 2026,77,Pas bener ini masjid deket rumah pasang SPKLU wkwk https://t.co/uceXi34i5S,2038830690641551371,https://pbs.twimg.com/media/HEthtIWbEAA6fDP.jpg,,in,,0,4,1,https://x.com/undefined/status/2038830690641551371,76652780,,SPKLU
2038547926574915681,Mon Mar 30 09:24:34 +0000 2026,0,PLN Tambah SPKLU Sepanjang Periode Mudik https://t.co/OxPeYbW2Bj,2038547926574915681,,,in,,0,0,0,https://x.com/undefined/status/2038547926574915681,2392460208,,SPKLU
2038514994749309051,Mon Mar 30 07:13:43 +0000 2026,0,SPKLU Makin Padat PLN Tambah Layanan di Jalur Mudik https://t.co/wSNutwwtj6 https://t.co/zwovfTrLIg,2038514994749309051,https://pbs.twimg.com/media/HEpClYiWwAAodX7.jpg,,in,,0,0,0,https://x.com/undefined/status/2038514994749309051,118371948,,SPKLU
2038244559222677930,Sun Mar 29 13:19:09 +0000 2026,0,Saat ini PLN telah menghadirkan 4.769 unit SPKLU di 3.097 titik di seluruh Indonesia termasuk 1.681 unit di jalur mudik utama Trans Sumatra Jawa dan Bali. Dukungan teknologi seperti fast charging hingga ultra fast charging serta fitur digital di aplikasi PLN Mobile mulai https://t.co/Gmp2vgZTUg,2038244574007787827,https://pbs.twimg.com/media/HElMohubsAA1az3.jpg,inilahdotcom,in,,0,0,0,https://x.com/undefined/status/2038244574007787827,46693036,,SPKLU
2038244559222677930,Sun Mar 29 13:19:06 +0000 2026,3,Minat masyarakat terhadap kendaraan listrik (EV) terus meningkat terutama saat arus mudik Idulfitri 1447 H. PT PLN (Persero) mencatat rekor transaksi harian SPKLU mencapai 18.088 kali dengan konsumsi energi 427.980 kWh pada H+2 Lebaran. Angka ini melonjak hingga 4 15 kali lipat https://t.co/Nh1Y3iLy3s,2038244559222677930,https://pbs.twimg.com/media/HElMnu_bUAAvOYU.jpg,,in,,0,1,0,https://x.com/undefined/status/2038244559222677930,46693036,,SPKLU
2038126039273214341,Sun Mar 29 05:28:08 +0000 2026,1,Sebaran SPKLU di Tol Trans Jawa https://t.co/3nzKrrrMIh,2038126039273214341,,,in,,0,0,0,https://x.com/undefined/status/2038126039273214341,17128975,,SPKLU
2037813294455529850,Sat Mar 28 08:45:24 +0000 2026,0,SPKLU Diserbu Pemudik PLN Perkuat Layanan di Jalur Utama https://t.co/RuaNFo6CqB https://t.co/8AiZmyE0mF,2037813294455529850,https://pbs.twimg.com/media/HEfEZG4W0AANTY-.jpg,,in,,0,0,0,https://x.com/undefined/status/2037813294455529850,118371948,,SPKLU
2037370208500019236,Fri Mar 27 03:24:44 +0000 2026,2,Perjalanan ratusan kilometer kini bisa terasa lebih tenang. Soalnya SPKLU sudah tersedia di banyak titik terutama di jalur arus mudik. Masih ragu mudik pakai mobil listrik? Yuk simak cerita Electrizen tentang pengalaman perjalanan jauh mereka. #PLNUntukSemua https://t.co/hVeYct0N4B,2037370208500019236,https://pbs.twimg.com/amplify_video_thumb/2037368942227083264/img/UWxqVjhPLaKEoBcm.jpg,,in,,0,0,0,https://x.com/undefined/status/2037370208500019236,1229946661759148032,,SPKLU
2037336303738691712,Fri Mar 27 01:10:01 +0000 2026,2,Presiden gak punya daya juang buat rakyat .Bisanya cuma perintah tanpa mikir efeknya . Heh Prabowo emang motor listrik tu murah ?? Terus gimana dengan SPKLU nya ?? Benahi dulu SPKLU nya supaya motor listrik GK mogok di jalan . @prabowo @DPR_RI https://t.co/f4V53gjykG,2037336303738691712,https://pbs.twimg.com/media/HEYSkmJagAALYOt.jpg,,in,,0,1,0,https://x.com/undefined/status/2037336303738691712,1977711632127315968,,SPKLU
2037007607932871088,Thu Mar 26 09:29:23 +0000 2026,1,@insidefolkative kendaraan ev elit spklu sulit https://t.co/17SAD6RcYH,2037099585735450904,https://pbs.twimg.com/tweet_video_thumb/HEU7RaKbMAAa71e.jpg,insidefolkative,in,,0,0,0,https://x.com/undefined/status/2037099585735450904,2021771451440009216,,SPKLU
2036729142679577077,Wed Mar 25 13:18:25 +0000 2026,0,@iwalanwar @CNNIndonesia @prabowo @setkabgoid @KemensetnegRI @KSPgoid @iwalanwar Hai Kak admin siap melayani sepenuh hati. Atas ketidaknyamanannya admin mohon maaf. Terkait permasalahan SPKLU tidak dapat digunakan agar segera teratasi mohon menginformasikan alamat lengkap dan no telepon yang dapat diberikan melalui DM. Admin menunggu,2036794835433365694,,iwalanwar,in,,0,1,0,https://x.com/undefined/status/2036794835433365694,558516132,,SPKLU
2036664670397046817,Wed Mar 25 12:32:52 +0000 2026,3,@vctrkmng Di Indonesia maksudnya. Kalo global mereka emang mengurangi bisnis SPBU pindah ke SPKLU.,2036783373558186196,,adhams,in,,0,0,0,https://x.com/undefined/status/2036783373558186196,14284867,,SPKLU
2036741940126060573,Wed Mar 25 09:48:14 +0000 2026,0,Padahal hingga 31 Januari 2026 sudah tersedia 4.791 SPKLU di 3.114 lokasi serta 1.907 SPBKLU di 1.907 lokasi yang siap mendukung perjalanan mudik maupun arus mudik.,2036741943972245793,,KementerianESDM,in,,0,1,1,https://x.com/undefined/status/2036741943972245793,1138467176,,SPKLU
2036728607243169922,Wed Mar 25 09:09:10 +0000 2026,0,@Riosupergrande @Riosupergrande Hai Kakak admin siap melayani sepenuh hati baik Kakak terimakasih ya atas masukannya untuk melihat antrean SPKLU Kakak dapat melihat pada fitur antrian SPKLU di aplikasi PLN mobile ya Kak. Agar semua makin mudah ayo download aplikasi New PLN Mobile. Sehat,2036732110640468343,,Riosupergrande,in,,0,0,0,https://x.com/undefined/status/2036732110640468343,558516132,,SPKLU
2036671351256236300,Wed Mar 25 05:07:44 +0000 2026,45,Ada yang tau cara masuk ke dalem pad! ga? sender perlu ngecas mobil di spklu tapi gerbang atas sama bawah ditutup semua,2036671351256236300,,,in,,0,4,0,https://x.com/undefined/status/2036671351256236300,1734036638605733888,,SPKLU
2036666457220849971,Wed Mar 25 04:48:17 +0000 2026,1,Lokasi SPKLU untuk Ngecas Mobil Listrik di Sepanjang Tol Trans Jawa ~NA Klik untuk baca: https://t.co/RC7wMSkIH1,2036666457220849971,,,in,,0,0,0,https://x.com/undefined/status/2036666457220849971,23343960,,SPKLU
2036599283634545069,Wed Mar 25 01:24:30 +0000 2026,3,@doktermarket Transisi gradual klu pake nalar. Mo cara cepet ga masuk akal SPKLU nya blom pada siap. Paling tambah insentif yg skrg bisa dilakukan,2036615175361663092,,doktermarket,in,,0,0,0,https://x.com/undefined/status/2036615175361663092,2902302176,,SPKLU
2036599283634545069,Wed Mar 25 01:14:33 +0000 2026,15,@doktermarket Org miskin brati pake listrik Meanwhile harga mobil listrik lbh mahal dr bensin lcgc. Gimana tuh Tuh kl smua listrik mudik rest area mbz aja uda kyk neraka jahanam macetnya. Baru cmn istirahat. Gimana kl skalian spklu? Mau jadi apa? ,2036612668174610872,,doktermarket,in,,0,1,0,https://x.com/undefined/status/2036612668174610872,875108656483782656,,SPKLU
2036576868485439619,Tue Mar 24 22:52:17 +0000 2026,8,Kemarin sore milih merapat di Pekalongan karena jalur Pantura semakin macet dan tidak bs diprediksi. Apakah ada yg share pengalaman via Selatan? Jam 3an jalan dr pekalongan sholat subuh di Krapyak Semarang. Dapat SPKLU besar dan fasilitas baik juga. https://t.co/60IdB3Qyt0,2036576868485439619,https://pbs.twimg.com/media/HENfFS5aIAEfGpZ.jpg,,in,,0,2,0,https://x.com/undefined/status/2036576868485439619,79154216,,SPKLU
2036241481850343584,Tue Mar 24 14:29:40 +0000 2026,2,@jeremynathanael @innovacommunity Turn over sedikit karena lokasi di perkantoran otomatis weekend pada libur dan office hour hanya sampe sore walaupun SPKLU nya open 24H sm aja mayoritas yg pake jg org kantoran disitu. lalu pengecasan type AC yg lambat butuh waktu sejaman bahkan lebih utk mencapai minimum 80%,2036450378909401402,,jeremynathanael,in,,0,0,0,https://x.com/undefined/status/2036450378909401402,55125402,,SPKLU
2036367455874908405,Tue Mar 24 09:00:10 +0000 2026,7,PT PLN (Persero) memastikan tetap siaga menjaga keandalan pasokan listrik di seluruh Indonesia di momen libur Lebaran saat ini. Sebanyak 72 ribu personel diterjunkan untuk memastikan sistem kelistrikan tetap andal dari hulu hingga hilir. PLN menegaskan komitmennya dalam https://t.co/ctCoXTpdDk,2036367455874908405,https://pbs.twimg.com/media/HEKhaMJWIAA3XgI.jpg,,in,,0,1,0,https://x.com/undefined/status/2036367455874908405,41730943,,SPKLU
2036241481850343584,Tue Mar 24 07:37:45 +0000 2026,20,@innovacommunity saya kerjasama dgn salahsatu vendor SPKLU terkenal di jakarta yg paling byk SPKLU nya 3 tahun yg lalu invest almost 150 jt untuk 2 mesin type AC penghasilan perbulan hanya mendapatkan keuntungan bersih under sejuta. Kalah di waktu pengisian jd turn over nya ga byk,2036346715243159659,,innovacommunity,in,,0,2,5,https://x.com/undefined/status/2036346715243159659,55125402,,SPKLU
2036241481850343584,Tue Mar 24 05:34:46 +0000 2026,4,@innovacommunity SPKLU marginnya tipis banget. Sifatnya add-on aja supaya attract orang datang ngecas -&gt; nunggu sambil makan/minum/belanja jadi kalau ga dikonsep begitu BEPnya lama banget,2036315768133243023,,innovacommunity,in,,0,0,0,https://x.com/undefined/status/2036315768133243023,76652780,,SPKLU
2036262730261201064,Tue Mar 24 05:05:55 +0000 2026,2,@iPoopBased Next content beli SPKLU pake PEPE COIN $PEPE . Nunggu UU terbaru P2SK @ojkindonesia,2036308506966630895,,TheKerupuk,in,,0,0,0,https://x.com/undefined/status/2036308506966630895,2035356612454731776,,SPKLU
2036266072287092884,Tue Mar 24 03:17:38 +0000 2026,4,@GNFI Jaringan distribusi buat SPKLU nya sudah siap belum? Insentif buat produsen dan konsumennya ada gak? After servicenya gimana?,2036281258662314105,,GNFI,in,,0,0,0,https://x.com/undefined/status/2036281258662314105,183271016,,SPKLU
2036241481850343584,Tue Mar 24 02:42:02 +0000 2026,4,@innovacommunity kalo mau jadi primary bisnis ya skalian bikin SPKLU signature tapi ya harus traffic tinggi memang sih. Dan kalau ngeliat trend harga minyak tinggi terus bukan tidak mungkin orang beralih ke EV. Potensi msh luas. Semakin banyak SPKLU semakin tenang. Ayo yang punya modal wkwk https://t.co/a7KpgjQKda,2036272295665414378,https://pbs.twimg.com/media/HEJK3BrbgAA2xtG.jpg,ekaciken,in,,0,0,0,https://x.com/undefined/status/2036272295665414378,368785475,,SPKLU
2036241481850343584,Tue Mar 24 02:24:44 +0000 2026,3,@innovacommunity penyedia lahan hanya menyediakan lahan mitra spklu investasi pada mesin instalasi &amp; design dan Biaya Penyambungan kwh meter. PLN sebagai wadah dan operasional maintenance. Untuk SPKLU pun kwh nya termurah dibanding swasta (kecuali bbrp brand ngasih free charge di bbrp tempat),2036267943206723930,,ekaciken,in,,0,1,0,https://x.com/undefined/status/2036267943206723930,368785475,,SPKLU
2036241481850343584,Tue Mar 24 02:20:41 +0000 2026,10,@innovacommunity Kalau SPKLU nya udah ultra fast charging harusnya perputarannya cepat kalo masih AC ya sulit karena org ngecas bisa 6 jam utk full. Saat ini tersedia skema 3 dimana Penyedia lahan Mitra Penyedia SPKLU dan PLN. Mesinnya ultracharge penarikan dana punbisa dilakukan setiap hari.,2036266925521772624,,innovacommunity,in,,0,1,0,https://x.com/undefined/status/2036266925521772624,368785475,,SPKLU
2036241481850343584,Tue Mar 24 01:42:55 +0000 2026,2,@innovacommunity SPKLU relatif sepi apalagi yang cuma ada 1 unit dan gak strategis. Harusnya SPBU/SPBG combine dengan SPKLU. Contoh SPBG di JL. Perintis Kemerdekaan SPKLU selalu ramai dan ada antrean,2036257422160044100,,innovacommunity,in,,0,0,2,https://x.com/undefined/status/2036257422160044100,1707659882089103360,,SPKLU
2036241481850343584,Tue Mar 24 01:21:38 +0000 2026,6,@innovacommunity Di kotaku ada 1 min carwash + spklu. Tp berhubung spesies EV di sini langka jd spklu nya nganggur wkwk. Kalau carwash udah hampir jaminan rame sih.,2036252063085334583,,innovacommunity,in,,0,0,2,https://x.com/undefined/status/2036252063085334583,1963611322681368576,,SPKLU
2036241481850343584,Tue Mar 24 01:20:30 +0000 2026,1,@innovacommunity Bisnis spbu aja margin setipis kondom apalagi spklu ,2036251778937921742,,innovacommunity,in,,0,0,0,https://x.com/undefined/status/2036251778937921742,1623531571801374721,,SPKLU
2036241481850343584,Tue Mar 24 00:39:35 +0000 2026,268,Ada yg bisnis SPKLU? Apakah mmg prospek nya bagus? Bbrp teman yg udah terjun kok ceritanya sedih yah. Akhirnya cuma jadi added value dr Bisnis utama yg sdh ada.,2036241481850343584,,,in,,1,39,20,https://x.com/undefined/status/2036241481850343584,1466179188096913412,,SPKLU
2036057373442548070,Mon Mar 23 12:28:00 +0000 2026,10,Rest area jalan tol dengan SPKLU (Stasiun Pengisian Kendaraan Listrik Umum) di Pulau Jawa Sumber: Kompas 28-2-2026 https://t.co/1E0g9GKMIr,2036057373442548070,https://pbs.twimg.com/media/HEGG358awAA2Hb5.jpg,,in,,0,1,1,https://x.com/undefined/status/2036057373442548070,200448287,,SPKLU
2035983053005431015,Mon Mar 23 09:03:44 +0000 2026,2,@biasalahanakmud Ini SPKLU Sukamiskin ya? Tempatnya memang nyaman dengan kedai mini untuk menyantap kopi dan kudapan.,2036005968761495932,,biasalahanakmud,in,,0,0,0,https://x.com/undefined/status/2036005968761495932,41499765,,SPKLU
2035983053005431015,Mon Mar 23 07:32:41 +0000 2026,549,kalau dikasih modal gede terus ditanya mau usaha apa aku jawab ini sekarang: spklu dengan carwash sambil nunggu bisa isoma plus tambahin landscaping bagus buat taman/hutan kota https://t.co/kl7O8NkQyO,2035983053005431015,https://pbs.twimg.com/media/HEFDylFaAAAHnFu.jpg,,in,,8,20,51,https://x.com/undefined/status/2035983053005431015,1482225970350530561,,SPKLU
2035911901549678779,Mon Mar 23 02:49:57 +0000 2026,2,Tm Info Arus Balik Elshinta 2026 akan memulai peliputan memantau kesiapan infrastruktur serta monitr arus lalu lintas khususnya dalam arus balik H+1 Lebaran 2026 pada Senin (23/3) pagi. Tim langsung menuju ruas tol Joglo untuk menuju ruas tol Jakarta-Tangerang lalu menuju ke https://t.co/wRvvfeVQnf,2035911901549678779,https://pbs.twimg.com/amplify_video_thumb/2035911216934383616/img/jtMt7tsYJMTWeAJC.jpg,,in,,0,0,0,https://x.com/undefined/status/2035911901549678779,121640063,,SPKLU
2035700492261827050,Sun Mar 22 13:18:27 +0000 2026,1,@KangManto123 Listrik nya kudu naik jadi golongan kaya dulu SPKLU nya ngantri berderet ,2035707681709973993,,KangManto123,in,,0,0,0,https://x.com/undefined/status/2035707681709973993,450008734,,SPKLU
2035399725604827444,Sat Mar 21 16:54:45 +0000 2026,2,Jadi tadi ngecas mobil di spklu. Ada bule afrika dtg. Pas dia ngecas error terus. Mau gak mau nanya kenapa masalahnya pake bahasa inggris. Tau sendiri inggrisnya aksen afrika gimana. W gak mudeng dikit. Trus dia ngasih aplikasi PLN nya ke w ternyata pake bahasa indo tuh app.,2035399725604827444,,,in,,0,0,0,https://x.com/undefined/status/2035399725604827444,81623106,,SPKLU
2034856542697398702,Fri Mar 20 04:56:20 +0000 2026,0,PLN: Ada SPKLU Tiap Jarak 22 Km https://t.co/NpSxRXL1Bo,2034856542697398702,,,in,,0,0,0,https://x.com/undefined/status/2034856542697398702,41730943,,SPKLU
2034563025345073391,Thu Mar 19 09:30:00 +0000 2026,0,Cara Cek Antrean SPKLU di Rest Area Tol Trans Jawa saat Mudik Lebaran 2026 https://t.co/gjGyMizarZ,2034563025345073391,,,in,,0,0,0,https://x.com/undefined/status/2034563025345073391,71436318,,SPKLU
2034496719640265077,Thu Mar 19 09:02:36 +0000 2026,2,@petrux_92 @fajarnugros @thedufresne Iya bbrp kali nyetir ke yogya non tol pemandangannya seru. Gak bikin cepet ngantuk. Buat yg pake mobil listrik jg udah bnyk SPKLU/charging station di jalur non tol. Bisa mampir di jl. Tuparev Cirebon bisa sblm Alas Roban atau Purwokerto dan Kebumen.,2034556129309811156,,petrux_92,in,,0,0,0,https://x.com/undefined/status/2034556129309811156,359453372,,SPKLU
2034545933141074233,Thu Mar 19 08:22:05 +0000 2026,1,Puncak Arus Mudik Kementerian ESDM dan PLN Cek Operasional SPKLU https://t.co/LQHkkffUPW https://t.co/9O79HiSgTd,2034545933141074233,https://pbs.twimg.com/media/HDwovn_XMAA4rZ1.jpg,,in,,0,0,0,https://x.com/undefined/status/2034545933141074233,118371948,,SPKLU
2034529748941197522,Thu Mar 19 07:17:46 +0000 2026,2,Mudik pakai kendaraan listrik? Tenang aja! Sekarang Stasiun Pengisian Kendaraan Listrik Umum (SPKLU) sudah tersebar di berbagai jalur mudik jadi pemudik nggak perlu khawatir kehabisan daya di perjalanan. Saat ini telah tersedia 4.791 SPKLU di 3.114 lokasi di seluruh https://t.co/eyS4xBUB7a,2034529748941197522,https://pbs.twimg.com/amplify_video_thumb/2034529546238881793/img/TiJwGRTugsfgjtGP.jpg,,in,,0,0,0,https://x.com/undefined/status/2034529748941197522,881756855583637504,,SPKLU
2034178374038634500,Thu Mar 19 05:54:57 +0000 2026,6,@seratbuah Yg dikhawatirkan sie itu. Makanya management perjalanannya harus bener. Rute harus jelas biar bisa tentukan titik2 SPKLU mana harus charging.,2034508906962235582,,seratbuah,in,,0,0,0,https://x.com/undefined/status/2034508906962235582,1466179188096913412,,SPKLU
2034491040942760156,Thu Mar 19 04:43:57 +0000 2026,1,11.40 #LiputanSonora #MudikSonora Suasana siang ini di rest area km 57 ramai sekali lahan parkir masih tersedia BBM SPKLU dan pengecekan angin juga tersedia . @HeriWiy https://t.co/J0m6WJdNOZ,2034491040942760156,https://pbs.twimg.com/ext_tw_video_thumb/2034491015047041024/pu/img/BhvbpW51j2Hz9nBW.jpg,,in,,0,0,0,https://x.com/undefined/status/2034491040942760156,180696019,,SPKLU
2034488570396934630,Thu Mar 19 04:34:08 +0000 2026,1,Rata-rata 50 kendaraan mobil listrik mengisi listrik di SPKLU di KM 57A ruas tol Jakarta Cikampek. @lilieksetyo78 https://t.co/FMyNWK4ciw,2034488570396934630,https://pbs.twimg.com/amplify_video_thumb/2034488483423944704/img/2WiIOrb1hivM6OQ7.jpg,,in,,0,0,0,https://x.com/undefined/status/2034488570396934630,180696019,,SPKLU
2034459159119470864,Thu Mar 19 02:37:16 +0000 2026,1,#SSInfo: Kementerian Pekerjaan Umum (PU) bersama Badan Usaha Jalan Tol (BUJT) sediakan 189 Stasiun Pengisian Kendaraan Listrik Umum (SPKLU) di berbagai rest area jalan tol. Dody Hanggodo Menteri PU mengatakan SPKLU tersedia 152 unit yang terpasang dari ruas Tol,2034459159119470864,,,in,,0,0,0,https://x.com/undefined/status/2034459159119470864,848614550,,SPKLU
2034178374038634500,Wed Mar 18 09:46:54 +0000 2026,37,@innovacommunity SPKLU rest Area 227 trans jawa kosong blong malah buat parkir mobil bensin Mungkin kebanyakan pemilik EV kokoh2 tionghoa nggak ikut mudik https://t.co/sMAig3kNnD,2034204891418394890,https://pbs.twimg.com/media/HDryj6WbYAA2K5C.jpg,innovacommunity,in,,0,5,2,https://x.com/undefined/status/2034204891418394890,302646982,,SPKLU
2034204573343314307,Wed Mar 18 09:45:38 +0000 2026,0,Segini Tarif Cas Mobil Listrik di SPKLU Tol untuk Mudik Lebaran 2026 https://t.co/OHa0rJz1XQ,2034204573343314307,,,in,,0,0,0,https://x.com/undefined/status/2034204573343314307,47274731,,SPKLU
2034200660640735495,Wed Mar 18 09:30:05 +0000 2026,0,Lengkap! Daftar SPKLU di Tol Jawa untuk Mudik Lebaran 2026 https://t.co/yLOPPoPGkl,2034200660640735495,,,in,,0,0,0,https://x.com/undefined/status/2034200660640735495,41730943,,SPKLU
2034197445085909476,Wed Mar 18 09:17:19 +0000 2026,0,Wakil Ketua Komisi XII DPR RI Sugeng Suparwoto memastikan ketersediaan energi seperti BBM gas serta pasokan listrik dari PLN termasuk fasilitas Stasiun Pengisian Kendaraan Listrik Umum (SPKLU) di jalur lintas Sumatra dalam kondisi siap. https://t.co/KWtQOBK4iI,2034197445085909476,https://pbs.twimg.com/media/HDrrsB1b0AAdgwt.jpg,,in,,0,1,0,https://x.com/undefined/status/2034197445085909476,109149190,,SPKLU
2034178374038634500,Wed Mar 18 08:01:32 +0000 2026,414,Belum ada drama rebutan SPKLU yah?,2034178374038634500,,,in,,1,41,21,https://x.com/undefined/status/2034178374038634500,1466179188096913412,,SPKLU
2034157970842677489,Wed Mar 18 06:40:27 +0000 2026,0,Daftar Titik SPKLU Tersebar di Pulau Jawa https://t.co/zzqoN7BcDY,2034157970842677489,,,in,,0,0,1,https://x.com/undefined/status/2034157970842677489,17128975,,SPKLU
2034129843605148149,Wed Mar 18 04:48:41 +0000 2026,5,Mudik makin santai persiapan juga harus makin niat Gaes kumparan bersama Telkomsel Siaga merilis Panduan Mudik 2026 (pdf) yang super lengkap! Mulai dari kalender mudik tarif tol daftar rest area yang memiliki SPKLU sampai prediksi cuaca. Langsung download di sini ya: https://t.co/zfPR4hT0GI,2034129843605148149,https://pbs.twimg.com/media/HDquCluboAA_7Vh.jpg,,in,,0,1,3,https://x.com/undefined/status/2034129843605148149,759692754985242625,,SPKLU
2034110508866146633,Wed Mar 18 03:31:51 +0000 2026,0,Video: Mudik Menggunakan EV PLN Siapkan SPKLU Ultra Fast https://t.co/HSeXvVCFOB,2034110508866146633,,,in,,0,0,0,https://x.com/undefined/status/2034110508866146633,847372542830444544,,SPKLU
2033944965563486705,Tue Mar 17 16:34:03 +0000 2026,2,Kawan JM siapa nih yang mau mudik nyaman bersama dengan mobil listrik tanpa harus panik? Tenang aja karena Jasa Marga sudah menyediakan SPKLU di 57 titik rest area Jasa Marga Group yang siap bikin mudik semakin asik di perjalanan loh. https://t.co/0CgxD41GON,2033944965563486705,https://pbs.twimg.com/media/HDoGKKxbEAMGNTO.jpg,,in,,0,1,0,https://x.com/undefined/status/2033944965563486705,873399092398800896,,SPKLU
2033944395855392986,Tue Mar 17 16:31:47 +0000 2026,2,Kawan JM siapa nih yang mau mudik nyaman bersama dengan mobil listrik tanpa harus panik? Tenang aja karena Jasa Marga sudah menyediakan SPKLU di 57 titik rest area Jasa Marga Group yang siap bikin mudik semakin asik di perjalanan loh. https://t.co/YaAuiz6r7q,2033944395855392986,https://pbs.twimg.com/media/HDoFpSzbEAUzyer.jpg,,in,,0,0,0,https://x.com/undefined/status/2033944395855392986,873399092398800896,,SPKLU
2033876002284441953,Tue Mar 17 12:00:01 +0000 2026,0,Mudik pakai mobil listrik kini makin tenang. Jarak tempuh makin jauh dan SPKLU sudah tersebar luas bahkan hingga rest area di Tol Trans Sumatera. Yuk cek daftar rest area dengan SPKLU di Trans Sumatera! #detikoto #mudikaman #SPKLU #TolTransSumatera https://t.co/qzjW58O8V6,2033876002284441953,https://pbs.twimg.com/media/HDmKo1kasAAoYrO.jpg,,in,,0,0,1,https://x.com/undefined/status/2033876002284441953,80543284,,SPKLU
2033815606664040520,Tue Mar 17 08:00:01 +0000 2026,1,Mudik Lebaran 2026 sudah di depan mata! Diprediksi lebih dari 50% penduduk Indonesia akan melakukan perjalanan mudik dan peningkatan arus mudik diperkirakan mulai terjadi pada 14-19 Maret 2026. Buat kamu yang akan mudik kumparan bersama Telkomsel Siaga telah menerbitkan https://t.co/MBHx4PX5Vi,2033815606664040520,https://pbs.twimg.com/media/HDle0cjaIAAWnJG.jpg,,in,,0,1,0,https://x.com/undefined/status/2033815606664040520,759692754985242625,,SPKLU
2033760290828128463,Tue Mar 17 04:20:13 +0000 2026,8,Klaim spek Exion PHEV tembus 1.100 km. Kalau ini realistis bisa jadi mobil elektrifikasi paling worry free buat mudik. Tanpa drama cari SPKLU. [Thread] https://t.co/jCIqsqKBYq,2033760290828128463,https://pbs.twimg.com/media/HDleM2iawAAKhlx.jpg,,in,,0,1,8,https://x.com/undefined/status/2033760290828128463,1278766828735524864,,SPKLU
2033747732238897425,Tue Mar 17 03:30:44 +0000 2026,0,Simak postingan ini untuk tahu apa saja yang perlu disiapkan termasuk lokasi SPKLU-nya. Bagikan juga ke keluarga atau teman yang mau mudik pakai mobil listrik yaa! #NyamanBersama #MenghubungkanIndonesia,2033747839575330933,,kemenhub151,in,,0,0,0,https://x.com/undefined/status/2033747839575330933,2915401872,,SPKLU
2033681875685019916,Mon Mar 16 23:08:37 +0000 2026,0,Kementerian Komunikasi dan Digital atau Kemkomdigi menghadirkan MudikPedia Lebaran 2026 atau Idul Fitri 1447 Hijriah. Ini adalah panduan digital yang memudahkan masyarakat memperoleh berbagai informasi penting seputar perjalanan arus mudik maupun balik. Direktur Jenderal https://t.co/X4pTHEGLiZ,2033681875685019916,https://pbs.twimg.com/media/HDkW4p3bEAAXbjP.jpg,,in,,0,0,1,https://x.com/undefined/status/2033681875685019916,41730943,,SPKLU
2033654529737298137,Mon Mar 16 21:19:58 +0000 2026,0,Mudik Naik Mobil Listrik ke Sumatera Catat Lokasi SPKLU-nya! https://t.co/U73MCzpBmg,2033654529737298137,,,in,,0,0,0,https://x.com/undefined/status/2033654529737298137,80543284,,SPKLU
2033558251992982000,Mon Mar 16 14:57:23 +0000 2026,3,Fasilitas SPKLU kini tersedia di puluhan rest area di sepanjang jalur tol dengan berbagai jenis pengisian mulai dari AC hingga DC fast charging. Baca Selengkapnya https://t.co/AhXW7OBIvX ~NA #MobilListrik #SPKLU #Mudik2026 #RestArea https://t.co/kpk1aFn6CL,2033558251992982000,https://pbs.twimg.com/media/HDimboAagAAxfqA.jpg,,in,,0,0,0,https://x.com/undefined/status/2033558251992982000,23343960,,SPKLU
2033553595275321798,Mon Mar 16 14:38:53 +0000 2026,0,ASTRA Infra menyediakan SPKLU di sejumlah rest area pada ruas tol yang dikelola seperti Tol Tangerang Merak Cikopo Palimanan (Cipali) hingga Jombang Mojokerto. Baca Selengkapnya https://t.co/Fri6OTyA6l ~NA #MobilListrik #SPKLU #Mudik2026 #TolTransJawa https://t.co/cp9xTRhkVA,2033553595275321798,https://pbs.twimg.com/media/HDiiLkebwAEdmv7.jpg,,in,,0,0,1,https://x.com/undefined/status/2033553595275321798,23343960,,SPKLU
2033427183038009548,Mon Mar 16 06:16:34 +0000 2026,3,SPONTAN Mudik Pakai Mobil Listrik Kini saatnya lebih berani bawa EV melaju lebih jauh di momen mudik.Dengan SPKLU PLN yang tersedia di berbagai titik perjalanan jarak jauh jadi makin nyaman dan praktis Yuk cek info lengkapnya di PLN Mobile #SpontanMudikPakaiMobilListrik https://t.co/V8HWsPXNPW,2033427183038009548,https://pbs.twimg.com/amplify_video_thumb/2033427013713920000/img/iD2lGh2T9lMYIy3-.jpg,,in,,0,0,0,https://x.com/undefined/status/2033427183038009548,1934445005122543616,,SPKLU
2033176557146210619,Sun Mar 15 13:40:40 +0000 2026,1,2 bulan pakai mobil listrik sekaligus mobil pertama hemat banget bjir konsumsi dayanya 12.2 kWh per 100 km artinya 1 kwh 2500 x 12.2 = 30.500 bisa nempuh 100 km Mana ini si jaecoo ngecash bisa nerima 130 kW ini nyoba di SPKLU Ultra fast charging 180 kW masuk 98 kW https://t.co/zbphgpUic1,2033176557146210619,https://pbs.twimg.com/media/HDdLTW_bgAAJljX.jpg,,in,,0,1,0,https://x.com/undefined/status/2033176557146210619,1735693779204808704,,SPKLU
2032803095240130689,Sat Mar 14 13:33:29 +0000 2026,0,@bukanomar_ @bukanomar_ Halo Kak admin siap melayani sepenuh hati terima kasih untuk masukkan yang diberikan ya. Agar dapat ditindaklanjuti bisa infokan alamat SPKLU tersebut &amp; no. telepon Kakak via DM ya. Admin tunggu konfirmasinya. Tks -Fida,2032812360701026442,,bukanomar_,in,,0,0,0,https://x.com/undefined/status/2032812360701026442,558516132,,SPKLU
2032804827244474812,Sat Mar 14 13:03:33 +0000 2026,2,Seberapa banyak SPKLU dengan jumlah mobil listrik yang dipakai mudik? Dengan range (misal) waktu 45 menit untuk 1 mobil (maks) sesuaikah atau sebandingkah?,2032804827244474812,,,in,,0,0,1,https://x.com/undefined/status/2032804827244474812,1418311652462579713,,SPKLU
2032769539654692993,Sat Mar 14 10:43:19 +0000 2026,4,PLN Siagakan Posko 24 Jam dan SPKLU di Jalur Mudik Jawa-Bali https://t.co/tUndgA5eae,2032769539654692993,,,in,,1,2,0,https://x.com/undefined/status/2032769539654692993,17128975,,SPKLU
2032763357250674932,Sat Mar 14 10:18:45 +0000 2026,4,PLN menekankan pentingnya edukasi bagi pengguna EV untuk memahami jenis pengisian daya agar proses pengisian lebih optimal aman dan nyaman. Secara umum terdapat empat kategori pengisian. Berikut adalah perbedaan tipe pengisian daya kendaraan listrik (EV) berdasarkan kapasitas https://t.co/gJmubUXD7Z,2032763357250674932,https://pbs.twimg.com/media/HDXQ1wqaMAMZHpN.jpg,,in,,0,0,1,https://x.com/undefined/status/2032763357250674932,41730943,,SPKLU
2032740930802082268,Sat Mar 14 08:49:39 +0000 2026,2,Ragam fasilitas di jalur Pantai Selatan Jalur Pantai Selatan (Pansela) Jawa merupakan rute alternatif untuk mudik yang menawarkan keindahan alam dan dilengkapi beragam fasilitas seperti stasiun pengisian kendaraan listrik umum (SPKLU) untuk kenyamanan pelaku perjalanan. Laman https://t.co/YYIq0X6UzV,2032740930802082268,https://pbs.twimg.com/media/HDW_GnRasAANZol.jpg,,in,,0,0,0,https://x.com/undefined/status/2032740930802082268,18071520,,SPKLU
2032672347396927799,Sat Mar 14 04:17:07 +0000 2026,1,Rest area KM 57 ruas tol Jakarta-Cikampek menyediakan SPKLU bagi pengguna mobil listrik. @lilieksetyo78 https://t.co/CpgrxJDvtF,2032672347396927799,https://pbs.twimg.com/amplify_video_thumb/2032672228723302400/img/aavy72mm0QTMeSIX.jpg,,in,,0,0,1,https://x.com/undefined/status/2032672347396927799,180696019,,SPKLU
2032622744202846269,Sat Mar 14 01:00:01 +0000 2026,1,Di Tol Trans Jawa sudah tersedia sekitar 60 titik SPKLU dari Banten hingga Jawa Timur bahkan sebagian sudah ultra fast charging 200 kW. Sebelum berangkat cek lokasi SPKLU lewat PLN Mobile Travoy atau Google Maps agar perjalanan tetap lancar. #Mudik2026 #MobilListrik #SPKLU https://t.co/bfkr81ycC4,2032622744202846269,https://pbs.twimg.com/amplify_video_thumb/2032357977089589248/img/6HwFQmt5QzWIwGUY.jpg,,in,,0,0,1,https://x.com/undefined/status/2032622744202846269,80543284,,SPKLU
2032431938959732813,Fri Mar 13 12:30:01 +0000 2026,0,Posko Nasional ESDM resmi beroperasi! PLN siap amankan lebaran dengan: Daya Mampu: 51 61 GW (Cadangan Aman). Personel: 72.000 Petugas Siaga. Infrastruktur: 1.681 SPKLU Jalur Mudik &amp; 4.769 SPKLU Nasional. Layanan: Siaga 24 Jam via PLN Mobile &amp; Hotline WA. https://t.co/Qb84fOhcTb,2032433999851962613,https://pbs.twimg.com/media/HDSn8meaUAAIh22.jpg,inilahdotcom,in,,0,1,0,https://x.com/undefined/status/2032433999851962613,46693036,,SPKLU
2032431938959732813,Fri Mar 13 12:21:49 +0000 2026,1,Mudik Pakai Mobil Listrik? Tenang SPKLU Kini 1 7 Kali Lipat Lebih Banyak! Tren mudik EV meningkat tajam! Tahun ini diproyeksikan lebih dari 23 ribu pemudik akan menggunakan kendaraan listrik. Guna mendukung mobilitas ini PLN telah menyiagakan 1.681 unit SPKLU di sepanjang https://t.co/7a1GGqmens,2032431938959732813,https://pbs.twimg.com/media/HDSmEgMaoAIb3Tj.jpg,,in,,0,2,0,https://x.com/undefined/status/2032431938959732813,46693036,,SPKLU
2032383483742498951,Fri Mar 13 09:09:18 +0000 2026,0,Dalam melakukan perjalanan jauh dengan mobil listrik pengendara perlu memperhatikan titik lokasi stasiun pengisian kendaraan listrik umum (SPKLU) agar ada persiapan kapan dan di mana mobil listrik perlu diisi ulang dayanya mengingat mobil listrik tidak seperti kendaraan dengan https://t.co/6Rji2VgcT3,2032383490201895237,https://pbs.twimg.com/media/HDR5_hxagAAZOGg.jpg,hariankompas,in,,0,0,0,https://x.com/undefined/status/2032383490201895237,255866913,,SPKLU
2032383483742498951,Fri Mar 13 09:09:17 +0000 2026,0,Penggunaan mobil listrik dapat menjadi pertimbangan bagi pemudik untuk mudik lebaran tahun ini. Namun ada hal yang perlu menjadi perhatian bagi penggunanya saat mudik. Simak infografik rest area jalan tol dengan SPKLU selengkapnya dalam tautan ini. ️ https://t.co/tXU3To0g0b https://t.co/6dxGSNA0Jr,2032383483742498951,https://pbs.twimg.com/media/HDR55jZbEAEy75j.jpg,,in,,1,1,0,https://x.com/undefined/status/2032383483742498951,255866913,,SPKLU
2032346165673673210,Fri Mar 13 06:40:59 +0000 2026,0,PLN memproyeksikan jumlah pemudik yang menggunakan kendaraan listrik pada Lebaran 2026 akan mencapai sekitar 23 ribu kendaraan. Angka tersebut meningkat sekitar 1 6 kali lipat dibandingkan periode mudik tahun sebelumnya seiring meningkatnya minat masyarakat terhadap penggunaan https://t.co/Q6qSbftM0F,2032346165673673210,https://pbs.twimg.com/media/HDRYDqfbQAQ5Mh0.jpg,,in,,0,1,0,https://x.com/undefined/status/2032346165673673210,121640063,,SPKLU
2032337216765333803,Fri Mar 13 06:05:26 +0000 2026,0,Jangan Khawatir Mudik Pakai Mobil Listrik PLN Nambah SPKLU 2x Lipat https://t.co/Ht01Aajy5g,2032337216765333803,,,in,,0,1,0,https://x.com/undefined/status/2032337216765333803,847372542830444544,,SPKLU
2032033144992661902,Thu Mar 12 09:57:58 +0000 2026,0,Mobil listrik juga mulai dilirik untuk perjalanan jarak jauh termasuk mudik Lebaran karena biaya energi lebih hemat. Penambahan SPKLU di berbagai wilayah turut meningkatkan kepercayaan pengguna untuk perjalanan antarkota. #RamadandiTikTok #MobilListrik #Gaikindo,2032033347862741023,,alineadotid,in,,0,0,0,https://x.com/undefined/status/2032033347862741023,354168059,,SPKLU
2032022729239507139,Thu Mar 12 09:15:46 +0000 2026,0,Rest Area Km 19 Tol Jogja-Solo Sediakan SPKLU untuk Pemudik https://t.co/5JMsg1Mfol https://t.co/8v2cYosgCL,2032022729239507139,https://pbs.twimg.com/media/HDMx51hW0AAFH1G.jpg,,in,,0,0,0,https://x.com/undefined/status/2032022729239507139,118371948,,SPKLU
2031970429867548688,Thu Mar 12 05:47:57 +0000 2026,1,Jelang Mudik Lebaran 2026 PLN Cek Kesiapan SPKLU Jalur Surabaya-Bali https://t.co/CzJotTynAk,2031970429867548688,,,in,,0,1,1,https://x.com/undefined/status/2031970429867548688,17128975,,SPKLU
2031963715135029283,Thu Mar 12 05:21:16 +0000 2026,0,Berapa Banyak Mobil Listrik Bisa Isi Daya SPKLU di Tol Saat Mudik? ~NA Klik untuk baca: https://t.co/a6bhIAEk1r,2031963715135029283,,,in,,0,0,0,https://x.com/undefined/status/2031963715135029283,23343960,,SPKLU
2031613010691948932,Wed Mar 11 06:07:41 +0000 2026,1,Cara Cek Lokasi SPKLU Terdekat saat Mudik Nanti Bisa Gunakan PLN Mobile hingga Google Maps https://t.co/Z4V5ehZNyT,2031613010691948932,,,in,,0,0,0,https://x.com/undefined/status/2031613010691948932,2392460208,,SPKLU
2031568292306145508,Wed Mar 11 03:10:00 +0000 2026,0,Penjualan Mobil Listrik Meningkat SPKLU di Rest Area Tol Diperbanyak saat Mudik https://t.co/OCWpUk30i5,2031568292306145508,,,in,,0,0,0,https://x.com/undefined/status/2031568292306145508,71436318,,SPKLU
2031339288018006141,Tue Mar 10 12:00:01 +0000 2026,1,Mudik pakai mobil listrik? Tenang! Sekarang makin banyak SPKLU di rest area Tol Trans Jawa jadi detikers bisa isi daya dengan lebih mudah selama perjalanan. Yuk catat dulu rest area yang sudah punya SPKLU! #detikoto #SPKLU #restarea #toltransjawa https://t.co/sQXnhW2GMM,2031339288018006141,https://pbs.twimg.com/media/HDCjv0Ya4AAOS6X.jpg,,in,,0,1,0,https://x.com/undefined/status/2031339288018006141,80543284,,SPKLU
2031247159451120026,Tue Mar 10 05:53:56 +0000 2026,0,Ini Daftar Rest Area Tol Trans Jawa yang Ada SPKLU https://t.co/2t6SbATpn5,2031247159451120026,,,in,,0,0,0,https://x.com/undefined/status/2031247159451120026,80543284,,SPKLU
2031237092353929533,Tue Mar 10 05:13:56 +0000 2026,0,Persiapan mudik Lebaran 2026 tidak hanya soal kondisi kendaraan dan fisik pengemudi. Bagi pengguna mobil listrik perencanaan lokasi pengisian daya juga penting sebelum melakukan perjalanan jarak jauh. Baca Selengkapnya https://t.co/RaEJRWoxJl ~NA #Mudik2026 #MobilListrik https://t.co/d8jrPYBZO7,2031237092353929533,https://pbs.twimg.com/media/HDBnXURaMAILxDm.jpg,,in,,0,0,0,https://x.com/undefined/status/2031237092353929533,23343960,,SPKLU
2030994574009909652,Mon Mar 09 13:49:49 +0000 2026,0,@JC_Frappuccino @JC_Frappuccino Hai Kak mimin siap melayani sepenuh hati. Kakak terkait perihal tersebut dapat menghubungi No.Hotline SPKLU ke No. 0877 7111 2123. Agar semua makin mudah ayo download aplikasi New PLN Mobile. Sehat selalu. Tks- Nisa,2031004530700382502,,JC_Frappuccino,in,,0,0,0,https://x.com/undefined/status/2031004530700382502,558516132,,SPKLU
2030961307730563524,Mon Mar 09 10:58:03 +0000 2026,0,Daftar SPKLU di Tol Trans Jawa kini semakin lengkap untuk mendukung perjalanan kendaraan listrik jarak jauh. Informasi lokasi pengisian daya ini penting untuk memastikan perjalanan tetap efisien aman dan nyaman. Simak daftar lengkapnya! #SPKLU #TolTransJawa https://t.co/bqYrexiAyo,2030961307730563524,https://pbs.twimg.com/media/HC9sikYaIAEElla.jpg,,in,,0,0,0,https://x.com/undefined/status/2030961307730563524,58880688,,SPKLU
2030959731955949688,Mon Mar 09 10:51:48 +0000 2026,2,Mudik Lebaran dengan mobil listrik semakin populer. Sebelum perjalanan penting untuk mengetahui lokasi SPKLU terdekat terutama di jalur tol seperti Tangerang Merak. Baca Selengkapnya https://t.co/k9kZ7NNENh ~NA #SPKLU #TolTangerangMerak #Mudik2026 #KendaraanListrik https://t.co/XqZY6DGClg,2030959731955949688,https://pbs.twimg.com/media/HC9rG0HacAAcJ_2.jpg,,in,,0,0,0,https://x.com/undefined/status/2030959731955949688,23343960,,SPKLU
2030954200939802915,Mon Mar 09 10:29:49 +0000 2026,0,PT PLN siagakan1.681 unit SPKLU di 994 lokasi sepanjang jalur mudik : ANTARA FOTO/Dedi Suwidiantoro/nz. Lihat Selengkapnya: https://t.co/Snh4NWvQHD https://t.co/ST4tVk1aNk,2030954200939802915,https://pbs.twimg.com/media/HC9mFSJaMAAX6fh.jpg,,in,,0,0,0,https://x.com/undefined/status/2030954200939802915,18071520,,SPKLU
2030903773871378590,Mon Mar 09 08:17:07 +0000 2026,0,@non_goodlooking @non_goodlooking Baik Kakak atas kendalanya admin mohon maaf setelah admin lakukan pengecekan perihal gangguan pada aplikasi PLN mobile untuk melakukan charger kakak dapat melaporkan via whastapp ke Hotline SPKLU di Nomor 0877 7111 2123 dan mohon kesediannya dapat mencoba,2030920805660672048,,non_goodlooking,in,,0,1,0,https://x.com/undefined/status/2030920805660672048,558516132,,SPKLU
2030812841125769721,Mon Mar 09 06:15:15 +0000 2026,0,@ndarvianp @ndarvianp Halo Kakak admin siap melayani sepenuh hati. Admin mohon maaf atas kendalanya ya Kak. Admin sarankan dapat dilakukan pengecekan berkala pada Aplikasi PLN Mobile dan Kakak dapat menghubungi via Whatsapp (WA) ke Hotline SPKLU di Nomor 0877 7111 2123. Agar semua makin,2030890136612053471,,ndarvianp,in,,0,0,0,https://x.com/undefined/status/2030890136612053471,558516132,,SPKLU
2030871203309593026,Mon Mar 09 05:00:01 +0000 2026,0,Pemerintah melalui PT PLN (Persero) telah mengoperasikan lebih dari 1.500 unit Stasiun Pengisian Kendaraan Listrik Umum (SPKLU) yang tersebar di sepanjang jalur mudik utama khususnya di koridor Trans Jawa dan Trans Sumatera. https://t.co/B42QCOFFDf,2030871203309593026,,,in,,0,0,0,https://x.com/undefined/status/2030871203309593026,68930552,,SPKLU
2030329021968658715,Sun Mar 08 12:06:36 +0000 2026,3,@2026akukayaraya asal jangan pake pas weekend. gue malah stres pake EV. jkt - bdg semua SPKLU penuh mana banyak yang rusak wkwk. untung pake ioniq gaperlu rebutan wall charging umum cukup pake punya khusus Hyundai,2030616167858282811,,2026akukayaraya,in,,0,0,0,https://x.com/undefined/status/2030616167858282811,1632556453,,SPKLU
2030540827752333752,Sun Mar 08 07:07:13 +0000 2026,14,Peresmian SPKLU di Gedung Kementrian Perdagangan https://t.co/yYvaP8eN2B,2030540827752333752,https://pbs.twimg.com/ext_tw_video_thumb/2030540716427083776/pu/img/dsvrruJ_EuFI4Zj9.jpg,,in,,0,1,1,https://x.com/undefined/status/2030540827752333752,785145642,,SPKLU
2030195663955517567,Sat Mar 07 10:27:52 +0000 2026,3,@Kudabajingan Klo sekedar commuting sehari-hari gass aja apalagi tinggal di Jakarta yang udah banyak SPKLU Tapi klo rencananya buat turing atau jalan jauh mending jangan,2030228935678828548,,Kudabajingan,in,,0,1,0,https://x.com/undefined/status/2030228935678828548,1647369447525711872,,SPKLU
2029857268133499135,Fri Mar 06 09:51:00 +0000 2026,24684,&gt; jadi fadia arafiq &gt; mantan penyanyi dangdut &gt; jadi bupati pekalongan 2 periode &gt; nggak paham hukum serahin urusan ke sekda cuma ngurus seremonial &gt; kena ott kpk 24 miliar dari total proyek 46 miliar maret 2026 &gt; mobil listrik abis batre pas lagi pelarian &gt; diciduk kpk pas https://t.co/szRaVy5WR9,2029857268133499135,https://pbs.twimg.com/media/HCte82vaYAAet-2.png,,in,,1310,1396,8495,https://x.com/undefined/status/2029857268133499135,3169172777,,SPKLU
2029823672375201826,Fri Mar 06 07:37:30 +0000 2026,3,PLN berkolaborasi dengan Kementerian Perdagangan RI menghadirkan Stasiun Pengisian Kendaraan Listrik Umum (SPKLU) Ultra Fast Charging di lingkungan kantor Kementerian Perdagangan Jakarta Pusat.Peresmian SPKLU dilaksanakan oleh Menteri Perdagangan RI Budi Santoso bersama Wakil https://t.co/4WfiJ0Fhdm,2029823672375201826,https://pbs.twimg.com/media/HCth3wZaQAEIPe7.jpg,,in,,0,1,1,https://x.com/undefined/status/2029823672375201826,2180179573,,SPKLU
2029770567889678553,Fri Mar 06 04:06:29 +0000 2026,0,PLN Bangun 3 SPKLU Fast Charging di Kemendag https://t.co/ZET15lTJiW,2029770567889678553,,,in,,0,0,0,https://x.com/undefined/status/2029770567889678553,847372542830444544,,SPKLU
2029747565726683319,Fri Mar 06 02:35:05 +0000 2026,1,55 Daftar SPKLU di Tol Trans Jawa Mudik Lebaran 2026 Pakai Mobil Listrik Makin Tanpa Was-was https://t.co/CtB3qbq8tv,2029747565726683319,,,in,,0,0,0,https://x.com/undefined/status/2029747565726683319,124171593,,SPKLU
2029685889136468323,Thu Mar 05 22:30:00 +0000 2026,1,Peresmian SPKLU Kemendag kolaborasi PLN dukung ekosistem kendaraan listrik nasional https://t.co/YhF2p8f0u1,2029685889136468323,,,in,,0,0,0,https://x.com/undefined/status/2029685889136468323,121640063,,SPKLU
2029551332856861146,Thu Mar 05 13:35:19 +0000 2026,0,KPK Cerita Pengejaran Bupati Pekalongan Fadia Arafiq: Hampir Kehilangan Jejak Ditemukan di SPKLU https://t.co/4ZoUt2ugHu,2029551332856861146,,,in,,0,0,0,https://x.com/undefined/status/2029551332856861146,71436318,,SPKLU
2029514761386201522,Thu Mar 05 11:10:00 +0000 2026,1,Menteri Perdagangan Budi Santoso meresmikan Stasiun Pengisian Kendaraan Listrik Umum (SPKLU) Kementerian Perdagangan guna memperkuat infrastruktur kendaraan listrik di Kementerian Perdagangan Kamis (5/3). Ria @Kemendag #MenteriPerdagangan #SPKLU #Kendaraan #Listrik https://t.co/VkrvPFcTaR,2029514761386201522,https://pbs.twimg.com/media/HCpBSVSaQAAl8c3.jpg,,in,,0,0,1,https://x.com/undefined/status/2029514761386201522,121640063,,SPKLU
2029468182864629968,Thu Mar 05 08:04:55 +0000 2026,2,Komisi Pemberantasan Korupsi (KPK) mengungkap lokasi penangkapan Bupati Pekalongan Fadia Arafiq (FAR) dalam rangkaian operasi tangkap tangan (OTT) pada 2 3 Maret 2026. Deputi Bidang Penindakan dan Eksekusi KPK Asep Guntur Rahayu menyebut Fadia diamankan saat sedang mengisi https://t.co/a037tgjPPm,2029468182864629968,https://pbs.twimg.com/amplify_video_thumb/2029468014706606083/img/TW4DT0I-H3BCpHXh.jpg,,in,,0,1,1,https://x.com/undefined/status/2029468182864629968,58880688,,SPKLU
2029311695857033314,Wed Mar 04 21:43:05 +0000 2026,0,Drama Penangkapan Bupati Pekalongan Fadia Arafiq Diamankan Saat Cas Mobil Listrik di SPKLU Semarang https://t.co/5jcVhSS64x via @tribunnews,2029311695857033314,,,in,,0,0,0,https://x.com/undefined/status/2029311695857033314,124171593,,SPKLU
2029230387118088542,Wed Mar 04 16:20:00 +0000 2026,1,KPK tangkap Fadia Arafiq di SPKLU meski sempat kehilangan jejak https://t.co/G5XNRVBFkP,2029230387118088542,,,in,,0,0,1,https://x.com/undefined/status/2029230387118088542,121640063,,SPKLU
2029196267038101798,Wed Mar 04 14:04:25 +0000 2026,2,KPK Ungkap Pengejaran Bupati Pekalongan saat OTT: Kehilangan Jejak Akhirnya Ditemukan di SPKLU https://t.co/t6wwBDpsYh,2029196267038101798,,,in,,0,1,1,https://x.com/undefined/status/2029196267038101798,71436318,,SPKLU
2029186122841309230,Wed Mar 04 13:24:06 +0000 2026,3,KPK Tangkap Bupati Pekalongan Fadia Saat Ngecas Mobil Listrik di SPKLU https://t.co/Y12Ed2Udc6,2029186122841309230,,,in,,0,0,2,https://x.com/undefined/status/2029186122841309230,17128975,,SPKLU
2029152947381178399,Wed Mar 04 11:12:17 +0000 2026,0,Drama OTT Bupati Pekalongan KPK Tangkap Fadia Arafiq di SPKLU https://t.co/tuAAWahmOI https://t.co/3Rx736l1pR,2029152947381178399,https://pbs.twimg.com/media/HCj_2jmWsAAlo4R.jpg,,in,,0,0,0,https://x.com/undefined/status/2029152947381178399,118371948,,SPKLU
2029148119775183233,Wed Mar 04 10:53:06 +0000 2026,2,Deputi Penindakan dan Eksekusi KPK Asep Guntur Rahayu mengatakan bahwa tersangka kasus dugaan korupsi jasa outsourcing Bupati Pekalongan Fadia Arafiq terjaring operasi tangkap tangan (OTT) saat berada di stasiun pengisian kendaraan listrik umum (SPKLU). ~RS https://t.co/w9zM0z3net,2029148119775183233,https://pbs.twimg.com/amplify_video_thumb/2029147765616590850/img/wdwhscsgWUu7NFun.jpg,,in,,0,0,2,https://x.com/undefined/status/2029148119775183233,23343960,,SPKLU
2029113914798354943,Wed Mar 04 08:37:11 +0000 2026,0,Panduan Lengkap Mudik Mobil Listrik: SPKLU Colokan dan Tarif ~NA Klik untuk baca: https://t.co/jusy87g83r,2029113914798354943,,,in,,0,1,0,https://x.com/undefined/status/2029113914798354943,23343960,,SPKLU
2029039864910581946,Wed Mar 04 03:42:56 +0000 2026,0,PT PLN Persero bersama mitra mempermudah mobilitas pengguna kendaraan listrik di Indonesia dengan mengoperasikan 4.655 Stasiun Pengisian Kendaraan Listrik Umum sepanjang tahun 2025. Infrastruktur tersebut tersebar di 3.007 titik di berbagai wilayah dan meningkat sekitar 44 persen https://t.co/n6FZyFMspU,2029039864910581946,https://pbs.twimg.com/media/HCiY_TaawAMdNth.jpg,,in,,0,0,0,https://x.com/undefined/status/2029039864910581946,71436318,,SPKLU
2028930055100088681,Tue Mar 03 20:26:35 +0000 2026,0,Mudik Lebaran pakai mobil listrik butuh perencanaan matang! Pelajari tips penting soal lokasi SPKLU manajemen baterai dan strategi rute https://t.co/HFXjn9u5ec,2028930055100088681,,,in,,0,1,0,https://x.com/undefined/status/2028930055100088681,23343960,,SPKLU
2028541443615453368,Mon Mar 02 18:42:23 +0000 2026,0,Rest area KM 20 dan KM 49 ruas Tol Lampung dari Bakauheni ke Kota Baru Lampung menyediakan fasilitas SPKLU untuk kendaraan pemudik. https://t.co/kXJE6LoRQC,2028541443615453368,https://pbs.twimg.com/amplify_video_thumb/2028541371951542272/img/A8eFbiOwMgCwJw2Z.jpg,,in,,0,0,0,https://x.com/undefined/status/2028541443615453368,180696019,,SPKLU
2028461663515725865,Mon Mar 02 14:51:07 +0000 2026,21,@txtdaritaxpayer Gila2 kalo beneran ini kelangkaan BBM sencrowd pake kendaran listrik rebutan spklu yg dalam satu waktu gak mungkin bebarengan fast charger. BBM dan listrik emang harusnya jalan bersama,2028483242295263382,,txtdaritaxpayer,in,,0,0,0,https://x.com/undefined/status/2028483242295263382,83053301,,SPKLU
2028373414281670662,Mon Mar 02 07:34:41 +0000 2026,0,Persiapan Mudik Lebaran 2026 Simak Daftar SPKLU di Tol Trans Jawa ~AM Klik untuk baca: https://t.co/9fhClLusBm,2028373414281670662,,,in,,0,0,0,https://x.com/undefined/status/2028373414281670662,23343960,,SPKLU
2027394601020248463,Fri Feb 27 14:45:14 +0000 2026,10,RAPAT KOORDINASI LINTAS SEKTORAL OPERASI KETUPAT KRAKATAU 2026 DALAM RANGKA PENGAMANAN IDUL FITRI 1447 H / 2026 M Pada hari Jumat 27 Februari 2026 bertempat di Siger Lounge Polda Lampung dilaksanakan kegiatan Rapat Koordinasi Lintas Sektoral terkait pelaksanaan Operasi https://t.co/KXhBL0YyGu,2027394601020248463,https://pbs.twimg.com/ext_tw_video_thumb/2027393130484609024/pu/img/NlzMqVt6tHCPrzqr.jpg,,in,,0,0,0,https://x.com/undefined/status/2027394601020248463,843124411,,SPKLU
2027287821099417993,Fri Feb 27 07:40:56 +0000 2026,10,RAPAT KOORDINASI LINTAS SEKTORAL OPERASI KETUPAT KRAKATAU 2026 DALAM RANGKA PENGAMANAN IDUL FITRI 1447 H / 2026 M Pada hari jum'at 27 Februari 2026 bertempat di Siger Lounge Polda Lampung dilaksanakan kegiatan Rapat Koordinasi Lintas Sektoral terkait pelaksanaan Operasi https://t.co/6ZJWIgayEZ,2027287821099417993,https://pbs.twimg.com/media/HCJdnz5b0AAqogg.jpg,,in,,0,0,0,https://x.com/undefined/status/2027287821099417993,843124411,,SPKLU
2026987137783243236,Thu Feb 26 11:46:07 +0000 2026,0,Travoy Rest Area KM 88B Tol Cipularang menuju Purwakarta menyediakan berbagai fasilitas pendukung bagi pemudik di masa libur Lebaran 2026. Area parkir luas Taman Bermain Lalu Lintas SPBU SPKLU toilet gratis ruang laktasi dan restoran dengan variasi menu. https://t.co/EGrrCDGCDg,2026987137783243236,https://pbs.twimg.com/amplify_video_thumb/2026987066861699072/img/FDPJDWlNgyBWGJnH.jpg,,in,,0,0,0,https://x.com/undefined/status/2026987137783243236,180696019,,SPKLU
2026876951286395145,Thu Feb 26 04:28:17 +0000 2026,2,29 tahun menghadirkan energi untuk negeri Pertamina Patra Niaga melalui MyPertamina berikan apresiasi kepada konsumen setia HANYA SATU HARI! Jadi jangan sampai terlewat untuk transaksi Pertamax Series Dex Series pembelian tabung perdana atau isi ulang Bright Gas https://t.co/FH16TUIKIR,2026876951286395145,https://pbs.twimg.com/media/HCDp1Sia8AAB7-H.jpg,,in,,0,0,0,https://x.com/undefined/status/2026876951286395145,788714108245774338,,SPKLU
2026714609152045372,Wed Feb 25 17:43:12 +0000 2026,1,Sejumlah Stasiun Pengisian Kendaraan Listrik Umum (SPKLU) tersedia bagi pengguna jalan di Tol Jakarta Cikampek hingga Tol Cipali. Diantaranya di KM 57 KM 86 dan KM 102 arah Cirebon. Para calon pemudik Lebaran 2026 dengan kendaraan listrik bisa memanfaatkan fasilitas tersebut. https://t.co/mp8ukjNGNW,2026714609152045372,https://pbs.twimg.com/amplify_video_thumb/2026714542844293122/img/w1kJbXV3X_JmuvJJ.jpg,,in,,0,0,0,https://x.com/undefined/status/2026714609152045372,180696019,,SPKLU
2026527158471196904,Wed Feb 25 06:22:43 +0000 2026,2,EV mempunyai Bottleck 1. Refining &amp; processing (hilirisasi) 2. Integrasi Ke Software 3. Electeiciry Grid (SPKLU) 4. Resale Value Ketidakpastian setelah 5 tahun terhadap baterai nya. 3 poin ini saja sudah membutuhkan Basic Material (timah copper alumunium lithium dan https://t.co/rLK3wEJZrp,2026543360085995637,https://pbs.twimg.com/media/HB-6cinaMAUCmnm.jpg,Gieehad,in,,0,1,0,https://x.com/undefined/status/2026543360085995637,1034308064,,SPKLU
2026203123803718098,Tue Feb 24 07:50:44 +0000 2026,0,PLN MEBI dan HUAWEI Resmikan SPKLU Signature dengan Ultra-Fast Charging dan Split Charging Pertama di Indonesia Sinergi lintas sektor dalam mempercepat pengembangan infrastruktur kendaraan listrik (Electric Vehicle/EV) terus mencatatkan hasil positif. Teranyar PT PLN https://t.co/oswNZqL11G,2026203123803718098,https://pbs.twimg.com/media/HB6E_PoboAAbLgf.jpg,,in,,0,1,0,https://x.com/undefined/status/2026203123803718098,71436318,,SPKLU
2026149969393242122,Tue Feb 24 04:19:31 +0000 2026,1,RX6000 Tembus Batas: Motor Listrik Adventure Pertama dengan Charging SPKLU Euro Type 2 https://t.co/IM7vDLjhUK,2026149969393242122,,,in,,0,0,0,https://x.com/undefined/status/2026149969393242122,2392460208,,SPKLU
2026057860136972362,Mon Feb 23 22:13:30 +0000 2026,23,Mobil hybrid dirasa masih jadi alternative paling cocok di Indonesia karna penyebaran SPKLU yang belum merata. Seandainya harga mobil hybrid bisa lebih terjangkau apakah teman2 mau ganti/nambah mobil nya? https://t.co/ExKM6icAaA,2026057860136972362,https://pbs.twimg.com/media/HB4A4zBbgAAsXey.jpg,,in,,0,5,1,https://x.com/undefined/status/2026057860136972362,853206219611185152,,SPKLU
2025395019440697455,Sun Feb 22 02:19:37 +0000 2026,0,Rest area KM 57 Tol Jakarta Cikampek menjadi lokasi favorit pemberhentian pertama pemudik di Tol Jakarta Cikampek. Sejumlah fasiltas tersedia lengkap mulai dari SPBU SPKLU masjid toilet restoran dan berbagai fasilitas lainnya. : Reporter Sonora/@SaortuaMarbun https://t.co/7RFCzonE4r,2025395019440697455,https://pbs.twimg.com/amplify_video_thumb/2025394925202968576/img/TQ2TIvboyC5pk9rs.jpg,,in,,0,0,0,https://x.com/undefined/status/2025395019440697455,180696019,,SPKLU
2025146957308846087,Sat Feb 21 09:53:54 +0000 2026,0,Sejumlah Stasiun Pengisian Kendaraan Listrik Umum (SPKLU) tersedia bagi pengguna jalan di Tol Jakarta Cikampek hingga Tol Cipali di antaranya di KM 57 KM 86 dan KM 102 arah Cirebon. #EkspedisiMudik2026 https://t.co/Nthkl6fXQT,2025146957308846087,https://pbs.twimg.com/amplify_video_thumb/2025146887532339200/img/VPCJZMPhM_TWvtmG.jpg,,in,,0,0,0,https://x.com/undefined/status/2025146957308846087,180696019,,SPKLU
2024963816828928402,Sat Feb 21 09:02:13 +0000 2026,20,@VIVAcoid Diketawain PLN. Di PLN Mobile kalau kita charging di SPKLU misal kita melakukan pembelian 100rb kemudian melakukan charging kendaraan. Ketika baru terpakai 50rb dan kita hentikan maka sisa yang tidak terpakai akan kembali menjadi saldo. tidak hangus,2025133948620460511,,VIVAcoid,in,,0,2,4,https://x.com/undefined/status/2025133948620460511,1089712773280362496,,SPKLU
2025121487070621849,Sat Feb 21 08:12:42 +0000 2026,1,Rest area KM 57 Tol Jakarta Cikampek menjadi lokasi favorit pemberhentian pertama pemudik di Tol Jakarta Cikampek. Sejumlah fasiltas tersedia lengkap mulai dari SPBU SPKLU masjid toilet restoran dan berbagai fasilitas lainnya. : Reporter Sonora/@saortuamarbun https://t.co/E56jtUXU2V,2025121487070621849,https://pbs.twimg.com/amplify_video_thumb/2025121379365081088/img/etC3cohY_-2v10V8.jpg,,in,,0,0,0,https://x.com/undefined/status/2025121487070621849,180696019,,SPKLU
2025049632729186513,Sat Feb 21 03:27:10 +0000 2026,3,Sebenernya ga salah sih kalau jawabnya biasa aja yang salah itu kalau lewatin Weekend Promo Dobel Poin dari MyPertamina Transaksi produk - produk unggulan Pertamina mulai dari isi Pertamax Series Dex Series beli Bright Gas jajan di Bright Store Bright Cafe atau isi oli https://t.co/796SalOsQT,2025049632729186513,https://pbs.twimg.com/amplify_video_thumb/2025049504937115653/img/ddePSeLrXFC9b2pR.jpg,,in,,0,0,2,https://x.com/undefined/status/2025049632729186513,788714108245774338,,SPKLU
2024440893819015293,Thu Feb 19 11:18:06 +0000 2026,0,@vemmy_n @vemmy_n Hai Kak Vemmy admin siap melayani sepenuh hati mohon maaf perihal tsb Kakak dapat melakukan pengecekan lokasi SPKLU dilokasi lain dapat dilakukan pada aplikasi PLN Mobile berikut langkah-langkah melakukan pengecekan mandiri melalui aplikasi PLN Mobile dengan cara -,2024443371100790854,,vemmy_n,in,,0,1,0,https://x.com/undefined/status/2024443371100790854,558516132,,SPKLU
2024395145698037997,Thu Feb 19 08:06:28 +0000 2026,4,SPKLU Ultra Fast Charging di Tangsel Isi hingga 80 Persen Enggak Lama https://t.co/ptllmJwKLP,2024395145698037997,,,in,,0,0,0,https://x.com/undefined/status/2024395145698037997,17128975,,SPKLU
2024338147073806777,Thu Feb 19 04:19:59 +0000 2026,0,PLN MEBI &amp; Huawei Hadirkan SPKLU Zora Ultra Fast Charging https://t.co/jMktyLU0lA,2024338147073806777,,,in,,0,0,0,https://x.com/undefined/status/2024338147073806777,847372542830444544,,SPKLU
2023925655357059526,Wed Feb 18 01:00:53 +0000 2026,763,Kesuksesan BYD ini kombinasi visionernya Wang Chuanfu (founder &amp; CEO BYD) dan Wan Gang (Menteri Saintek Tiongkok 2007-2018). Wan Gang itu disebut Bapak EV negara panda :) ️ Wang Chuanfu adalah chemist dengan keahlian di baterai; makanya dia kemudian mendirikan pabrik baterai,2023925655357059526,,,in,,22,25,191,https://x.com/undefined/status/2023925655357059526,69806285,,SPKLU
2023701123597808023,Tue Feb 17 10:08:41 +0000 2026,0,Naik Level! Ini SPKLU 400 kW Pertama di Indonesia https://t.co/PiMZsTyVEp,2023701123597808023,,,in,,0,0,0,https://x.com/undefined/status/2023701123597808023,80543284,,SPKLU
2023689737723318449,Tue Feb 17 09:23:26 +0000 2026,0,Gandeng MEBI &amp; HUAWEI PLN Resmikan SPKLU Ultra-Fast 480 kW https://t.co/wMN2sHy4bi,2023689737723318449,,,in,,0,0,0,https://x.com/undefined/status/2023689737723318449,847372542830444544,,SPKLU
2023645875772551625,Tue Feb 17 06:29:08 +0000 2026,0,SPKLU 480 kW dengan Liquid Cooling Resmi Beroperasi di Gading Serpong Isi Daya 20 Menit Bisa Tembus 80 Persen https://t.co/CqKTg1ZXgQ,2023645875772551625,,,in,,0,0,0,https://x.com/undefined/status/2023645875772551625,2392460208,,SPKLU
2023351666972709342,Mon Feb 16 11:00:04 +0000 2026,0,Sinergi Global untuk Dekarbonisasi Transportasi Indonesia PLN bersama MEBI dan Huawei Digital Power resmi mengoperasikan SPKLU Signature ZORA. Inovasi ini adalah langkah nyata untuk mendukung target pemerintah dalam memperluas infrastruktur EV nasional yang kini telah mencapai https://t.co/SAocUsuH4D,2023351666972709342,https://pbs.twimg.com/media/HBRjnjvaMAAZhov.jpg,,in,,0,1,0,https://x.com/undefined/status/2023351666972709342,46693036,,SPKLU
2023256166550450660,Mon Feb 16 04:40:35 +0000 2026,2,Liburan jadi lebih seru ketika semuanya sudah terencana dengan baik. Mau liburan pakai kendaraan listrik? Pastikan kamu gunakan fitur Trip Planner di PLNMobile. Kamu bisa lihat rute perjalanan sekaligus lokasi SPKLU terdekat. Mulai dari cek ketersediaan charger estimasi jarak https://t.co/BOWaNyCmHg,2023256166550450660,https://pbs.twimg.com/amplify_video_thumb/2023256102767673344/img/ao4GBPj7cFN7teSu.jpg,,in,,0,0,0,https://x.com/undefined/status/2023256166550450660,1260833363411128321,,SPKLU
2023217717336273303,Mon Feb 16 02:07:48 +0000 2026,2,Siap charge mobil listrik tanpa tunggu lama Electrizen? SPKLU Signature ZORA kini hadir di Gading Serpong dengan Ultra Fast Charging hingga 400 kA dan fasilitas premium. https://t.co/sHwWWqVjuD,2023217717336273303,https://pbs.twimg.com/media/HBPpycCaoAAhF0G.jpg,,in,,0,0,0,https://x.com/undefined/status/2023217717336273303,1260833363411128321,,SPKLU
2023214648787636487,Mon Feb 16 01:55:36 +0000 2026,2,Charge mobil listrik di SPKLU ribet nggak sih? Yuk tanya langsung ke Electrizen yang hadir di IIMS 2026. #PLNUntukSemua #PLNUntuklndonesia https://t.co/voj9kfRlwY,2023214648787636487,https://pbs.twimg.com/amplify_video_thumb/2023214563337109504/img/WKJashoBKNy1pE-o.jpg,,in,,0,0,0,https://x.com/undefined/status/2023214648787636487,1260833363411128321,,SPKLU
2022610515479110000,Sun Feb 15 03:20:05 +0000 2026,2,@rasjawa Mau komen ini UTAS dan jawaban pembuat UTAS cenderung asal dan tendensius. 1. Tidak secara langsung bertanya penyebabnya lalu menyimpulkan. 2. Setiap ada yang menyampaikan alternatif solusi di rest area ada SPKLu selalu menyanggah dengan bilang SPKLU penuh dan antri. Jadi maksud,2022873521714819185,,rasjawa,in,,0,1,0,https://x.com/undefined/status/2022873521714819185,399901511,,SPKLU
2022610515479110000,Sat Feb 14 14:53:55 +0000 2026,8,@rasjawa Apa iya driver EV sebego itu? Kalo gw ya akan cek batere estimasi jarak tempuh cek traffic di maps pas di rest area yg ada SPKLU nya kalo itung2an nya sampe tujuan ya lanjut kalo enggak ya antri ngecas. Lain hal kalo ada force majeure (macet efek kecelakaan atau bencana).,2022685743194542193,,rasjawa,in,,0,2,0,https://x.com/undefined/status/2022685743194542193,64716682,,SPKLU
2022610515479110000,Sat Feb 14 11:14:33 +0000 2026,3,@ramdanichan @arisw89 @rasjawa tp tar di SPKLU nya pasti penuh jg kali ya,2022630535630327816,,ramdanichan,in,,0,0,0,https://x.com/undefined/status/2022630535630327816,948881269399592960,,SPKLU
2022623461836042568,Sat Feb 14 10:46:26 +0000 2026,206,Seorang netizen dengan gobloknya nyolokin mobil ke SPKLU tapi gak nyalain start charging. Udah kayak kisah rice cooker versi EV,2022623461836042568,,,in,,3,13,20,https://x.com/undefined/status/2022623461836042568,56070794,,SPKLU
2022610515479110000,Sat Feb 14 10:44:21 +0000 2026,29,@arisw89 @rasjawa @Isnasson di area tol gratis sampai pintu tol. di rest area banyak SPKLU jadi gak perlu bayar towing,2022622937292083392,,arisw89,in,,0,1,0,https://x.com/undefined/status/2022622937292083392,200837792,,SPKLU
2021907859819372974,Fri Feb 13 03:47:32 +0000 2026,5,@Naufaldaakbar @SmwGwOto SPKLU U nya UMUM . Di apps ada keterangannya kalo charging station tsb bukan untuk umum https://t.co/LBCePEg1IA,2022155652597264548,https://pbs.twimg.com/media/HBAj2MkbsAIH8G4.jpg,Naufaldaakbar,in,,0,0,0,https://x.com/undefined/status/2022155652597264548,167700093,,SPKLU
2021907859819372974,Fri Feb 13 00:45:08 +0000 2026,4,@speedjunkiez @SmwGwOto Oh ini berarti umum gk ada keterangan SPKLU nya untuk karyawan. Kalo area khusus emang udh di blok bahkan ada keterangan nya di app nya .,2022109751929450748,,speedjunkiez,in,,0,0,0,https://x.com/undefined/status/2022109751929450748,1169238012,,SPKLU
2021907859819372974,Thu Feb 12 22:05:44 +0000 2026,42,@SmwGwOto Kayaknya itu SPKLU. Ada di aplikasi PLN. https://t.co/j9YwhZe48F,2022069638209974282,https://pbs.twimg.com/media/HA_VnsibcAA0NRs.jpg,SmwGwOto,in,,0,1,2,https://x.com/undefined/status/2022069638209974282,1534020422978502658,,SPKLU
2021907859819372974,Thu Feb 12 17:57:23 +0000 2026,6,@SmwGwOto SPKLU = Stasiun Pengisian Kendaraan Listrik Uistri Pejabat,2022007140005937488,,SmwGwOto,in,,0,0,1,https://x.com/undefined/status/2022007140005937488,566229882,,SPKLU
2021907859819372974,Thu Feb 12 15:17:35 +0000 2026,4,@SmwGwOto Kalau memang spklu punya pln laporkan aja di pln mobile. Kapan hari pernah mau ngecas di spklu pln di parkiran resto. Katanya motor nggak bisa. Padahal udah dijelasin kalo aku pake adaptor. Langsung lapor gak sampe seminggu akhirnya dibolehin malah ada colokan khusus motor ,2021966923303727162,,die9sym,in,,0,0,0,https://x.com/undefined/status/2021966923303727162,167700093,,SPKLU
2021907859819372974,Thu Feb 12 15:13:21 +0000 2026,2,@SmwGwOto Jangankan SPKLU yg simple aja spt slot parkir khusus di perkantoran yang sudah ada usernya jg ga ada yg boleh pake kecuali ybs.,2021965857912701058,,SmwGwOto,in,,0,2,0,https://x.com/undefined/status/2021965857912701058,1469991641951862784,,SPKLU
2021907859819372974,Thu Feb 12 15:10:28 +0000 2026,18,@SmwGwOto SPKLU - nya buat umum tapi areanya itu mungkin itu areanya di parkiran khusus pekerja/staff jadi gak boleh Ibarat SPBU - untuk umum tapi kalo SPBU nya di rest area tol kemungkinan pengendara motor ngak boleh akses,2021965131622822220,,SmwGwOto,in,,0,2,0,https://x.com/undefined/status/2021965131622822220,1696196671464767490,,SPKLU
2021960826018845068,Thu Feb 12 14:53:21 +0000 2026,18,Apakah Mobil Listrik Benar2 Ramah Lingkungan? Mobil listrik ternyata tidak selistrik (maksudnya seramah lingkungan ) seperti yang kita pikirkan selama ini? Mungkin jarang yang bertanya: saat nge-charge mobil listrik entah di rumah atau SPKLU dari manakah sumber listriknya? https://t.co/4TzGTOC0zX,2021960826018845068,https://pbs.twimg.com/media/HA9ypoqbsAIHURG.jpg,,in,,2,17,3,https://x.com/undefined/status/2021960826018845068,18359715,,SPKLU
2021907859819372974,Thu Feb 12 14:18:01 +0000 2026,9,@SmwGwOto Biasanya yg dikantor kantor bukan spklu..dan gak pake aplikasi tapi pakai kartu yg di pegang member atau satpam,2021951934568313341,,SmwGwOto,in,,0,1,0,https://x.com/undefined/status/2021951934568313341,1716660496475246592,,SPKLU
2021907859819372974,Thu Feb 12 13:56:07 +0000 2026,50,@SmwGwOto SPKLU U nya itu UMUM; bukan Usus pejabat,2021946422132875611,,SmwGwOto,in,,0,0,0,https://x.com/undefined/status/2021946422132875611,1084466844054913024,,SPKLU
2021923231331164570,Thu Feb 12 12:23:58 +0000 2026,3,Mudik Aman 2026 Korlantas Polri Google dan Jasa Marga Integrasikan Informasi Lalu Lintas Korlantas Polri bersama Google Indonesia dan Jasa Marga kembali memperkuat kolaborasi untuk memastikan informasi arus mudik dapat diakses masyarakat secara cepat dan real time. Mulai dari https://t.co/z3hfAXXPv3,2021923231331164570,https://pbs.twimg.com/media/HA9QdpybsAUPCrL.jpg,,in,,0,0,1,https://x.com/undefined/status/2021923231331164570,130169009,,SPKLU
2021920700454645815,Thu Feb 12 12:13:55 +0000 2026,0,United Rilis Motor Listrik yang Bisa Dicas di SPKLU Segini Harganya https://t.co/FlQfC1XmyU,2021920700454645815,,,in,,0,0,0,https://x.com/undefined/status/2021920700454645815,80543284,,SPKLU
2021907859819372974,Thu Feb 12 11:22:53 +0000 2026,1115,Apakah itu SPKLU atau charging station utk internal? Biasanya klo perkantoran suka bikin charging station khusus karyawan atau pelanggan. https://t.co/pEQimETJjk,2021907859819372974,https://pbs.twimg.com/media/HA9Ce3SbsAIeM0Y.jpg,,in,,9,61,63,https://x.com/undefined/status/2021907859819372974,853206219611185152,,SPKLU
2021737782222500059,Thu Feb 12 00:07:04 +0000 2026,2,At least EV editions! Electrizen setuju nggak? #PLNUntukSemua #PLNUntuklndonesia #SPKLU #PLNMobile https://t.co/qIfOJga8Cy,2021737782222500059,https://pbs.twimg.com/media/HA6nyseaUAAET_L.jpg,,in,,0,0,0,https://x.com/undefined/status/2021737782222500059,1260833363411128321,,SPKLU
2019643858741784810,Fri Feb 06 05:26:33 +0000 2026,1,Kakorlantas Polri Irjen Pol Drs. Agus Suryonugroho meninjau langsung Rest Area KM 66 Tol Pandaan Malang sebagai bagian dari kesiapan pengamanan mudik Lebaran 2026. ️ Pengecekan dilakukan mulai dari jalur tol jalan arteri hingga fasilitas pendukung demi memastikan keamanan https://t.co/ux9mhVEJGP,2019643858741784810,https://pbs.twimg.com/media/HAc3Yqub0AAx0zo.jpg,,in,,0,0,1,https://x.com/undefined/status/2019643858741784810,130169009,,SPKLU
2019349358848917618,Thu Feb 05 09:56:19 +0000 2026,0,Kolaborasi PLN UCI dan Grand Aston Resmikan SPKLU Ultra Fast Puncak https://t.co/EV1Wg6xsu4,2019349358848917618,,,in,,0,0,0,https://x.com/undefined/status/2019349358848917618,135795460,,SPKLU
2019030063824687259,Wed Feb 04 12:47:33 +0000 2026,2,Sobat Gatrik Kendaraan listrik atau Electric Vehicle (EV) merupakan salah satu pilar utama transisi energi Indonesia untuk mencapai Net Zero Emission di tahun 2060. Untuk menekan emisi karbon dan polusi udara sekaligus mendukung mobilitas ramah lingkungan pemerintah terus https://t.co/HGllCuDFMn,2019030063824687259,https://pbs.twimg.com/media/HAUJIiCXIAEJOH9.jpg,,in,,0,0,0,https://x.com/undefined/status/2019030063824687259,881756855583637504,,SPKLU
2018679685803327870,Tue Feb 03 13:35:17 +0000 2026,0,Indonesia Punya 4.778 SPKLU Saat Ini Ditargetkan 192 Ribu pada 2034 https://t.co/6KIuQoBqoW,2018679685803327870,,,in,,0,0,0,https://x.com/undefined/status/2018679685803327870,17128975,,SPKLU
2018652348915282137,Tue Feb 03 11:46:39 +0000 2026,0,Road Trip Naik EV Aletra L8 ke Sumatera Cek Tarif Kapal Tol dan Lokasi SPKLU https://t.co/zy3Yz0oQfs,2018652348915282137,,,in,,0,0,0,https://x.com/undefined/status/2018652348915282137,80543284,,SPKLU
2018247668854878289,Mon Feb 02 08:58:36 +0000 2026,2,China Punya Jutaan SPKLU Terbanyak di Dunia ~NA Klik untuk baca: https://t.co/IANJs1Trvy,2018247668854878289,,,in,,0,0,0,https://x.com/undefined/status/2018247668854878289,23343960,,SPKLU
2017857170780696805,Sun Feb 01 09:03:24 +0000 2026,0,@elkhanzz @Mingchu_Ang @elkhanzz Hi Kakak mimin siap melayani sepenuh hati terkait kendala SPKLU saat ini sudah normal kembali mohon di coba kembali ya kak. Agar semua makin mudah ayo download aplikasi New PLN Mobile. Sehat selalu Trims - Yaka,2017886492358840726,,elkhanzz,in,,0,1,0,https://x.com/undefined/status/2017886492358840726,558516132,,SPKLU
2015259614401454145,Sun Jan 25 05:25:40 +0000 2026,5,@tanyakanrl Mobil listrik bekas. Hemat pajak hemat BBM kalo jarak 30. Kemungkinan sehari bensin habis 60 -70 ribu belum tol. Kalo mobil listrik sekitar 20 ribu cas di rumah 35-40 ribu di SPKLU,2015294980504596916,,tanyakanrl,in,,0,2,0,https://x.com/undefined/status/2015294980504596916,89871368,,SPKLU
2015077912433852482,Sat Jan 24 15:03:07 +0000 2026,7,Ini sih masih mending Bang pernah liat di spklu PLN habis ada yang ngerecharge kabel charging digeletakkin aja di tanah kayak selang air... https://t.co/WWHERlyNJ4,2015077912433852482,https://pbs.twimg.com/media/G_b-rpdaYAARXSH.jpg,,in,,0,3,2,https://x.com/undefined/status/2015077912433852482,10024342,,SPKLU
2014590943778025562,Fri Jan 23 06:48:04 +0000 2026,2,MALANG PLN Unit Pelaksana Pelayanan Pelanggan (UP3) Malang menegaskan komitmennya mendukung transisi energi nasional melalui penguatan ekosistem kendaraan listrik. Salah satunya dengan menghadirkan Stasiun Pengisian Kendaraan Listrik Umum (SPKLU) terbanyak di Jawa Timur yang https://t.co/5fEkiZgpFD,2014590943778025562,https://pbs.twimg.com/amplify_video_thumb/2014590760868528129/img/-oG6nzxf-dN3bqj1.jpg,,in,,0,2,0,https://x.com/undefined/status/2014590943778025562,1068381082381299713,,SPKLU
2014263939018936572,Thu Jan 22 09:08:40 +0000 2026,6,MALANG Program bantuan becak listrik dari Presiden RI Prabowo Subianto ditargetkan rampung pada 2027 dengan total sasaran sekitar 80.000 pengemudi becak di seluruh Indonesia. Program ini merupakan pengadaan nasional yang dimulai sejak 2025 dan dilanjutkan hingga 2027. Ketua https://t.co/LKK3kuoqed,2014263939018936572,https://pbs.twimg.com/amplify_video_thumb/2014263744424247297/img/_8aCZHt2IP1ATK31.jpg,,in,,1,2,0,https://x.com/undefined/status/2014263939018936572,1068381082381299713,,SPKLU
2011616521840361684,Wed Jan 21 01:24:50 +0000 2026,0,@Suryafasten @Suryafasten Hi Kak admin siap melayani sepenuh hati. Kak mohon maaf atas kendalanya apakah terkait kendala pada home Chargernya? Jika benar terkait perihal tersebut kk dapat menghubungi Via Wa ke Hotline SPKLU di nomor telpon 087771112123. Agar semua makin mudah ayo,2013784821542330865,,Suryafasten,in,,0,1,0,https://x.com/undefined/status/2013784821542330865,558516132,,SPKLU
2013143057248448758,Mon Jan 19 06:54:41 +0000 2026,2,Enyak Babeh roadtrip ke Bali pakai EV Enyak deg degan takut kehabisan daya di jalan Padahal di PLN Mobile ada menu Electric Vehicle. Bisa cek lokasi SPKLU terdekat kapan pun dibutuhkan. Cek langsung ceritanya di video ini ya #PLNDisjaya #PLNMobile #EnyakBabeh #Ceban https://t.co/wwQR9FceX3,2013143057248448758,https://pbs.twimg.com/ext_tw_video_thumb/2013142719774826497/pu/img/vJCFF5R9Q2vRxFTg.jpg,,in,,0,0,0,https://x.com/undefined/status/2013143057248448758,1767827116132007936,,SPKLU
2013061624777801926,Mon Jan 19 01:31:06 +0000 2026,3,Enyak Babeh roadtrip ke Bali pakai EV Enyak deg degan takut kehabisan daya di jalan Padahal di PLN Mobile ada menu Electric Vehicle. Bisa cek lokasi SPKLU terdekat kapan pun dibutuhkan. Cek langsung ceritanya di video ini ya #PLNDisjaya #PLNMobile #EnyakBabeh #Ceban https://t.co/ox8nlaQgKe,2013061624777801926,https://pbs.twimg.com/ext_tw_video_thumb/2013061461896011776/pu/img/IdAZrc8DYx1gqX9f.jpg,,in,,0,0,0,https://x.com/undefined/status/2013061624777801926,1633377901419831296,,SPKLU
2012873623581642774,Sun Jan 18 13:04:03 +0000 2026,3,Enyak Babeh roadtrip ke Bali pakai EV Enyak deg degan takut kehabisan daya di jalan Padahal di PLN Mobile ada menu Electric Vehicle. Bisa cek lokasi SPKLU terdekat kapan pun dibutuhkan. Cek langsung ceritanya di video ini ya #PLNDisjaya #PLNMobile #EnyakBabeh #Ceban https://t.co/nJBLun1A1o,2012873623581642774,https://pbs.twimg.com/ext_tw_video_thumb/2012873444300328961/pu/img/Ehk3ZgeMJmv1eRCL.jpg,,in,,0,0,0,https://x.com/undefined/status/2012873623581642774,1633378998989512705,,SPKLU
2012832733878219064,Sun Jan 18 10:21:35 +0000 2026,2,Enyak Babeh roadtrip ke Bali pakai EV Enyak deg degan takut kehabisan daya di jalan Padahal di PLN Mobile ada menu Electric Vehicle. Bisa cek lokasi SPKLU terdekat kapan pun dibutuhkan. Cek langsung ceritanya di video ini ya #PLNDisjaya #PLNMobile #EnyakBabeh #Ceban https://t.co/CvXYjtUnUb,2012832733878219064,https://pbs.twimg.com/ext_tw_video_thumb/2012832568362614784/pu/img/piZwvK29NQM7GwDM.jpg,,in,,0,0,0,https://x.com/undefined/status/2012832733878219064,1830465750127296512,,SPKLU
2012825036688691567,Sun Jan 18 09:50:59 +0000 2026,3,Enyak Babeh roadtrip ke Bali pakai EV Enyak deg degan takut kehabisan daya di jalan Padahal di PLN Mobile ada menu Electric Vehicle. Bisa cek lokasi SPKLU terdekat kapan pun dibutuhkan. Cek langsung ceritanya di video ini ya #PLNDisjaya #PLNMobile #EnyakBabeh #Ceban https://t.co/B6oAGcAwRO,2012825036688691567,https://pbs.twimg.com/ext_tw_video_thumb/2012824715694329856/pu/img/Y0CSCth-9IVcD-xG.jpg,,in,,0,0,0,https://x.com/undefined/status/2012825036688691567,1830457875636047872,,SPKLU
2012809405088104564,Sun Jan 18 08:48:53 +0000 2026,3,saatnya piknik di SPKLU lagi,2012809405088104564,,,in,,0,0,0,https://x.com/undefined/status/2012809405088104564,1230388253573840896,,SPKLU
2012100982763860412,Fri Jan 16 09:53:51 +0000 2026,2,Desember D-nya apa? Dibikin tenang saat liburan karena semuanya bisa dilakukan lewat PLN Mobile! Mulai dari bayar tagihan dan beli token listrik cari SPKLU terdekat sampai pakai trip planner untuk perjalanan liburan. #PLNUntukSemua #PLNUntukIndonesia #PLNMobile #PLN https://t.co/AZOl6kt01d,2012100982763860412,https://pbs.twimg.com/media/G-xrJ_YbcAA2rMC.jpg,,in,,0,0,0,https://x.com/undefined/status/2012100982763860412,1769164803191541760,,SPKLU
2011618025091580233,Thu Jan 15 01:54:45 +0000 2026,0,BYD Punya SPKLU Super Ngebut: Cas 5 Menit Mobil Bisa Jalan 400 Km! https://t.co/GHiommED3T,2011618025091580233,,,in,,0,0,0,https://x.com/undefined/status/2011618025091580233,80543284,,SPKLU
2009908990952779907,Sat Jan 10 20:28:12 +0000 2026,3,@hanux_ @AldhitamaR ditambah ngecas mobil pula ttp 1-2jam full charge di spklu. blm lg klo spklu-nya antri juga. waktu nunggu nya jd dobel. masih kurang praktis.,2010086293867557039,,hanux_,in,,0,1,0,https://x.com/undefined/status/2010086293867557039,127182239,,SPKLU
2009908990952779907,Sat Jan 10 14:16:33 +0000 2026,2,@ulyfikri @AldhitamaR tapi tetap tidak praktis. Fill and go untuk mesin bensin bahkan bisa beli eceran. sedangkan untuk charge harus menyediakan waktu minimal 30mnt - 1 jam untuk full charge belum lg jika spklu-nya antri juga. tidak ada juga listrik eceran.,2009992765913079870,,ulyfikri,in,,0,2,0,https://x.com/undefined/status/2009992765913079870,127182239,,SPKLU
2009603158251885050,Fri Jan 09 13:22:51 +0000 2026,0,@rullysardjan @rullysardjan Hai Kakak mimin siap melayani sepenuh hati. Perihal informasi tersebut silahkan dapat menghubungi WhatsApp Hotline SPKLU 0877 7111 2123. Agar semua makin mudah ayo download aplikasi New PLN Mobile. Sehat selalu. Terima kasih -Pradana,2009616861009441010,,rullysardjan,in,,0,0,0,https://x.com/undefined/status/2009616861009441010,558516132,,SPKLU
2009451409306231217,Fri Jan 09 02:25:24 +0000 2026,2,Didukung ribuan SPKLU dan fitur Trip Planner di PLN Mobile mudik pakai mobil listrik kini bukan lagi wacana tapi kebiasaan baru. #PLNUntukSemua #PLNUntukIndonesia #PLNMobile https://t.co/5dE6eCAZAc,2009451409306231217,https://pbs.twimg.com/amplify_video_thumb/2009451350527188992/img/tumWr9OkSAhggTVz.jpg,,in,,0,0,0,https://x.com/undefined/status/2009451409306231217,1260833363411128321,,SPKLU
2009206483276402740,Thu Jan 08 21:49:07 +0000 2026,9,@innovacommunity Harusnya pemerintahnya yg didorong upgrade. Pemerintah dorong kendaraan ev tapi kendaraan operasi pemerintah masih jarang ev. Sarana prasaranan penunjang ev juga jarang bngt entah spklu atau alat pemadam. ,2009381879967780984,,innovacommunity,in,,0,0,1,https://x.com/undefined/status/2009381879967780984,330385024,,SPKLU
2009339320012779828,Thu Jan 08 19:00:00 +0000 2026,0,Pengguna EV Naik saat Libur Nataru Konsumsi Listrik SPKLU Melonjak 479 Persen https://t.co/DqdX9Hs3oC,2009339320012779828,,,in,,0,0,0,https://x.com/undefined/status/2009339320012779828,132078023,,SPKLU
2009067330039631979,Thu Jan 08 10:43:51 +0000 2026,2,@MUSUHKHAWARIJ @ertigaid Selain ketersedian SPKLU kelemahan terbesar EV tuh ya baterai. Harga ganti baru mahal dn jika teknologi baterai baru dipasarkan kemungkinan besar mobil yg skrg ga kompatibel dgn baterai baru tsb. Kalaupun bisa pasti pergantian hardware di mobil lama rsb yg pasti nambah cost.,2009214458770677814,,MUSUHKHAWARIJ,in,,0,0,0,https://x.com/undefined/status/2009214458770677814,1664857818309234690,,SPKLU
2009173554932404669,Thu Jan 08 08:01:18 +0000 2026,14,Tidak hanya di Jakarta saja penggunaan kendaraan listrik di Provinsi Aceh juga mulai diadopsi Loopers ️ Yuk kita simak perkembangannya... 1⃣ Peresmian SPKLU pertama di Aceh dilakukan di kantor PLN wilayah Banda Aceh pada Maret 2022 sebagai langkah awal dukungan terhadap https://t.co/y31FAB3SnE,2009173554932404669,https://pbs.twimg.com/media/G-IByrxbsAAomOL.jpg,,in,,0,1,0,https://x.com/undefined/status/2009173554932404669,1982645752016044033,,SPKLU
2009170579740631108,Thu Jan 08 07:49:29 +0000 2026,2,Menyambut Natal 2025 dan Tahun Baru 2026 PLN UID Jakarta Raya melakukan inspeksi kesiapan kelistrikan di gereja dan SPKLU. #PLNDisjaya #PLNSiaga #Nataru #SPKLU https://t.co/JrEMLlkURt,2009170579740631108,https://pbs.twimg.com/amplify_video_thumb/2009170196226035714/img/47ci18V3A3QmynJ0.jpg,,in,,0,0,0,https://x.com/undefined/status/2009170579740631108,1767827116132007936,,SPKLU
2009119553633362359,Thu Jan 08 04:26:43 +0000 2026,2,𝑷𝒂𝒈𝒊 𝒑𝒂𝒈𝒊 𝒌𝒆 𝒓𝒖𝒎𝒂𝒉 𝑳𝒖𝒍𝒖 𝑷𝒆𝒓𝒈𝒊 𝒏𝒈𝒐𝒑𝒊 𝒔𝒂𝒎𝒂 𝒃𝒖 𝑺𝒊𝒕𝒊 𝑺𝒊𝒎𝒂𝒌 𝒕𝒆𝒔𝒕𝒊𝒎𝒐𝒏𝒊 𝒑𝒆𝒍𝒂𝒏𝒈𝒈𝒂𝒏 𝑺𝑷𝑲𝑳𝑼 𝑲𝒂𝒎𝒊 𝑺𝒊𝒂𝒑 𝑴𝒆𝒍𝒂𝒚𝒂𝒏𝒊 𝑺𝒆𝒑𝒆𝒏𝒖𝒉 𝑯𝒂𝒕𝒊 Hay PLNers https://t.co/4dulvMDA7O,2009119553633362359,https://pbs.twimg.com/ext_tw_video_thumb/2009119482200121344/pu/img/VUgnayHdj7P6MvGu.jpg,,in,,0,1,0,https://x.com/undefined/status/2009119553633362359,475624418,,SPKLU
2009119131266896253,Thu Jan 08 04:25:03 +0000 2026,0,Liburan Akhir Tahun Pakai EV Konsumsi Listrik SPKLU Naik 479% https://t.co/UCxe1nh50d,2009119131266896253,,,in,,0,0,0,https://x.com/undefined/status/2009119131266896253,847372542830444544,,SPKLU
2008913100460954062,Wed Jan 07 14:46:21 +0000 2026,1,Ramai Liburan Akhir Tahun Pakai EV Konsumsi Listrik SPKLU Naik 479%! https://t.co/GrXLabMxnY,2008913100460954062,,,in,,0,0,0,https://x.com/undefined/status/2008913100460954062,847372542830444544,,SPKLU
2008836035447488532,Wed Jan 07 09:40:07 +0000 2026,0,PT PLN (Persero) mencatat konsumsi energi listrik sepanjang periode Siaga Nataru di SPKLU melonjak 479 persen dari periode yang sama tahun sebelumnya. https://t.co/cRqvk5KyWX,2008836035447488532,,,in,,0,0,0,https://x.com/undefined/status/2008836035447488532,18071520,,SPKLU
2008802987075117330,Wed Jan 07 07:28:48 +0000 2026,2,Menyambut Natal 2025 dan Tahun Baru 2026 PLN UID Jakarta Raya melakukan inspeksi kesiapan kelistrikan di gereja dan SPKLU. #PLNDisjaya #PLNSiaga #Nataru #SPKLU https://t.co/ctqm6nseoH,2008802987075117330,https://pbs.twimg.com/amplify_video_thumb/2008802667129434121/img/pJ_0t_NzLY7hvh0J.jpg,,in,,0,0,0,https://x.com/undefined/status/2008802987075117330,1633377901419831296,,SPKLU
2008785754202534212,Wed Jan 07 06:20:19 +0000 2026,3,Menyambut Natal 2025 dan Tahun Baru 2026 PLN UID Jakarta Raya melakukan inspeksi kesiapan kelistrikan di gereja dan SPKLU. #PLNDisjaya #PLNSiaga #Nataru #SPKLU https://t.co/w7lckyYNbS,2008785754202534212,https://pbs.twimg.com/amplify_video_thumb/2008785489080578054/img/A0Yq6AO-8xAuD6ch.jpg,,in,,0,0,0,https://x.com/undefined/status/2008785754202534212,1633378998989512705,,SPKLU
2008690041439351250,Wed Jan 07 00:00:00 +0000 2026,0,SPKLU Center Fast Charging hadir di Jakarta Selatan https://t.co/66OmwLMfNk,2008690041439351250,,,in,,0,0,0,https://x.com/undefined/status/2008690041439351250,121640063,,SPKLU
2008551246890951079,Tue Jan 06 14:48:33 +0000 2026,3,Hadir dengan unit ultra fast charging SPKLU Center ini memberikan pengalaman pengisian daya lebih cepat efisien dan nyaman bagi pengguna kendaraan listrik. PLN berkomitmen mendukung transisi energi bersih dan mewujudkan Jakarta yang lebih hijau dan berkelanjutan. https://t.co/zildkEO05K,2008551265501085717,https://pbs.twimg.com/media/G9_OuQ-bcAESJyK.jpg,SahabatPLNJkt,in,,0,0,0,https://x.com/undefined/status/2008551265501085717,475624418,,SPKLU
2008522950375600420,Tue Jan 06 12:56:02 +0000 2026,2,Menyambut Natal 2025 dan Tahun Baru 2026 PLN UID Jakarta Raya melakukan inspeksi kesiapan kelistrikan di gereja dan SPKLU. #PLNDisjaya #PLNSiaga #Nataru #SPKLU https://t.co/zedfq3GHkl,2008522950375600420,https://pbs.twimg.com/amplify_video_thumb/2008522778971172864/img/vYT1ktS7QdbKCPf9.jpg,,in,,0,0,0,https://x.com/undefined/status/2008522950375600420,2000926864156880896,,SPKLU
2008412354401448135,Tue Jan 06 05:36:34 +0000 2026,1,PLN terus memperkuat infrastruktur kendaraan listrik dengan mengoperasikan 4.500 SPKLU di seluruh Indonesia hingga Januari 2026. Baca Selengkapnya https://t.co/e0YtHsN3q2 ~NA #SPKLU #PLN #MobilListrik https://t.co/XAjNPlqTR2,2008412354401448135,https://pbs.twimg.com/media/G99QYevaMAAZnIY.jpg,,in,,0,1,0,https://x.com/undefined/status/2008412354401448135,23343960,,SPKLU
2007028121351131281,Fri Jan 02 13:22:49 +0000 2026,12,@innovacommunity Sama rajin rajin pantau kondisi traffic juga plus cari tau ketersediaan spklu kalo mau long trip min.,2007080139788886381,,innovacommunity,in,,0,0,0,https://x.com/undefined/status/2007080139788886381,1935326942552801282,,SPKLU
2007011044699635897,Fri Jan 02 08:48:16 +0000 2026,1,Mesti dipahami bahwa area SPKLU bukan tempat parkir sehingga usai proses pengisian daya selesai langsung pindahkan mobil. https://t.co/OWlCx7cEvp,2007011044699635897,,,in,,0,0,0,https://x.com/undefined/status/2007011044699635897,23343960,,SPKLU
2006372340582719706,Wed Dec 31 14:30:17 +0000 2025,2,Pemerintah memastikan pasokan energi nasional berada dalam kondisi aman menjelang libur Natal 2025 dan Tahun Baru 2026. Menteri Energi dan Sumber Daya Mineral (ESDM) Bahlil Lahadalia menegaskan ketersediaan BBM LPG dan listrik berada di atas batas cadangan minimum nasional https://t.co/p2GFET9ykQ,2006372340582719706,https://pbs.twimg.com/media/G9gRAQaagAAXjh2.jpg,,in,,1,1,0,https://x.com/undefined/status/2006372340582719706,17128975,,SPKLU
2005944507125170548,Tue Dec 30 10:10:13 +0000 2025,2,Mulai dari bayar tagihan &amp; beli token listrik cari SPKLU terdekat sampai pakai trip planner untuk perjalanan liburan. Semua bisa &amp; cukup dari ponsel kamu. Simple cepat &amp; bikin liburan makin nyaman. Yuk pakai PLN Mobile sekarang. #PLNUntukSemua #PLNUntukIndonesia #PLNMobile https://t.co/kotHjniAXp,2005944507125170548,https://pbs.twimg.com/media/G9aL4ZyboAAf3OL.jpg,,in,,0,0,1,https://x.com/undefined/status/2005944507125170548,1260833363411128321,,SPKLU
2005837112080249195,Tue Dec 30 03:03:28 +0000 2025,7,PT PLN (Persero) mencatat peningkatan signifikan pada aktivitas pengisian daya kendaraan listrik selama masa siaga Natal 2025 dan Tahun Baru 2026. Baca Selengkapnya https://t.co/3eM9EyeqT6 ~NA #MobilListrik #SPKLU #PLN https://t.co/Dp4Ev8FWG1,2005837112080249195,https://pbs.twimg.com/media/G9YqNZQaYAEYOGS.jpg,,in,,0,0,1,https://x.com/undefined/status/2005837112080249195,23343960,,SPKLU
2005646375770558861,Mon Dec 29 14:25:33 +0000 2025,0,PLN Sumut tambah SPKLU tingkatkan layanan libur Tahun Baru 2026 https://t.co/EfEyQHJ36i,2005646375770558861,,,in,,0,0,0,https://x.com/undefined/status/2005646375770558861,18071520,,SPKLU
2005504926299136272,Mon Dec 29 05:03:29 +0000 2025,2,make mobil listrik + nya itu emang irit bgt tp - nya harus aware sama battery dan jarak SPKLU terdekat️,2005504926299136272,,,in,,0,1,0,https://x.com/undefined/status/2005504926299136272,1470645037,,SPKLU
2005167581129236986,Sun Dec 28 06:43:00 +0000 2025,1,Isi mobil listrik SPKLU Pertamina gampang di aplikasi MyPertamina dan jangan lupa bayar dengtan LinkAja. Cek informasi lainnya di https://t.co/m0Ut5l6dZa Customer Service: https://t.co/WVrOoo35o0 https://t.co/zODCaw7CN2,2005167581129236986,https://pbs.twimg.com/media/G9E2QD3aYAA0DWX.jpg,,in,,0,0,1,https://x.com/undefined/status/2005167581129236986,3195998996,,SPKLU
2004518806480117834,Fri Dec 26 11:45:00 +0000 2025,0,Pengguna EV andalkan SPKLU PLN Lampung saat Nataru https://t.co/ycBxvezsG4,2004518806480117834,,,in,,0,0,0,https://x.com/undefined/status/2004518806480117834,121640063,,SPKLU
2004114391424192646,Thu Dec 25 08:58:00 +0000 2025,0,PLN Siagakan 4.516 SPKLU di 2.935 Titik untuk Mudik Natal 2025 dan Tahun Baru 2026 https://t.co/OlibSKbaXA,2004114391424192646,,,in,,0,0,0,https://x.com/undefined/status/2004114391424192646,71436318,,SPKLU
2004054402311860359,Thu Dec 25 04:59:37 +0000 2025,2,Electrizen penasaran nggak sih gimana rasanya road trip pakai EV? Mulai dari perjalanan jauh sensasi berkendara yang nyaman sampai pengalaman charging di SPKLU PLN. https://t.co/juS8DMCNt1,2004054402311860359,https://pbs.twimg.com/amplify_video_thumb/2004054306908262401/img/M2xiZW1HTDWqz_Ql.jpg,,in,,0,0,0,https://x.com/undefined/status/2004054402311860359,1260833363411128321,,SPKLU
2004054231876358294,Thu Dec 25 04:58:57 +0000 2025,2,Yuk dengerin langsung cerita mereka yang sudah ngerasain serunya road trip pakai EV. Buktikan sendiri perjalanan makin praktis aman dan ramah lingkungan! #PLNUntukSemua #PLNUntukIndonesia #SPKLU,2004054231876358294,,,in,,0,0,0,https://x.com/undefined/status/2004054231876358294,1260833363411128321,,SPKLU
2003888404317028601,Wed Dec 24 18:00:00 +0000 2025,0,PLN siagakan 4.516 unit SPKLU untuk Natal 2025-Tahun Baru 2026 https://t.co/h62rrg5Pqd,2003888404317028601,,,in,,0,0,0,https://x.com/undefined/status/2003888404317028601,121640063,,SPKLU
2003838696760746398,Wed Dec 24 14:42:29 +0000 2025,0,Dirut PLN Tinjau Langsung Kesiagaan SPKLU di Titik Krusial https://t.co/QOzYq2eWg4,2003838696760746398,,,in,,0,0,0,https://x.com/undefined/status/2003838696760746398,990237626,,SPKLU
2003795238092173353,Wed Dec 24 11:49:48 +0000 2025,2,Demi memastikan kesiapan SPKLU melayani pengguna EV saat libur Nataru 2026 Direktur Utama PLN Darmawan Prasodjo turun langsung mengecek SPKLU di Rest Area km 228A Tol Trans Jawa Cirebon pada Selasa (23/12) tengah malam. https://t.co/GiqzrzuhpT,2003795238092173353,https://pbs.twimg.com/amplify_video_thumb/2003795081833443328/img/SJWv6c1ZIm_S13jk.jpg,,in,,0,0,0,https://x.com/undefined/status/2003795238092173353,1260833363411128321,,SPKLU
2003794928976224559,Wed Dec 24 11:48:34 +0000 2025,2,SPKLU di rest area km 228A Cirebon menjadi salah satu titik vital untuk melayani pengguna EV yang berasal dari Jawa bagian barat menuju Jawa bagian tengah dan timur. #PLNUntukSemua #PLNUntukIndonesia #PLNSiagaNataru #SPKLU,2003794928976224559,,,in,,0,0,0,https://x.com/undefined/status/2003794928976224559,1260833363411128321,,SPKLU
2003794345594675611,Wed Dec 24 11:46:15 +0000 2025,2,Untuk melayani pemudik di jalur Trans Sumatra - Jawa - Bali yang menjadi pusat mobilitas PLN menyiapkan 1.515 unit SPKLU tersebar di 865 titik. Semua dilakukan PLN agar Mudik Pakai Kendaraan Listrik Semakin Asik! #PLNUntukSemua #PLNUntukIndonesia #PLNSiagaNataru #SPKLU,2003794345594675611,,,in,,0,0,0,https://x.com/undefined/status/2003794345594675611,1260833363411128321,,SPKLU
2003748543904022939,Wed Dec 24 08:44:15 +0000 2025,0,PT PLN (Persero) menyiagakan 4.516 unit SPKLU yang tersebar di 2.935 titik strategis di berbagai wilayah pada periode libur Natal 2025 dan Tahun Baru 2026. https://t.co/jmRDprlBhM,2003748543904022939,,,in,,0,0,0,https://x.com/undefined/status/2003748543904022939,18071520,,SPKLU
2003648584928186746,Wed Dec 24 05:55:17 +0000 2025,0,@naddior @naddior Baik Kak untuk pengisian daya mobil listrik masih bisa ya kak menggunakan listrik berdasarkan tarif per kWh. Sebagai informasi: -Tarif SPKLU sebesar Rp2.466/kWh (melalui https://t.co/2hGGFn3ROT &amp; PLN Mobile) -Tarif SPBKLU sebesar Rp8.000 per,2003706024172355957,,naddior,in,,0,0,0,https://x.com/undefined/status/2003706024172355957,558516132,,SPKLU
2003648584928186746,Wed Dec 24 02:16:05 +0000 2025,0,@naddior @naddior Hai Kak admin siap melayani sepenuh hati. Kakak berdasarkan tarif per kWh masih bisa ya kak digunakan untuk charge mobil. Sebagai informasi Tarif SPKLU = Rp. 2.466 (https://t.co/2hGGFn3ROT &amp; PLN Mobile) Tarif SPBKLU = Rp. 8000/swab (PLN Mobile) Agar semua makin,2003650860417724760,,naddior,in,,0,2,0,https://x.com/undefined/status/2003650860417724760,558516132,,SPKLU
2003323254413705372,Tue Dec 23 04:34:18 +0000 2025,0,11.00 WIB Rest Area KM 130 arah Cirebon - Lalu lintas lancar kedua arah. Cuaca terpantau cerah berawan. Parkir rest area masih tersedia adapun SPBU modular dan SPKLU yang dapat diakses di rest area. Utamakan keselamatan dan hati-hati berkendara. @ASTRATolCipali https://t.co/m7xuWxJaL5,2003323254413705372,https://pbs.twimg.com/ext_tw_video_thumb/2003323211816271872/pu/img/R5yif42QjNcvZy76.jpg,,in,,0,0,0,https://x.com/undefined/status/2003323254413705372,180696019,,SPKLU
2003317232810754307,Tue Dec 23 04:10:22 +0000 2025,1,11.10: rt@ASTRATolCipali: Rest Area KM 130 arah Cirebon - Lalu lintas lancar kedua arah. Cuaca terpantau cerah berawan. Parkir rest area masih tersedia adapun SPBU modular dan SPKLU yang dapat diakses di rest area. https://t.co/dU0GDV49fH,2003317232810754307,https://pbs.twimg.com/ext_tw_video_thumb/2003316364518522883/pu/img/gJoY-BqzMTWWeDTA.jpg,,in,,0,0,0,https://x.com/undefined/status/2003317232810754307,121640063,,SPKLU
2003269325806096752,Tue Dec 23 01:00:00 +0000 2025,0,PT PLN (Persero) turut berempati pada peristiwa bencana alam yang melanda Sumatra dan Aceh. Di tengah rangkaian kegiatan uji kesiapan Stasiun Pengisian Kendaraan Listrik Umum (SPKLU) jelang libur Natal dan Tahun Baru (Nataru) 2025-2026 yang bertajuk PLN Mobile EVenture Siaga https://t.co/DGjUsAJwgH,2003269325806096752,https://pbs.twimg.com/media/G8yAYpZbQAABFSR.jpg,,in,,0,0,0,https://x.com/undefined/status/2003269325806096752,231355136,,SPKLU
2003126503660519496,Mon Dec 22 15:32:29 +0000 2025,2,Udah ke SPKLU tiba-tiba penuh? Sebel gak sih? Makanya download PLN Mobile semua makin mudah mau ngecek status SPKLU Lihat Antrean dan atur waktu untuk pengisian juga bisa. https://t.co/1mxo5f1ens,2003126503660519496,https://pbs.twimg.com/media/G8yI7_tbAAAE-dS.jpg,,in,,0,0,0,https://x.com/undefined/status/2003126503660519496,1260833363411128321,,SPKLU
2003126362153029721,Mon Dec 22 15:31:55 +0000 2025,2,Jadi gak ada drama lagi pas cari-cari ke SPKLU cuma pakai aplikasi PLN Mobile semua makin mudah. Yuk download sekarang #pInmobile #semuamakinmudah #pInmobileyourevpartners https://t.co/Fz6LnN9Jua,2003126362153029721,https://pbs.twimg.com/media/G8yIzt7aMAAmOD8.jpg,,in,,0,0,0,https://x.com/undefined/status/2003126362153029721,1260833363411128321,,SPKLU
2002742189730988526,Sun Dec 21 14:05:21 +0000 2025,2,Electrizen Mudik &amp; Wisata di momen Natal dan Tahun Baru 2026 makin tenang dengan kendaraan listrik PLN UID Sulselrabar menyiagakan 65 unit SPKLU di 52 lokasi yang tersebar di Sulawesi Selatan Sulawesi Tenggara dan Sulawesi Barat. https://t.co/MnbIePj67L,2002742189730988526,https://pbs.twimg.com/media/G8srVRsbIAAh0_i.jpg,,in,,0,1,0,https://x.com/undefined/status/2002742189730988526,1247046796653690880,,SPKLU
2002724412634898728,Sun Dec 21 12:54:43 +0000 2025,0,PLN Mobile EVenture pastikan kesiapan SPKLU saat Natal dan Tahun Baru. https://t.co/44UwExNtCh,2002724412634898728,,,in,,0,0,0,https://x.com/undefined/status/2002724412634898728,18071520,,SPKLU
2002695551410712586,Sun Dec 21 11:00:02 +0000 2025,23,Mobil Listrik Laris Pembangunan SPKLU Sulit Pertumbuhan penjualan mobil listrik di Tanah Air belum dibarengi dengan pemerataan pembangunan stasiun pengisian kendaraan listrik umum (SPKLU). Pengusaha masih menghadapi banyak kendala di lapangan. Simak selengkapnya di program https://t.co/0cspb89TLG,2002695551410712586,https://pbs.twimg.com/media/G8rbJ0Za8AA686h.jpg,,in,,0,1,2,https://x.com/undefined/status/2002695551410712586,18129942,,SPKLU
2002659247084220455,Sun Dec 21 08:35:46 +0000 2025,0,Libur Nataru 2025/2026 Catat Daftar SPKLU Mobil Listrik di 57 Rest Area Tol Trans Jawa https://t.co/alMTfw29Hy lewat @tribunnews,2002659247084220455,,,in,,0,0,1,https://x.com/undefined/status/2002659247084220455,124171593,,SPKLU
2002578526709649767,Sun Dec 21 03:15:01 +0000 2025,0,Libur Natar Bawa Mobil Listrik? Catat! Ini Daftar SPKLU di Tol Trans Jawa https://t.co/6nDwwmAnyF,2002578526709649767,,,in,,0,0,0,https://x.com/undefined/status/2002578526709649767,80543284,,SPKLU
2001893401462231320,Fri Dec 19 05:52:34 +0000 2025,0,Penggunaan mobil listrik di Indonesia terus meningkat didukung bertambahnya pilihan model serta infrastruktur pengisian daya publik (SPKLU). Baca Selengkapnya https://t.co/KJDymKh2cw ~NA #MobilListrik #KendaraanListrik #SPKLU https://t.co/Pgto8NRdkd,2001893401462231320,https://pbs.twimg.com/media/G8gmxcNaUAALARY.jpg,,in,,0,0,0,https://x.com/undefined/status/2001893401462231320,23343960,,SPKLU
2001866145696256008,Fri Dec 19 04:04:16 +0000 2025,0,Hindari Antrean Pengisian Kendaraan Listrik PLN Siapkan 315 SPKLU di Jateng dan DIY saat Libur Natal Tahun Baru https://t.co/pNAEWF14F0,2001866145696256008,,,in,,0,0,0,https://x.com/undefined/status/2001866145696256008,219527452,,SPKLU
2001198608281166135,Wed Dec 17 07:51:43 +0000 2025,0,Mobil listrik kini mulai digunakan untuk perjalanan jarak jauh. Untuk mengakomodasi kebutuhan tersebut terutama saat libur Nataru SPKLU telah tersedia di berbagai titik strategis termasuk sepanjang Tol Trans Jawa. Baca Selengkapnya https://t.co/no1hSGScKv ~NA https://t.co/uNqCkA9NRa,2001198608281166135,https://pbs.twimg.com/media/G8WvIukakAADFtg.jpg,,in,,0,1,0,https://x.com/undefined/status/2001198608281166135,23343960,,SPKLU
2001173721579708647,Wed Dec 17 06:12:49 +0000 2025,0,PLN pastikan kesiapan SPKLU di UP3 Yogyakarta hadapi siaga Nataru https://t.co/dqO8jSORdB,2001173721579708647,,,in,,0,0,0,https://x.com/undefined/status/2001173721579708647,18071520,,SPKLU
2001154503190761724,Wed Dec 17 04:56:27 +0000 2025,2,Punya mobil listrik tapi masih bingung cara ngecasnya? Tinggal buka PLN Mobile kamu bisa langsung ngerti cara isi daya di SPKLU dalam hitungan menit! Karena teknologi udah makin maju cara ngecas mobil juga harus ikut praktis. Cobain sendiri fitur SPKLU di PLN Mobile. Praktis https://t.co/6sCbchbSlX,2001154503190761724,https://pbs.twimg.com/media/G8WHafxa4AEhRzU.jpg,,in,,0,0,0,https://x.com/undefined/status/2001154503190761724,154102750,,SPKLU
2001121068220920024,Wed Dec 17 02:43:36 +0000 2025,6,Belajar dulu biar bisa menguji charging station undertest di SPKLU biar mobil listrikmu aman selalu ️ https://t.co/5giXe9WGdJ,2001121068220920024,https://pbs.twimg.com/media/G8Vo9r8bUAAqWhD.jpg,,in,,0,0,0,https://x.com/undefined/status/2001121068220920024,86558489,,SPKLU
2000473643441360961,Tue Dec 16 13:32:42 +0000 2025,2,@ridwanhr Pernah gak sih pak gub tiba tiba gak bisa ngecas. Hal tak terduga gini bikin panik kemarin kejadian di rest area 319 B pemalang dan 294 B tegal udah coba berkali-kali gagal terus. Akhirnya putusin lanjut keluar exit tol tegal dan charge di SPKLU Hotel bisa. https://t.co/ukq9lRd8vI,2000922034164130049,https://pbs.twimg.com/media/G8Sz--ya4AAOq38.jpg,ridwanhr,in,,0,0,0,https://x.com/undefined/status/2000922034164130049,482981683,,SPKLU
2000910963038617826,Tue Dec 16 12:48:43 +0000 2025,0,PLN optimalkan SPKLU di Cirebon dukung kelancaran Natal dan tahun baru https://t.co/O3RGaTFgn2,2000910963038617826,,,in,,0,0,0,https://x.com/undefined/status/2000910963038617826,18071520,,SPKLU
2000822171489513560,Tue Dec 16 06:55:53 +0000 2025,0,Untuk Kendaraan Listrik di Momen Nataru Ini Cara Cek SPKLU Terdekat https://t.co/QsODmOHfIQ,2000822171489513560,,,in,,0,1,0,https://x.com/undefined/status/2000822171489513560,847372542830444544,,SPKLU
2000473643441360961,Mon Dec 15 08:04:07 +0000 2025,24,@ridwanhr Ini musti dipikirin pas musim lebaran pada mudik pake mobil listrik. Rebutan spklu.,2000476952793424089,,ridwanhr,in,,0,3,0,https://x.com/undefined/status/2000476952793424089,79647454,,SPKLU
2000473643441360961,Mon Dec 15 07:50:58 +0000 2025,577,Kalau charging station sudah merata dan banyak betapa nikmatnya ke Surabaya dari Klaten cuma 150rb doang Pas bukan musim liburan enak sepi spklu rest area https://t.co/njtDpdu14W,2000473643441360961,https://pbs.twimg.com/media/G8McKrzboAA_Pki.jpg,,in,,3,23,35,https://x.com/undefined/status/2000473643441360961,43922847,,SPKLU
2000214757073162691,Mon Dec 15 03:37:50 +0000 2025,1,@lanesraaaaa @lanesraaaaa Baik Kak admin informasikan Stasiun Pengisian Listrik Umum (SPLU) sebuah fasilitas dari PLN yang menyediakan sumber listrik umum berbasis kWh meter untuk berbagai keperluan seperti untuk mengisi daya perangkat elektronik ya Kak. Dan untuk pengisian atau Charging,2000409942420013259,,lanesraaaaa,in,,0,0,0,https://x.com/undefined/status/2000409942420013259,558516132,,SPKLU
2000023856309006805,Sun Dec 14 02:03:40 +0000 2025,2,Isi Daya Kendaraan Listrik Kini Makin Gampang! Sobat listrik cukup ikuti step by step di SPKLU dan kendaraanmu siap melaju lagi. Scan pilih daya sambungkan dan start charging semua serba praktis lewat PLN Mobile! https://t.co/89CdLN0Zlo,2000023856309006805,https://pbs.twimg.com/ext_tw_video_thumb/2000023726826602496/pu/img/eER3wmAMDhp2IKBP.jpg,,in,,0,1,0,https://x.com/undefined/status/2000023856309006805,475624418,,SPKLU
1998199373772345567,Tue Dec 09 01:13:50 +0000 2025,8,Ajaib emang dulu gak bikin regulasi kewajiban jual 100 mobil listrik wajib bikin 1 SPKLU.,1998199373772345567,,,in,,0,1,0,https://x.com/undefined/status/1998199373772345567,6689892,,SPKLU
1998048389024604361,Mon Dec 08 23:18:43 +0000 2025,3,@rgoestama Alasan untuk ga buru2 punya mobil listrik sih apalagi ini banyak harga molis yg terjangkau bakalan makin banyak. Antrian mudik nanti pindah dr jalan jd antrian SPKLU ,1998170406768062739,,rgoestama,in,,0,1,0,https://x.com/undefined/status/1998170406768062739,1175357460468490251,,SPKLU
1998048389024604361,Mon Dec 08 15:13:52 +0000 2025,46,Rasio jumlah SPKLU vs pertumbuhan jumlah mobil listrik ini emang diprediksi bakal jd masalah sih.,1998048389024604361,,,in,,2,4,8,https://x.com/undefined/status/1998048389024604361,53322619,,SPKLU
1998026275831877916,Mon Dec 08 13:46:00 +0000 2025,12,Punya mobil listrik yang jarak tempuh maksnya hanya 300km emang PR banget. Agak susah klo ada jadwal ke beberapa tempat. Ngisi di SPKLU pada penuh mulu. Kadang sialnya malah suka ada mesin yg rusak. Di Mall? Jangan harap deh bisa. Mobcin nya tumbuh jauh lebih cepat dari SPKLU https://t.co/grm3ZFHMMv,1998026275831877916,https://pbs.twimg.com/media/G7ppfn3aAAEXZbv.jpg,,in,,0,3,5,https://x.com/undefined/status/1998026275831877916,108168017,,SPKLU
1998025380469358627,Mon Dec 08 13:42:26 +0000 2025,51,Punya mobil listrik yang jarak tempuh maksnya hanya 300km emang PR banget. Agak susah klo ada jadwal ke beberapa tempat. Ngisi di SPKLU pada penuh mulu. Kadang sialnya malah suka ada mesin yg rusak. Di Mall? Jangan harap deh bisa. Mobcin nya tumbuh jauh lebih cepat dari SPKLU https://t.co/uec6XYvBsN,1998025380469358627,https://pbs.twimg.com/media/G7ppfn3aAAEXZbv.jpg,,in,,6,15,14,https://x.com/undefined/status/1998025380469358627,108168017,,SPKLU
1996976628300485020,Fri Dec 05 16:15:04 +0000 2025,1,Dukung Ekosistem EV Nasional Kemendag Gandeng Korsel Pastikan Ketepatan Pengukuran Energi Listrik di SPKLU https://t.co/2hXo2tq4bn,1996976628300485020,,,in,,0,0,0,https://x.com/undefined/status/1996976628300485020,2392460208,,SPKLU
1996756407836975602,Fri Dec 05 01:40:00 +0000 2025,0,PLN UID Jakarta Raya bagikan tips isi daya molis di SPKLU R2 https://t.co/1xfXj6CnqJ,1996756407836975602,,,in,,0,0,0,https://x.com/undefined/status/1996756407836975602,121640063,,SPKLU
1996550058582691889,Thu Dec 04 12:00:02 +0000 2025,1,PLN UID Jakarta Raya terus menambah fasilitas SPKLU R2 https://t.co/Ny8BOKdz9z,1996550058582691889,,,in,,0,0,0,https://x.com/undefined/status/1996550058582691889,121640063,,SPKLU
1996450999620530360,Thu Dec 04 11:13:02 +0000 2025,49,@rodadotco apakah intensitas perkelahian di spklu akan meningkat? ,1996538229378740496,,rodadotco,in,,1,0,0,https://x.com/undefined/status/1996538229378740496,378500610,,SPKLU
1995110880175124547,Sun Nov 30 12:41:15 +0000 2025,0,ANTARA - ANTARA - Telkom Property-VinFast perluas pengembangan SPKLU Indonesia https://t.co/h3Ull6ufF6 https://t.co/krshp7DXlQ,1995110880175124547,https://pbs.twimg.com/media/G7AOxePbIAANevj.jpg,,in,,1,0,0,https://x.com/undefined/status/1995110880175124547,18071520,,SPKLU
1994754398552310015,Sat Nov 29 13:04:44 +0000 2025,2,Telkom Property Jalin Sinergi dengan VinFast Lakukan Ekspansi SPKLU Nasional https://t.co/5Bxorm2nYs lewat @Keuangan News https://t.co/hrJnOEYFJk,1994754398552310015,https://pbs.twimg.com/media/G67KjSkbQAAtBY7.jpg,,in,,0,0,1,https://x.com/undefined/status/1994754398552310015,1226436091617505281,,SPKLU
1993904091538575770,Thu Nov 27 04:45:55 +0000 2025,2,Gandeng Indosat Business PLN percepat ekosistem EV lewat digitalisasi SPKLU dan transformasi layanan energi Baca Selengkapnya: https://t.co/yNSA6ddqKA,1993904091538575770,,,in,,0,1,0,https://x.com/undefined/status/1993904091538575770,57261519,,SPKLU
1993118223190180090,Tue Nov 25 00:43:09 +0000 2025,2,Hai Electrizen.. Kendaraan listrik makin ngetren dan jadi solusi masa depan! Isi daya aman di rumah dengan instalasi sesuai standar atau gunakan SPKLU resmi PLN saat bepergian ya! #PLN #PLNUntukIndonesia #P2BTips #TipsKelistrikan lebih sedikit https://t.co/iojBeCqFHT,1993118223190180090,https://pbs.twimg.com/ext_tw_video_thumb/1993118185005236226/pu/img/LOFyR3OqZgyhEhsq.jpg,,in,,0,0,0,https://x.com/undefined/status/1993118223190180090,1631484142679625730,,SPKLU
1989568536088563771,Sat Nov 15 05:37:58 +0000 2025,0,PLN Targetkan Punya 63 Ribu SPKLU Hingga 2030 https://t.co/GQ7SuYxKLk,1989568536088563771,,,in,,0,1,0,https://x.com/undefined/status/1989568536088563771,80543284,,SPKLU
1989315552998035600,Fri Nov 14 12:52:42 +0000 2025,0,PLN Ajak Swasta Ramai-ramai Bangun SPKLU di Indonesia https://t.co/7q7XFfYKYy,1989315552998035600,,,in,,0,0,0,https://x.com/undefined/status/1989315552998035600,80543284,,SPKLU
1989266052430413891,Fri Nov 14 09:36:00 +0000 2025,0,Bicara kendaraan listrik infrastruktur penunjang seperti Stasiun Pengisian Kendaraan Listrik Umum (SPKLU) menjadi penting untuk dikembangkan. https://t.co/e7V0ZsHr1G,1989266052430413891,,,in,,0,0,0,https://x.com/undefined/status/1989266052430413891,135795460,,SPKLU
1989260965033185724,Fri Nov 14 09:15:47 +0000 2025,0,PLN Dorong Swasta-Pemda Ikut Bangun SPKLU Begini Cara Daftarnya https://t.co/AFtuJftuYB,1989260965033185724,,,in,,0,0,0,https://x.com/undefined/status/1989260965033185724,135795460,,SPKLU
1989151299686768779,Fri Nov 14 02:00:01 +0000 2025,0,Membangun banyak SPKLU mungkin tampak seperti langkah maju tapi jika tidak diimbangi pemahaman yang benar justru memperkuat persepsi yang salah. #Headline https://t.co/jYyVuhnrmT,1989151299686768779,,,in,,0,0,0,https://x.com/undefined/status/1989151299686768779,23786106,,SPKLU
1988897716634575161,Thu Nov 13 09:12:22 +0000 2025,0,Pemerintah menargetkan rasio kendaraan listrik dan SPKLU mencapai 17:1 pada 2027 dan meningkat menjadi 15:1 pada 2030. Baca Selengkapnya https://t.co/6fEHduBi8D ~NA #KendaraanListrik #SPKLU #TransisiEnergi https://t.co/bUVhpdPVR6,1988897716634575161,https://pbs.twimg.com/media/G5n77N3acAAP476.jpg,,in,,0,0,0,https://x.com/undefined/status/1988897716634575161,23343960,,SPKLU
1988543729674965341,Wed Nov 12 10:02:43 +0000 2025,2,@IESR Tapi pemerintah berencana mencabut subsidi pembelian kendaraan listrik pada akhir tahun. Ini pasti menghambat adopsi kendaraan listrik karena harga jualnya gak bakalan kompetitif dibandingkan kendaraan ICE. Hilanglah salah satu insentif bagi konsumen. Siapa yg berani invest di,1988548000915038209,,IESR,in,,0,0,1,https://x.com/undefined/status/1988548000915038209,325599485,,SPKLU
1988543729674965341,Wed Nov 12 09:45:45 +0000 2025,5,Yeay! Infrastruktur pengisian kendaraan listrik yang mudah diakses jadi kunci percepatan adopsi EV. Tidak sabar agar SPKLU semakin diperluas ke jalur antarkota dan rest area utama supaya pengguna EV nggak was-was lagi buat perjalanan jauh . Jaringan SPKLU yang merata bakal,1988543729674965341,,,in,,0,1,1,https://x.com/undefined/status/1988543729674965341,72763910,,SPKLU
1988446343896199313,Wed Nov 12 03:56:22 +0000 2025,0,4.400 unit SPKLU telah beroperasi di 2.700 lokasi di seluruh Indonesia hingga November 2025 namun jangkauan masih harus diperluas hingga ke daerah terpencil. Infrastruktur dan adopsi kendaraan listrik oleh masyarakat masih butuh insentif dan edukasi.,1988455805222613106,,txtangkringan,in,,0,1,0,https://x.com/undefined/status/1988455805222613106,1489658156989190144,,SPKLU
1988446343896199313,Wed Nov 12 03:52:34 +0000 2025,0,PLN berperan penting dalam strategi transformasi energi hijau (green transformation). Infrastruktur SPKLU Center di Yogyakarta menunjukkan bahwa Indonesia serius melakukan transisi menuju energi bersih.,1988454849256825317,,txtangkringan,in,,0,1,0,https://x.com/undefined/status/1988454849256825317,1489658156989190144,,SPKLU
1988446343896199313,Wed Nov 12 03:25:51 +0000 2025,0,Pada 6 November 2025 Perusahaan Listrik Negara (PLN) resmi membuka Stasiun Pengisian Kendaraan Listrik Umum (SPKLU) Center Yogyakarta yang berskala besar berbasis energi baru terbarukan (EBT) dan sistem kelistrikan yang cerdas (smart grid).,1988448127851057203,,txtangkringan,in,,0,1,0,https://x.com/undefined/status/1988448127851057203,1489658156989190144,,SPKLU
1988179979029623042,Tue Nov 11 09:40:20 +0000 2025,4,Modifikasi Chery J6 The Helios dengan panel surya menarik minat penggemar otomotif karena membuat mobil tidak harus bergantung pada SPKLU atau colokan rumah saat bepergian. Baca Selengkapnya https://t.co/TSujLDmg97 ~NA #CheryJ6 #PanelSurya #ModifikasiMobil https://t.co/qyFggGO8tj,1988179979029623042,https://pbs.twimg.com/media/G5dvJf7bcAQqQi9.jpg,,in,,0,0,0,https://x.com/undefined/status/1988179979029623042,23343960,,SPKLU
1987708236758466602,Mon Nov 10 02:25:48 +0000 2025,2,PLN UID Jakarta Raya meresmikan SPKLU Center Pertama di Jakarta! Yuk electrizen cobain ngecharge kendaraan listrikmu disana dan share pengalaman kamu yaaa! #PLNDisjaya #SPKLUCemterPertama #MobilListrik #SPKLUPLN https://t.co/CJDyISVkrN,1987708236758466602,https://pbs.twimg.com/amplify_video_thumb/1987707688298618880/img/dNZsd3TBzzzMJcxW.jpg,,in,,0,0,0,https://x.com/undefined/status/1987708236758466602,1830465750127296512,,SPKLU
1987705090908762154,Mon Nov 10 02:13:18 +0000 2025,3,PLN UID Jakarta Raya meresmikan SPKLU Center Pertama di Jakarta! Yuk electrizen cobain ngecharge kendaraan listrikmu disana dan share pengalaman kamu yaaa! #PLNDisjaya #SPKLUCemterPertama #MobilListrik #SPKLUPLN https://t.co/wzg0wJnCxY,1987705090908762154,https://pbs.twimg.com/amplify_video_thumb/1987704311078666240/img/yW_A9G3O0aIIG8vg.jpg,,in,,0,0,0,https://x.com/undefined/status/1987705090908762154,1830457875636047872,,SPKLU
1987685695859884117,Mon Nov 10 00:56:13 +0000 2025,2, Daya Baterai Mobil Listrikmu Hampir Habis? Jangan Panik! Kini kamu bisa dengan mudah menemukan lokasi SPKLU (Stasiun Pengisian Kendaraan Listrik Umum) terdekat lewat fitur Electric Vehicle di aplikasi PLN Mobile! Download PLN Mobile sekarang! #PLNUIDSulselrabar https://t.co/TQmI8mjS54,1987685695859884117,https://pbs.twimg.com/media/G5WtmUGbsAASWAS.jpg,,in,,0,0,0,https://x.com/undefined/status/1987685695859884117,1229946661759148032,,SPKLU
1987534817328763121,Sun Nov 09 14:56:41 +0000 2025,2,PLN meresmikan SPKLU Center pertama di Yogyakarta. Dengan fasilitas ultra fast charger langkah strategis ini memperkuat infrastruktur kendaraan listrik dan mendukung percepatan transisi energi bersih nasional. https://t.co/qLIcpXdQKn,1987534817328763121,https://pbs.twimg.com/media/G5UkYQVbQAEX7kI.jpg,,in,,0,0,0,https://x.com/undefined/status/1987534817328763121,1260833363411128321,,SPKLU
1987508128414597485,Sun Nov 09 13:10:38 +0000 2025,18,PLN meresmikan SPKLU Center pertama di Yogyakarta. Dengan fasilitas ultra fast charger langkah strategis ini memperkuat infrastruktur kendaraan listrik dan mendukung percepatan transisi energi bersih nasional. https://t.co/vTC5dQfE2e,1987508128414597485,https://pbs.twimg.com/media/G5UL3-laQAAX3DF.jpg,,in,,0,2,2,https://x.com/undefined/status/1987508128414597485,3171520362,,SPKLU
1987417201297510911,Sun Nov 09 07:09:19 +0000 2025,0,PT PLN (Persero) kembali memberikan kemudahan bagi para pengguna kendaraan listrik (electric vehicle/EV) dengan meresmikan Stasiun Pengisian Kendaraan Listrik Umum (SPKLU) Center di Kantor PLN Unit Pelaksana Pelayanan Pelanggan (UP3) Yogyakarta Bantul Daerah Istimewa Yogyakarta https://t.co/iVZyt4YSGX,1987417201297510911,https://pbs.twimg.com/media/G5S5aQEXoAAqEpB.jpg,,in,,0,0,0,https://x.com/undefined/status/1987417201297510911,46693036,,SPKLU
1986739538757365803,Fri Nov 07 10:16:32 +0000 2025,2,Jakarta resmi punya SPKLU Center pertama di dua lokasi! PLN juga terus kembangkan SPKLU Center di kota lain untuk memudahkan pengguna. #PLNUntukSemua #PLNUntukIndonesia #SPKLUCenter https://t.co/YIn8ULMkyC,1986739538757365803,https://pbs.twimg.com/media/G5JRD9dakAAggV2.jpg,,in,,0,0,0,https://x.com/undefined/status/1986739538757365803,1260833363411128321,,SPKLU
1986670942685438329,Fri Nov 07 05:43:57 +0000 2025,1,Surabaya Kini Punya SPKLU Center Charge Kendaraan Listrik Lebih Mudah dan Cepat Kurangi Antrean https://t.co/a1KmZkZ8i9,1986670942685438329,,,in,,0,0,0,https://x.com/undefined/status/1986670942685438329,2392460208,,SPKLU
1986581156549046358,Thu Nov 06 23:47:11 +0000 2025,0,PLN Resmikan SPKLU Center Pertama dan terbesar di Yogyakarta https://t.co/hfzJk9f4rV https://t.co/Beb6SfAgGG,1986581156549046358,https://pbs.twimg.com/media/G5HBCMHX0AAdE3M.jpg,,in,,0,0,0,https://x.com/undefined/status/1986581156549046358,118371948,,SPKLU
1986328613034336592,Thu Nov 06 07:03:40 +0000 2025,28,Jakarta resmi punya SPKLU Center pertama di dua lokasi! PLN juga terus kembangkan SPKLU Center di kota lain untuk memudahkan pengguna. #PLNUntukSemua #PLNUntukIndonesia #SPKLUCenter https://t.co/zZkOghSliV,1986328613034336592,https://pbs.twimg.com/media/G5DbWFhbIAIHs8e.jpg,,in,,1,5,4,https://x.com/undefined/status/1986328613034336592,3171520362,,SPKLU
1986088808702681314,Wed Nov 05 17:18:26 +0000 2025,4,@rodadotco Maap sudah berdamai dengan CCS2 charging GBT masih tercapai (woy PLN kapan SPKLU klean bisa available di GBT??? regulasi tinggal jalanin aja),1986120937113330157,,rodadotco,in,,0,2,0,https://x.com/undefined/status/1986120937113330157,98070699,,SPKLU
1985943366350356571,Wed Nov 05 06:41:14 +0000 2025,3,@tariksenars Bukannya spklu sudah banyak? Hampir tiap kabupaten sdh ada sepertinya,1985960582538018870,,eskopihitams,in,,0,2,0,https://x.com/undefined/status/1985960582538018870,1350402723171110913,,SPKLU
1985911535328510239,Wed Nov 05 03:26:21 +0000 2025,0,PLN Resmikan 2 SPKLU Center Pertama di Jakarta https://t.co/ssPeMlXPOe,1985911535328510239,,,in,,0,0,0,https://x.com/undefined/status/1985911535328510239,847372542830444544,,SPKLU
1985539280782213151,Tue Nov 04 02:47:08 +0000 2025,0,PLN Siagakan Lebih dari 4.400 SPKLU Tetap dan Bergerak pada libur Nataru https://t.co/ER4OxdlFUc,1985539280782213151,,,in,,0,0,0,https://x.com/undefined/status/1985539280782213151,118646322,,SPKLU
1985531082524278914,Tue Nov 04 02:14:34 +0000 2025,0,ANTARA - ANTARA - PLN siagakan SPKLU bergerak pada libur Natal-Tahun Baru https://t.co/wEbbeALvrS https://t.co/aqtNH8yuoS,1985531082524278914,https://pbs.twimg.com/media/G44F_4sbQAcmNWX.jpg,,in,,0,0,0,https://x.com/undefined/status/1985531082524278914,18071520,,SPKLU
1985280162666336378,Mon Nov 03 09:37:30 +0000 2025,0,Wakil Walkot Jaktim Resmikan SPKLU di Rest Area KM 10 6 Jagorawi #BacadiBJ #beritajakarta #dkijakarta #JAKI #WeLoveJakarta https://t.co/dAspsBsbGe,1985280162666336378,,,in,,0,0,0,https://x.com/undefined/status/1985280162666336378,213204035,,SPKLU
1985256967695384843,Mon Nov 03 08:05:20 +0000 2025,0,PLN Resmikan Dua SPKLU Center di Jakarta Dorong Percepatan Ekosistem Kendaraan Listrik https://t.co/lq7Hpan6ce #Bisnis,1985256967695384843,,,in,,0,0,0,https://x.com/undefined/status/1985256967695384843,47596019,,SPKLU
1984974539886121195,Sun Nov 02 13:23:04 +0000 2025,2,bdg-bekasi sisa 21% maksa ke rest area 88 nyampe juga ngecas d spklu pln lama bgttt https://t.co/vGIhzgXsII,1984974539886121195,https://pbs.twimg.com/media/G4wLz60asAAC9mY.jpg,,in,,0,2,0,https://x.com/undefined/status/1984974539886121195,152389792,,SPKLU
1984225132660101333,Sat Nov 01 00:08:28 +0000 2025,4,@toe_giman IMHO air (nikuba) tidak memiliki energi yg cukup utk bisa menjadi pilihan bahan bakar. Utk memecah air jadi hidrogen butuh energi tambahan. Jepang masuk dg H2 tp infrastruktur utk prosesnya mahal. Solusi paling tepat buat kita ya Plug-in Hybrid krn jumlah SPKLU blm banyak.,1984412186874368228,,toe_giman,in,,0,1,1,https://x.com/undefined/status/1984412186874368228,3235224685,,SPKLU
1692878787829260357,Tue Oct 21 14:48:28 +0000 2025,0,@gookerja @gookerja Halo Kakak untuk informasi lengkapnya Kakak bisa mengakses website PLN : https://t.co/yG1E21Se3F disana akan tersedia skema kemitraan teknologi SPKLU syarat &amp; ketentuan serta alur pendaftarannya. Semoga informasinya bisa membantu ya Kak. Jika ada gangguan dan,1980647378085638352,,gookerja,in,,0,0,0,https://x.com/undefined/status/1980647378085638352,558516132,,SPKLU
1980548359086583849,Tue Oct 21 08:15:00 +0000 2025,0,Mobil Listrik Tesla Meledak saat Dicas di SPKLU Ternyata Ini Penyebabnya https://t.co/DhYmJxraWz,1980548359086583849,,,in,,0,0,0,https://x.com/undefined/status/1980548359086583849,132078023,,SPKLU
1979188343369011677,Fri Oct 17 14:10:50 +0000 2025,2,Program Studi Teknik Elektro Universitas Muhammadiyah Surakarta (UMS) menjalin kolaborasi penelitian dengan Politeknik Negeri Semarang (Polines) dalam pengembangan Stasiun Pengisian Kendaraan Listrik Umum (SPKLU) berbasis panel surya https://t.co/iSbF0gEheC https://t.co/fX9seVXx3K,1979188355817705780,https://pbs.twimg.com/media/G3d9UShWwAAyAN4.jpg,umsofficialid,in,,0,0,0,https://x.com/undefined/status/1979188355817705780,922400719444963328,,SPKLU
1963912995303567382,Fri Sep 05 10:32:00 +0000 2025,0,Harpelnas 2025 GM PLN UID Jateng-DIY Tinjau SPKLU dan Sapa Pelanggan https://t.co/VpcV2ahvhU,1963912995303567382,,,in,,0,0,0,https://x.com/undefined/status/1963912995303567382,118371948,,SPKLU
1963827369732386870,Fri Sep 05 04:51:45 +0000 2025,0,Harpelnas 2025 GM PLN UID Jateng-DIY Tinjau SPKLU dan Sapa Pelanggan https://t.co/VpcV2ahvhU https://t.co/KZSiRBUQwl,1963827369732386870,https://pbs.twimg.com/media/G0Dqlf6WYAAxB-B.jpg,,in,,0,0,0,https://x.com/undefined/status/1963827369732386870,118371948,,SPKLU
1963596245416776192,Thu Sep 04 13:33:21 +0000 2025,4,Babeh penasaran pengen nyobain motor listrik si Ramli. Katanya sih gampang bisa ngecas di #SPKLU atau tuker batre di #SPBKLU. Eh tapi kok malah dijewer Nyak? Berhasil ga yah babeh jadi anak kalcer? Mending tonton langsung deh biar nggak penasaran! #PLNDisjaya #PLNMobile https://t.co/jnnHnqclvh,1963596245416776192,https://pbs.twimg.com/amplify_video_thumb/1963592657688825857/img/cqZhPDxg0O5dkJbs.jpg,,in,,0,0,0,https://x.com/undefined/status/1963596245416776192,1823265428342550528,,SPKLU
1963592612906242453,Thu Sep 04 13:18:55 +0000 2025,6,Jakarta makin hijau! PLN UID Jakarta Raya resmikan SPKLU West Hub. Yuk kita cobain SPKLU baru ini! #PLNDisjaya #EnergiBersih #SPKLU #TransisiEnergi #ListrikAndal https://t.co/AN8YN9Gmx0,1963592612906242453,https://pbs.twimg.com/amplify_video_thumb/1963591404430790656/img/INzdKkX_KgcD7ykw.jpg,,in,,0,0,0,https://x.com/undefined/status/1963592612906242453,1823265428342550528,,SPKLU
1963480594345566646,Thu Sep 04 05:53:48 +0000 2025,5,Jakarta makin hijau! PLN UID Jakarta Raya resmikan SPKLU West Hub. Yuk kita cobain SPKLU baru ini! #PLNDisjaya #EnergiBersih #SPKLU #TransisiEnergi #ListrikAndal https://t.co/5NsfgrhgxV,1963480594345566646,https://pbs.twimg.com/ext_tw_video_thumb/1963480267550769152/pu/img/0QrUUKKTlzXYS-cf.jpg,,in,,0,0,0,https://x.com/undefined/status/1963480594345566646,1767827116132007936,,SPKLU
1963301753535041689,Wed Sep 03 18:03:09 +0000 2025,0,Astra &amp; PLN Duet Garap Proyek SPKLU di Sumbar dan Jabar https://t.co/0Hh3D9oHGw,1963301753535041689,,,in,,0,1,0,https://x.com/undefined/status/1963301753535041689,135795460,,SPKLU
1962498172187726049,Mon Sep 01 12:50:00 +0000 2025,3,Aku sendiri sih tim motor listrik biar lebih ga kepikiran buat nyari SPKLU di jalan. Anyway keren banget aplikasinya! Semoga aplikasi keren ini juga diimbangi sama ekosistem EV nantinya yang semakin bisa diandalkan yah. https://t.co/n11g6Wfxjw,1962498172187726049,https://pbs.twimg.com/media/GzwRVV5bYAAtVHo.jpg,,in,,0,1,2,https://x.com/undefined/status/1962498172187726049,72763910,,SPKLU
1962143819220349172,Sun Aug 31 13:21:56 +0000 2025,7,Babeh penasaran pengen nyobain motor listrik si Ramli. Katanya sih gampang bisa ngecas di #SPKLU atau tuker batre di #SPBKLU. Eh tapi kok malah dijewer Nyak? Berhasil ga yah babeh jadi anak kalcer? Mending tonton langsung deh biar nggak penasaran! #PLNDisjaya #PLNMobile https://t.co/4U3rMyKk9B,1962143819220349172,https://pbs.twimg.com/ext_tw_video_thumb/1962143604463501312/pu/img/nYSBecXaOrsAsF84.jpg,,in,,0,0,0,https://x.com/undefined/status/1962143819220349172,475624418,,SPKLU
1960674364208398683,Wed Aug 27 12:02:50 +0000 2025,30,Buat yg pengen tau Gmn pengalaman naik Mobil Listrik luar kota? bisa simak kisah warga Fesbuk ini. Share pengalaman roadtrip pertama menggunakan BYD M6 sekaligus roadtrip paling cape Bogor-Jogja PP -- Perjalanan roadtrip dari Bogor menuju Jogja kali ini benar-benar jadi https://t.co/1MacwT2SU7,1960674364208398683,https://pbs.twimg.com/media/GzW274Ia4AEPexr.jpg,,in,,1,2,9,https://x.com/undefined/status/1960674364208398683,1644687268299563009,,SPKLU
1959974146009407942,Mon Aug 25 13:40:25 +0000 2025,3, Kini Lebih Nyaman di RS Fatmawati! Untuk menunjang kebutuhan SDM pasien pengunjung dan masyarakat pada umumnya dalam penggunaan kendaraan listrik RS Fatmawati bekerja sama dengan PT PLN (Persero) menghadirkan SPKLU (Stasiun Pengisian Kendaraan Listrik Umum) https://t.co/bBW4xi5tX0,1959974146009407942,https://pbs.twimg.com/ext_tw_video_thumb/1959973999456464896/pu/img/Z95-LOK3HJ_4GGXI.jpg,,in,,0,0,0,https://x.com/undefined/status/1959974146009407942,2524497366,,SPKLU
1959827407344722303,Mon Aug 25 05:24:40 +0000 2025,2,@innovacommunity Emangnya SPKLU yang nebeng di area parkiran umum gitu ada tulisan „EV only ga sih? Kalo gak ada tulisan ya ga salah ,1959849384306446455,,innovacommunity,in,,0,0,0,https://x.com/undefined/status/1959849384306446455,14284867,,SPKLU
1959831741142810977,Mon Aug 25 04:14:33 +0000 2025,3,Kemaren ke Jakarta PP di beberapa rest area liat Chery Tiggo 8 CSH dicat biru gini plat nomernya. Tapi okelah meski ngawur Tiggo 8 CSH emang bisa dicharge di SPKLU. Tapi ini Sigra???? Nekaad.,1959831741142810977,,,in,,0,5,0,https://x.com/undefined/status/1959831741142810977,10024342,,SPKLU
1958877970921398572,Fri Aug 22 13:04:37 +0000 2025,2,Dalam rangka memperingati HUT ke-80 RI PLN hadirkan kado istimewa dengan meresmikan 4 SPKLU Center di Jawa Barat &amp; Jawa Tengah. Penyediaan SPKLU ini menjadi komitmen PLN untuk mendukung target dalam mewujudkan transportasi hijau &amp; berkelanjutan. #PLNUntukSemua #PLNUntukIndonesia https://t.co/K4MUxOnznu,1958877970921398572,https://pbs.twimg.com/amplify_video_thumb/1958877829883699200/img/jZpUtEXUKw_rTDr3.jpg,,in,,0,0,0,https://x.com/undefined/status/1958877970921398572,1260833363411128321,,SPKLU
1958803408175210505,Fri Aug 22 08:08:19 +0000 2025,17,Dalam rangka memperingati HUT ke-80 RI PLN hadirkan kado istimewa dengan meresmikan 4 SPKLU Center di Jawa Barat &amp; Jawa Tengah. Penyediaan SPKLU ini menjadi komitmen PLN untuk mendukung target dalam mewujudkan transportasi hijau &amp; berkelanjutan. #PLNUntukSemua #PLNUntukIndonesia https://t.co/dr6b5Qrfzb,1958803408175210505,https://pbs.twimg.com/ext_tw_video_thumb/1958803223814578177/pu/img/0MFXGoOuO9GohPt3.jpg,,in,,1,2,3,https://x.com/undefined/status/1958803408175210505,3171520362,,SPKLU
1958762808767914449,Fri Aug 22 05:27:00 +0000 2025,1,SPKLU Center di Jalur Tol Trans-Jawa Resmi Beroperasi Jelang Hari Pelanggan Nasional https://t.co/VfiCfPPb4J,1958762808767914449,,,in,,0,0,0,https://x.com/undefined/status/1958762808767914449,118371948,,SPKLU
1958721637911593237,Fri Aug 22 02:43:24 +0000 2025,0,SPKLU Center di Jalur Tol Trans-Jawa Resmi Beroperasi Jelang Hari Pelanggan Nasional https://t.co/VfiCfPODfb https://t.co/XhNotNTj4w,1958721637911593237,https://pbs.twimg.com/media/Gy7G8yaWQAAXUMJ.jpg,,in,,0,0,0,https://x.com/undefined/status/1958721637911593237,118371948,,SPKLU
1958635225161847166,Thu Aug 21 21:00:02 +0000 2025,1,Peneliti Temukan Partikel Udara Berbahaya di SPKLU Bisa Ganggu Saluran Pernapasan https://t.co/HYzKmNAOJ8,1958635225161847166,,,in,,0,0,0,https://x.com/undefined/status/1958635225161847166,132078023,,SPKLU
1958154304239374685,Wed Aug 20 13:09:01 +0000 2025,2,Salut banget lanjutkan! Inovasi SPKLU dari Malang ini buktiin kalau kapasitas anak bangsa bisa jadi motor penting percepatan ekosistem kendaraan listrik di Indonesia.,1958154304239374685,,,in,,0,0,0,https://x.com/undefined/status/1958154304239374685,72763910,,SPKLU
1958096911942214005,Wed Aug 20 09:20:58 +0000 2025,1,Berdiri Dekat SPKLU Bisa Ganggu Pernapasan https://t.co/BMbNMwvTNd,1958096911942214005,,,in,,0,0,1,https://x.com/undefined/status/1958096911942214005,41730943,,SPKLU
1957694938235212042,Tue Aug 19 06:43:40 +0000 2025,1,Penjualan mobil listrik tembus 35 ribu unit di semester I/2025. #HomeChargingMakinLekat #PLNUntukIndonesia #RenewableEnergy #SPKLU #MobilListrik https://t.co/d8mIBsZhhx,1957694938235212042,https://pbs.twimg.com/media/GyshKOIakAA1KvI.jpg,,in,,0,0,0,https://x.com/undefined/status/1957694938235212042,1533997809695084544,,SPKLU
1957418803421217230,Mon Aug 18 12:26:24 +0000 2025,0,SPKLU Tiang Pertama di Luar Pulau Jawa Diresmikan di Padang Pengisian Mobil Listrik Jadi Lebih Mudah via @infosumbar https://t.co/by6fboaZkI #infosumbar #PLN,1957418803421217230,,,in,,0,0,0,https://x.com/undefined/status/1957418803421217230,162721676,,SPKLU
1956312563504791944,Fri Aug 15 11:10:36 +0000 2025,2,Penjualan mobil listrik tembus 35 ribu unit di semester I 2025. PLN hadir dengan layanan home charging hemat &amp; praktis plus SPKLU di seluruh Indonesia untuk dukung percepatan adopsi EV demi energi bersih &amp; Net Zero Emissions. https://t.co/iWJluNWqtQ,1956312563504791944,https://pbs.twimg.com/media/GyY35sgaMAEw5Al.jpg,,in,,0,0,0,https://x.com/undefined/status/1956312563504791944,1260833363411128321,,SPKLU
1956290666280923322,Fri Aug 15 09:43:35 +0000 2025,760,Penjualan mobil listrik tembus 35 ribu unit di semester I 2025. PLN hadir dengan layanan home charging hemat &amp; praktis plus SPKLU di seluruh Indonesia untuk dukung percepatan adopsi EV demi energi bersih &amp; Net Zero Emissions. https://t.co/KSWqV8TocG,1956290666280923322,https://pbs.twimg.com/media/GyYj_Yqa4AELw5h.jpg,,in,,1,4,22,https://x.com/undefined/status/1956290666280923322,3171520362,,SPKLU
1955964039844258126,Thu Aug 14 12:05:41 +0000 2025,2,#UMakeImpact Pernah terpikir nggak kalau inovasi pengisian kendaraan listrik bisa lahir dari Malang? Di baliknya ada Dr. Muchammad Harly S.T. M.T dari Fakultas Vokasi UM &amp; timnya yang sukses menciptakan Stasiun Pengisian Kendaraan Listrik Umum (SPKLU) buatan Indonesia. https://t.co/WUsuEUcBrO,1955964039844258126,https://pbs.twimg.com/ext_tw_video_thumb/1955963862651691013/pu/img/hlPl0dll25ZPSfy3.jpg,,in,,1,0,0,https://x.com/undefined/status/1955964039844258126,704871948979818496,,SPKLU
1951825195712585937,Sun Aug 03 06:12:13 +0000 2025,0,@ghoendhoel @e100ss @plndisjatim @UpdlPandaan @ghoendhoel Baik Kak agar perihal tsb dapat ditindaklanjuti mohon melengkapi data nama Akun alamat SPKLU Nomor Hp dan nama kendaraan via DM ya. Admin tunggu ya Kak. Tks. -Dwi,1951888820015943942,,ghoendhoel,in,,0,0,0,https://x.com/undefined/status/1951888820015943942,558516132,,SPKLU
1951825195712585937,Sun Aug 03 02:33:17 +0000 2025,0,@ghoendhoel @e100ss @plndisjatim @UpdlPandaan @ghoendhoel Baik Kak untuk perihal tersebut akan admin tindak lanjuti mohon diinformasikan Alamat SPKLU dan Nomor telepon via DM ya Kak. Admin menunggu konfirmasi lebih lanjut. Tks -Yanti,1951833724037050523,,ghoendhoel,in,,0,1,0,https://x.com/undefined/status/1951833724037050523,558516132,,SPKLU
1951825195712585937,Sun Aug 03 02:08:22 +0000 2025,0,@ghoendhoel @e100ss @plndisjatim @UpdlPandaan @ghoendhoel Agar laporan dpt ditindaklanjuti mohon diinformasikan Nama Akun alamat SPKLU Nomor Hp dan nama kendaraan via DM atau bisa juga melapor melalui Aplikasi PLN Mobile pilih Menu Pengaduan. Mimin tunggu ya. Tks -Imel (2/2),1951827454374658282,,pln_123,in,,0,0,0,https://x.com/undefined/status/1951827454374658282,558516132,,SPKLU
1951155562240213073,Fri Aug 01 05:38:31 +0000 2025,2,Spklu deket msu tuh boleh dipake sama mahasiswa ga si? Telyu!,1951155562240213073,,,in,,0,0,0,https://x.com/undefined/status/1951155562240213073,89412430,,SPKLU
1950901937064349797,Thu Jul 31 12:50:42 +0000 2025,2,Electrizen isi daya kendaraan listrik semakin mudah bersama PLN. Infrastruktur pendukung mulai dari home charging SPKLU regular fast hingga ultra fast telah menjangkau lebih banyak titik. Cek lokasi pengisian kendaraan listrikmu di PLN Mobile. https://t.co/NwOT4rMTcy,1950901937064349797,https://pbs.twimg.com/media/GxL-9uAaMAAbZOx.jpg,,in,,0,0,0,https://x.com/undefined/status/1950901937064349797,1260833363411128321,,SPKLU
1950892431077155227,Thu Jul 31 12:12:56 +0000 2025,771,Electrizen isi daya kendaraan listrik semakin mudah bersama PLN. Infrastruktur pendukung mulai dari home charging SPKLU regular fast hingga ultra fast telah menjangkau lebih banyak titik. Cek lokasi pengisian kendaraan listrikmu di PLN Mobile. https://t.co/T40RxaRciw,1950892431077155227,https://pbs.twimg.com/media/GxL2Un1asAEA3o2.jpg,,in,,0,2,28,https://x.com/undefined/status/1950892431077155227,3171520362,,SPKLU
1950856828365238440,Thu Jul 31 09:51:27 +0000 2025,0,Wali Kota Jakarta Timur Munjirin meresmikan Stasiun Pengisian Kendaraan Listrik Umum (SPKLU) City Ciracas Jakarta di Jalan Panganten Ali Kelurahan Ciracas Kecamatan Ciracas Jakarta Timur. #BacadiBJ #BeritaJakarta #DKIJakarta #JAKI #WeLoveJakarta https://t.co/5LNGRBPm2c,1950856828365238440,,,in,,0,0,0,https://x.com/undefined/status/1950856828365238440,213204035,,SPKLU
1950750064449823057,Thu Jul 31 02:47:13 +0000 2025,0,SPBU Aja Belum Merata Gimana Mau Perbanyak SPKLU? https://t.co/mzpHN7mqqA,1950750064449823057,,,in,,0,0,0,https://x.com/undefined/status/1950750064449823057,80543284,,SPKLU
1950420716089987252,Wed Jul 30 07:23:15 +0000 2025,1,@innovacommunity min spklu ada istilah gampangnya gak sih? kan kalo pom bensin = spbu...,1950457143670530079,,innovacommunity,in,,0,1,0,https://x.com/undefined/status/1950457143670530079,1263307705365618688,,SPKLU
1949425466265190486,Sun Jul 27 11:03:44 +0000 2025,2,Lho gak ada kebijakan tiap berhasil jual 250 EV mesti bikin 1 SPKLU? Setelah gak harus bikin pabrik dan diistimewakan dari pajak juga? ,1949425466265190486,,,in,,0,0,0,https://x.com/undefined/status/1949425466265190486,6689892,,SPKLU
1949394725448093760,Sun Jul 27 10:58:13 +0000 2025,11,@hrdbacot belom ngrasain SPKLU/SPLU cas d rumah vespa konversi kere hore lumayan hampir 2 bulan belom mampir ke pom bensin https://t.co/69O6SlcESk,1949424076411556323,https://pbs.twimg.com/media/Gw2-3bFbcAAl69t.jpg,hrdbacot,in,,1,2,1,https://x.com/undefined/status/1949424076411556323,87461727,,SPKLU
1949394725448093760,Sun Jul 27 10:47:07 +0000 2025,3,@hrdbacot Kalo SPKLU dalam kota masih relatif aman sepanjang punya wall charger di rumah. Yg repot itu kalo di rest area ,1949421283588165947,,hrdbacot,in,,0,0,0,https://x.com/undefined/status/1949421283588165947,1672520070067802112,,SPKLU
1949394725448093760,Sun Jul 27 10:14:05 +0000 2025,4,@hrdbacot Kemarin aja baru ngeliat rebutan charger di SPKLU renon Denpasar mincot ,1949412970653798653,,hrdbacot,in,,0,0,1,https://x.com/undefined/status/1949412970653798653,553513710,,SPKLU
1949394725448093760,Sun Jul 27 09:46:00 +0000 2025,27,@hrdbacot gasabar liat thread keributan di SPKLU ,1949405904945795486,,hrdbacot,in,,0,0,0,https://x.com/undefined/status/1949405904945795486,1512790187449135106,,SPKLU
1949394725448093760,Sun Jul 27 09:06:44 +0000 2025,5,@hrdbacot Me ngeliat pada rebutan charger yg masih minim di SPKLU waktu mudik https://t.co/61quSs0Mna,1949396022544998657,https://pbs.twimg.com/tweet_video_thumb/Gw2lWHBbkAAnxEA.jpg,hrdbacot,in,,0,0,0,https://x.com/undefined/status/1949396022544998657,23299579,,SPKLU
1949394725448093760,Sun Jul 27 09:03:57 +0000 2025,12,@hrdbacot Valid ini. Apalagi kalo kaum ga punya garasi udah beli mobil mulai pakai EV ngecharge ya pasti di SPKLU ,1949395322704409061,,hrdbacot,in,,0,0,0,https://x.com/undefined/status/1949395322704409061,25928208,,SPKLU
1942799180692393998,Wed Jul 09 04:13:14 +0000 2025,0,PLN Untuk Rakyat Wamen BUMN Apresiasi Keandalan Listrik dan Layanan SPKLU di Yogyakarta https://t.co/x4WxM3iTot https://t.co/q3WNtuwdj2,1942799180692393998,https://pbs.twimg.com/media/GvY1jzDWwAAnMDN.jpg,,in,,0,0,0,https://x.com/undefined/status/1942799180692393998,118371948,,SPKLU
1942742807598489977,Wed Jul 09 00:29:14 +0000 2025,3,Wakil Menteri BUMN sekaligus Komisaris PT PLN (Persero) Aminuddin Ma ruf melakukan kunjungan kerja ke UP3 Yogyakarta pada Senin (7/7). Kunjungan ini bertujuan meninjau langsung kesiapan sistem ketenagalistrikan serta layanan SPKLU di wilayah Daerah Istimewa Yogyakarta #PLN https://t.co/ME0tkALWYc,1942742807598489977,https://pbs.twimg.com/amplify_video_thumb/1942742653944356867/img/IwC7wiR_p2ECbwFD.jpg,,in,,0,0,0,https://x.com/undefined/status/1942742807598489977,2982123054,,SPKLU
1942114191286194415,Mon Jul 07 07:59:39 +0000 2025,3,@innovacommunity Pengisian SPKLU nya masih jarang Pengisian Betere masih lebih dari 20menit untuk dari 10-90% nya.. Kalau sudah dibawah 5 menit keknya dah menang segalanya ini..,1942131383301734772,,innovacommunity,in,,0,1,0,https://x.com/undefined/status/1942131383301734772,1795177551536775168,,SPKLU
1942114191286194415,Mon Jul 07 07:20:34 +0000 2025,3,@innovacommunity SPKLU terbatas di area saya dan agak worry ga ketemu SPKLU kalo mau trip ke daerah pelosok.,1942121546191196654,,innovacommunity,in,,0,0,0,https://x.com/undefined/status/1942121546191196654,1763589331900674048,,SPKLU
1941504567520403603,Sat Jul 05 14:46:51 +0000 2025,0,@berjoethekiss @bpkri @GrabID @MasMasBiassaa @berjoethekiss Hai Kakak mhn maaf atas ketidaknyamanannya. Agar dapat Mimin tindak lanjuti bisa infokan alamat lengkap Spklu dan nomor telepon melalui DM. Mimin tunggu ya Kak. Tks -Riza,1941509081363300485,,berjoethekiss,in,,0,1,0,https://x.com/undefined/status/1941509081363300485,558516132,,SPKLU
1940352389103640638,Wed Jul 02 10:10:34 +0000 2025,0,Kehadiran SPKLU bikin properti dan pusat belanja semakin menarik. Selain ramah lingkungan jadi magnet baru bagi pengguna kendaraan listrik. https://t.co/hfwZsQe44y,1940352389103640638,,,in,,0,0,0,https://x.com/undefined/status/1940352389103640638,4187275698,,SPKLU
1940264211655139587,Wed Jul 02 04:20:11 +0000 2025,0,SPKLU hingga Baterai Jadi Pertimbangan Konsumen Beli Kendaraan Listrik #GoOto,1940264211655139587,,,in,,0,0,0,https://x.com/undefined/status/1940264211655139587,18129942,,SPKLU
1939234171035230447,Sun Jun 29 08:13:10 +0000 2025,0,@d0bbydose @d0bbydose Mohon maaf Kakak terkait kendala tersebut saat ini sedang ada gangguan massal pada sistem SPKLU admin sarankan untuk melakukan transaksi secara berkala. Untuk estimasinya saat ini belum dapat admin bantu infokan namun admin upayakan segera untuk perbaikan pada SPKLU,1939235682104619498,,d0bbydose,in,,0,0,0,https://x.com/undefined/status/1939235682104619498,558516132,,SPKLU
1939110213640167706,Sun Jun 29 02:15:45 +0000 2025,4,@ertigaid IMHO ga sebanding Pak. Saya tim ICE. Alasannya: - Hybrid dan EV perlu ganti baterai - EV ngecas lama ICE tinggal antri bentar - EV kalau tinggal 30% was2 takut ga ada SPKLU - ICE udah terbukti tangguh bertahun2 - Limbah baterai sulit diurai,1939145734722592982,,ertigaid,in,,0,0,0,https://x.com/undefined/status/1939145734722592982,71471636,,SPKLU
1938014572008607935,Thu Jun 26 04:29:29 +0000 2025,0,@udanderes868912 @udanderes868912 Baik Kakak bisa mencoba ke menu trip planner untuk mengetahui SPKLU yang tersedia. Caranya masuk ke menu Electric Vehicle (EV) pilih Trip planner dan masukkan titik awal dan tujuan untuk mengetahui lokasi SPKLU di sepanjang jalur tsb ya Kak. Agar semua makin,1938092228062351704,,udanderes868912,in,,0,0,0,https://x.com/undefined/status/1938092228062351704,558516132,,SPKLU
1938014572008607935,Wed Jun 25 23:37:03 +0000 2025,0,@udanderes868912 @udanderes868912 Halo Kakak bisa menu trip planner untuk mengetahui SPKLU yang tersedia. Caranya masuk ke menu Electric Vehicle (EV) pilih Trip planner dan masukkan titik awal dan tujuan untuk mengetahui lokasi SPKLU di sepanjang jalur tsb. Caranya: 1. Silahkan pilih Electric,1938018635165126901,,udanderes868912,in,,0,2,0,https://x.com/undefined/status/1938018635165126901,558516132,,SPKLU
1936787742521995500,Sun Jun 22 16:06:24 +0000 2025,1,@RiyantoCool @poin_opini Sales EV bakal pesta nih seharusnya tapi sayangnya fasilitas SPKLU masih minim,1936818060444532843,,RiyantoCool,in,,0,1,0,https://x.com/undefined/status/1936818060444532843,1470044691080962051,,SPKLU
1935256711188857164,Wed Jun 18 08:42:09 +0000 2025,4,SPKLU Ultra Fast Charging resmi hadir di BSD City! Dengan daya 180 kW kamu bisa ngecas mobil listrik cukup dalam hitungan menit aja! #PLNMobile #SPKLU #UltraFastCharging #KendaraanListrik #NetZeroEmission #EnergiBersih #PLNUIDBanten https://t.co/9TZjTBgeh9,1935256711188857164,https://pbs.twimg.com/media/GttptjSXQAAQwUB.jpg,,in,,0,1,0,https://x.com/undefined/status/1935256711188857164,1273884786839351296,,SPKLU
1934862065950421414,Tue Jun 17 06:33:59 +0000 2025,0,Seiring dengan lonjakan penjualan kendaraan listrik berbasis baterai permintaan terhadap infrastruktur pengisian daya pun turut melejit menciptakan iklim investasi yang kian menjanjikan. Baca selengkapnya disini : https://t.co/nomY6jzTaz ___ #vivanews #spklu #pln https://t.co/RmqSBuBCnn,1934862065950421414,https://pbs.twimg.com/media/GtoCxgOa0AUF2pj.jpg,,in,,0,0,0,https://x.com/undefined/status/1934862065950421414,41730943,,SPKLU
1934158481042686198,Mon Jun 16 05:41:06 +0000 2025,2,@benicc20308 @innovacommunity Di BAIS Kabin (kedai anak binjai) momis bakery la pantry karnivor kotbar banyak tuh di lokasi itu tmpt buat parkir kendaraan. Bahkan di SPKLU kotbar itu di depannya tmpt parkir jg kadang suka kosong kalo hari² biasa. Mustahil kalo ngga kebagian tmpt parkir,1934486372372672626,,benicc20308,in,,0,0,0,https://x.com/undefined/status/1934486372372672626,2429397041,,SPKLU
1934158481042686198,Mon Jun 16 04:56:16 +0000 2025,800,@innovacommunity Kayanya di atas SPKLU itu mesti dikasih lampu ya kalo warna ijo artinya lagi ngecas warna biru lagi free warna merah kalo ada mobi parkir tapi ga ngecas. Bagus lagi terhubung juga ke No HP Pemilik mobil jadi kalo dah penuh ada pesan dikirim,1934475086477889780,,innovacommunity,in,,1,3,34,https://x.com/undefined/status/1934475086477889780,1507769095152103431,,SPKLU
1934158481042686198,Sun Jun 15 10:07:42 +0000 2025,0,@Mudiiinn @innovacommunity @Mudiiinn Hi Kakak Mudin. mohon diinformasikan kronologis permasalahan SPKLU nya? Mimin menunggu konfirmasi lebih lanjut ya. Tks -Yaka,1934191075884978245,,Mudiiinn,in,,0,1,0,https://x.com/undefined/status/1934191075884978245,558516132,,SPKLU
1934158481042686198,Sun Jun 15 10:03:29 +0000 2025,5,@innovacommunity Dear @pln_123 tolong atensinya! Tolong perbaiki layanan SPKLU nya!!!!!,1934190014369612024,,innovacommunity,in,,0,2,0,https://x.com/undefined/status/1934190014369612024,1528209145736085504,,SPKLU
1934158481042686198,Sun Jun 15 08:57:19 +0000 2025,2,@innovacommunity Charger AC di spklu pln di jkt udah jarang bgt bgt ada yg nyala kebanyakan rusak. @hpi_id haleyora gmn jd vendor udah sebulan lebih rusak ga dibenerin?,1934173363364368448,,innovacommunity,in,,1,0,0,https://x.com/undefined/status/1934173363364368448,1119893356518105088,,SPKLU
1934158481042686198,Sun Jun 15 08:14:47 +0000 2025,96,@innovacommunity Pernyataan dari orang yg awam EV kalau sudah full charge namun konektor tidak dicabut apakah status SPKLU jadi tersedia atau sedang digunakan ?,1934162656979730917,,innovacommunity,in,,0,3,0,https://x.com/undefined/status/1934162656979730917,139249197,,SPKLU
2066078125373743614,Sun Jun 14 08:39:45 +0000 2026,9, Sekilas Kinerja ANTM 2025 1. Revenue: Rp84 64 T (+22% YoY) 2. Laba Bersih: Rp7 21 T (+98% YoY) 3. Aset Total: Rp63 3 T (+31%) 4. Proyek utama: Hilirisasi nikel &amp; baterai EV 5. Dividen 2025 cumdate 19 Juni besok ini adlh skitar 70% payout ratio (Rp5.04 T atau ~ Rp210/saham). https://t.co/EwruKPWWXH,2066078125373743614,https://pbs.twimg.com/media/HKwprxOaUAAQpPm.jpg,,in,,1,0,0,https://x.com/undefined/status/2066078125373743614,536953395,,Baterai EV
2066043225899741511,Sun Jun 14 06:21:04 +0000 2026,8,Perusahaan raksasa material baterai dunia CNGR Advanced Material Co. Ltd. sukses membangun ekosistem rantai pasok global yang kokoh dengan menjadikan Indonesia sebagai hulu produksi utama bahan baku baterai kendaraan listrik (electric vehicle/EV). Berpusat di Kawasan https://t.co/IEPNhgs4ft,2066043225899741511,https://pbs.twimg.com/amplify_video_thumb/2066029276483436544/img/uu4All4x2k6YjnoX.jpg,,in,,1,0,3,https://x.com/undefined/status/2066043225899741511,57261519,,Baterai EV
2065585345107025924,Sat Jun 13 07:55:56 +0000 2026,0,@craigda70964565 @nicho0218 @TxtdariHI Analogi simpelnya: iPhone XR merah 64gb aja masih bisa 'nyala' setelah 1 dekade. Tanpa thermal management tanpa BMS tanpa sistem pendingin. EV punya semua itu. Kebanyakan produsen EV garansi baterai 8 tahun / 160.000 KM minimal BH di 70% tapi di dunia nyata malah lebih dari,2065704708204061160,,craigda70964565,in,,0,0,0,https://x.com/undefined/status/2065704708204061160,1213742568132841472,,Baterai EV
2065624604627149038,Sat Jun 13 03:08:12 +0000 2026,0,Masalahnya ketika semua pihak menerima tujuan (negara) yang sama mereka juga mulai mengoptimalkan metrik yg sama: EV Baterai Panel surya AI. Di permukaan ratusan perusahaan negara &amp; swasta terlihat saling bersaing.,2065632300189303153,,jrdstyzx,in,,0,1,0,https://x.com/undefined/status/2065632300189303153,1911821252303753216,,Baterai EV
2065585345107025924,Sat Jun 13 01:49:49 +0000 2026,0,@nicho0218 @TxtdariHI Bang lebih gampang kontrol polusi dari satu pabrik baterai atau dari jutaan knalpot yang bakar BBM impor tiap hari? Kalau mayoritas Jawa-Bali switch EV subsidi bensin bisa dialihkan bukan dihapus tapi difokusin ke logistik &amp; daerah yang emang butuh BBM. Itu namanya transisi,2065612572171358260,,nicho0218,in,,0,2,0,https://x.com/undefined/status/2065612572171358260,1213742568132841472,,Baterai EV
2065585345107025924,Sat Jun 13 01:38:48 +0000 2026,5,@naufal_arys @TxtdariHI Jgn jumawa sama EV. Ada hidden cost nya. Apalagi faktor baterai (harga &amp; produksi batre jg menyumbang karbon). Klo ekosistem Jawa-Bali masi OK . Coba lu main Sumatra https://t.co/Z92bkeJqqM,2065609801950953913,,naufal_arys,in,,0,1,1,https://x.com/undefined/status/2065609801950953913,67857445,,Baterai EV
2065584630460530733,Fri Jun 12 23:58:47 +0000 2026,7,Ramai berita yg beredar tentang IPO SpaceX dan Elon Musk yg jadi triliuner USD pertama di Bumi seorang teman bertanya: Kamu beli #SPCX ? Knp memangnya? Lalu dia ceramah panjang lebar intinya tdk boleh. Jadi.. setelah bbrp tahun ada di dlm industri hi-tech saya dpt https://t.co/frtNot1NmM,2065584630460530733,https://pbs.twimg.com/media/HKpuQm_a8AAnfb3.jpg,,in,,0,4,1,https://x.com/undefined/status/2065584630460530733,21760657,,Baterai EV
2062823045149184358,Wed Jun 10 01:16:53 +0000 2026,2,@detiksport Melihat harga BBM yg makin kicauww mending EV dah klo skg jauh2 lebih hemat daily operasional pajak tahunan baterai jg udh byk yg lifetime warranty driving experience jg enak sih meskipun ini masalah preferensi/selera tp byk yg udh migrasi ke EV males balik ke ICE lg wkwk,2064517123725283628,,detiksport,in,,0,0,0,https://x.com/undefined/status/2064517123725283628,47124725,,Baterai EV
2063966518896193813,Mon Jun 08 12:48:59 +0000 2026,0,JAECOO J5 EV Fokus pada Keamanan Baterai dan Fitur Keselamatan Berkendara https://t.co/ZbtSZ0kzgo,2063966518896193813,,,in,,0,0,0,https://x.com/undefined/status/2063966518896193813,2392460208,,Baterai EV
2063924628272378243,Mon Jun 08 10:06:02 +0000 2026,0,Ini menunjukkan bahwa dalam industri strategis tantangan yang kita hadapi bukan hanya bersifat ekonomi tapi juga geopolitik isu lingkungan dan yang paling penting: inkonsistensi standar global terhadap negara-negara berkembang. Arah kita dalam transformasi industri tetap,2063925510984610101,,txtangkringan,in,,0,0,0,https://x.com/undefined/status/2063925510984610101,1489658156989190144,,Baterai EV
2063846216363016405,Mon Jun 08 04:50:57 +0000 2026,2,Baca di sini: https://t.co/OnKzDvqCQr Berbeda dari komponen kendaraan biasa baterai EV memerlukan penanganan khusus karena mengandung material yang berpotensi mencemari lingkungan jika tidak dikelola dengan benar. ~NA #KendaraanListrik #LimbahBaterai #BateraiEV https://t.co/3KyPfMVZKY,2063846216363016405,https://pbs.twimg.com/media/HKRBLp-awAAa0bx.jpg,,in,,0,1,1,https://x.com/undefined/status/2063846216363016405,23343960,,Baterai EV
2063606903955980506,Sun Jun 07 13:50:15 +0000 2026,9,@zhil_arf Standar baterai EV china terbaru. No Fire No Explosion Artinya: tidak boleh ada nikel di baterai ev Demand nickel akan drop signifikan https://t.co/QtJzfftfxw,2063619550671941900,,zhil_arf,in,,0,0,1,https://x.com/undefined/status/2063619550671941900,1471849039,,Baterai EV
2063474465091043333,Sun Jun 07 04:13:44 +0000 2026,80,Boleh kasih pendapat masee ? Mengapa para pengusaha besar nasional yg justru di dunia nyata (bukan medsos) besar kontribusinya dlm menopang perekonomian negara ini sering dijadikan meme atau dibuat gambar sbg profil 9 naga (atau 9 lele yg entah sejak kapan berdiri) selalu,2063474465091043333,,,in,,1,6,25,https://x.com/undefined/status/2063474465091043333,966143130,,Baterai EV
2062870452083769578,Fri Jun 05 12:13:36 +0000 2026,13,Akankah Indonesia ikuti jejak Vietnam ? Pada tahun 2022-2023 pasar keuangan Vietnam babak belur. Indeks saham VN-Index anjlok drastis dan industri properti mereka membeku akibat skandal korupsi obligasi raksasa (salah satunya kasus taipan Truong My Lan). Banyak investor panik https://t.co/AxGW6jL2SY,2062870452083769578,https://pbs.twimg.com/media/HKDImwwbwAAu7lZ.jpg,,in,,0,4,10,https://x.com/undefined/status/2062870452083769578,1347031551771430912,,Baterai EV
2062701532303544328,Fri Jun 05 01:02:23 +0000 2026,2,bursa mineral yang kian gila dari monopoli hingga raibnya 390 ton tanah jarang anda mungkin sibuk dengan drama korupsi di bgn dan pencopotan purbaya. tetapi ada drama yang lebih mengguncang perut bumi dan ini jauh lebih berbahaya karena menyangkut cadangan masa depan https://t.co/7r9HjVa887,2062701532303544328,https://pbs.twimg.com/media/HKAv-OTbkAA0e65.png,,in,,0,0,3,https://x.com/undefined/status/2062701532303544328,3152571817,,Baterai EV
2062549240149397629,Thu Jun 04 14:57:13 +0000 2026,6,Baca di sini: https://t.co/tQ1yM58UgA Salah satu kunci merawat motor listrik adalah mengatur pengisian daya baterai. Motor listrik memiliki batas minimal tersendiri yang wajib ditaati oleh penggunanya jika ingin baterai berumur panjang. ~NA #MotorListrik #EV #BateraiEV https://t.co/scBY1AUmLt,2062549240149397629,https://pbs.twimg.com/media/HJ-llwzacAAJ1-Y.jpg,,in,,0,2,0,https://x.com/undefined/status/2062549240149397629,23343960,,Baterai EV
2062331580845310282,Thu Jun 04 00:32:19 +0000 2026,0,Ironi Keamanan EV: Saat Teknologi Baterai Kian Matang Perilaku Pengguna Jadi Tantangan https://t.co/ii8J5pSixf,2062331580845310282,,,in,,0,0,0,https://x.com/undefined/status/2062331580845310282,23786106,,Baterai EV
2061356654562877512,Mon Jun 01 07:58:19 +0000 2026,4,Sobat Gatrik Kendaraan bermotor listrik berbasis baterai atau Electric Vehicle (EV) kini menjadi salah satu solusi transportasi masa depan yang lebih ramah lingkungan efisien dan mendukung transisi energi bersih di Indonesia. Dibandingkan kendaraan berbahan bakar fosil https://t.co/XwmiWoZINR,2061356654562877512,https://pbs.twimg.com/amplify_video_thumb/2061356237116395520/img/DwCOrbf4iziPE_tT.jpg,,in,,0,0,1,https://x.com/undefined/status/2061356654562877512,881756855583637504,,Baterai EV
2060959419215786403,Sun May 31 05:39:50 +0000 2026,207,LIST PASAR INDONESIA YG DIBUKA PRABOWO BUAT ASING INI INDONESIA SEDANG DIJUAL GAK SIH? Prancis → susu dan daging sapi. Turki → tekstil dan manufaktur. Amerika Serikat → mineral kritis dan baterai EV. Kanada → produk peternakan. Rusia → gandum. Tiongkok → nikel dan https://t.co/Zn1IBjYH2j,2060959419215786403,https://pbs.twimg.com/media/HJn_qkiaAAA0EAp.jpg,,in,,10,99,52,https://x.com/undefined/status/2060959419215786403,1031420690505785349,,Baterai EV
2060732509244305864,Sat May 30 14:45:08 +0000 2026,4,dalam 6 bulan pertama - Harga EV berpotensi turun 5 15% - Teknologi baterai ADAS dan infotainment berkembang lebih cepat - Konsumen memperoleh lebih banyak pilihan dengan harga lebih kompetitif Kesimpulan Akhir Pemenang terbesar adalah konsumen Indonesia. New Geely EX2..,2060734258583687660,,Rahadi0816,in,,0,0,4,https://x.com/undefined/status/2060734258583687660,1611567480992043008,,Baterai EV
2060732509244305864,Sat May 30 14:38:11 +0000 2026,4,New Geely EX2 (480 km) &amp; Dampaknya terhadap Pasar EV Indonesia 2026 1. New Geely EX2 Berpotensi Menjadi Game Changer Geely EX2 facelift 2026 hadir dengan kombinasi yang sangat kompetitif: - Jarak tempuh hingga 480 km (CLTC) - Baterai LFP 51 9 kWh - Fast charging 30 80% hanya https://t.co/r9n3gQJsqo,2060732509244305864,https://pbs.twimg.com/media/HJkxSfeaUAAxnv7.jpg,,in,,2,11,4,https://x.com/undefined/status/2060732509244305864,1611567480992043008,,Baterai EV
2060674489957179675,Sat May 30 10:47:38 +0000 2026,63,Kalo dalam Mazhab Austria ngasih warning kalo intervensi besar-besaran negara itu malah jadi awal kehancuran ekonomi. Fase akhir pemikiran Sumitro justru yang paling rasional dan sangat sejalan dengan peringatan para ekonom Austria tentang bahaya crony capitalism. BTW tentang https://t.co/C0ARt53g4n,2060674489957179675,https://pbs.twimg.com/media/HJj8hqCaAAANlE-.jpg,,in,,2,0,22,https://x.com/undefined/status/2060674489957179675,1090191916560396288,,Baterai EV
2060571657534861812,Sat May 30 03:59:01 +0000 2026,36,Wah Bro Kangkung Asin @pedas__manis sontoloyo lagi ngarang cerita dongeng ala anak TK nih. Kunjungan ke Roma ditolak gak ada petinggi yang mau nyambut makanya ngambek nambah Austria-Hungaria. Ibarat anak kecil makin dilarang makin bandel. Dasar pembual kelas kampung! Kamu,2060571657534861812,,,in,,0,13,9,https://x.com/undefined/status/2060571657534861812,235931838,,Baterai EV
2060552923416088870,Sat May 30 02:44:34 +0000 2026,95,Seperti nya sudah banyak yang bisa perbaiki baterai mobil EV Tinggal bagaimana QC dan safety nya Ada yg punya pengalaman perbaikan baterai EV nya? https://t.co/KY2LuQsONk,2060552923416088870,https://pbs.twimg.com/ext_tw_video_thumb/2060552872140660736/pu/img/JCqbMZQJRSYMTsh9.jpg,,in,,0,20,22,https://x.com/undefined/status/2060552923416088870,853206219611185152,,Baterai EV
2060285951528890793,Fri May 29 09:03:43 +0000 2026,19,Hungaria: unggul pabrik baterai EV. Austria: unggul di komponen mesin otomotif. Selama ini mereka beli nikel dari negara2 eropa. Tiba2 Presiden datang bawa Danantara karna nyari pasar baru? Cukup tim Danantara saja yg nego bisnis tanpa perlu presiden ikut2an jadi makelar. https://t.co/ENzIsZLwP1,2060285951528890793,https://pbs.twimg.com/media/HJebJ4Wa4AAkMO8.jpg,,in,,2,1,5,https://x.com/undefined/status/2060285951528890793,387021225,,Baterai EV
2060270113493074045,Fri May 29 08:00:48 +0000 2026,15,Tapi yang bikin miris Presiden lagi sibuk kunker luar negeri. Sementara di dalam negeri ekonomi grassroots lagi sesak napas. Saya ngerti pentingnya menarik investasi nikel &amp; baterai EV buat masa depan. Tapi rakyat kecil &amp; UMKM butuh kebijakan fiskal yang cepat saat ini juga.,2060270116718383418,,ELsaid_,in,,0,1,1,https://x.com/undefined/status/2060270116718383418,406837793,,Baterai EV
2060244748506689982,Fri May 29 06:20:00 +0000 2026,0,Cek hitungan fisikanya mengapa slow charging di rumah jauh lebih hemat energi dan bikin baterai EV awet. #Headline https://t.co/w06ILf79XZ,2060244748506689982,,,in,,0,0,0,https://x.com/undefined/status/2060244748506689982,23786106,,Baterai EV
2059172137743901104,Fri May 29 00:15:07 +0000 2026,2,@detiksport Di kelas harga yang setara (Rp 300 - 400 jutaan) terdapat beberapa pilihan mobil listrik (EV) dari pabrikan China yang menawarkan kapasitas baterai lebih besar jarak tempuh lebih jauh dan dimensi yang lebih lapang.,2060152923926233370,,detiksport,in,,0,0,0,https://x.com/undefined/status/2060152923926233370,2027066283397914624,,Baterai EV
2059940162013180098,Thu May 28 10:09:41 +0000 2026,2199,MARI KITA BONGKAR DATA INI SUPAYA PAHAM DAN TIDAK DI SESATKAN OLEH SEGELINTIR ORANG Pertumbuhan ekonomi MALUT 32 09% yang wow jika kita melihat hanya dari angka tapi jika kita melihat dampak dan realistisnya ini sangat mengkhawatirkan wak karna yang di maksimalkan bukan https://t.co/OAaGtd5rYY,2059940162013180098,https://pbs.twimg.com/media/HJZgqDcbwAAosoX.jpg,,in,,23,60,990,https://x.com/undefined/status/2059940162013180098,1745265761416056832,,Baterai EV
2059105391083155594,Tue May 26 02:52:36 +0000 2026,158,Ini dia Ferrari Luce mobil EV pertama Ferrari! Ferrari Luce menjadi mobil produksi listrik perdana Ferrari: ▫️ Didesain oleh ex-desainer Apple Jony Ive melalui firma desain LoveFrom ▫️ Empat motor listrik di tiap roda menghasilkan total output 1.035 bhp ▫️ 0-100 dalam 2 5 https://t.co/fqOPz1QX1H,2059105391083155594,https://pbs.twimg.com/media/HJNo2vyasAA2L2Y.jpg,,in,,13,42,16,https://x.com/undefined/status/2059105391083155594,1268958732794261505,,Baterai EV
2058822910878667260,Mon May 25 11:59:46 +0000 2026,7,@americhanoo_ Itu bensin atau ev ya? Coba ganti pre order Chery qq ev 3 pasti suami senang karena pajak thunan lebih murah n dnger2 garansi baterai seumur hidup cuman kualitas Mobil Chery Sy jg gak Tau bagus apa jelek,2058880701580349797,,americhanoo_,in,,0,1,0,https://x.com/undefined/status/2058880701580349797,1455945718129041408,,Baterai EV
2058127310554075455,Sat May 23 10:06:23 +0000 2026,5,Indonesia punya cadangan nikel terbesar di dunia sekitar 52% dari total global Tapi nilai tambah produk nikel yang masuk ke kantong negara jauh lebih kecil dari yang harusnya Kita ekspor ore murah negara lain yang bikin baterai EV lalu jual balik ke kita mahal,2058127395274776939,,syfaeth,in,,0,1,0,https://x.com/undefined/status/2058127395274776939,1886647765406736384,,Baterai EV
2058073960621932983,Sat May 23 06:37:09 +0000 2026,7,Solusi jangka panjang : Anggaran R&amp;D naik dari 0 26% ke minimal 1% PDB sebelum 2030 Hilirisasi bukan sekadar ekspor setengah jadi tapi bangun ekosistem industri utuh seperti baterai/EV Sinkronisasi kurikulum SMK dengan kebutuhan industri nyata Ini butuh 10-20 tahun dan harus,2058074737641926738,,vespamatic96,in,,0,1,0,https://x.com/undefined/status/2058074737641926738,1851094287188180993,,Baterai EV
2056696907309920305,Tue May 19 16:06:25 +0000 2026,5,@Aditya_UW @LambeResing Banyak yang salah paham. BYD itu rohnya buat baterai sedangkan mobil yang pake baterai bukan cmn EV aja tapi ada HEV dan PHEV yang mana masuknya ke mobil hybrid. F1 sejak 2014 udh masuk era hybrid jadi masih relevan,2056768445639999903,,Aditya_UW,in,,0,0,0,https://x.com/undefined/status/2056768445639999903,1629662874,,Baterai EV
2056755268361637893,Tue May 19 15:14:03 +0000 2026,28,kalo kalian ngira listrik = energi bersih coba pikir ulang lagi. baterai mobil listrik itu nambang nikelnya gimana belum jadi limbahnya ketika rusak. transum EV itu jg aneh ketika KRL cuma ada di jabodetabek joglo dan palembang tp kota lain dipaksa punya Bus EV. lompat bgt,2056755268361637893,,,in,,1,8,19,https://x.com/undefined/status/2056755268361637893,1278269892882337792,,Baterai EV
2056532376218726740,Tue May 19 00:34:43 +0000 2026,8,Nikel tetap sangat dibutuhkan dalam skala volume tinggi di masa depan khususnya untuk kendaraan listrik (EV) premium atau yang membutuhkan jarak tempuh jauh. .Meskipun baterai bebas nikel seperti LFP (Lithium Ferro Phosphate) populer untuk kendaraan standar karena lebih murah,2056533979193634969,,TradingDiary2,in,,0,1,0,https://x.com/undefined/status/2056533979193634969,1260798424393211904,,Baterai EV
2056532376218726740,Tue May 19 00:33:19 +0000 2026,2,@kynmngla Nikel tetap sangat dibutuhkan dalam skala volume tinggi di masa depan khususnya untuk kendaraan listrik (EV) premium atau yang membutuhkan jarak tempuh jauh. .Meskipun baterai bebas nikel seperti LFP (Lithium Ferro Phosphate) populer untuk kendaraan standar karena lebih murah,2056533624317755412,,kynmngla,in,,0,1,0,https://x.com/undefined/status/2056533624317755412,1260798424393211904,,Baterai EV
2056515127030231062,Mon May 18 23:19:49 +0000 2026,5,Pagi-pagi udah 89% Kerisauan pertama saat pergi adalah baterai hp habis. Jadi tahu kan kerisauan tambahan para pengguna EV? https://t.co/LE6ShBYrJ8,2056515127030231062,https://pbs.twimg.com/media/HIo1myIbMAAZi4k.jpg,,in,,0,4,0,https://x.com/undefined/status/2056515127030231062,66011286,,Baterai EV
2056168126165979138,Mon May 18 16:18:53 +0000 2026,2,@TradingDiary2 @embersobat Itu mah bukan hilirisasi bikin produk 1/8 mateng aja. Gw kira nikel keluar jadi baterai ev yg di expor atau jadi ev sekalian.,2056409198418940280,,TradingDiary2,in,,0,0,0,https://x.com/undefined/status/2056409198418940280,2834661709,,Baterai EV
2056298750994214991,Mon May 18 09:00:01 +0000 2026,4,Permintaan global untuk kendaraan listrik (EV) meningkat untuk bulan kedua berturut-turut pada April 2026. Menurut perusahaan konsultan Benchmark Mineral Intelligence (BMI) harga bahan bakar minyak (BBM) yang tinggi mengalihkan pembeli. Dilansir dari Investing pada Minggu https://t.co/Dl0uC1Yo0S,2056298750994214991,https://pbs.twimg.com/media/HIlBs35acAA1tEZ.jpg,,in,,0,0,0,https://x.com/undefined/status/2056298750994214991,4755284968,,Baterai EV
2056278730587492713,Mon May 18 08:28:31 +0000 2026,1,@SmwGwOto Udh ada bengkel spesialis nya ini baterai EV. Kayanya kedepannya bakalan gampang buat perbaikan ,2056290824619790538,,SmwGwOto,in,,0,0,0,https://x.com/undefined/status/2056290824619790538,43333910,,Baterai EV
2055933151818752306,Sun May 17 09:41:56 +0000 2026,2,@SmwGwOto 1. Untuk ev dari china produknya msh banyak yg bermasalah. 2. Harga baterai bisa 50-70% dari harga mobil. 3. Masih banyak produsen yg 'bingung' untuk handle complain dari pelanggan khususnya produsen dari china. 4. Sparepart masih simpang siur. 5. Purna jual terjun bebas.,2055946913367941142,,SmwGwOto,in,,0,0,0,https://x.com/undefined/status/2055946913367941142,1145217732658388992,,Baterai EV
2055865316689969580,Sun May 17 04:17:42 +0000 2026,16,Long weekend ini perdana jalan jauh ke luar kota naik EV ini pengalaman gue: 1. Ga bisa ngebut supaya hemat baterai. Avg gue cuma di 90km/jam biar dapet &gt;7km/kwh 2. Pakai trip planner buat nentuin ngecharge dimana tapi perlu bikin plan A dan plan B. Sempet dapet cuma https://t.co/Kg37GyMzqU,2055865316689969580,https://pbs.twimg.com/media/HIfmiSybAAAQXOg.jpg,,in,,0,4,3,https://x.com/undefined/status/2055865316689969580,76652780,,Baterai EV
2055853424772870494,Sun May 17 03:30:27 +0000 2026,1,Chery eQ1 mengeluarkan asap tebal dari bagian bawah mobil tanda-tanda baterai terbakar secara spontan. #chery #mobillistrik #EV https://t.co/IjhgeoQmrW,2055853424772870494,https://pbs.twimg.com/ext_tw_video_thumb/2055853324298280960/pu/img/y-OuubaCG53A3k_a.jpg,,in,,0,0,0,https://x.com/undefined/status/2055853424772870494,829629520256913408,,Baterai EV
2055290042902524194,Fri May 15 14:11:46 +0000 2026,10,Bulan ini ngeluarin buat mobil cukup banyak Pajak 2 9 juta Service Paket Hemat 3 1 juta (2x datang) Aki Brake 2 5 juta Dah 8 5 juta Mau pny EV satu nunggu 2028 kali ya udah pada mature 5 tahunan EV ngeliat kualitas baterai dan after sales produk2 ev china.. https://t.co/4cKjjuNLIt,2055290042902524194,https://pbs.twimg.com/media/HIXbZf3a4AEmdnR.jpg,,in,,1,1,0,https://x.com/undefined/status/2055290042902524194,916546058238361607,,Baterai EV
2055259718172762290,Fri May 15 12:11:16 +0000 2026,0,Parkir di Bawah Terik Matahari Mempercepat Degradasi Baterai EV ~NA Klik untuk baca: https://t.co/TFexVniL6i,2055259718172762290,,,in,,0,0,0,https://x.com/undefined/status/2055259718172762290,23343960,,Baterai EV
2055153493753655485,Fri May 15 05:09:10 +0000 2026,9,12 MOBIL LISTRIK TERLARIS INDONESIA APRIL 2026 11 BRAND CHINA 1 BRAND VIETNAM. BRAND INDO KEMANA? No. 1 JAECOO J5 EV Terjual: 3.179 unit Harga: Rp279 9 juta (Standard) Rp309 9 juta (Premium) Asal Negara: China (sub-brand dari Chery Group) Pabrik di Indonesia: Ada. https://t.co/RagR6AXjJB,2055153493753655485,https://pbs.twimg.com/media/HIVfNU9agAA-fuI.jpg,,in,,0,0,4,https://x.com/undefined/status/2055153493753655485,1031420690505785349,,Baterai EV
2055076553135104241,Fri May 15 00:03:26 +0000 2026,2,guys kalo nonton ini baterai ev sdh bisa diservis per cell tidak harus gelondongan beli wuling air ev sekon jai worthed bgt. krn sekonnya sgt murah. jangan aja stlh bengkel ini viral air ev sekon jadi mahal. https://t.co/YgyQVS3qXI,2055076553135104241,,,in,,0,1,0,https://x.com/undefined/status/2055076553135104241,1210505846553079808,,Baterai EV
2054724765567558045,Thu May 14 10:56:41 +0000 2026,2,@DudeRafay60339 YA bro kita masih sangat bergantung pada ekspor komoditas tambang dan hasil hutan. Hilirisasi yg dijalankan masih setengah matang . Artinya kita baru berhasil mengolah bahan mentah mjd barang setengah jadi spt ferronickel atau slab baja bukan barang jadi bernilai jual tinggi,2054878562768114126,,DudeRafay60339,in,,0,1,0,https://x.com/undefined/status/2054878562768114126,325599485,,Baterai EV
1693188495387574490,Thu May 14 05:31:56 +0000 2026,5,DATANG BYD Company Ltd merilis BYD Great Tang SUV listrik ukuran penuh (7-seater) thn 2026 yg menampilkan arsitektur 1000V Baterai Blade generasi kedua dan jangkauan CLTC hingga 950 km. Dipasarkan di China mulai sekitar 250.000 320.000 RMB menawarkan pengisian cepat 10C https://t.co/l3ESHxOF4r,2054796837417365851,https://pbs.twimg.com/media/HIQaoy8bMAATNtF.jpg,eddesign_,in,,0,1,2,https://x.com/undefined/status/2054796837417365851,325599485,,Baterai EV
2054554327122067475,Wed May 13 13:33:08 +0000 2026,2,investasi lintas sektor. Breakdown Sektor Kesimpulan Strategis - Tidak ada pergantian total arisan: Singapura tetap juara bertahan China masih dominan di hilirisasi &amp; baterai EV. - Prabowo diversifikasi: memberi kemudahan ke AS menjaga bargaining dengan China membuka https://t.co/opUdB24jGL,2054555547232583836,https://pbs.twimg.com/media/HIM_XuvacAIrtNB.jpg,Rahadi0816,in,,0,0,2,https://x.com/undefined/status/2054555547232583836,1611567480992043008,,Baterai EV
2054554327122067475,Wed May 13 13:31:30 +0000 2026,2, karpet merah untuk AS diplomasi awal dengan Rusia Singapura tetap gateway stabil. Dinamika Era Prabowo - China: Masih dominan di hilirisasi nikel &amp; baterai EV tapi menghadapi regulasi ketat (royalti DHE RKAB pajak visa TKA). - AS: Mendapat kemudahan lewat Reciprocal https://t.co/wMz5OXHEKG,2054555134089425406,https://pbs.twimg.com/media/HIM_AIvb0AA9Rb_.jpg,Rahadi0816,in,,0,0,2,https://x.com/undefined/status/2054555134089425406,1611567480992043008,,Baterai EV
2054512534615720110,Wed May 13 10:42:13 +0000 2026,0,Hyundai Sambut Positif Rencana Insentif untuk EV Berbasis Baterai Nikel https://t.co/vdpQG3etJq,2054512534615720110,,,in,,0,0,0,https://x.com/undefined/status/2054512534615720110,2392460208,,Baterai EV
2054457364657688694,Wed May 13 07:03:00 +0000 2026,2,Pemerintah menyiapkan stimulus kendaraan listrik atau electric vehicle (EV) sebagai salah satu strategi untuk mendorong pertumbuhan ekonomi nasional pada semester II 2026. Menteri Keuangan Purbaya Yudhi Sadewa meyakini pertumbuhan ekonomi Indonesia dapat melampaui 5 5% pada https://t.co/ySN6Q6Ryzg,2054457364657688694,https://pbs.twimg.com/media/HILBB71a4AAhmyR.jpg,,in,,0,0,0,https://x.com/undefined/status/2054457364657688694,786549338818224128,,Baterai EV
2054426024079962605,Wed May 13 04:58:28 +0000 2026,0,BYD Respons Purbaya Soal Insentif EV Baterai Nikel Lebih Besar https://t.co/0Ke0Bd2Feg,2054426024079962605,,,in,,0,0,0,https://x.com/undefined/status/2054426024079962605,17128975,,Baterai EV
2054422101377880201,Wed May 13 04:42:52 +0000 2026,0,Sebelum Beli EV Ketahui Dampak Cuaca Ekstrem pada Baterai https://t.co/jWo0OxUUgy,2054422101377880201,,,in,,0,0,0,https://x.com/undefined/status/2054422101377880201,118371948,,Baterai EV
2054206806650691862,Tue May 12 14:27:22 +0000 2026,2,BYD Dukung Pemerintah Beri Insentif EV yang Menggunakan Baterai Nikel https://t.co/EwNaZUrp4g,2054206806650691862,,,in,,0,1,0,https://x.com/undefined/status/2054206806650691862,2392460208,,Baterai EV
2054192815517958312,Tue May 12 13:31:46 +0000 2026,0,EV dengan Baterai Nikel Dapat Insentif Lebih BYD: Nikel atau LFP Tujuannya Sama https://t.co/XLApwlR96V,2054192815517958312,,,in,,0,0,0,https://x.com/undefined/status/2054192815517958312,80543284,,Baterai EV
2054130089303109908,Tue May 12 09:22:31 +0000 2026,62, Kekacauan Teluk Persia mencekik pasokan bahan kimia industri paling banyak digunakan di dunia Ketegangan di Selat Hormuz telah memicu guncangan asam sulfat mengirimkan harga melonjak dan mengancam rantai pasok global dari bahan kimia yang esensial untuk keamanan pangan https://t.co/fiuVp6grrN,2054130089303109908,https://pbs.twimg.com/media/HIG8J1LaMAI-65i.png,,in,,0,0,28,https://x.com/undefined/status/2054130089303109908,2256063276,,Baterai EV
2054078474625896949,Tue May 12 05:57:25 +0000 2026,377,ERA TETOT TETOT FORTUNER PAJERO KELAR KAH? HARUSNYA JALANAN LEBIH DAMAI ! Gara-gara Pertamina Dex naik jadi 27.900/liter banyak yang mulai mikir ulang. Isi bensin full + ganti ban aja bisa tembus 1.8 JT sekali jalan. Nah sekarang kita bedah tuntas apakah beralih ke mobil https://t.co/aSFvpTchQf,2054078474625896949,https://pbs.twimg.com/media/HIGNe8BaAAAN--S.jpg,,in,,6,49,91,https://x.com/undefined/status/2054078474625896949,1031420690505785349,,Baterai EV
2054064212092305670,Tue May 12 05:00:45 +0000 2026,1,Baca di sini: https://t.co/VkKwChASPw Baterai mobil listrik terdiri dari ratusan hingga ribuan sel kecil yang bekerja bersama menyimpan energi. Sistem battery pack EV pun jauh lebih kompleks dibanding aki mobil konvensional. ~NA #MobilListrik #BateraiEV #BatteryPack https://t.co/MRBi1n2Iim,2054064212092305670,https://pbs.twimg.com/media/HIGAftcboAA6NgB.jpg,,in,,0,0,1,https://x.com/undefined/status/2054064212092305670,23343960,,Baterai EV
2053842639682687152,Mon May 11 14:20:18 +0000 2026,4,Penjualan mobil berbahan bakar bensin dan diesel mulai mengalami penurunan tajam di berbagai negara sementara permintaan kendaraan listrik (EV) justru melonjak signifikan. Kenaikan harga BBM perkembangan teknologi baterai hingga insentif pemerintah disebut menjadi faktor https://t.co/quwDIYsW2G,2053842639682687152,https://pbs.twimg.com/media/HIC22Dna4AAjUKM.jpg,,in,,0,0,2,https://x.com/undefined/status/2053842639682687152,231355136,,Baterai EV
2053696501394592084,Mon May 11 04:39:36 +0000 2026,0,BYD hingga Tesla Bantah Terkait Isu Pembatasan Baterai EV https://t.co/AmSIT8j4ga,2053696501394592084,,,in,,0,0,0,https://x.com/undefined/status/2053696501394592084,118371948,,Baterai EV
2052714576626741502,Fri May 08 11:37:47 +0000 2026,3,Gw baru sadar pepatah2nya pak @farisrachman_1 kalo hilirisasi harusnya gak cuman sampe Nikel sulfat atau copper cathode yang masih sensitif sama harga komo global tapi harus lebih hilir lagi ke baterai EV manufaktur...,2052714579399233940,,scofierceyanhar,in,,0,0,1,https://x.com/undefined/status/2052714579399233940,1885806408958144512,,Baterai EV
2052657296447316463,Fri May 08 07:52:54 +0000 2026,0,Presiden RI Prabowo menunjukkan bahwa kekuatan ASEAN terletak pada persatuan serta membawa agenda prioritas: -) ketahanan energi; -) ketahanan pangan; -) ekosistem baterai EV; -) penguatan konektivitas sub kawasan antara: Brunei Darussalam - Indonesia Malaysia Philippines,2052657983293898985,,txtangkringan,in,,0,1,0,https://x.com/undefined/status/2052657983293898985,1489658156989190144,,Baterai EV
2052536238532698331,Thu May 07 23:49:08 +0000 2026,9,Menteri Keuangan Purbaya Yudhi Sadewa menyatakan insentif kendaraan listrik tahun ini akan berbeda berdasarkan jenis baterai dengan EV berbasis nikel mendapat fasilitas lebih besar dibanding non-nikel. Simak selengkapnya: https://t.co/42oUIgXGUQ https://t.co/3xPH1jdsuo,2052536238532698331,https://pbs.twimg.com/media/HHwS1CcbQAAsJes.jpg,,in,,1,0,1,https://x.com/undefined/status/2052536238532698331,1582972008479920129,,Baterai EV
2051717477684367664,Tue May 05 17:35:40 +0000 2026,136,Jelajah pemakaian mobil EV 500-700 ribu kilometer buat berapa tahun? Kalau pemakaian 10 ribu pertahun untuk pribadi udah banyak berarti kejadian sel baterai rusak baru kejadian di 50 tahun bukan 10-15 tahun. https://t.co/vaHpGGUO10,2051717477684367664,https://pbs.twimg.com/amplify_video_thumb/2051716005483659266/img/rrmlQB-6Hyj4ke9v.jpg,,in,,0,21,19,https://x.com/undefined/status/2051717477684367664,1976991588,,Baterai EV
2051256271685165137,Mon May 04 11:03:00 +0000 2026,29,Semakin dunia dipaksa menjauh dari minyak semakin mereka sadar kalau baterai dan EV Tiongkok itu bukan lagi pilihan tapi satu-satunya solusi yang masuk akal.,2051256271685165137,,,in,,0,4,3,https://x.com/undefined/status/2051256271685165137,1955226998156169217,,Baterai EV
2051177045582139619,Mon May 04 05:48:11 +0000 2026,16,Pertanyaan ayam dan telur: EV dulu atau infrastruktur charging dulu? Menurut beberapa survei keraguan utama calon pengguna EV adalah 'range anxiety' alias cemas soal ketahanan baterai dan di mana ngisinya. Pertumbuhan tempat charging (SPKLU) dan nuker baterai (motor &gt;&gt; SPBKLU) https://t.co/UgplBqZS15,2051177045582139619,https://pbs.twimg.com/media/HHc82H5acAAuGTs.jpg,,in,,1,3,6,https://x.com/undefined/status/2051177045582139619,69806285,,Baterai EV
2051095873619460391,Mon May 04 00:28:20 +0000 2026,23,Kategori 2: Ekosistem EV. Ini yang main di belakang layar seperti baterai charging station swap station https://t.co/yxq8BNo90N,2051096552555634987,https://pbs.twimg.com/media/HHb1avTbMAAR_Wb.jpg,cukhurukuque,in,,0,0,2,https://x.com/undefined/status/2051096552555634987,1509650609120718860,,Baterai EV
2050188945213075550,Fri May 01 14:24:16 +0000 2026,503,Prototipe Indonesia saat itu ada 10 mobil listrik &amp; disita semua saat mereka difitnah korupsi. Padahal BYD prototipe baru 1 EV Pak Dasep kepala tim riset belom lama ini bebas setelah dipenjara 10 tahun karena mobil listriknya gak lulus uji emisi. Dia inovasi baterai sekarang https://t.co/qbutc43PUJ,2050219758025630014,https://pbs.twimg.com/media/HHPYABJaYAAsV50.jpg,mazzini_gsp,in,,4,12,62,https://x.com/undefined/status/2050219758025630014,1226038913707282433,,Baterai EV
2049871586610810947,Thu Apr 30 15:20:45 +0000 2026,6,Saya membaca tulisan dibawah ini sepertinya Keliru dech karena KACAMATA BARAT pasti akan keliru melihat TIMUR apalagi Tiongkok ideloginya Tetap Komunis / Sosialis dimana Sandang - Papan - Pangan adalah kewajiban Negara pada Rakyatnya. Beda dengan Amerika dimana Property https://t.co/eURFUPWcdg,2049871586610810947,https://pbs.twimg.com/media/HHKbWAyaMAA90XV.jpg,,in,,1,1,2,https://x.com/undefined/status/2049871586610810947,1383295518374121475,,Baterai EV
2049538873290867146,Thu Apr 30 12:19:04 +0000 2026,2,@bram_ibr @pedas__manis KRL pun EV tertua yg masuk Indonesia setelah trem listrik. Jauh sebelum mobil EV. Ah apa mungkin karena sumber energi penggeraknya KRL belum pakai teknologi baterai BEMU (Battery Electric Multiple Unit)?,2049825862124707943,,bram_ibr,in,,0,0,0,https://x.com/undefined/status/2049825862124707943,155209732,,Baterai EV
2049745864374247523,Thu Apr 30 09:19:41 +0000 2026,5,@Makaryo0 Udah abad 21 masih aja mainan koperasi. Koplak emang. Konsep kuno itu ditinggalin aja. Sekarang itu tech tech tech. Punya tambang mineral banyak diberdayakan dibikin pabrik yang siap nyuplai baterai ev atau chip. Bukannya koperasi2. Pantes aja masih terbelakang,2049780722119160051,,Makaryo0,in,,0,1,0,https://x.com/undefined/status/2049780722119160051,218887410,,Baterai EV
2049658830016102775,Thu Apr 30 01:15:20 +0000 2026,2,Pakar Wanti-wanti Suhu Panas Percepat Degradasi Baterai EV https://t.co/SdZe8flX4Z,2049658830016102775,,,in,,1,0,0,https://x.com/undefined/status/2049658830016102775,17128975,,Baterai EV
2049438448990458160,Wed Apr 29 10:39:37 +0000 2026,1,GM Tractors Buka-Bukaan Soal Baterai EV di Sektor Alat Berat Tambang https://t.co/gUN89uOGuB,2049438448990458160,,,in,,0,0,0,https://x.com/undefined/status/2049438448990458160,847372542830444544,,Baterai EV
2049302729936580624,Wed Apr 29 01:40:19 +0000 2026,1187,Keypoints: - Indonesia punya talenta engineer bagus (termasuk dari ITB) serta punya sumber daya alam besar seperti nikel untuk baterai. Masalahnya dana lebih banyak mengalir ke app sederhana yang cepat untung dibanding deep tech (R&amp;D jangka panjang) - Banyak engineer,2049302729936580624,,,in,,16,34,345,https://x.com/undefined/status/2049302729936580624,179076668,,Baterai EV
2048989390207102979,Tue Apr 28 12:18:25 +0000 2026,4,@naisoodelicious @tanyarlfes Kalok tabrakan dan apes itu kereta nge gencet baterainya itu mobil kebakar dan bener² gosong angus tinggal rangka atau tulangannya doang. Baterai ev itu kalok udah kebakar habis se mobil²nya karena apar nya aja khusus ga bisa dipadamkan dengan apar biasa,2049100926406054225,,emyr_za1,in,,0,1,0,https://x.com/undefined/status/2049100926406054225,1504627720915132416,,Baterai EV
2048991586646958465,Tue Apr 28 08:17:03 +0000 2026,119,@PecintaSejarah2 @id_greensm Sebenarnya bukan hanya mobil EV taksi Green SM yg gunakan unit dari Vinfast - Vietnam Tapi juga semua unit EV bahwa polusi baterai bekas nya akan semakin berbahaya bagi lingkungan Sistem elektroniknya masih rentan dan sensitif terbukti ada bbrp kasus tapi tidak ter ekspos media,2049040182905897025,,PecintaSejarah2,in,,0,2,5,https://x.com/undefined/status/2049040182905897025,192842311,,Baterai EV
2049002531414769968,Tue Apr 28 06:56:52 +0000 2026,2,@myunpublished apa aja yg di tweet selanjutnya itu dia (seinget saya) cuman sekring ada yg masalah jadi mobilnya ngelock padahal baterai 100% dan 1 hal EV gada mesin ya paman adanya dinamo eheheh,2049020003014570453,,myunpublished,in,,0,0,2,https://x.com/undefined/status/2049020003014570453,1544688618534408192,,Baterai EV
2048664919051313311,Tue Apr 28 03:37:10 +0000 2026,3,@LambeSahamjja Hyundai sdh lebih dulu kena Prank (kebijakan yg berubah2). Hal ini mengakibatkan HYUNDAI-LGI batal membangun pabrik baterai EV ke-2 di Batang Pabrik ke-1 sdh beroperasi di Cikarang. Pindah ke Vietnam yg lebih stabil.,2048969749619679733,,LambeSahamjja,in,,0,1,0,https://x.com/undefined/status/2048969749619679733,98595876,,Baterai EV
2048805541884121353,Mon Apr 27 16:44:52 +0000 2026,2,2. korsleting scara lgsg di baterai utama sangat jarang terjadi karena dia punya isolasi ganda. yaitu baterai EV berada dalam kompartemen yang terisolasi secara elektrik dari sasis mobil. trs sistem proteksi. itu jika terdeteksi lonjakan tegangan yang tidak wajar -,2048805592274448525,,beammeupjimmy,in,,0,1,0,https://x.com/undefined/status/2048805592274448525,898027158022397952,,Baterai EV
2048664919051313311,Mon Apr 27 07:25:53 +0000 2026,549,Guys ada situasi yang menurut gue menggambarkan dengan sangat jelas salah satu masalah terbesar yang membuat investor asing ragu masuk ke Indonesia. BYD produsen kendaraan listrik terbesar di dunia dari China sudah investasi besar-besaran di Indonesia. Bangun pabrik. Buka https://t.co/8YHRhp2znm,2048664919051313311,https://pbs.twimg.com/media/HG5RU8LbMAA_y_q.png,,in,,12,113,156,https://x.com/undefined/status/2048664919051313311,1772323119111487490,,Baterai EV
2048631528843067841,Mon Apr 27 05:13:12 +0000 2026,9,Min narasinya berlebihan banget. Baterai AA ini kita sebut namanya Cell. Jadi Batere EV itu kumpulan dari Ribuan Cell. Baterai Cell ini ada tipe nya 21700 18650. Jika makin lama makin turun daya nya. Cell ini yang diganti. Baterainya dibongkar di cek satu satu yang mana yg https://t.co/ZTRe9789Bn,2048631528843067841,https://pbs.twimg.com/media/HG4zhLGbAAAk9DY.jpg,,in,,0,0,0,https://x.com/undefined/status/2048631528843067841,1034308064,,Baterai EV
2047627503825785227,Sat Apr 25 05:42:41 +0000 2026,4,@kevinkamerad Di sulawesi zona industrialnya masih fokus buat ubah nikel jadi bahan baku baterai ev belum sampe merakit kayaknya,2047914171099201930,,kevinkamerad,in,,0,0,0,https://x.com/undefined/status/2047914171099201930,1990083550780260352,,Baterai EV
2047469475797389720,Fri Apr 24 00:15:37 +0000 2026,1,Kona EV Terbakar Diduga Baterai Overheat Hyundai Indonesia Buka Suara https://t.co/rxjgTfFKBg,2047469475797389720,,,in,,0,0,0,https://x.com/undefined/status/2047469475797389720,17128975,,Baterai EV
2047322138634539063,Thu Apr 23 14:30:09 +0000 2026,6063,Btw pas hari selasa kmrn aku meeting sama supplier baru ada info menarik bahwa china lagi buka pabrik baterai di jawa barat sepanjang 5km yg diperuntukkan untuk seluruh mobil ev di Indonesia dan ini yg bawa bahlil :)) Lagi mikir dari info ini saham apa yg soon bakalan naik ,2047322138634539063,,,in,,36,68,481,https://x.com/undefined/status/2047322138634539063,785767643911294976,,Baterai EV
2047142431737737253,Thu Apr 23 04:35:00 +0000 2026,4,@SmwGwOto Yes. Itulah kenapa pabrikan mobil banyak yang takut EV. Karena fast moving partsnya dikit sumber penghasilan mereka bakal berkurang. Bayangin ada ev yang setangguh reborn asal baterai ada isinya kaki kaki badak mau keliling dunia 10x ya ayok.,2047172361838006348,,SmwGwOto,in,,0,1,0,https://x.com/undefined/status/2047172361838006348,78283446,,Baterai EV
2047000088162251060,Wed Apr 22 17:10:27 +0000 2026,7,Akhirnya Wuling Eksion resmi rilis harganya mulai Rp 389 juta buat 2.000 pemesan pertama. Mobil ini ada varian EV dan PHEV yg EV punya range 530 km dengan baterai berkapasitas 69 2 kWh. Sementara yg PHEV punya mesin 1.500 cc hybrid yang bisa nempuh 1.000 km. https://t.co/2YRMwRDY4x,2047000088162251060,https://pbs.twimg.com/media/HGhnsk9aQAA_jlL.jpg,,in,,0,2,0,https://x.com/undefined/status/2047000088162251060,1194220651155873793,,Baterai EV
2046841431944519726,Wed Apr 22 06:40:00 +0000 2026,1,Pajak EV Tak Lagi Gratis Celios: Bus Listrik Harusnya Diberi Insentif Agar Konsumsi BBM Turun Pemerintah kini mengurangi aturan insentif kendaraan listrik (EV). Jika dulu pemerintah masih membebaskan pajak kendaraan bermotor (PKB) aturan baru tercantum dalam Peraturan Menteri https://t.co/xvZGyJoJpw,2046841431944519726,https://pbs.twimg.com/amplify_video_thumb/2046841313908387840/img/Pg-60ZLkIg3jX_C-.jpg,,in,,0,0,0,https://x.com/undefined/status/2046841431944519726,58880688,,Baterai EV
2046759642064121889,Wed Apr 22 01:15:00 +0000 2026,2,Menteri Keuangan Purbaya Yudhi Sadewa menyatakan aturan baru pajak kendaraan listrik atau electric vehicle (EV) tidak mengubah total pajak melainkan hanya menggeser skema pemungutan. Sebetulnya total (pajak) sama nggak ada yang berubah. Cuma bergeser saja dari suatu tempat https://t.co/oP5vf6r9KT,2046759642064121889,https://pbs.twimg.com/media/HGd8aafbQAAups3.jpg,,in,,0,0,0,https://x.com/undefined/status/2046759642064121889,786549338818224128,,Baterai EV
2046466970565156885,Tue Apr 21 05:52:01 +0000 2026,11,Kemarin baru servis Dispenser di Service Center Polytron Eh tnyata jualan Motor dan mobil mereka lalu saya nanya nanya dan Cari Youtube. Saya bisa bilang Polytron ini bisa jadi besar. Motor EV nya Cuman Rp 15 juta utk yg sewa baterai (sewa disini artinya baterai rusak. https://t.co/K0GuRAncRX,2046466970565156885,https://pbs.twimg.com/media/HGaC2-VbQAAoxcB.jpg,,in,,0,3,1,https://x.com/undefined/status/2046466970565156885,1034308064,,Baterai EV
2046385509606527206,Tue Apr 21 00:28:20 +0000 2026,5,Buat yang Punya EV Baterai nya di dalam bisa diganti. (bayangin kaya ganti baterai hape) Cuman Bengkel disini belum terbiasa. Dan baterai nya mgkn harus request. Cintoh ada Rakki Panda ini https://t.co/M5TiSwtbkp,2046385509606527206,https://pbs.twimg.com/media/HGY3drsaMAAazmj.jpg,,in,,0,0,0,https://x.com/undefined/status/2046385509606527206,1034308064,,Baterai EV
2046384147644715477,Tue Apr 21 00:22:55 +0000 2026,2,Pajak kendaraan listrik di Jakarta gak gratis lagi ya gaes Dari 1 Permendagri baru Kendaraan Bermotor Listrik Berbasis Baterai (KBLBB) sekarang masuk objek Pajak Kendaraan Bermotor (PKB) &amp; Bea Balik Nama Kendaraan Bermotor (BBNKB). Tapi Pemprov DKI bilang tetep kasih https://t.co/SiEO4JeY3e,2046384147644715477,https://pbs.twimg.com/media/HGY3RQDbkAEY69y.jpg,,in,,1,2,1,https://x.com/undefined/status/2046384147644715477,88183885,,Baterai EV
2046137329107210546,Mon Apr 20 11:51:22 +0000 2026,15,@recentlyfinishd @Pak_Irv Listrik sama kalor punya satuan energi yang sama yaitu Joule. KWh bisa diubah jadi Joule. Semisal JKT ke SBY butuh berapa Joule yang dikeluarkan nah kalo diganti jadi EV ada nggak baterai yang bisa hasilin energi jarak segitu. Baru 1 faktor tuh belum bobotnya juga.,2046195015865754099,,recentlyfinishd,in,,0,1,0,https://x.com/undefined/status/2046195015865754099,1143688271009964032,,Baterai EV
2045709783462973576,Sun Apr 19 14:38:49 +0000 2026,9,@creeping5ilence Narasinya kelewat dramatis tapi salah di bagian-bagian yang penting. Mulai dari fakta dasarnya. Permendagri 11/2026 memang tidak lagi mencantumkan kendaraan listrik secara eksplisit sebagai yang dikecualikan. Tapi Pasal 19 aturan yang sama masih memberi ruang bagi pemda untuk,2045874767698534400,,creeping5ilence,in,,0,1,4,https://x.com/undefined/status/2045874767698534400,36319232,,Baterai EV
2044951047572255192,Sat Apr 18 00:18:43 +0000 2026,2,@L1L178 EV adalah scam terbesar dibidang transportasi. Bersiaplah dengan asuransi dan kelangkaan baterai kedepanya. Sebab nikel akan habis beberapa tahun lagi. https://t.co/4SXPxZoxcJ,2045295925455999436,,L1L178,in,,0,0,1,https://x.com/undefined/status/2045295925455999436,1254035776322453506,,Baterai EV
2045280807909306626,Fri Apr 17 23:18:38 +0000 2026,4,Membayangkan dengan maraknya tehnologi kendaraan ev sekarang maka dalam 10 tahun kedepan kita menghadapi limbah baterai,2045280807909306626,,,in,,0,0,2,https://x.com/undefined/status/2045280807909306626,1226405322,,Baterai EV
2045091136583447014,Fri Apr 17 10:44:57 +0000 2026,0,Investigasi Awal Penyebab Markas BYD Kebakaran Bukan dari Baterai EV https://t.co/IEXbyyN7VO,2045091136583447014,,,in,,0,0,0,https://x.com/undefined/status/2045091136583447014,80543284,,Baterai EV
2045014533065093169,Fri Apr 17 05:40:33 +0000 2026,0,Lithium merupakan komponen inti dari baterai lithium-ion yang menggerakkan hampir semua teknologi modern mulai dari ponsel pintar hingga kendaraan listrik (EV) https://t.co/w4nJVLA9IW,2045014533065093169,,,in,,0,0,0,https://x.com/undefined/status/2045014533065093169,68930552,,Baterai EV
2044932911145918900,Fri Apr 17 00:16:13 +0000 2026,23,Indonesia meledak produksinya. Dari hampir tidak terlihat di 2015 jadi raja nikel dunia dengan 59% pangsa pasar global di 2024. Produksi Indonesia naik lebih dari 10x lipat dalam kurun waktu tersebut. Filipina yang dulu nomor 1 turun drastis. Total produksi dunia sekitar 3 7,2044932911145918900,,,in,,1,1,4,https://x.com/undefined/status/2044932911145918900,2458124804,,Baterai EV
1817733627612172721,Thu Apr 16 11:12:49 +0000 2026,18,THE JAPANESE🇯🇵 DILEMMA Yg menarik tak satu pun pabrikan Jepang dlm 10 besar. Sayang VisualCapitalist gak menyertakan datanya sbg komparatif. Meskipun TOYOTA &amp; HONDA tetap mendominasi pasar mobil konvensional (ICE) dan Hybrid (HEV) secara global mereka tertinggal jauh di https://t.co/UmsEboxozq,2044735763074711984,https://pbs.twimg.com/ext_tw_video_thumb/2044735655390150656/pu/img/ZPrWec9R8GThGl7f.jpg,eddesign_,in,,0,4,7,https://x.com/undefined/status/2044735763074711984,325599485,,Baterai EV
1817733627612172721,Thu Apr 16 05:29:33 +0000 2026,3,THE WORLD's BIGGEST EV MAKERS ―Agustus 2024 s/d Agustus 2025 Angka² ini mencakup kendaraan listrik baterai (BEV) dan kendaraan listrik hibrida plug-in (PHEV). ️ BYD Geely SAIC Changan dan Chery menunjukkan kedalaman manufaktur EV China. Ditopang oleh permintaan domestik https://t.co/cdY6Rrkwsc,2044649374152851538,https://pbs.twimg.com/media/HGANxPMboAAdoy8.jpg,eddesign_,in,,0,1,0,https://x.com/undefined/status/2044649374152851538,325599485,,Baterai EV
2044523206900650474,Wed Apr 15 21:08:12 +0000 2026,22,Nickel sudah heavily sold off sejak 2023 karena oversupply besar2an dari Indonesia. Tapi sekarang setup-nya berubah jadi menarik karena Indonesia akan memangkas produksi nikel ore di 2026. Pemerintah Indonesia (Kementerian ESDM) sudah resmi tetapkan kuota produksi nikel ore,2044523206900650474,,,in,,0,1,4,https://x.com/undefined/status/2044523206900650474,2458124804,,Baterai EV
2044400652307333239,Wed Apr 15 13:04:58 +0000 2026,3,Depresiasi cepat akibat inovasi &amp; penurunan harga Mitigasi: Pilih brand kuat + garansi baterai ≥ 8 tahun Perhitungkan TCO (listrik vs BBM) 6. Kesimpulan Strategis Best Value Entry: BYD Atto 1 / Wuling Air EV Best Safe Choice (All Segment): Toyota Hybrid (Veloz / Yaris Cross) https://t.co/felCAD8T8Y,2044401596440945121,https://pbs.twimg.com/media/HF8sZtTbAAAku83.jpg,Rahadi0816,in,,0,0,3,https://x.com/undefined/status/2044401596440945121,1611567480992043008,,Baterai EV
2044240822208737307,Wed Apr 15 02:26:06 +0000 2026,2,Gawat bensin dah mulai langka. Is this a welcome back to bensin seliter 50rb? Mobil-mobil dimodif jadi EV terus baterai diisi pakai tenaga surya aja mumpung matahari disini kek neraka bocor. Tapi baterai dynamo sama kontrol systemnya lebih mahal sih. Bensin ajalah bensin.,2044240822208737307,,,in,,0,1,0,https://x.com/undefined/status/2044240822208737307,1518762569648852993,,Baterai EV
2044136220348088775,Tue Apr 14 19:31:23 +0000 2026,22,Jika strategi Amerika Serikat untuk mencekik supply energi Tiongkok berhasil maka mesin industri Tiongkok akan melambat. Penurunan demand Tiongkok terhadap komoditas utama Indonesia seperti batu bara besi baja dan minyak sawit (CPO). Berdasarkan data BPS ekspor non migas https://t.co/wxQAuNRKgE,2044136456021782602,https://pbs.twimg.com/media/HF47RWSasAE2_BD.jpg,notintofinance,in,,0,1,5,https://x.com/undefined/status/2044136456021782602,2030889129895239680,,Baterai EV
2044102884988797005,Tue Apr 14 17:18:00 +0000 2026,2,Amerika pergi berperang di Timur Tengah untuk mengamankan minyak. China baru saja menjual jalan keluar kepada semua orang. Sementara Washington membakar aliansi dan kapal induk Beijing menghabiskan satu dekade dengan diam-diam memonopoli panel surya baterai dan kendaraan https://t.co/WK6kqThkwi,2044102884988797005,https://pbs.twimg.com/amplify_video_thumb/2044102794467258368/img/jZNUMIcr3cOlIDPm.jpg,,in,,0,1,0,https://x.com/undefined/status/2044102884988797005,1283815459792416768,,Baterai EV
2044045766130577675,Tue Apr 14 13:31:01 +0000 2026,528,Guys Lu Pada Tau Gak? Markas BYD di China Kebakaran Hebat Asap Hitam Pekat Nutupin Langit Shenzhen Kejadiannya baru aja tadi pagi dan videonya udah viral di mana-mana. Kebakaran ini terjadi di area parkir gedung bertingkat di kawasan industri BYD Shenzhen (itu lho pusat https://t.co/wVC3m0UM2a,2044045766130577675,https://pbs.twimg.com/media/HF3oMp4asAcMvQ1.png,,in,,10,37,121,https://x.com/undefined/status/2044045766130577675,1772323119111487490,,Baterai EV
2043905496508199173,Tue Apr 14 04:13:38 +0000 2026,390,Summary nya 1️⃣ Indonesia kaya akan bijih nikel laterit yg terdiri dari 2 jenis: yang mudah dilelehkan dg panas (saprolit) dan yang susah (limonit). 2️⃣ Dan ada 2 cara olahnya: - Cara RKEF: Pakai tungku listrik panas banget -&gt; nggak butuh asam. Keluar ferronikel atau matte,2043905496508199173,,,in,,1,5,82,https://x.com/undefined/status/2043905496508199173,134421856,,Baterai EV
2043880887058862396,Tue Apr 14 02:35:51 +0000 2026,627,Hebat memang Indonesia. Pagi koordinasi sama Tiongkok soal investasi kereta cepat dan baterai EV sorenya tanda tangan sama AS buat MDCP. Strategi yang katanya Bebas Aktif padahal aslinya cuma tidak mau rugi saja. Lewat MDCP ini Indonesia tidak mau cuma beli alutsista bekas.,2043880887058862396,,,in,,21,59,149,https://x.com/undefined/status/2043880887058862396,1955226998156169217,,Baterai EV
2043729529206911390,Mon Apr 13 16:40:12 +0000 2026,57,Ketika impor sulfur Timur Tengah tertutup dan China melarang ekspor asam sulfat perusahaan domestik yang memproduksi asam sulfat akan mendapatkan windfall profit yang besar. PT Amman Mineral Internasional Tbk (AMMN). AMMN pada dasarnya adalah produsen tembaga dan emas premium.,2043730985817436213,,notintofinance,in,,3,0,8,https://x.com/undefined/status/2043730985817436213,2030889129895239680,,Baterai EV
2043274175020777514,Sun Apr 12 10:25:00 +0000 2026,1248,Guys ada trader yang sudah katam banget asal palembang Namanya Daniel Lim. Full time trader saham dan crypto. Total volume transaksinya dalam satu tahun Rp30 triliun. Dan dia mau cerita semuanya. Termasuk yang biasanya tidak pernah diperlihatkan orang. Mulai dari mana https://t.co/cKXbC6wDuU,2043274175020777514,https://pbs.twimg.com/media/HFsrBoMaQAACkWf.jpg,,in,,0,24,198,https://x.com/undefined/status/2043274175020777514,1772323119111487490,,Baterai EV
2043111952558456869,Sat Apr 11 23:40:23 +0000 2026,148,Ga Beli mobil EV bukan takut karena harga baterai yang mahal Tapi karena teknologinya makin baru terus beda setahun / 2 tahun teknologinya udah beda banget ,2043111952558456869,,,in,,1,15,7,https://x.com/undefined/status/2043111952558456869,1252598011789627392,,Baterai EV
2042756850895196652,Sat Apr 11 15:17:21 +0000 2026,10,@warungdegen Bro phase 3 di China katanya beberapa menit full. Tapi di Indo? SPKLU masih sepi colokan rusak dan fast charging yang ada aja bikin baterai cepet drop umur. Lo ganti semua mobil rumah ke EV respect. Tapi buat mayoritas yang daily commute macet &amp; keluar kota random tetep,2042985360091943072,,warungdegen,in,,1,3,0,https://x.com/undefined/status/2042985360091943072,1621239711229698050,,Baterai EV
2042913560557425013,Sat Apr 11 11:39:35 +0000 2026,7,@SmwGwOto Mobil ev : ngerusak lingkungan dari penambangan bahan dasar baterai Mobil ice : ngerusak lingkungan dari polusi udara yang dikeluarkan lewat knalpot dan polisi suara juga. Mobil hybrid : gabungan ice &amp; ev Emang pantes pajak hybrid dibikin dobel karena ngerusak dobel ,2042930557290713089,,SmwGwOto,in,,0,1,0,https://x.com/undefined/status/2042930557290713089,1763771465214943232,,Baterai EV
2042485674650321222,Fri Apr 10 06:11:47 +0000 2026,1,Proyek-proyek mubazir seperti inilah yang menjawab banyak pertanyaan Rakyat mengapa PLN selalu Rugi padahal Rakyat tidak menunggak membayar listrik. Memang gila kalau melihat angka-angkanya secara telanjang. Ini adalah fenomena Megaproyek sebagai Berhala di mana besarnya,2042485674650321222,,,in,,1,0,1,https://x.com/undefined/status/2042485674650321222,1383295518374121475,,Baterai EV
2042470022795120860,Fri Apr 10 05:09:35 +0000 2026,32,Pendanaan riset tahunan senegara setara 1 5 hari MBG? Gimana industri mau maju kalau pendanaan risetnya secimit ini? Ngapain majuin industri kan masyarakat bisa kerja di dapur MBG? kata buzzer. Eh kocak. Sini aku jelasin dengan simpel: Dapur MBG itu pakai APBN. APBN,2042470022795120860,,,in,,0,2,13,https://x.com/undefined/status/2042470022795120860,1915897056377638913,,Baterai EV
2042159268762427758,Thu Apr 09 12:06:54 +0000 2026,3,@Strategi_Bisnis Lihat nanti sekitar tahun 2032-2033. Kira² 8 THN setelah EV booming. Asumsi jaminan baterai 8 thn. Apakah baterai EV keluaran 2024-2025 masih bernafas atau nggak di THN 2032.,2042212656657158470,,Strategi_Bisnis,in,,0,1,0,https://x.com/undefined/status/2042212656657158470,1118063408,,Baterai EV
2042159268762427758,Thu Apr 09 10:01:32 +0000 2026,14,@Strategi_Bisnis EV itu masa depan.Dlm konteks Indonesia EV adl harapan kemandirian energi (batubara LNG panas bumi melimpah). Pemerintah jor2an beri insentif. Beberapa kelemahan EV yg sdh bersaing dg ICE: Harga awal Jarak tempuh Infrastruktur SPKLU Yg belum diatasi: 1Harga baterai msh mahal,2042181108952142251,,Strategi_Bisnis,in,,0,2,0,https://x.com/undefined/status/2042181108952142251,4601087533,,Baterai EV
2042150997863362757,Thu Apr 09 08:01:53 +0000 2026,2,Menteri Investasi dan Hilirisasi/Kepala BKPM sekaligus CEO Danantara Indonesia @rosanroeslani rapat dengan EVE Energy dan Huayou Group membahas investasi baterai &amp; EV di Indonesia. ** Minister of Investment and Downstream Industry/Chairman of BKPM &amp; CEO of Danantara Indonesia https://t.co/SJrX5RKEXS,2042150997863362757,https://pbs.twimg.com/media/HFctWX7aoAA2Hrv.jpg,,in,,0,1,1,https://x.com/undefined/status/2042150997863362757,106035510,,Baterai EV
2040794211113664751,Sun Apr 05 14:10:30 +0000 2026,1,Auto2000 Edukasi Baterai Hybrid Veloz EV Agar Lebih Optimal https://t.co/QEemVERO4X lewat @JKTOne.com,2040794211113664751,,,in,,0,0,0,https://x.com/undefined/status/2040794211113664751,1100617583374458880,,Baterai EV
2040437418906747084,Sun Apr 05 04:08:20 +0000 2026,20,@bardanslm 1. Indonesia bkn Jakarta saja 2. Konsep hybrid masuk akal dgn kondisi Indonesia yg msh blm mampu u/ 100% listrik 3. Retain value EV msh blm masuk ke preference org Indonesia maka HEV diyakini produsen JP sbg jalan tengah. 4. Dlm 1 atau 2 thn persoalan2 baterai listrik akn,2040642668120637804,,bardanslm,in,,0,2,2,https://x.com/undefined/status/2040642668120637804,2281694042,,Baterai EV
2040437418906747084,Sun Apr 05 03:10:50 +0000 2026,4,@bardanslm Bukan alasan. Karena supply chain Toyota udah kuat banget di mobil bensin /ICE. Beralih ke mobil hybrid lebih 'aman' buat rantai pasok karena masih pake ICE. Sementara komponen utama EV itu baterai yang mana Jepang dah ketinggalan dari China.,2040628198715826584,,bardanslm,in,,0,2,1,https://x.com/undefined/status/2040628198715826584,435439440,,Baterai EV
2039531915536109692,Thu Apr 02 08:57:32 +0000 2026,10,@SmwGwOto INI BATERAI MOTOR LISTRIK MODIFIKASI ANAK NEGERI. BUKAN BATERAI MOBIL EV BUATAN CHINA. JADI JANGAN SALAH PAHAM MESKI ADMIN BERITA MOBIL TAPI KADANG BERITAKAN MASALAH MOTOR JUG,2039628284376514644,,SmwGwOto,in,,0,1,0,https://x.com/undefined/status/2039628284376514644,1463732023588057092,,Baterai EV
2039278195925762446,Wed Apr 01 09:46:24 +0000 2026,1,Baterai EV berbasis sodium-ion baru buatan perusahaan China diklaim bisa terisi penuh hanya dalam 11 menit dan tetap optimal di suhu ekstrem. https://t.co/5KtlTCBUvz,2039278195925762446,,,in,,0,1,1,https://x.com/undefined/status/2039278195925762446,23343960,,Baterai EV
2039178328788373536,Wed Apr 01 03:52:11 +0000 2026,5,@LaLigaLocaID Ngasih konteks dikit soal mobil listrik kalau dibilang Jepang kalah iya betul tapi terlihat begitu karena memang mereka memilih arah yang berbeda. Jepang memprioritaskan untuk pengembangan mobil hybrid dan hidrogen jadi untuk pasar EV baterai mereka memang setengah hati .,2039189054290538816,,LaLigaLocaID,in,,0,1,0,https://x.com/undefined/status/2039189054290538816,1921571107490103296,,Baterai EV
2039145465904799761,Wed Apr 01 02:21:48 +0000 2026,15,@O5Bravo Engga nikel ga sesignifikan itu untuk EV karena cina udh bikin baterai baru LFP yg kebutuhan nikelnya sangat rendah Nikel itu butuhnya banyak buat stainless steel. Dan space x bangun rocketnya pakai stainless steel,2039166307439182093,,O5Bravo,in,,0,3,0,https://x.com/undefined/status/2039166307439182093,1673759511465566217,,Baterai EV
2038851329695859151,Tue Mar 31 05:30:11 +0000 2026,3,Harga baterai EV memang sudah turun jauh sejak 1991 tapi $5 000 jika kurs indo di Rp80 jutaan itu masih mahal. Bedanya sekarang sudah cukup murah untuk produksi massal makanya EV mulai masuk ke semua segmen dan pelan-pelan akan BYD pada waktu nya ya. Mungkin..,2038851329695859151,,,in,,0,0,0,https://x.com/undefined/status/2038851329695859151,1835875751373283328,,Baterai EV
2038788164958253289,Tue Mar 31 01:31:53 +0000 2026,2,@TradingDiary2 Tp kira2 AS bakal tinggal diam nggak ya liat dominasi EV Cina sekarang? Mengingat bahn baku baterai jg byk dikontrol Cina,2038791357129781542,,TradingDiary2,in,,0,1,0,https://x.com/undefined/status/2038791357129781542,2017499950880591880,,Baterai EV
2038419819675173049,Mon Mar 30 00:55:31 +0000 2026,4,2026 sektor nikel bakal ditentuin sama 3 sentimen gede: RKAB HPM &amp; pajak ekspor! Kemendagri ESDM rencana relaksasi kuota RKAB pertengahan tahun kalo harga nikel tetep tinggi. Realisasi produksi 2025 cuma 290-300 juta wmt doang padahal kuota sampe 370 juta. Produksi ga bisa https://t.co/IqaKS7RE7S,2038419819675173049,https://pbs.twimg.com/media/HEnr3QTaQAA_fbP.jpg,,in,,0,0,1,https://x.com/undefined/status/2038419819675173049,1481822249531604999,,Baterai EV
2037842745499558230,Sat Mar 28 12:47:06 +0000 2026,2,@KRathalos97 @DakotaGeorgy @Milantoon @dick76083 @hollowlaundrY32 @Gooren26 @MiggersEnjoyer @usrnamess @TheSopranoob Katanya Iran pun investasi baterai EV yah di indo masa iya hubungannya buruk,2037874120306962767,,KRathalos97,in,,0,1,2,https://x.com/undefined/status/2037874120306962767,1336546437602050055,,Baterai EV
2037183039986450632,Thu Mar 26 15:01:00 +0000 2026,188,Karena Indonesia adalah pemasok nikel terbesar kebijakan apa pun yang membatasi atau menambah biaya ekspor dari Indonesia akan langsung memengaruhi stok nikel dunia yang kemudian membuat harganya naik. Kenaikan harga nikel berpotensi meningkatkan biaya produksi baterai yang,2037183039986450632,,,in,,0,8,29,https://x.com/undefined/status/2037183039986450632,1955226998156169217,,Baterai EV
2036996334335762494,Thu Mar 26 02:39:06 +0000 2026,32,Presiden Prabowo baru saja kasih lampu hijau buat penarikan pajak ekspor komoditas nikel dan batu bara. Langkah ini diambil karena Indonesia menghadapi tekanan anggaran gara-gara harga minyak dunia yang melambung akibat konflik Iran. Sebagai negara yang masih impor BBM Indonesia https://t.co/XXnxHt2zKW,2036996334335762494,https://pbs.twimg.com/media/HETbnPxbEAA-qZy.jpg,,in,,0,1,3,https://x.com/undefined/status/2036996334335762494,1261343913396166656,,Baterai EV
2036728451898737096,Wed Mar 25 08:54:38 +0000 2026,15,Mau bangga ga naik? Faktanya ini justru ngeri sih jujur aja. Negara klo defisit terus yang di kerok ya rakyatnya dengan pajak-pajak yang makin aneh. Ini bagaikan BOM waktu yang tinggal nunggu meledak ya aja. Tapi sayang rakyatnya terutama di kalangan bawah ga sadar efek domino https://t.co/kxBU210Umn,2036728451898737096,https://pbs.twimg.com/media/HEPpujWakAAw0oH.jpg,,in,,0,2,3,https://x.com/undefined/status/2036728451898737096,902005561675227136,,Baterai EV
2036036109650862245,Mon Mar 23 12:57:51 +0000 2026,11,@Muhammadazi1998 Gak simply karena bangsa mereka impor minyak. Jadi dari awal mereka mengencangkan pengembangan EV untuk antisipasi suatu saat minyak akan sangat mahal. Kelebihan EV itu dia renewables. Baterai EV bisa didaur ulang untuk dipakai kembali setelah soak.,2036064886606995696,,Muhammadazi1998,in,,0,0,1,https://x.com/undefined/status/2036064886606995696,1381820144997965825,,Baterai EV
2036052658436599872,Mon Mar 23 12:09:16 +0000 2026,4,Emangnya Listrik tidak menggunakan BBM Kilang - NGomongnya jadi nggak mutu (memperpanjang usia Baterai EV tetap menggunakan Listrik dari PLN yang menggunakan BBM Kilang) #hening https://t.co/bJxJcxi8NO,2036052658436599872,https://pbs.twimg.com/media/HEGDGJfa4AA9d0t.jpg,,in,,1,2,4,https://x.com/undefined/status/2036052658436599872,780554097388687360,,Baterai EV
2036020378967916758,Mon Mar 23 10:01:00 +0000 2026,64,CATL dan BYD satu lagi siapa? Konflik geopolitik mempercepat transisi energi global. Dan semakin cepat dunia pindah ke EV semakin besar ketergantungannya pada teknologi baterai Tiongkok. Bahan bakar baterai apa? Lithium dan Nickel. Nickel paling banyak dari mana? Indonesia.,2036020378967916758,,,in,,2,9,10,https://x.com/undefined/status/2036020378967916758,1955226998156169217,,Baterai EV
2035638189394980975,Sun Mar 22 08:42:19 +0000 2026,20,Mobil EV ni adalah saingan Suzuki eVitara mobil mahal keluaran Suzuki. Kapasitas Baterai 61 kWh mobil ini bisa melaju sampai 428 km. Suzuki e Vitara bisa dicas menggunakan charger AC Type 2 dan fast charging arus DC CCS2. Dilengkapi ADAS Suzuki Safety Support yang super,2035638189394980975,,,in,,0,3,1,https://x.com/undefined/status/2035638189394980975,1833001838020636672,,Baterai EV
2034889316158382517,Fri Mar 20 07:06:34 +0000 2026,3,Dilaporkan sekitar 30 EV hangus terbakar akibat dari menjalarnya api dari baterai sebuah mobil listrik yang menyala secara tiba-tiba di jalan tol Hebei pada 16 Mar 2026. Sumber: @VOCPEnglish ikuti untuk info nyata tentang China tanpa propaganda. #Tiongkok #mobillistrik #EV https://t.co/ysw0Svw35V,2034889316158382517,https://pbs.twimg.com/amplify_video_thumb/2034888390198603776/img/_RDjTXTqxoFZIy3U.jpg,,in,,0,0,0,https://x.com/undefined/status/2034889316158382517,829629520256913408,,Baterai EV
2032385399965065570,Fri Mar 13 09:16:53 +0000 2026,11,Semuanya tumbuh positif. Yang paling mencolok itu M0 yang melonjak sampai 14 1% jauh dari angka sebelumnya yang cuma 2 7%. M1 dan M2 juga ikut tumbuh bahkan sedikit di atas prediksi para analis. Untuk pinjaman dalam mata uang Yuan angkanya naik jadi 5 75 triliun Yuan lebih,2032385399965065570,,,in,,0,1,3,https://x.com/undefined/status/2032385399965065570,1955226998156169217,,Baterai EV
2032055770922262668,Thu Mar 12 11:27:04 +0000 2026,2,BYD Perkenalkan Teknologi Baterai Baru dan Siapkan Posko Mudik untuk Pengguna EV https://t.co/V0ObbnmzqP lewat @JKTOne.com,2032055770922262668,,,in,,0,0,0,https://x.com/undefined/status/2032055770922262668,1100617583374458880,,Baterai EV
2031872373033746598,Wed Mar 11 23:18:18 +0000 2026,2,Kekhawatiran kehabisan daya baterai di tengah perjalanan masih menjadi salah satu alasan masyarakat ragu menggunakan mobil listrik untuk perjalanan jarak jauh terutama saat musim mudik Lebaran. Menjawab kekhawatiran tersebut MG Motor Indonesia menyiapkan layanan bantuan https://t.co/pe1OP0PJII,2031872373033746598,https://pbs.twimg.com/media/HDKpJoubQAMabLX.jpg,,in,,0,0,2,https://x.com/undefined/status/2031872373033746598,41730943,,Baterai EV
2031315042327736613,Tue Mar 10 10:24:18 +0000 2026,2,Batu-batu ini namanya Nodul Polimetalik. Bentuknya mirip kentang berserakan di dasar laut sedalam 4.000 6.000 meter. Isinya? Kobalt nikel dan tembaga murni bahan utama baterai mobil listrik (EV) yang sangat kita butuhkan untuk transisi energi hijau. ,2031315201069646130,,BroVitik,in,,0,1,0,https://x.com/undefined/status/2031315201069646130,1103838008334147584,,Baterai EV
2031284272158691469,Tue Mar 10 08:59:42 +0000 2026,2,@mcitraningrum mending PLTN terus produksi baterai EV sendiri kalau liat dari sumber daya yang kita punya.,2031293909134102953,,mcitraningrum,in,,0,1,1,https://x.com/undefined/status/2031293909134102953,876144607133814785,,Baterai EV
2031226034092224932,Tue Mar 10 04:29:59 +0000 2026,0,Mercedes Didenda Rp124 Miliar di Korea Selatan karena Klaim Baterai EV https://t.co/RqEJvOFsUW https://t.co/6ggOMtXMan,2031226034092224932,https://pbs.twimg.com/media/HDBdUENWwAADbhL.jpg,,in,,0,0,0,https://x.com/undefined/status/2031226034092224932,118371948,,Baterai EV
2030946948690096194,Mon Mar 09 10:01:00 +0000 2026,99,Coba kalian liat 10 besar brand mobil dunia 2025 ini. BYD sama Geely udah masuk 10 besar belum lagi NIO Xpeng Chery Wuling AION sampai Xiaomi yang makin agresif. Fix dunia emang lagi disetir sama Tiongkok..... Dulu orang masih sangsi ah mobil China gampang rusak.,2030946948690096194,,,in,,0,3,10,https://x.com/undefined/status/2030946948690096194,1955226998156169217,,Baterai EV
2030855173690769581,Mon Mar 09 04:14:35 +0000 2026,94,@LambeSahamjja Kalo menurut saya alasan utamanya bukan hanya masalah minyak. Mungkin mereka sudah memetakan ketergantungan mana yang masih bisa di tolerir dan mana yang sulit. dan mereka belajar dari embargo Rusia. Ketergantungan kepada Minyak akan menyebabkan mereka bergantung pada Timur,2030859769343541612,,LambeSahamjja,in,,0,1,4,https://x.com/undefined/status/2030859769343541612,1595972151902806016,,Baterai EV
2030855173690769581,Mon Mar 09 03:56:19 +0000 2026,1453,Guys China itu selangkah lebih maju dari yang kita kira. 12% kendaraannya udah listrik. Penjualan bensin turun 5.7% dalam setahun. Kedengarannya kecil tapi ini baru permulaan. Yang bikin gw salut bukan angkanya. Tapi cara China mikir. Mereka gak tiba tiba pindah ke EV karena,2030855173690769581,,,in,,20,32,208,https://x.com/undefined/status/2030855173690769581,1772323119111487490,,Baterai EV
2030252435298738450,Sat Mar 07 12:01:15 +0000 2026,4,Tren EV Lesu Pabrik Baterai Korsel di Georgia PHK 958 Orang https://t.co/MASgPSll4m,2030252435298738450,,,in,,0,0,0,https://x.com/undefined/status/2030252435298738450,1582972008479920129,,Baterai EV
2030223147568697354,Sat Mar 07 10:04:52 +0000 2026,129,Fakta: Program MBG mulai berjalan Sekolah Rakyat Kampung Nelayan Merah Putih Koperasi Merah Putih Hilirisasi nikel → Indonesia jadi pemain utama baterai EV Investasi asing terus naik Pertahanan diperkuat &amp; diplomasi aktif Kalau masih tanya majunya di,2030223147568697354,,,in,,7,130,22,https://x.com/undefined/status/2030223147568697354,235931838,,Baterai EV
2030176626525221038,Sat Mar 07 07:00:01 +0000 2026,0,Tempat Penyimpanan Baterai EV Rentan Kebakaran Tak Sembarangan Ruangan Dilapisi Cat Khusus https://t.co/7ZbT9VDREx,2030176626525221038,,,in,,0,0,0,https://x.com/undefined/status/2030176626525221038,132078023,,Baterai EV
2029579009189961892,Thu Mar 05 22:20:07 +0000 2026,2,@SelebtwitMobil Karena orang di china nunggu baterai BYD terbaru yg keluar Maret ini. Ukuran dan bobot sama tapi kapasitas lebih besar 30-40% Atto 3 tahun ini bisa tempuh 600 km naik 150 km dari model lama dengan bagasi yg lebih luas 40%. Tahta Range EV terjauh dikuasai mobil2 byd terbaru,2029683403910697377,,SelebtwitMobil,in,,0,0,0,https://x.com/undefined/status/2029683403910697377,1463732023588057092,,Baterai EV
2029375489702572061,Thu Mar 05 01:56:35 +0000 2026,24,Selamat pagi Pagi ini bursa Hong Kong buka dengan energi yang lumayan. Sentimen positif lagi muter di sektor teknologi sama kendaraan listrik (EV). Indeks Utama: Hang Seng Index (HSI): +1 32% Hang Seng Tech (HSTECH): +1 61% Lumayan enak dilihat setelah beberapa hari terakhir https://t.co/6tReDgwo7I,2029375489702572061,https://pbs.twimg.com/media/HCnKLLXawAEROHO.jpg,,in,,0,2,3,https://x.com/undefined/status/2029375489702572061,1955226998156169217,,Baterai EV
2028657925372440834,Tue Mar 03 02:25:14 +0000 2026,2,ANTARA - ANTARA - Gotion bangun pabrik baterai solid-state 2 GWh dukung debut EV di 2026 https://t.co/Sk4DkT0YPu https://t.co/gCvCxw3KfJ,2028657925372440834,https://pbs.twimg.com/media/HCc9oh5aoAAPAwF.jpg,,in,,0,0,0,https://x.com/undefined/status/2028657925372440834,18071520,,Baterai EV
2028326934862598571,Mon Mar 02 06:25:14 +0000 2026,2,@kumparan Udah DIBELI trus dibalikin kemana ??? kalo gak dipake yaa Rusak baterai EV nya Sikaaaat laaah... Udah merugikan Negara niih @KPK_RI @bpkri @KejaksaanRI @BimaAryaS,2028355935652159524,,kumparan,in,,0,0,0,https://x.com/undefined/status/2028355935652159524,174193809,,Baterai EV
2027272450820751777,Fri Feb 27 20:42:48 +0000 2026,2,@SmwGwOto Pilih EV yg ada fitur lifetime guarantee nya buat baterai dan pelajari syarat dan ketentuan nya dg baik,2027484585328840939,,SmwGwOto,in,,0,0,0,https://x.com/undefined/status/2027484585328840939,47124725,,Baterai EV
2027270441157685724,Fri Feb 27 15:03:32 +0000 2026,2,@ertigaid Mamam tuh Ev car. Di begoin pada mau. Fomo. Baterai nya seharga mobil baru. Saran gw jual aja . Ganti yg hybrid atau konvensional,2027399206055592065,,ertigaid,in,,0,0,0,https://x.com/undefined/status/2027399206055592065,1706658273292935168,,Baterai EV
2027272450820751777,Fri Feb 27 06:39:51 +0000 2026,104,Hal yang paling menakutkan memiliki mobil EV itu di ketahanan baterai karna harga baterai nya yg wowww... Kira kira hal apa yg mesti diperhatikan agar usia baterai bisa tahan lama. 1. Jangan biarkan baterai sampai habis dan bila di charge hingga 80% saja menjaga kita lupa https://t.co/zSwGP45dnH,2027272450820751777,https://pbs.twimg.com/media/HCJRi-JbMAAi1kr.jpg,,in,,2,13,22,https://x.com/undefined/status/2027272450820751777,853206219611185152,,Baterai EV
2027218981254517222,Fri Feb 27 03:07:23 +0000 2026,2,Yep. setuju. Orang Indo suka yg instan. Pengusahanya juga pastinya. Pemerintah sudah mulai geser ke pembangunan jangka panjang tapi menurutku masih lambat lajunya. Seperti EV teknologi baterai dll. Maunya jadi konsumen terus ,2027218981254517222,,,in,,0,0,0,https://x.com/undefined/status/2027218981254517222,1203887301346000898,,Baterai EV
2027133072806973523,Fri Feb 27 01:58:05 +0000 2026,2,@SmwGwOto Betul harganya lebih mahal dr yang second dan memang harus servis rutin. Bulan kemarin baru klaim baterai dan free. Air EV 2022 tiba2 drop.,2027201541833372130,,SmwGwOto,in,,0,1,0,https://x.com/undefined/status/2027201541833372130,26900792,,Baterai EV
2026527158471196904,Wed Feb 25 06:22:43 +0000 2026,2,EV mempunyai Bottleck 1. Refining &amp; processing (hilirisasi) 2. Integrasi Ke Software 3. Electeiciry Grid (SPKLU) 4. Resale Value Ketidakpastian setelah 5 tahun terhadap baterai nya. 3 poin ini saja sudah membutuhkan Basic Material (timah copper alumunium lithium dan https://t.co/rLK3wEJZrp,2026543360085995637,https://pbs.twimg.com/media/HB-6cinaMAUCmnm.jpg,Gieehad,in,,0,1,0,https://x.com/undefined/status/2026543360085995637,1034308064,,Baterai EV
2026203123803718098,Tue Feb 24 07:50:44 +0000 2026,0,PLN MEBI dan HUAWEI Resmikan SPKLU Signature dengan Ultra-Fast Charging dan Split Charging Pertama di Indonesia Sinergi lintas sektor dalam mempercepat pengembangan infrastruktur kendaraan listrik (Electric Vehicle/EV) terus mencatatkan hasil positif. Teranyar PT PLN https://t.co/oswNZqL11G,2026203123803718098,https://pbs.twimg.com/media/HB6E_PoboAAbLgf.jpg,,in,,0,1,0,https://x.com/undefined/status/2026203123803718098,71436318,,Baterai EV
2025575741614629038,Sun Feb 22 14:17:44 +0000 2026,2,Tata Punch EV Facelift 2026 telah resmi diluncurkan di India baru-baru ini menawarkan pembaruan desain fitur dan opsi baterai inovatif termasuk skema Battery-as-a-Service (BaaS). Peluncuran ini menjadikannya SUV listrik kompak paling terjangkau dari Tata Motors dengan harga,2025575741614629038,,,in,,0,0,0,https://x.com/undefined/status/2025575741614629038,1981555039820001280,,Baterai EV
2025416067301212313,Sun Feb 22 03:43:15 +0000 2026,78,Hallo warga x happy weekend.. Selamat berpuasa bagi yang menjalankan.. Udah resmi ya berakhir #Knetz vs #SEAblings Tapi menambah wawasan dan belajar itu tiada akhir.. Menurutmu kalo Indonesia mau jadi Raja EV Dunia hmm. Realistis Nggak? 🇮🇩 Kita punya nikel terbesar dunia. https://t.co/EkNU3E22jK,2025416067301212313,https://pbs.twimg.com/media/HBu5K9ibgAQn9GC.jpg,,in,,1,69,9,https://x.com/undefined/status/2025416067301212313,1816383511420645376,,Baterai EV
2024843338923581733,Sat Feb 21 02:14:50 +0000 2026,2,@bluecandleway Ini akun marketnya warga AS atau indo? Kok ga dijelasin benefit dari pihak Indonesia? Indonesia dapet insentif hijau buat jual baterai EV tarif ekspor paling rendah di negara ASEAN transfer teknologi manufaktur dan pertambangan,2025031427860169066,,bluecandleway,in,,0,1,0,https://x.com/undefined/status/2025031427860169066,1140440256958750720,,Baterai EV
2024020997603721612,Wed Feb 18 07:19:44 +0000 2026,202,MBMA bergerak di industri pertambangan nikel sebagai bahan baku pembuatan baterai kendaraan listrik (EV/electronic vehicle). bisnis lainnya dari perusahaan adalah smelter RKEF (rotary kiln-electric furnace) fasilitas pengolahan AIM (asam besi dan logam) dan proyek pabrik HPAL,2024020997603721612,,,in,,1,2,22,https://x.com/undefined/status/2024020997603721612,1542403534288584705,,Baterai EV
2023976188436508819,Wed Feb 18 04:21:41 +0000 2026,102,Keputusan investasi paling gila sering kali justru terlihat salah di awal. Tahun 2008 saat dunia keuangan goyah dan investor Barat ragu pada perusahaan China. Charlie Munger malah mendorong Berkshire Hathaway menanamkan modal sekitar US$230 juta ke BYD perusahaan baterai,2023976188436508819,,,in,,0,0,13,https://x.com/undefined/status/2023976188436508819,187437530,,Baterai EV
2023925655357059526,Wed Feb 18 01:29:23 +0000 2026,34,@mcitraningrum BYD sukses bukan cuma karena founder-nya jago baterai. Wang Chuanfu punya visi teknologi. Wan Gang dorong kebijakan besar-besaran ke EV saat China sadar tak akan menang di mobil bensin. Ada subsidi pasar dibentuk infrastruktur dibangun. Teknologi + kebijakan jalan bareng.,2023932827306512635,,mcitraningrum,in,,0,1,5,https://x.com/undefined/status/2023932827306512635,1025551760,,Baterai EV
2023925655357059526,Wed Feb 18 01:00:53 +0000 2026,763,Kesuksesan BYD ini kombinasi visionernya Wang Chuanfu (founder &amp; CEO BYD) dan Wan Gang (Menteri Saintek Tiongkok 2007-2018). Wan Gang itu disebut Bapak EV negara panda :) ️ Wang Chuanfu adalah chemist dengan keahlian di baterai; makanya dia kemudian mendirikan pabrik baterai,2023925655357059526,,,in,,22,25,191,https://x.com/undefined/status/2023925655357059526,69806285,,Baterai EV
2023667596701389026,Tue Feb 17 07:55:27 +0000 2026,6,Smartfren Andromax U2 ponsel cukup berkesan buat gua saking berkesan nya hp ini hilang karena kena jegat preman ditempat sepi . Beli awal rilis Agustus 2013 Spesifikasi nya: Layar 4 5 inci IPS 540×960 60Hz Snapdragon 1.2Ghz MSM8625Q. GPU Andreno 203 Dual On EV-DO &amp; GSM. https://t.co/9EkNIjLktL,2023667596701389026,https://pbs.twimg.com/media/HBWC9FcbcAIZk7E.jpg,,in,,0,0,0,https://x.com/undefined/status/2023667596701389026,1672915025231740929,,Baterai EV
2023614634138497101,Tue Feb 17 04:25:00 +0000 2026,15,Alkisah bin ringkasnya seperti ini bang terkait quote tweet saya. Pada 2008 Berkshire Hathaway menginvestasikan sekitar $230 juta untuk membeli ~10% saham BYD (225 juta saham) melalui rekomendasi kuat Charlie Munger yang sebelumnya diperkenalkan oleh Li Lu (seorang investor https://t.co/67RH9itK8O,2023614634138497101,https://pbs.twimg.com/media/HBVSx1hbcAMM5aU.jpg,,in,,0,7,0,https://x.com/undefined/status/2023614634138497101,371225456,,Baterai EV
2023030088250564882,Sun Feb 15 13:42:13 +0000 2026,379,What happens when you suddenly cut the feedstock of a booming industry? Price spikes. Kementerian ESDM resmi memotong RKAB bijih nikel untuk tahun 2026 menjadi 260-270 juta wmt. Tahun 2025 kuota tersebut adalah 379 juta wmt. Berarti DISUNAT hampir SEPEREMPAT. Tentu saja harga https://t.co/Ie9NxDgozS,2023030088250564882,https://pbs.twimg.com/media/HBM_IxAbsAAv_x_.jpg,,in,,4,11,73,https://x.com/undefined/status/2023030088250564882,1461979085232480268,,Baterai EV
2022610515479110000,Sun Feb 15 03:20:05 +0000 2026,2,@rasjawa Mau komen ini UTAS dan jawaban pembuat UTAS cenderung asal dan tendensius. 1. Tidak secara langsung bertanya penyebabnya lalu menyimpulkan. 2. Setiap ada yang menyampaikan alternatif solusi di rest area ada SPKLu selalu menyanggah dengan bilang SPKLU penuh dan antri. Jadi maksud,2022873521714819185,,rasjawa,in,,0,1,0,https://x.com/undefined/status/2022873521714819185,399901511,,Baterai EV
2022866138258870446,Sun Feb 15 02:50:45 +0000 2026,3,Hmmm... APAR jenis baru yg diklaim utk kategori kebakaran kelas L (baterai lithium) belum terbukti efektif. Jadi sampai sekarang belum ada yg bener2 certified efektif utk memadamkan kebakaran EV atau yg disebabkan oleh bateral lithium https://t.co/YlLYy1Q3Up,2022866138258870446,,,in,,0,1,0,https://x.com/undefined/status/2022866138258870446,67848433,,Baterai EV
2022610515479110000,Sat Feb 14 15:06:25 +0000 2026,10,@rasjawa Mas pernah pakai ev belum? Justru kalau macet itu cuma habis baterai 3-5 % apalagi cuma jalan ke bandung kenapa bisa ambil kesimpulan baterai habis? Mas nya ngobrol sama supir ev nya?,2022688887454490889,,rasjawa,in,,3,4,0,https://x.com/undefined/status/2022688887454490889,1454500148457852939,,Baterai EV
2022664750623064567,Sat Feb 14 13:30:30 +0000 2026,0,Uflim memperkenalkan kaca film resmi untuk Jaecoo J5 di Indonesia International Motor Show (IIMS) 2026 dengan klaim dapat mendinginkan kabin sekaligus membantu menghemat baterai kendaraan listrik. Kaca film ini dirancang untuk menahan panas dari sinar matahari sehingga suhu https://t.co/fwU3wSK8X8,2022664750623064567,https://pbs.twimg.com/media/HBGUZguakAAiozQ.jpg,,in,,0,0,0,https://x.com/undefined/status/2022664750623064567,231355136,,Baterai EV
2021936576620900642,Thu Feb 12 13:17:00 +0000 2026,12,Pabrik Baterai EV Karawang Ditargetkan Rampung Juni 2026: Serap 3.000 Karyawan https://t.co/pyZ3PeuazC,2021936576620900642,,,in,,0,1,1,https://x.com/undefined/status/2021936576620900642,39677695,,Baterai EV
2021786117880840524,Thu Feb 12 06:26:37 +0000 2026,3,@innovacommunity Soal duka: 1. Dengan banjirnya mobil listrik market mobil menjadi oversupply jd harga mobil IC pun akan turun (terdampak) 2. Ada EV yg baterai besar dan ultra fast charging 3. Ada yg pake ban serep 4. Justru ini nyaman banget berasa terbang. Gw punya AION V no 2&amp;3no problem,2021833303037460984,,innovacommunity,in,,0,1,1,https://x.com/undefined/status/2021833303037460984,231309540,,Baterai EV
2021576317955940610,Wed Feb 11 13:25:27 +0000 2026,8,Mana yang katanya Si Paling Sustainable setelah beli mobil listrik? Iya sih mobil listrik itu emang 0 emisi knalpot tetapi limbah baterai EV itu bisa menimbulkan masalah baru untuk lingkungan. Kabar baiknya kini sudah ada upaya pencegahan dan solusi. Tonton videonya sampai https://t.co/wbTEjlwkCz,2021576317955940610,https://pbs.twimg.com/amplify_video_thumb/2021575911834030080/img/QBOA_MWTgNKQnxBh.jpg,,in,,1,0,2,https://x.com/undefined/status/2021576317955940610,47596019,,Baterai EV
2021506968981225544,Wed Feb 11 08:49:53 +0000 2026,0,Di IIMS 2026 Suzuki eVitara dan MG S5 EV hadir sebagai SUV listrik ringkas dengan spesifikasi baterai mirip tapi harga berbeda jauh. Baca Selengkapnya https://t.co/0cxa9B8Nxu ~NA #SuzukiEVitara #MGS5EV #IIMS2026 https://t.co/ODBRl0i342,2021506968981225544,https://pbs.twimg.com/media/HA3V3pZaYAAeu_P.jpg,,in,,0,0,0,https://x.com/undefined/status/2021506968981225544,23343960,,Baterai EV
2021412140230509024,Wed Feb 11 02:33:04 +0000 2026,1,Wakil Ketua Perkumpulan Industri Kendaraan Listrik Indonesia (Periklindo) Prabowo Kartoleksono mengatakan mobil berbahan bakar bensin lebih mungkin terbakar dibanding mobil listrik (EV). Ia ingin meluruskan persepsi publik terkait tingkat risiko terbakar pada kendaran listrik. https://t.co/XvP57rWI76,2021412140230509024,https://pbs.twimg.com/amplify_video_thumb/2021403131570159619/img/45AEdoQR--WGNh5Y.jpg,,in,,0,0,0,https://x.com/undefined/status/2021412140230509024,58880688,,Baterai EV
2021149247861559679,Tue Feb 10 09:08:26 +0000 2026,2,proyek baterai ev bareng antm https://t.co/coD6kriPq9,2021149247861559679,https://pbs.twimg.com/media/HAyQfLqbsAAfFDx.jpg,,in,,1,0,0,https://x.com/undefined/status/2021149247861559679,1842258760309551104,,Baterai EV
2020811965610733583,Mon Feb 09 22:07:29 +0000 2026,7,@innovacommunity Baterai mobil sekarang mah rata2 juga tangguh di youtube ada user make Tesla udah 10 tahun Bterai health masih 80 persen lebih mana asli ev,2020982915111452952,,innovacommunity,in,,0,2,0,https://x.com/undefined/status/2020982915111452952,1659089249428443136,,Baterai EV
2019754708991451277,Fri Feb 06 12:47:02 +0000 2026,21,Ini bukan kabar bahagia buat $BTC karena belum ada limpahan likuiditas baru. Rare earth adalah bahan baku penting untuk AI chip EV baterai smartphone dan data center. China menguasai sekitar 60 70% supply global. Saat China mengetatkan ekspor biaya produksi naik. Saat https://t.co/U7KGQQ3Buj,2019754708991451277,https://pbs.twimg.com/media/HAecNBHbcAAELf4.jpg,,in,,0,0,1,https://x.com/undefined/status/2019754708991451277,1835875751373283328,,Baterai EV
2019659474429243393,Fri Feb 06 06:28:36 +0000 2026,4,Toyota memastikan seluruh model elektrifikasi di Indonesia termasuk Vios Hybrid EV Yaris Cross Hybrid EV dan Alphard XE Hybrid EV menggunakan baterai berbasis nikel sebagai dukungan hilirisasi nasional. Baca Selengkapnya https://t.co/WE0A4AveSn ~NA #ToyotaHybrid https://t.co/2y69bRVgoa,2019659474429243393,https://pbs.twimg.com/media/HAdFlPubEAA6b-K.jpg,,in,,0,0,0,https://x.com/undefined/status/2019659474429243393,23343960,,Baterai EV
2019603012193517898,Fri Feb 06 02:44:15 +0000 2026,3,Huayou Soal Tren Baterai EV: Tak Usah Takut Nikel Tergantikan LFP https://t.co/od5r0K63mB,2019603012193517898,,,in,,0,0,0,https://x.com/undefined/status/2019603012193517898,1582972008479920129,,Baterai EV
2019306549462856037,Thu Feb 05 07:06:55 +0000 2026,3,Grafik yang kita lihat itu sebenarnya adalah rekaman keringat . Tiongkok (Tuan Panda) sedang berkeringat habis-habisan. Untuk menghasilkan uang 1 Dollar dia butuh energi berkali-kali lipat lebih banyak daripada Paman Sam. Secara logika Tiongkok tidak punya pilihan. Mereka,2019306728480026807,,FiksiBerfakta,in,,0,1,0,https://x.com/undefined/status/2019306728480026807,1955226998156169217,,Baterai EV
2019032484793761989,Wed Feb 04 12:57:10 +0000 2026,3,Wacana penghentian insentif mobil listrik dinilai justru dapat mendorong produsen kendaraan listrik merealisasikan komitmen investasi terutama pembangunan pabrik baterai EV di dalam negeri. Simak selengkapnya: https://t.co/Bxe3DudAiv https://t.co/lAxjTAX43s,2019032484793761989,https://pbs.twimg.com/media/HAULVOjaIAIjOdk.jpg,,in,,0,0,0,https://x.com/undefined/status/2019032484793761989,1582972008479920129,,Baterai EV
2018593449050804249,Tue Feb 03 16:16:00 +0000 2026,7,@rodadotco Gw udah pakai EV Korea 2 tahun belakangan. Mmg jauh lebih enak dari bensin. Selain pajak murah free maintenance juga. Gak ada tuh service 3 bulanan ganti oli filter bensin oli gardan dll. Baterai juga garansi panjang.,2018720131531079843,,rodadotco,in,,0,0,1,https://x.com/undefined/status/2018720131531079843,140102699,,Baterai EV
2018695524749115548,Tue Feb 03 14:38:13 +0000 2026,7,Dengan harga baterai yang hampir seharga mobil baru ngisi daya ga sebanyak bensin/diesel &amp; ngisinya butuh waktu lebih saya malah penasaran kenapa banyak yang berani beli mobil EV (bukan yang hybrid) Belum lagi kalo ada banjir,2018695524749115548,,,in,,0,3,1,https://x.com/undefined/status/2018695524749115548,1310222077702541319,,Baterai EV
2018611299106897949,Tue Feb 03 09:03:32 +0000 2026,0,DAAZ Gabung ANTM-Huayou Garap Proyek Jumbo Baterai EV https://t.co/Sgoq5Q8cGK,2018611299106897949,,,in,,0,0,0,https://x.com/undefined/status/2018611299106897949,847372542830444544,,Baterai EV
2018543638364770734,Tue Feb 03 04:34:40 +0000 2026,2,Raksasa EV Dunia Ramai-ramai Masuk RI Bangun Smelter hingga Pabrik Baterai https://t.co/i1X2ARSaVe,2018543638364770734,,,in,,0,0,0,https://x.com/undefined/status/2018543638364770734,135795460,,Baterai EV
2018321979544359120,Mon Feb 02 13:53:53 +0000 2026,0,RI Punya Pabrik Baterai EV Raksasa Ini Pemiliknya https://t.co/bsGzCz6SuZ,2018321979544359120,,,in,,0,0,0,https://x.com/undefined/status/2018321979544359120,847372542830444544,,Baterai EV
2018315408781230329,Mon Feb 02 13:27:46 +0000 2026,1,IBC Siap Garap Proyek Daur Ulang Baterai EV di 2030 https://t.co/haTOSeS20K,2018315408781230329,,,in,,0,0,1,https://x.com/undefined/status/2018315408781230329,847372542830444544,,Baterai EV
2018280555557867620,Mon Feb 02 11:09:16 +0000 2026,0,Pabrik Baterai EV Raksasa RI Hampir Kelar IBC Minta Dukungan Ini https://t.co/xtkoGgH717,2018280555557867620,,,in,,0,0,0,https://x.com/undefined/status/2018280555557867620,847372542830444544,,Baterai EV
2018087153193144736,Sun Feb 01 22:20:46 +0000 2026,2,BYD baru saja mengumumkan investasi besar-besaran senilai Rp2 6 triliun untuk membangun pabrik baterai kendaraan listrik (EV) baru di Vietnam sebuah langkah strategis yang memperkuat posisi mereka di pasar Asia Tenggara. https://t.co/IanhBdgOzY,2018087153193144736,,,in,,0,0,0,https://x.com/undefined/status/2018087153193144736,1981555039820001280,,Baterai EV
2017819727804956693,Sun Feb 01 05:47:13 +0000 2026,16,@worksfess Wah mantap Nder. Aku jg kerja di BUMC produksi baterai EV btw cuman aku di Jateng. Semangat ya Nder. Sukses selalu,2017837119943938202,,worksfess,in,,0,11,0,https://x.com/undefined/status/2017837119943938202,1234129424691286016,,Baterai EV
2017790654131130600,Sun Feb 01 02:42:35 +0000 2026,0,Pasar Gelap Kepung Limbah Baterai EV China Ancaman Ledakan Menguat https://t.co/fnnoAWoOnp https://t.co/4o0xWk7oTI,2017790654131130600,https://pbs.twimg.com/media/HACh6CcXsAANOy-.jpg,,in,,0,0,0,https://x.com/undefined/status/2017790654131130600,118371948,,Baterai EV
2017732444687110165,Sat Jan 31 22:51:17 +0000 2026,1,ANTARA - ANTARA - Kemarin Fast &amp; Furious rilis 2028 hingga baterai EV bekas daur ulang https://t.co/vZ0BLQiObT https://t.co/jnP9Klok1S,2017732444687110165,https://pbs.twimg.com/media/HABs92TbEAMQanH.jpg,,in,,0,0,0,https://x.com/undefined/status/2017732444687110165,18071520,,Baterai EV
2017194208663310399,Fri Jan 30 11:12:31 +0000 2026,0,Menteri ESDM Bahlil Lahadalia menargetkan pada semester I 2026 digelar groundbreaking ekosistem baterai kendaraan listrik (EV) konsorsium Huayou dan EVE Energy yang berkolaborasi dengan perusahaan nasional seperti Antam IBI dan DBL. https://t.co/JZhRpqevjn,2017194208663310399,,,in,,0,0,0,https://x.com/undefined/status/2017194208663310399,18071520,,Baterai EV
2017187561370943697,Fri Jan 30 10:46:06 +0000 2026,0,RI Bentuk Konsorsium Proyek Ekosistem Baterai EV Senilai Rp100 Triliun https://t.co/4qzU0vstCO,2017187561370943697,,,in,,0,0,0,https://x.com/undefined/status/2017187561370943697,847372542830444544,,Baterai EV
2017180514013368342,Fri Jan 30 10:18:06 +0000 2026,1,Bahlil saksikan kesepakatan konsorsium Huayou ekosistem baterai EV. https://t.co/e6LLQ28BzL,2017180514013368342,,,in,,0,0,1,https://x.com/undefined/status/2017180514013368342,18071520,,Baterai EV
2016797506403738032,Thu Jan 29 08:56:10 +0000 2026,0,Eropa Disebut Tertinggal 20 Tahun dari China Soal Baterai EV https://t.co/aKT4RouRgL,2016797506403738032,,,in,,0,0,0,https://x.com/undefined/status/2016797506403738032,154102750,,Baterai EV
2015712062333161640,Mon Jan 26 09:03:00 +0000 2026,77,𝐓𝐢𝐨𝐧𝐠𝐤𝐨𝐤 𝐀𝐦𝐛𝐢𝐥 𝐀𝐥𝐢𝐡 𝐊𝐞𝐧𝐝𝐚𝐥𝐢 𝐇𝐚𝐫𝐠𝐚 𝐍𝐢𝐤𝐞𝐥 𝐃𝐮𝐧𝐢𝐚! Ada yang memantau perkembangan industri EV atau baterai dunia? Berita ini wajib masuk radar kalian. Selama ini dunia selalu berkiblat ke London (LME) untuk acuan harga nikel tapi sebentar,2015712062333161640,,,in,,0,1,17,https://x.com/undefined/status/2015712062333161640,1955226998156169217,,Baterai EV
2014281039930400799,Thu Jan 22 10:16:38 +0000 2026,8,Calon mobil listrik Mitsubishi. Namanya Foxtron Bria EV buatan Foxconn ini punya baterai LFP berkapasitas 57 7 kWh yang bikin mobil ini bisa menempuh jarak 516 km (NEDC). Mobil ini nantinya bakal jadi basis dari mobil listrik Mitsubishi. https://t.co/3kXNPQlc5j,2014281039930400799,https://pbs.twimg.com/media/G_Qp5_cXoAA2HVg.jpg,,in,,0,0,0,https://x.com/undefined/status/2014281039930400799,1194220651155873793,,Baterai EV
2014202190882328619,Thu Jan 22 05:03:19 +0000 2026,29,Menjelajahi Indonesia terasa lebih menyenangkan dengan kenyamanan. Dengan front bumper spoiler side body moulding with side skirt dan rear bumper spoiler Kijang Innova Zenix Hybrid EV siap menemani Toyota Friends keliling Indonesia. Dan jangan khawatir karena ada garansi https://t.co/15jQBpxy18,2014202190882328619,https://pbs.twimg.com/media/G_PiNcvXYAAmGbw.jpg,,in,,0,2,6,https://x.com/undefined/status/2014202190882328619,64310527,,Baterai EV
2014164409635987772,Thu Jan 22 02:33:11 +0000 2026,2,RI-China Mau Bangun Ekosistem Baterai EV Ini Kabar Terbarunya https://t.co/A64Dh0cE8q,2014164409635987772,,,in,,0,0,0,https://x.com/undefined/status/2014164409635987772,847372542830444544,,Baterai EV
2012769869360734392,Sun Jan 18 06:11:46 +0000 2026,2,Pabrik Baterai EV CATL Selesai Dibangun Beroperasi Akhir 2026 - Energi https://t.co/rcGmd8mqIh,2012769869360734392,,,in,,0,0,1,https://x.com/undefined/status/2012769869360734392,2728984603,,Baterai EV
2012168372130378091,Fri Jan 16 14:21:38 +0000 2026,1,Instalasi Pabrik Baterai Rampung Indonesia Kian Dekat Industri EV https://t.co/clJvAfYgra,2012168372130378091,,,in,,0,0,0,https://x.com/undefined/status/2012168372130378091,135795460,,Baterai EV
2011790964948611568,Thu Jan 15 13:21:57 +0000 2026,0,Wujudkan Ekosistem Baterai EV Battery Manufacture Selesai Diinstalasi https://t.co/Fvf69dABH2,2011790964948611568,,,in,,0,0,0,https://x.com/undefined/status/2011790964948611568,847372542830444544,,Baterai EV
2011753133719109724,Thu Jan 15 10:51:38 +0000 2026,3,TSLA emang kalah dari BYD soal penjualan produk EV tapi mereka lagi fokus di kolam yang lebih besar; RoboTaxi AI dan baterai. 3 lini bisnis ini yang jadi katalis growth jangka panjang buat pertumbuhan bisnis TSLA. -- PT PG Berjangka berizin dan diawasi OJK. https://t.co/z59RXyHATo,2011753133719109724,https://pbs.twimg.com/media/G-stO8MbQAAClzV.jpg,,in,,0,1,0,https://x.com/undefined/status/2011753133719109724,902083753605980160,,Baterai EV
2011402085313695863,Wed Jan 14 15:17:15 +0000 2026,3,Logika kamu bener EV secara struktur emang lebih safe dari risiko mesin mati karena banjir dibanding mobil bensin. Tapi inget mobil itu aset mahal. Lebih baik muter balik daripada ngetes nyali baterai kamu. ️,2011457590421762392,,lo_myself7,in,,0,1,0,https://x.com/undefined/status/2011457590421762392,1568995446273773570,,Baterai EV
2011402085313695863,Wed Jan 14 15:16:14 +0000 2026,3,2. Efek Kapal Selam. ️ EV itu berat karena baterai tapi kalau airnya dalem banget mobil tetep bisa mengapung (Hukum Archimedes). Begitu ban gak nempel tanah kamu gak punya kendali. Mobil bisa hanyut kebawa arus banjir. Bahaya banget!,2011457334078505048,,lo_myself7,in,,0,1,0,https://x.com/undefined/status/2011457334078505048,1568995446273773570,,Baterai EV
2009858940373450796,Sat Jan 10 05:24:47 +0000 2026,9,Ujicoba EV (di Cina) dengan fitur membuang baterai saat emergency. Sebuah bukti kalau EV itu memang BERBAHAYA ️ https://t.co/dCFcAB4nV2,2009858940373450796,https://pbs.twimg.com/ext_tw_video_thumb/2009858914494631936/pu/img/YYWPmjoVZeSRg7me.jpg,,in,,1,1,2,https://x.com/undefined/status/2009858940373450796,1254035776322453506,,Baterai EV
2009067330039631979,Thu Jan 08 10:43:51 +0000 2026,2,@MUSUHKHAWARIJ @ertigaid Selain ketersedian SPKLU kelemahan terbesar EV tuh ya baterai. Harga ganti baru mahal dn jika teknologi baterai baru dipasarkan kemungkinan besar mobil yg skrg ga kompatibel dgn baterai baru tsb. Kalaupun bisa pasti pergantian hardware di mobil lama rsb yg pasti nambah cost.,2009214458770677814,,MUSUHKHAWARIJ,in,,0,0,0,https://x.com/undefined/status/2009214458770677814,1664857818309234690,,Baterai EV
2009067330039631979,Thu Jan 08 10:39:44 +0000 2026,27,@ertigaid Hype EV ini gk akan lama dlm 5th kedepan pasar bakalan ancur krna depresiasi yg sangat cepat sm mahalnya biaya pergantian baterai. Di Amerika ini sdh terjadi Tesla Model 3 (harga 40-50k MSRP) yg rusak baterai cm dijual diharga kira 10-20% dr harga baru. Kelemahan EV ya baterai!,2009213424040067572,,ertigaid,in,,0,2,2,https://x.com/undefined/status/2009213424040067572,1664857818309234690,,Baterai EV
2008955718909784084,Wed Jan 07 17:35:51 +0000 2026,17,Biar simpel ini barang yang tarifnya lumayan (yg gampang dipahami orang awam) : 1. Electric Vehicles (EV): tarif jadi 100% 2. Solar wafers &amp; polysilicon: naik ke 50% (mulai 1 Jan 2025) 3. Baterai &amp; battery parts tertentu: 25% (sebagian 2024 2026) 4. Critical minerals https://t.co/8oQQ09umca,2008955755295330531,https://pbs.twimg.com/media/G-E4nOOa0AApoIo.jpg,buildportosaham,in,,0,1,0,https://x.com/undefined/status/2008955755295330531,1909069879136956417,,Baterai EV
2008955718909784084,Wed Jan 07 17:35:49 +0000 2026,9,Yg bikin makin menarik : tarif AS ke barang China itu bukan rata sama. Ada sektor yg dihajar lebih keras karena dianggap strategis (EV baterai solar mineral kritikal alat medis cranes dll). https://t.co/9pFOfeZwJu,2008955747762360684,https://pbs.twimg.com/media/G-E4KXIa0AEBMly.jpg,buildportosaham,in,,0,1,0,https://x.com/undefined/status/2008955747762360684,1909069879136956417,,Baterai EV
2008841289287041500,Wed Jan 07 10:01:00 +0000 2026,28,𝐒𝐞𝐭𝐞𝐥𝐚𝐡 𝐚𝐧𝐜𝐚𝐦 𝐌𝐞𝐤𝐬𝐢𝐤𝐨 𝐝𝐚𝐧 𝐦𝐚𝐮 𝐜𝐚𝐩𝐥𝐨𝐤 𝐊𝐚𝐧𝐚𝐝𝐚 𝐬𝐞𝐤𝐚𝐫𝐚𝐧𝐠 𝐆𝐫𝐞𝐞𝐧𝐥𝐚𝐧𝐝 𝐦𝐚𝐬𝐮𝐤 𝐫𝐚𝐝𝐚𝐫 𝐝𝐚𝐟𝐭𝐚𝐫 𝐛𝐞𝐥𝐚𝐧𝐣𝐚𝐚𝐧 𝐓𝐫𝐮𝐦𝐩! TRUMP: Ini bukan soal mineral ini soal keamanan karena Tiongkok dan Rusia mau ambil! ,2008841289287041500,,,in,,1,4,7,https://x.com/undefined/status/2008841289287041500,1955226998156169217,,Baterai EV
2008544768381612213,Tue Jan 06 14:22:44 +0000 2026,213,️ ◾️Pabrik mulai jalan produksi awal 1.000 battery pack. mayoritas masih impor ◾️39% revenue dari kerja sama tambang tembaga yg bersifat one-off ◾️Fokus 2 tahun ke depan: battery pack mould baterai (TKDN) battery bank &amp; layanan untuk EV .. Highly policy-sensitive https://t.co/WgwbUrkMQq,2008544768381612213,https://pbs.twimg.com/media/G9_AAxcbMAAYVXc.png,,in,,0,8,15,https://x.com/undefined/status/2008544768381612213,1816755975019483136,,Baterai EV
2008187478499590421,Mon Jan 05 14:42:59 +0000 2026,29,Burry keluar dari gua dan bilang market lagi TIDUR di atas bom waktu Venezuela. Coba zoom tabelnya. Minyak no. 1 dunia? Oke standar. Tapi liat 'Critical Minerals'. Nikel Rare Earths Bauksit. Kalian pikir siapa yang paling ngebet barang ginian buat bikin baterai &amp; EV? AS?,2008187478499590421,,,in,,0,2,5,https://x.com/undefined/status/2008187478499590421,1955226998156169217,,Baterai EV
2007715678195949583,Mon Jan 05 03:54:31 +0000 2026,2,@safrizal76 @Kemlu_RI @MofaQatar_EN @MofaJapan_en Selama ini dunia fokus ke minyak Venezuela padahal emas dan mineralnya jauh lebih strategis. Venezuela punya 161 ton cadangan emas resmi (± USD 22 5 miliar) terbesar di Amerika Latin. Setiap kenaikan harga emas USD 100/oz langsung menambah nilai negara sekitar USD 518 juta. https://t.co/cFN6DP4OHB,2008024286494405060,https://pbs.twimg.com/media/G93vcmibsAAyeiK.jpg,safrizal76,in,,0,0,0,https://x.com/undefined/status/2008024286494405060,9688522,,Baterai EV
2007364530532438390,Sat Jan 03 08:12:53 +0000 2026,1,Bocoran Insentif: EV Baterai Nikel Berpeluang Dapat Lebih Besar https://t.co/CqXs85PU8g,2007364530532438390,,,in,,0,0,0,https://x.com/undefined/status/2007364530532438390,17128975,,Baterai EV
2007020206770819261,Fri Jan 02 09:24:40 +0000 2026,0,Biaya baterai mobil listrik terus turun seiring kemajuan teknologi membuat kendaraan listrik makin kompetitif dan mampu menyaingi mobil berbahan bakar bensin. Baca Selengkapnya https://t.co/wSgzjaj7VH ~NA #MobilListrik #EV #Otomotif https://t.co/zt0vl7nOkR,2007020206770819261,https://pbs.twimg.com/media/G9peNy3akAAS7E9.jpg,,in,,0,0,0,https://x.com/undefined/status/2007020206770819261,23343960,,Baterai EV
2006687999485194485,Thu Jan 01 17:21:59 +0000 2026,2,@kiqi01 @innovacommunity @ridwanhr Memang EV itu punya pendingin baterai beda dengan barang elektronik seperti HP yang cuma di desain untuk 400-800 cycle tapi tetap saja degredasi segitu jelas abnormal. Retensi energi baterai (State of Health) itu biasa di test dengan 1 C-rate fully discharge dan fully charged.,2006777940659548435,,Fendy_yy,in,,0,3,0,https://x.com/undefined/status/2006777940659548435,1684095226359742465,,Baterai EV
2005876608977232067,Tue Dec 30 16:26:03 +0000 2025,2,@KawitSaja87137 Bahkan besi ya buat bikin baterai ev ha ha ,2006039087447167448,,KawitSaja87137,in,,0,1,0,https://x.com/undefined/status/2006039087447167448,325599485,,Baterai EV
2005811006497579367,Tue Dec 30 01:19:44 +0000 2025,84,Selamat pagi..... Baterai Likuiditas Mulai Dikosongkan! Sesuai prediksi kemarin: Perak Shanghai anjlok -7.1%! Disusul Palladium &amp; Platinum yang terjun bebas hingga -13% (limit down). Kenapa ini kabar baik bagi pengikut Robert Kiyosaki? Rebalancing Industri: Perak adalah,2005811006497579367,,,in,,0,3,9,https://x.com/undefined/status/2005811006497579367,1955226998156169217,,Baterai EV
2005669270882271489,Mon Dec 29 16:12:37 +0000 2025,19,@farisrachman_1 Ada yang bilang industri EV dan baterai China itu juga bagian dari pertahanan nasional (energy security) buat ngurangin ketergantungan ke oil &amp; gas yang didominasi AS,2005673320348623168,,farisrachman_1,in,,0,0,2,https://x.com/undefined/status/2005673320348623168,894178758613024769,,Baterai EV
2005538504118600045,Mon Dec 29 07:16:55 +0000 2025,167,Kata Robert Kiyosaki perak bakal ke $100 tapi dia juga bilang: Tunggu sampai Crash. Kenapa? Karena Perak adalah Baterai Likuiditas. Saat bisnis lesu pemerintah cetak uang. Nilai uang turun maka orang lari ke emas dan perak. Tapi ingat perak bukan cuma aset investasi perak,2005538504118600045,,,in,,0,12,34,https://x.com/undefined/status/2005538504118600045,1955226998156169217,,Baterai EV
2005273794789978570,Sun Dec 28 13:45:03 +0000 2025,2,Industri EV Melambat Permintaan Baterai Lithium China Diperkirakan Susut Awal 2026 https://t.co/6HFFteijDV #EkonomiChina,2005273794789978570,,,in,,0,0,0,https://x.com/undefined/status/2005273794789978570,43799886,,Baterai EV
2005128040737898982,Sun Dec 28 04:05:53 +0000 2025,0,Prabowo Resmikan Pabrik Baterai EV Rp 96 Triliun RI Terbesar di Asia! https://t.co/sMRJv5xpvX,2005128040737898982,,,in,,0,0,0,https://x.com/undefined/status/2005128040737898982,847372542830444544,,Baterai EV
2004441774996303878,Fri Dec 26 06:38:54 +0000 2025,2,Gimana dng Barter sawit dng nikel? Diplomasi sandera. Di kesepakatan Jan 2026 ini AS ngebet banget pada akses ke critical minerals (nikel/kobalt) Indonesia buat ngelawan dominasi China dlm rantai pasokan baterai EV. Tekanan tsb rencananya sawit yg saat ini kena dituduh ,2004441774996303878,,,in,,0,0,2,https://x.com/undefined/status/2004441774996303878,966143130,,Baterai EV
2002192032119566711,Sat Dec 20 11:10:45 +0000 2025,2,@ch4o5Myth @seekracle @StopPlandemit @MiraninonLita @maximv_satriaus @SumandoGaek @GandarAntarkota @ranglasi @mamakchayank @mulkanjabariyan @dokter_kampung @Delta_tofu @Faraz_kepri @daddyyuki Artinya kalau brand LN tp baterai made in Indonesia dipasangnya sudah di sini gk terhitung CBU tetep dapat potongan. makanya pemerintah bikin pabrik baterai eV akal2an aja gk sih,2002335862328291699,,ch4o5Myth,in,,0,1,0,https://x.com/undefined/status/2002335862328291699,1501741769306021890,,Baterai EV
2000435601632276496,Mon Dec 15 05:21:26 +0000 2025,7,Berikut adalah beberapa program utama INA berdasarkan sektor prioritas: 1. Transportasi Logistik dan Infrastruktur: - Pengembangan jalan tol Trans Sumatera (&gt;1.000 km) yang mendukung lalu lintas kendaraan bulanan sekitar 3 juta unit. - Pembangunan pelabuhan dengan https://t.co/WRpKyamVju,2000436013962084431,https://pbs.twimg.com/ext_tw_video_thumb/2000435967824629760/pu/img/LurxaS6_7L832TtG.jpg,Heraloebss,in,,0,1,3,https://x.com/undefined/status/2000436013962084431,1251824880967774208,,Baterai EV
2000424918429884815,Mon Dec 15 04:37:25 +0000 2025,0,Dengan alih teknologi intensif dan sumber daya lokal INA optimistis strategi hilirisasi ini akan membuat Jateng jadi magnet investasi dan basis produksi baterai EV baru di Asia.https://t.co/EPmUu9Cfoy,2000424935160992217,,negativisme,in,,0,0,0,https://x.com/undefined/status/2000424935160992217,43486890,,Baterai EV
2000424918429884815,Mon Dec 15 04:37:24 +0000 2025,0,INA tak hanya fokus pada katoda strategi jangka panjang juga mencakup pengembangan komponen baterai lain seperti anoda dan separator demi rantai pasok baterai EV yang lengkap,2000424930551431541,,negativisme,in,,0,1,0,https://x.com/undefined/status/2000424930551431541,43486890,,Baterai EV
2000424918429884815,Mon Dec 15 04:37:23 +0000 2025,0,Produksi katoda di Kendal 100% dikontrak buyer besar global seperti Ford Tesla LG Energy Solution dan Stellantis memperkuat posisi Indonesia di peta industri baterai EV dunia.,2000424926529134839,,negativisme,in,,0,1,0,https://x.com/undefined/status/2000424926529134839,43486890,,Baterai EV
1999365147530600684,Fri Dec 12 06:26:16 +0000 2025,0,Target berikutnya: anoda separator dan komponen baterai lainnya. Hilirisasi ini bikin Indonesia punya peluang geser dominasi Tiongkok dan jadi pusat produksi EV baru di Asia. Ini bukan sekadar proyek ini lompatan besar energi nasional https://t.co/n0NxYFwhwO,1999365163431215261,,negativisme,in,,0,0,0,https://x.com/undefined/status/1999365163431215261,43486890,,Baterai EV
1999365147530600684,Fri Dec 12 06:26:12 +0000 2025,23,Gacor nih ketua! Indonesia lagi ngebut bangun fasilitas katoda Lithium Ferro Phosphate (LFP) komponen kunci baterai EV. CEO INA turun langsung ke Kendal nunjukin ini langkah strategis buat ngerek posisi Indonesia di peta industri kendaraan listrik dunia. https://t.co/mOLwbRwMsG,1999365147530600684,https://pbs.twimg.com/media/G78sAGfaAAA05ST.jpg,,in,,4,2,28,https://x.com/undefined/status/1999365147530600684,43486890,,Baterai EV
1993987700580606264,Thu Nov 27 10:18:08 +0000 2025,2,Kesalahan Charging yang Wajib Kamu Hindari! Charging EV itu simpel tapi tetap ada beberapa hal yang harus kamu waspadai supaya baterai tetap awet dan performanya maksimal. Yuk cek jangan sampai kamu masih melakukannya! #BYD #BuildYourDreams #BYDIndonesia #ElectricVehicle https://t.co/D12ulb8edl,1993987700580606264,https://pbs.twimg.com/amplify_video_thumb/1993987477590454272/img/raqA_7zMVeK1Jkjo.jpg,,in,,0,0,0,https://x.com/undefined/status/1993987700580606264,1946400906326786048,,Baterai EV
1993932768062128598,Thu Nov 27 06:39:52 +0000 2025,14,AIRLANGGA TOXIC POSITIVITY vs GUMIWANG REALISTIC Menko Airlangga bilang 'tidak ada insentif' karena industrinya 'sudah cukup kuat'. Lihat aja pameran GJAW (Permata Bank GAIKINDO Jakarta Auto Week 2025) yg sukses. Poin Menperin Agus Gumiwang realistik insentif justru https://t.co/53vfsj0DYU,1993932768062128598,https://pbs.twimg.com/media/G6vfSQKaQAEqCMR.jpg,,in,,0,1,4,https://x.com/undefined/status/1993932768062128598,325599485,,Baterai EV
1993930901252952536,Thu Nov 27 06:32:26 +0000 2025,0,SUV listrik kini tidak lagi identik dengan penggunaan perkotaan. Kehadiran J5 EV di GJAW 2025 menunjukkan bahwa mobil elektrifikasi dapat tetap tangguh dan responsif untuk kebutuhan harian maupun aktivitas luar ruang. Dibekali ground clearance 200 mm sudut approach 20° dan https://t.co/OUByrgrTh9,1993930901252952536,https://pbs.twimg.com/amplify_video_thumb/1993930370224701440/img/KOLVAFeWAc1cvri3.jpg,,in,,0,0,0,https://x.com/undefined/status/1993930901252952536,231355136,,Baterai EV
1992519698815271037,Sun Nov 23 12:12:39 +0000 2025,5,@O5Bravo Karena nikel &amp; demand baterai EV yg kebetulan juga lagi tinggi akhir2 ini Mirip oil boom Pertumbuhan ekonomi yg suddenly naik drastis dari industri ekstraktif itu bukan hal yg harus diglorifikasi Itu sebenernya penyakit namanya dutch disease,1992566968210333958,,O5Bravo,in,,0,0,1,https://x.com/undefined/status/1992566968210333958,1692491333121019904,,Baterai EV
1992140224101830937,Sat Nov 22 08:53:32 +0000 2025,2,@innovacommunity Berarti tinggal masalah batere mari tunggu baterai EV yg sudah ada di jalan sekarang pada habis masa pakainya. Kita lihat apakah bakal ada yg jual baterai racing ,1992154470084640892,,innovacommunity,in,,0,1,0,https://x.com/undefined/status/1992154470084640892,77098425,,Baterai EV
1992140224101830937,Sat Nov 22 08:43:48 +0000 2025,3,@innovacommunity Nah itu. Yg masih bikin nahan untuk beli EV itu pas baterainya udah minta ganti (ditahun ke 8 keatas?) Apa yg terjadi dan berapa biayanya. Walau gak masalah buat yg udah niat maksimal 5 tahun dijual dan bodo amat dengan resale value. Kalau ada baterai aftermarket ok sih.,1992152018409201983,,innovacommunity,in,,1,2,0,https://x.com/undefined/status/1992152018409201983,77098425,,Baterai EV
1992035869201449428,Sat Nov 22 01:06:57 +0000 2025,3,Jadi masalah utamanya bukan EV-nya bukan juga nikelnya tapi cara kita ngatur tambang riset baterai dan transisi energi. Jadi kita buka tambang besar-besaran buat bikin baterai atau sebenarnya buat bikin sendok garpu? https://t.co/YvONETwjvS,1992037049424056739,https://pbs.twimg.com/media/G6Ui3xdWIAAinvf.jpg,ConversationIDN,in,,0,1,2,https://x.com/undefined/status/1992037049424056739,892211698030989312,,Baterai EV
1992035869201449428,Sat Nov 22 01:05:11 +0000 2025,3,Faktanya mayoritas nikel kita masih larinya ke stainless steel bukan baterai. Ditambah teknologi olahan nikel yang nggak semuanya terkait EV dan tren baterai LFP yang bahkan nggak butuh nikel. Jadi isunya jauh lebih kompleks dari sekadar EV = nikel . https://t.co/u0tNarP7kX,1992036606367178883,https://pbs.twimg.com/media/G6UiM2eWUAAbGye.jpg,ConversationIDN,in,,0,1,2,https://x.com/undefined/status/1992036606367178883,892211698030989312,,Baterai EV
1991763037167186278,Fri Nov 21 06:58:07 +0000 2025,21,Locally crafted electrify the future. Introducing New bZ4X Battery EV! Mobil Toyota Battery EV pertama yang diproduksi lokal ini memiliki peningkatan jarak tempuh lebih jauh kapasitas baterai lebih besar serta tenaga maksimal lebih kuat. Didukung oleh AC charging yang lebih https://t.co/Odjq2CbuzX,1991763037167186278,https://pbs.twimg.com/amplify_video_thumb/1991762775794982913/img/JfJWT9vNcMLtsu2p.jpg,,in,,0,5,6,https://x.com/undefined/status/1991763037167186278,64310527,,Baterai EV
1991762570576032083,Fri Nov 21 06:56:16 +0000 2025,22,Electrify the future to you with New bZ4X Battery EV &amp; New Urban Cruiser Battery EV! New bZ4X Battery EV sebagai mobil Toyota Battery EV pertama yang diproduksi lokal memiliki peningkatan jarak tempuh lebih jauh kapasitas baterai lebih besar serta tenaga maksimal lebih kuat. https://t.co/r8y2dvCrjf,1991762570576032083,https://pbs.twimg.com/amplify_video_thumb/1991762367798218752/img/eXMmPcZJ9zcGXzA_.jpg,,in,,0,7,5,https://x.com/undefined/status/1991762570576032083,64310527,,Baterai EV
1991762234373275819,Fri Nov 21 06:54:56 +0000 2025,19,Cruise your urban life electrify the future. Introducing New Urban Cruiser Battery EV! Elegan di setiap perjalanan dengan jarak tempuh hingga 426.7 km kapasitas baterai 61.1 kWh serta tenaga maksimal 128 kW. Didukung oleh jaminan garansi baterai hingga 8 tahun/160 000 km dan https://t.co/PaOX5hLVXF,1991762234373275819,https://pbs.twimg.com/amplify_video_thumb/1991762046321676288/img/fsdmiDOywRIqXqej.jpg,,in,,0,7,5,https://x.com/undefined/status/1991762234373275819,64310527,,Baterai EV
1991685926620393916,Fri Nov 21 01:51:43 +0000 2025,0,Perbandingan Harga Baterai Mobil Hybrid vs Mobil Listrik: Toyota Zenix hingga Wuling Air EV Murah Mana? https://t.co/y3l9y8XyxS,1991685926620393916,,,in,,0,0,1,https://x.com/undefined/status/1991685926620393916,2392460208,,Baterai EV
1990932671921299502,Wed Nov 19 20:23:55 +0000 2025,2,@Boediantar4 tapi setauku emg mobil ev gabole kelamaan dijemur diluar karna bakal mgaruh ke baterai (tapi gatau ya bakal sampe kebakar kyk ginj apa ngga) tapi emg disaranin nya di tmpt yg tertutup atasnya meskipun produk jepang jg gt kok maintenance nya,1991241046617936177,,Boediantar4,in,,0,0,0,https://x.com/undefined/status/1991241046617936177,849093722,,Baterai EV
1991124194898096268,Wed Nov 19 12:39:36 +0000 2025,12,Pada tau dong tapi Genzi dan Gen lainnya juga harus tau kalau All New Yaris Cross Hybrid EV punya garansi baterai 8 tahun/160.000KM. Lumayan kan jadi consideration kalau mau beli mobil Hybrid? #ToyotaAfterHours,1991124194898096268,,,in,,0,1,1,https://x.com/undefined/status/1991124194898096268,64310527,,Baterai EV
1990932671921299502,Wed Nov 19 09:48:22 +0000 2025,20,@Boediantar4 Baterai EV = bom waktu https://t.co/oqeYjkRf73,1991081103457726575,,Boediantar4,in,,0,0,4,https://x.com/undefined/status/1991081103457726575,1254035776322453506,,Baterai EV
1990932671921299502,Wed Nov 19 07:48:01 +0000 2025,19,@Boediantar4 sqya cari2 di internet belum ketemu cara paling efektif untuk menyetop api ketika baterai EV terbakar. Malah kebanyakan disuruh menghindari karena asapnya toxic...EV nya di pasrahin saja.,1991050817395421340,,Boediantar4,in,,0,8,0,https://x.com/undefined/status/1991050817395421340,1665964732573192193,,Baterai EV
1990673075923530062,Tue Nov 18 06:47:00 +0000 2025,3,Perkembangan teknologi elektrifikasi memberi banyak pilihan dari EV hingga hybrid. Namun sebagian konsumen masih menimbang risiko seperti baterai biaya perbaikan dan kesiapan infrastruktur. Baca Selengkapnya https://t.co/n61JhghGIh ~NA #MobilHybrid #EV #Elektrifikasi https://t.co/2wQFbpJA2I,1990673075923530062,https://pbs.twimg.com/media/G6BKk6MbMAcGFGC.jpg,,in,,0,0,0,https://x.com/undefined/status/1990673075923530062,23343960,,Baterai EV
1990576521141215628,Tue Nov 18 02:50:57 +0000 2025,6,@SmwGwOto Ini aktif TLO nya gimana ya. Kan harga baterai di EV itu 50% harga mobil. Kalo baterainya aman gak bisa aktif Tlo nya ,1990613669881975006,,SmwGwOto,in,,0,1,2,https://x.com/undefined/status/1990613669881975006,440976730,,Baterai EV
1990574782581256612,Tue Nov 18 00:16:25 +0000 2025,218,Mengapa Etanol Sengaja Dibenci dan Dibunuh oleh Elit Global? Saudara-saudara yang sadar dengarkan baik-baik. Kalian diajarkan sejak kecil bahwa etanol itu buruk buat mesin boros merusak lingkungan dan tidak efisien . Itu semua propaganda terencana. [ Sebuah Utas] https://t.co/QP4uCbwdNA,1990574782581256612,https://pbs.twimg.com/media/G5_xNc4bsAAMDm1.jpg,,in,,5,36,73,https://x.com/undefined/status/1990574782581256612,1251824880967774208,,Baterai EV
1990283224950661529,Mon Nov 17 12:55:40 +0000 2025,2,@SumandoGaek Baterai ev itu seperti bom waktu,1990403463725945131,,FaiNomady,in,,0,0,0,https://x.com/undefined/status/1990403463725945131,1702180178238345216,,Baterai EV
1990051275820695678,Sun Nov 16 13:36:12 +0000 2025,1,Kemenko Perekonomian Sambangi Fasilitas Pembuatan Baterai EV di Karawang https://t.co/MA6kUWlsqr,1990051275820695678,,,in,,0,0,0,https://x.com/undefined/status/1990051275820695678,135795460,,Baterai EV
1989617267605409961,Sat Nov 15 08:51:44 +0000 2025,1,Hai #SahabatEkon Kemenko Perekonomian meninjau fasilitas PT HLI Green Power di Karawang untuk memastikan kesiapan produksi baterai EV terintegrasi dari hulu ke hilir guna memperkuat kemandirian industri dan ketahanan energi nasional. Yuk simak! https://t.co/KqVc2hTtPG https://t.co/H5uE28KcCA,1989617299670872363,https://pbs.twimg.com/media/G5yKX0abkAATQV-.jpg,PerekonomianRI,in,,0,1,0,https://x.com/undefined/status/1989617299670872363,1629234236,,Baterai EV
1989617267605409961,Sat Nov 15 08:51:36 +0000 2025,2,Hai #SahabatEkon Kemenko Perekonomian meninjau fasilitas PT HLI Green Power di Karawang untuk memastikan kesiapan produksi baterai EV terintegrasi dari hulu ke hilir guna memperkuat kemandirian industri dan ketahanan energi nasional. Yuk simak! https://t.co/KqVc2hTtPG https://t.co/P6o3CdgkRL,1989617267605409961,https://pbs.twimg.com/media/G5yKWhmaMAAgAAa.jpg,,in,,1,4,0,https://x.com/undefined/status/1989617267605409961,1629234236,,Baterai EV
1989551441376321810,Sat Nov 15 04:30:02 +0000 2025,3,5 perusahaan besar Australia menjajaki investasi strategis di Indonesia dengan fokus pada hilirisasi nikel dan baterai EV kesehatan energi dan agrifood. Menteri Investasi Rosan Roeslani meyakinkan komitmen pemerintah dalam memfasilitasi penanaman modal asing. https://t.co/3G9OXaulR2,1989551441376321810,https://pbs.twimg.com/media/G5xOfYKbUAAabMP.jpg,,in,,0,2,0,https://x.com/undefined/status/1989551441376321810,238091066,,Baterai EV
1988769722469638590,Thu Nov 13 02:46:56 +0000 2025,4,@ertigaid ayo wuling banting air ev mu jd 90 juta garansi baterai 8 tahun,1988800720687321466,,ertigaid,in,,0,0,0,https://x.com/undefined/status/1988800720687321466,91568635,,Baterai EV
1988442231532032490,Wed Nov 12 06:07:55 +0000 2025,5,@rasjawa Beli mobil EV perhatikan terkait lifetime warranty baterai om.. pertimbangannya jika baterry health drop setelah 8 tahun harganya akan hampir berimbang dengan harga mobil secoondnya.. better jika cari ev lebih preffer yang memberikan lifetime warranty untuk battery.. Ev: low,1988488910452695255,,rasjawa,in,,0,1,0,https://x.com/undefined/status/1988488910452695255,155157511,,Baterai EV
1988444903702241488,Wed Nov 12 03:13:03 +0000 2025,587,IPO JUMBO AKHIR TAHUN NEO ENERGY bergerak dalam industri nikel terintegrasi dari hulu sampai hilirnya (tambang-baterai mobil listrik) Emiten ini lagi persiapan pre-deal IPO Gotion High Tech Raksasa produsen baterai ev ini siap jadi standby Buyyer https://t.co/hE2i7iJqEf,1988444903702241488,https://pbs.twimg.com/media/G5hf9lea0AAghHL.jpg,,in,,7,9,57,https://x.com/undefined/status/1988444903702241488,1345898259445817345,,Baterai EV
1987870819976941777,Mon Nov 10 13:11:50 +0000 2025,88,Watchlist emiten nikel utama di IDX pasca-PP 28/2025 (potensi positif dari kontrol pasokan tapi volatile): - INCO: stabil produsen utama - ANTM: diversifikasi mining - MDKA: proyek nikel &amp; EV - NCKL: low-cost HPAL - MBMA: downstream baterai - TINS: overlap mining Bukan,1987870819976941777,,,in,,1,1,10,https://x.com/undefined/status/1987870819976941777,1976991588,,Baterai EV
1987844254581113124,Mon Nov 10 11:27:49 +0000 2025,5,Yg menarik ada varian EV Travo-E. Tenaga 194 dk torsi 205 Nm (depan) &amp; 269 Nm (belakang) Baterai: Lithium-ion 59 2 kWh Jarak Tempuh: 315 km (NEDC) https://t.co/KPoo18gJys,1987844639454535970,https://pbs.twimg.com/ext_tw_video_thumb/1987844549738418176/pu/img/r991y_U7oO2unqaf.jpg,SmwGwOto,in,,1,0,0,https://x.com/undefined/status/1987844639454535970,853206219611185152,,Baterai EV
1987460192305582136,Sun Nov 09 10:00:56 +0000 2025,1,Langkah ini sekaligus menegaskan posisi Indonesia sebagai pemain penting dalam rantai pasok kendaraan listrik global didukung oleh ketersediaan sumber daya nikel yang melimpah. Selain menjadi pemasok untuk India kemungkinan besar Honda 0 Series Alpha juga akan diluncurkan di,1987460387835617605,,GNFI,in,,0,0,0,https://x.com/undefined/status/1987460387835617605,39677695,,Baterai EV
1986957593294807476,Sat Nov 08 00:43:00 +0000 2025,23,Selamat pagi.. Data ekspor Clean Energy atau energi bersih Tiongkok keluar dan gilanya semua sektor naik kecuali solar yang agak turun dikit. Baterai EV kabel listrik sistem grid semuanya naik. Dari Januari sampai Agustus 2025 nilainya udah tembus rekor baru. https://t.co/5jlH0Av04b,1986957593294807476,https://pbs.twimg.com/media/G5MWAoubIAA0_xG.jpg,,in,,0,2,5,https://x.com/undefined/status/1986957593294807476,1955226998156169217,,Baterai EV
1986657221347041506,Fri Nov 07 04:49:26 +0000 2025,30,Ekspor rare earth Tiongkok naik lagi bulan ini. Tebak dikirim ke mana? Iya ke negara-negara yang tiap minggu teriak decouple from China Mayoritas masih ke AS Jepang dan Korsel sama seperti bulan-bulan sebelumnya. Tapi ada juga kenaikan permintaan dari Eropa terutama,1986657221347041506,,,in,,0,1,5,https://x.com/undefined/status/1986657221347041506,1955226998156169217,,Baterai EV
1985276447121199258,Thu Nov 06 02:29:16 +0000 2025,3,@rodadotco Sayangnya Jaecoo Indonesia ngak berani memberikan lifetime waranty baterai untuk J5 ev kalau memberikan pasti akan lebih laris lagi disaat masyarakat Indonesia masih ragu2 akan kekuatan baterai mobil2 ev krn semua belum teruji kekuatannya mau merk mobil apapun,1986259558130729177,,rodadotco,in,,0,0,0,https://x.com/undefined/status/1986259558130729177,1907967175660548100,,Baterai EV
1985904034436575427,Wed Nov 05 02:56:32 +0000 2025,0,Menteri Investasi dan Hilirisasi/Kepala BKPM @rosanroeslani melaksanakan kunjungan kerja ke Korea Selatan pada 30 Oktober 1 November 2025 untuk memperkuat kerja sama investasi khususnya di sektor hilirisasi baterai dan kendaraan listrik (EV). https://t.co/PmKjAzwBhv,1985904034436575427,https://pbs.twimg.com/amplify_video_thumb/1985903852005310466/img/iDsThI8NKw-5ptm_.jpg,,in,,0,1,0,https://x.com/undefined/status/1985904034436575427,106035510,,Baterai EV
1985559214081916968,Tue Nov 04 04:06:21 +0000 2025,2,Gak bang mau nerapin pajak karbon kyk eropa jadi semua dipaksa pindah Kendaraan EV mahal di baterai charge lama sampe gelut rebutan charger jadi transisinya lebih ke hydrogen,1985559214081916968,,,in,,1,1,1,https://x.com/undefined/status/1985559214081916968,3800498414,,Baterai EV
1985539148598690292,Tue Nov 04 02:51:48 +0000 2025,5,Ekosistem kendaraan listrik (Electrum) TOBA lewat Electrum aktif di rantai pasok EV. Saat ini lebih dari 6.400 motor listrik udah beroperasi dan ada lebih dari 360 titik stasiun swap baterai di berbagai kota. https://t.co/zI9LTv46xC,1985540454012866650,https://pbs.twimg.com/media/G44OfZLbQAQd7-H.png,buildportosaham,in,,0,1,0,https://x.com/undefined/status/1985540454012866650,1909069879136956417,,Baterai EV
1985514991513166007,Tue Nov 04 01:10:37 +0000 2025,25,Selamat pagee..... Tiongkok resmi masukin tungsten antimony dan silver (perak) ke daftar sumber daya mineral strategis yang dikontrol ekspornya. Artinya siapa pun yang mau ekspor tiga mineral ini sekarang harus izin dulu ke Kementerian Perdagangan. Tungsten &amp; antimony itu,1985514991513166007,,,in,,0,1,6,https://x.com/undefined/status/1985514991513166007,1955226998156169217,,Baterai EV
1985276447121199258,Mon Nov 03 09:22:44 +0000 2025,29,Jaecoo J5 EV resmi dijual mulai Rp 249 9 juta (OTR Jakarta) ini mobil punya baterai berkapasitas 60 9 Kwh bisa tempuh jarak 451 km (NEDC). Motor listriknya punya tenaga 155 HP dan torsi 288 NM J5 EV juga udah support DC fast charging sampe 130 kW. Gimana menurut lo? https://t.co/I2HDXnplDn,1985276447121199258,https://pbs.twimg.com/media/G40eXoyasAAUk9I.jpg,,in,,4,7,5,https://x.com/undefined/status/1985276447121199258,1194220651155873793,,Baterai EV
1985224652000776259,Mon Nov 03 05:57:19 +0000 2025,6,Indonesia berhasil mengantongi investasi besar senilai Rp99 7 triliun dari dua raksasa industri asal Korea Selatan yakni Lotte Chemical dan EcoPro. Investasi tersebut mencakup sektor kimia hilirisasi industri serta baterai kendaraan listrik (EV battery). Menteri Investasi dan,1985224752030707721,,GNFI,in,,0,1,0,https://x.com/undefined/status/1985224752030707721,39677695,,Baterai EV
1985148837561061719,Mon Nov 03 04:51:09 +0000 2025,13,2️⃣ BAHLIL SORONG GREEN REFINERY Meskipun tujuan utamanya mengolah minyak mentah RDMPBalikpapan punya potensi jadi kilang hijau (green refinery). Kilang jenis ini memungkinkan pengolahan bahan bakar nabati di masa mendatang termasuk processing bahan baku biodiesel. Sementara https://t.co/RfbhFJMq5B,1985208103550550136,https://pbs.twimg.com/ext_tw_video_thumb/1985208015138734080/pu/img/NNfeUyppX_0NAPsJ.jpg,eddesign_,in,,0,2,5,https://x.com/undefined/status/1985208103550550136,325599485,,Baterai EV
1984445265563304314,Sat Nov 01 02:20:00 +0000 2025,1,Komitmen tersebut mencakup berbagai sektor strategis mulai dari industri kimia rantai pasok baterai kendaraan listrik (EV) hingga sektor baja. #APEC2025 #Investasi #Hilirisasi #BKPM #InvestasiBerdampak #SetahunBerdampak https://t.co/NyZVbIaF6c,1984445286547444080,https://pbs.twimg.com/media/G4oqd9DbQAEtV3R.jpg,bkpm,in,,0,0,0,https://x.com/undefined/status/1984445286547444080,106035510,,Baterai EV
1983792629235249369,Thu Oct 30 07:06:34 +0000 2025,2,Industri otomotif dunia tengah bergeser dari kendaraan berbahan bakar fosil menuju energi listrik. Seiring tren ini produksi baterai kendaraan listrik (EV) menjadi target prioritas dalam kebijakan hilirisasi nikel nasional. Nikel kini berperan sebagai jantung industri kendaraan https://t.co/pOfhKx0seq,1983792629235249369,https://pbs.twimg.com/media/G4fY4Joa8AIh_f9.jpg,,in,,0,1,1,https://x.com/undefined/status/1983792629235249369,552523769,,Baterai EV
1983791142258008451,Thu Oct 30 07:00:40 +0000 2025,2,Indonesia memasuki fase penting menuju mobilitas bersih. Dengan sumber daya alam seperti nikel sebagai bahan utama baterai EV Indonesia berpotensi menjadi pusat produksi dan adopsi kendaraan listrik di Asia Tenggara. Baca Selengkapnya https://t.co/d6Ijbxdobj ~NA https://t.co/p3ElLN5rDl,1983791142258008451,https://pbs.twimg.com/media/G4fXgdia8AIH3Fk.jpg,,in,,0,0,0,https://x.com/undefined/status/1983791142258008451,23343960,,Baterai EV
1983567251585257815,Wed Oct 29 16:11:00 +0000 2025,36,️EV (mobil/motor listrik) itu jauh lebih merusak lingkungan daripada yg dipropagandakan penguasa. Emisi energi dan dampak hancurnya alam (saat eksplorasi) itu sangat dahsyat dan tak bisa dipulihkan lagi. Belum lagi limbah baterai beracun yg ditimbulkan. ️️️ https://t.co/ZLTKMVWfjS,1983567251585257815,https://pbs.twimg.com/amplify_video_thumb/1983554553950945281/img/t6rRijKmlE1whPPu.jpg,,in,,1,1,23,https://x.com/undefined/status/1983567251585257815,1254035776322453506,,Baterai EV
1983414161246957845,Wed Oct 29 06:02:40 +0000 2025,32,Hutan &amp; isinya dihancurkan demi mendapat batu hijau. Butuh ber ton-ton galian hanya utk dapatkan 1 baterai EV. ️ Semua berawal dari (kebijakan) #JokowiLuhut bersama kroni2 mereka oligarki hitam. https://t.co/lUBQAwR4N2,1983414161246957845,https://pbs.twimg.com/ext_tw_video_thumb/1983414109799624708/pu/img/BQw-4LTqaernmEAD.jpg,,in,,0,0,16,https://x.com/undefined/status/1983414161246957845,1254035776322453506,,Baterai EV
1982263446721753205,Sun Oct 26 01:50:09 +0000 2025,2,temen sender fg dan dapet work! pertama sebagai foreman di manufaktur baterai ev ada ga ya disini yg foreman juga? aku mau nanya kalau boleh terima kasih,1982263446721753205,,,in,,0,1,0,https://x.com/undefined/status/1982263446721753205,1244597361826885636,,Baterai EV
1981677061992489388,Fri Oct 24 11:00:04 +0000 2025,119,Maximize your urban adventure with All New Yaris Cross Hybrid EV! Dilengkapi sistem hybrid series paralel dengan Power Split Device membuat baterai lebih tahan lama (All Gear System) serta perawatan baterai yang lebih mudah.* Makin irit dengan konsumsi bahan bakar paling https://t.co/QJ3RlnkMMT,1981677061992489388,https://pbs.twimg.com/media/G4BNW66WEAAwCbJ.jpg,,in,,0,8,19,https://x.com/undefined/status/1981677061992489388,64310527,,Baterai EV
1981236116083921044,Thu Oct 23 05:47:54 +0000 2025,0,I2C bukan sekadar simbol tapi pemicu ekosistem EV lokal. Dari baterai stasiun isi daya hingga software rantai nilai lahir di negeri sendiri. Ini momen percepatan energi bersih dan kemandirian industri. #DukungI2C https://t.co/6oJEqKjw7a,1981236116083921044,https://pbs.twimg.com/media/G37DX0nXoAApIxh.jpg,,in,,0,61,3,https://x.com/undefined/status/1981236116083921044,1870758173268688896,,Baterai EV
1980264690648576413,Wed Oct 22 02:05:36 +0000 2025,2,@phrone_515 @keretaapikita gilak lu bang kereta listrik ya kek mobil ev punya baterai hedeh,1980817784503513173,,Bjckhwigtafkfl,in,,0,6,0,https://x.com/undefined/status/1980817784503513173,1906422105320849408,,Baterai EV
1980787755673350522,Wed Oct 22 00:06:16 +0000 2025,37,Selamat pagi . Tiongkok tumbuh 5% dengan inflasi 0% kombinasi langka di ekonomi global saat ini herann kan?? Artinya Tiongkok lagi berada dalam siklus perdagangan paling kompetitif sejak 1870-an. Setelah saya analisa kenapa mereka bisa gitu ya karena ekspor mereka sangat https://t.co/57k10n99PI,1980787755673350522,https://pbs.twimg.com/media/G30r9f6W8AApBB6.jpg,,in,,0,3,7,https://x.com/undefined/status/1980787755673350522,1955226998156169217,,Baterai EV
1980601625216708896,Tue Oct 21 11:46:39 +0000 2025,0,ESDM Minta Antam &amp; Huayou Percepat Eksekusi Proyek Baterai EV Rp 139 T https://t.co/J01MUjsDKU,1980601625216708896,,,in,,0,2,0,https://x.com/undefined/status/1980601625216708896,847372542830444544,,Baterai EV
1980586252417266037,Tue Oct 21 10:45:34 +0000 2025,2,Masalah teknis bisa datang kapan saja mulai dari ban bocor aki soak hingga baterai EV yang hampir habis. Namun kini pengemudi Hyundai tak perlu khawatir. #hyundaibluelink #berkendaratanpakhawatir #roadsideassistance #hyundaiindonesia #teknologihyundai #safetyfirst https://t.co/t8YO9ebFEe,1980586252417266037,https://pbs.twimg.com/media/G3x0nd9WoAA7qvI.jpg,,in,,0,0,0,https://x.com/undefined/status/1980586252417266037,1795508979814305792,,Baterai EV
1978011080061231172,Tue Oct 14 08:12:45 +0000 2025,13, UPDATE RUMOR IPO NEO ENERGY! PT Anugrah Neo Energy Materials (ANEM) dikabarkan tengah menyiapkan IPO jumbo senilai Rp5 triliun yang berpotensi menjadi IPO terbesar di akhir 2025. ANEM bergerak di sektor hilirisasi nikel dan tengah mengembangkan proyek HPAL (High Pressure Acid,1978011080061231172,,,in,,1,1,2,https://x.com/undefined/status/1978011080061231172,1166977780757581824,,Baterai EV
1976347253871870462,Thu Oct 09 23:00:08 +0000 2025,2,@TeslaAIBot @TeslaAIBot Optimus keren banget ngisi Tesla! Keren juga kalau bisa isi baterai Hijet listrikku dong. Bensin udah ketinggalan jaman waktunya EV! #Optimus #TeslaAI #HijetEV https://t.co/eAKLPdyOaW,1976422455905521677,https://pbs.twimg.com/ext_tw_video_thumb/1976422423215079425/pu/img/qOa3xjGrWZSzEpo6.jpg,TeslaAIBot,in,,0,0,1,https://x.com/undefined/status/1976422455905521677,1237191284013465600,,Baterai EV
1693188495387574490,Wed Oct 08 01:21:50 +0000 2025,7,HUAWEI MAEXTRO S800 Huawei Maextro S800 D Class Luxury Executive Sedan sukses mencatat &gt;6.500 spk dalam sebulan sejak resmi diluncurkan pada 30|05|2025. Diposisikan sebagai penatang serius Mercedez Maybach S Class &amp; BYD Yanwang U7. Versi EV menggunakan arsitektur 800V dgn https://t.co/Z3cc1B7UsO,1975733340126007327,https://pbs.twimg.com/ext_tw_video_thumb/1975733248203628550/pu/img/b9A5OCNunGtP8e41.jpg,eddesign_,in,,0,1,2,https://x.com/undefined/status/1975733340126007327,325599485,,Baterai EV
1973318898574565549,Wed Oct 01 09:27:42 +0000 2025,3,Update Pasar Antam (ANTM) Suntik Modal Rp2 63 Triliun ke Feni Haltim Antam resmi setor US$159 64 juta (≈Rp2 63 triliun) ke anak usaha PT Feni Haltim (30/9/2025). Dana dipakai untuk bangun pabrik Rotary Kiln Electric Furnace (RKEF) di Halmahera Timur. Proyek ini bagian,1973318898574565549,,,in,,0,2,0,https://x.com/undefined/status/1973318898574565549,1166977780757581824,,Baterai EV
1973282740662575110,Wed Oct 01 08:30:22 +0000 2025,8,@innovacommunity 1. Bensin dan baterai sama2 abis gak dijelasin apakah pas digeber bensin sedikit kalopun mobil cuma digeber selama beberapa menit gak mungkin langsung abis kecuali tinggal dikit 2. Baterai panas ini masalah umum di EV China liat aja videonya carwow Tesla vs Xiaomi Cont..,1973304468017127618,,innovacommunity,in,,0,1,0,https://x.com/undefined/status/1973304468017127618,1127503730205532161,,Baterai EV
1972979956344082752,Tue Sep 30 11:00:52 +0000 2025,0,Pabrik Baterai EV di Karawang Ditargetkan Mulai Beroperasi Akhir 2026 https://t.co/H9Bsv2FCYK,1972979956344082752,,,in,,0,0,0,https://x.com/undefined/status/1972979956344082752,847372542830444544,,Baterai EV
1972625670070251789,Mon Sep 29 11:47:24 +0000 2025,3,Jadi ya waktu IPO sentimen MBMA ini bagus dan investor percaya MBMA punya prospek di sektor nikel &amp; hilirisasi baterai EV. Kenyataanya sampai detik ini kalo kamu beli MBMA di IPO 2023. Ya portomu masih minus.,1972629278153134444,,mikelsaham,in,,0,0,0,https://x.com/undefined/status/1972629278153134444,1912798803381698561,,Baterai EV
1972625670070251789,Mon Sep 29 11:43:18 +0000 2025,3,Nih kalo yang mau tau kenapa MBMA naik. Seperti biasa ada pada narasi yg blm tentu terjadi. Prospek Emas MBMA 2026 2027 1. Ekspansi Produksi Nikel - NPI margin makin efisien → cash cost turun ke US$9 7k/t. - Offtake agreement nickel matte (Okt 2025 Des 2026) memberi,1972628246601822585,,mikelsaham,in,,0,1,1,https://x.com/undefined/status/1972628246601822585,1912798803381698561,,Baterai EV
1972548199689965778,Mon Sep 29 06:25:13 +0000 2025,1,Baterai kendaraan listrik (EV) bekas kini menjadi buruan di lelang barang rongsokan di Australia. Baca di sini: https://t.co/KoKhbmTsOX ~KN #bateraikendaraanlistrik #Australia #lelang,1972548199689965778,,,in,,0,0,1,https://x.com/undefined/status/1972548199689965778,23343960,,Baterai EV
1970698763284164911,Wed Sep 24 03:56:13 +0000 2025,5,Performa kendaraan listrik bukan cuma soal teknologi baterai tapi juga soal bagaimana ia bisa jadi solusi nyata di perkotaan. Mitra EV hadir dengan kombinasi tangguh responsif dan tetap ramah lingkungan. [Thread] https://t.co/OzPGwdymuy,1970698763284164911,https://pbs.twimg.com/media/G1lUB9da8AAzhTq.png,,in,,0,1,5,https://x.com/undefined/status/1970698763284164911,1497101710023852039,,Baterai EV
1970447745355018534,Tue Sep 23 11:18:46 +0000 2025,566,EV di Tiongkok udah ada yang nerapin battery ejection untuk menghindari kebakaran gegara baterai Meanwhile pejalan kaki pemotor &amp; pengendara lain disebelah mobil : mantab bg https://t.co/kS0tPMSrVu,1970447745355018534,https://pbs.twimg.com/ext_tw_video_thumb/1970447720877092864/pu/img/PJQ_ics50PjSaJjK.jpg,,in,,17,79,117,https://x.com/undefined/status/1970447745355018534,1544688618534408192,,Baterai EV
1970427935032254919,Tue Sep 23 10:00:03 +0000 2025,14,Sejak 2017 Wuling jadi brand otomotif Tiongkok pertama yang memiliki pabrik di Indonesia. Dari pabrik ini lahir beberapa pencapaian penting: SUV dengan teknologi pintar mobil listrik pertama di Tanah Air hingga fasilitas perakitan baterai EV secara lokal. Hingga 2025 total https://t.co/0hkglkI1gJ,1970427935032254919,https://pbs.twimg.com/media/G1hW4kNaUAAvjdA.jpg,,in,,1,1,6,https://x.com/undefined/status/1970427935032254919,4187275698,,Baterai EV
1969664182288076800,Sun Sep 21 11:20:55 +0000 2025,4,@xxjlyxx @tanyarlfes Betul sama aja. Baterai mobil listrik juga butuh cobalt dan lithium dari tambang Kongo. Bedanya kalau EV dibungkus narasi ramah lingkungan padahal di ujung lain ada anak kecil yang nyangkul tanah demi isi batre.,1969723511003603329,,xxjlyxx,in,,0,0,0,https://x.com/undefined/status/1969723511003603329,1503939699139756032,,Baterai EV
1969389823212601815,Sat Sep 20 13:14:58 +0000 2025,2,RI Bakal Bangun Proyek Baterai EV Lagi Kini Investornya dari China https://t.co/54QV57HBLR,1969389823212601815,,,in,,0,0,1,https://x.com/undefined/status/1969389823212601815,2728984603,,Baterai EV
1968968633188487526,Fri Sep 19 09:21:18 +0000 2025,0,RI Bakal Bangun Proyek Baterai EV Lagi Kini Investornya dari China https://t.co/oNpaqhHo7m,1968968633188487526,,,in,,0,1,0,https://x.com/undefined/status/1968968633188487526,847372542830444544,,Baterai EV
1968543533880742019,Thu Sep 18 05:40:11 +0000 2025,6,@SocialiteGhibah Setelah pasir silika. Pasti main ke sulfur khususnya sulfur granul. 1 ton baterai ev butuh 12 ton sulfur granul. Harganya lagi naik. Kalo ada yg nemu sulfur granul fob us$300/ton kabarin,1968550599102017610,,SocialiteGhibah,in,,0,0,1,https://x.com/undefined/status/1968550599102017610,45808161,,Baterai EV
1968240470989095320,Wed Sep 17 09:07:51 +0000 2025,34,Ini jawaban kenapa saya beli $NIO - Fundamental $NIO : 1.Inovasi unik: Battery Swap Technology tukar baterai dalam &lt;5 menit jauh lebih cepat daripada charging. Ini menciptakan keunggulan kompetitif yang sulit ditiru. 2.Partner strategis dengan CATL akses,1968240470989095320,,,in,,1,5,0,https://x.com/undefined/status/1968240470989095320,1955226998156169217,,Baterai EV
1693188495387574490,Tue Sep 16 06:24:55 +0000 2025,12,XIAOMI YU7 THE KILLER YU7 adalah SUV full-listrik berpenampilan sporty dan lebih cepat daripada Ferrari Purosangue. Dibangun di platform Modena yg sama dengan SU7. SUV ini memiliki panjang 4 999 M lebar 1 996 M tinggi 1 608 M dan jarak sumbu roda 3 000 M. Tersedia dlm 3 https://t.co/TTMnhUoMPO,1967837083093160233,https://pbs.twimg.com/ext_tw_video_thumb/1967837045960871937/pu/img/nK7Xg1XhwC2A0ovg.jpg,eddesign_,in,,0,1,2,https://x.com/undefined/status/1967837083093160233,325599485,,Baterai EV
1967573530444489047,Mon Sep 15 12:57:40 +0000 2025,3,Danantara mulai melirik proyek smelter HPAL Vale Indonesia Bahan baku baterai EV makin seksi investor pun berebut masuk! ️ Baca selangkapnya di https://t.co/DiH4zWa2ao https://t.co/ZxVdMrqjkL,1967573530444489047,https://pbs.twimg.com/media/G045sLIbsAAk29p.jpg,,in,,0,0,0,https://x.com/undefined/status/1967573530444489047,1044796053520756736,,Baterai EV
1967225726878482746,Sun Sep 14 13:55:37 +0000 2025,4,Iya. Hidrogen riil renewable energy. Kalau EV baterai BUKAN! #CONTENTcenter #fyp #iwanpiliang,1967225726878482746,,,in,,0,0,1,https://x.com/undefined/status/1967225726878482746,19237217,,Baterai EV
1967047095745212496,Sun Sep 14 02:05:48 +0000 2025,3,Kongsi TBS Energi (TOBA) Bidik Peluang Bisnis Rp 114 T di Ekosistem EV Baterai - Bursa https://t.co/fzw23Y0Eqv https://t.co/gSzeAT6vY8,1967047095745212496,,,in,,0,0,0,https://x.com/undefined/status/1967047095745212496,2728984603,,Baterai EV
1965369607713423657,Tue Sep 09 11:00:03 +0000 2025,402,It's Time For Quiz! Menangkan saldo e-wallet 1 juta rupiah untuk 4 pemenang! Dapatkan kunci jawaban dengan nonton video sebelumnya. Apa yang harus dilakukan setiap 6 bulan sekali agar performa baterai Toyota Hybrid EV tetap optimal? Cara ikutan: 1. Follow @toyotaid dan like https://t.co/FUxjMja6Qa,1965369607713423657,https://pbs.twimg.com/amplify_video_thumb/1965344397987647488/img/Dqtix1ZN-wY4XXr3.jpg,,in,,7,1297,317,https://x.com/undefined/status/1965369607713423657,64310527,,Baterai EV
1965345328393322609,Tue Sep 09 09:23:35 +0000 2025,1,KEK Kendal Rumah Bagi Pabrik Baterai EV Terbesar di Dunia https://t.co/gkvVXhOKGI,1965345328393322609,,,in,,0,0,0,https://x.com/undefined/status/1965345328393322609,847372542830444544,,Baterai EV
1965244774673531095,Tue Sep 09 03:18:43 +0000 2025,20,@hrdbacot Dibagus2in namanya aja PHK jd pensiun dini spy terlihat bagus di mata investor yg mau investasi. Ibarat muka bopeng jerawatan didempul setebal 8mm jd mulus lg Investor jg gak sebodoh itu Tesla aja gak jadi LG jg cabut dari konsorsium baterai EV,1965253508942475752,,hrdbacot,in,,0,0,3,https://x.com/undefined/status/1965253508942475752,173407719,,Baterai EV
1962850059944591825,Tue Sep 02 13:35:25 +0000 2025,0,Jakarta tidak mundur. Indonesia bahkan bersiap menjadi produsen baterai EV terbesar dunia. https://t.co/BNo6yNc9Ih,1962871991951843754,,txtangkringan,in,,0,1,0,https://x.com/undefined/status/1962871991951843754,1489658156989190144,,Baterai EV
1962850059944591825,Tue Sep 02 13:32:17 +0000 2025,0,Uni Eropa menggugat Indonesia ke WTO sementara AS menuding industri nikel Indonesia mengeksploitasi pekerja anak . Jakarta tidak mundur. Indonesia bahkan bersiap menjadi produsen baterai EV terbesar dunia.,1962871201346601423,,txtangkringan,in,,0,1,0,https://x.com/undefined/status/1962871201346601423,1489658156989190144,,Baterai EV
1962850059944591825,Tue Sep 02 13:27:33 +0000 2025,0,Kebijakan ini memaksa perusahaan-perusahaan asing membangun smelter dan pabrik baterai EV di tanah air.,1962870009207869537,,txtangkringan,in,,0,1,0,https://x.com/undefined/status/1962870009207869537,1489658156989190144,,Baterai EV
1962723155694494169,Tue Sep 02 07:21:48 +0000 2025,6,ADA APA SEBENARNYA DENGAN KERUSUHAN DI INDONESIA 🇮🇩? Oleh: Daniel Long Indonesia negara dengan populasi terbesar ke-4 di dunia telah menempuh jalur industrialisasi ketahanan energi dan kemandirian teknologi. Indonesia menempati peringkat ke-12 dunia dalam daftar negara,1962777965269565856,,dedygober,in,,0,2,1,https://x.com/undefined/status/1962777965269565856,76973108,,Baterai EV
1952988255106011236,Wed Aug 06 07:00:59 +0000 2025,2,Pemerintah Indonesia tengah mendorong produsen kendaraan listrik (EV) dalam negeri untuk beralih dari baterai berbasis lithium ke baterai berbasis nikel. https://t.co/L7VK77m3CI,1952988255106011236,https://pbs.twimg.com/media/Gxpod-YbIAAaEqY.jpg,,in,,0,0,0,https://x.com/undefined/status/1952988255106011236,1173853316511485952,,Baterai EV
1952942713428414766,Wed Aug 06 05:22:37 +0000 2025,55,@yuliapandaa @ARSIPAJA broo baterai ev itu lithium-ion nah untuk buatnya selain butuh nikel ya butuh lithium mentahnya juga dong.. sedangkan untuk lithium mentah negara kita tidak memiliki cadangan yg signifikan,1952963500218966420,,yuliapandaa,in,,0,3,3,https://x.com/undefined/status/1952963500218966420,1428519600388337668,,Baterai EV
1952718792884449719,Tue Aug 05 13:10:14 +0000 2025,0,Pemerintah Dorong Regulasi Agar Produsen EV Beralih ke Baterai Nikel https://t.co/5SZ3e7nLUp,1952718792884449719,,,in,,0,0,0,https://x.com/undefined/status/1952718792884449719,118646322,,Baterai EV
1952714788871807430,Tue Aug 05 12:54:20 +0000 2025,1,RI Bisa Jadi Kiblat Eksositem Baterai EV di Dunia Ini Buktinya https://t.co/UJn1MEVhLf,1952714788871807430,,,in,,1,0,0,https://x.com/undefined/status/1952714788871807430,847372542830444544,,Baterai EV
1952695363942727992,Tue Aug 05 11:37:08 +0000 2025,6,Pemerintah Dorong Insentif Pabrikan EV Beralih ke Baterai Nikel https://t.co/lysWneVTbm,1952695363942727992,,,in,,1,0,1,https://x.com/undefined/status/1952695363942727992,1582972008479920129,,Baterai EV
1939670861877067952,Mon Aug 04 11:03:44 +0000 2025,2,@dojjunn Market baterai tidak hanya dari EV tapi juga drone dan robot. Artinya kebutuhan nikel untuk baterai ini diproyeksikan masih akan meningkat.,1952324570704379925,,barang_antique,in,,0,1,0,https://x.com/undefined/status/1952324570704379925,1687745407798083584,,Baterai EV
1951893011736023526,Sun Aug 03 06:28:54 +0000 2025,0,Kabar baiknya Halmahera Timur akan menjadi lokasi pertama industri daur ulang baterai EV di Indonesia! Proyek senilai Rp3 2 triliun ini akan memproses nikel kobalt mangan sulfat hingga litium dengan target operasi pada 2031 dan kapasitas 20 ribu ton per tahun.,1951893016194719826,,KementerianESDM,in,,0,3,0,https://x.com/undefined/status/1951893016194719826,1138467176,,Baterai EV
1951185338023682113,Fri Aug 01 07:36:50 +0000 2025,145,Dunia sedang rebutan lithium nikel dan rare earth. Barat bicara transisi hijau tapi tetap ingin RI kirim bahan mentah. Jokowi bilang tidak. Ia tutup ekspor nikel tarik pabrik baterai Tesla &amp; BYD bangun industri EV dari tambang hingga hilir. Indonesia tidak lagi cuma https://t.co/JcgiqigVOY,1951185338023682113,https://pbs.twimg.com/ext_tw_video_thumb/1951185065444253696/pu/img/mQ7JWN4vFsbvsTgo.jpg,,in,,6,19,30,https://x.com/undefined/status/1951185338023682113,1530146266822258688,,Baterai EV
1950925585028411898,Thu Jul 31 14:24:40 +0000 2025,4,Baterai EV bekas di Indonesia saat ini masih dianggap limbah bahan berbahaya dan beracun (B3) https://t.co/zPxpCrj276,1950925585028411898,,,in,,0,0,0,https://x.com/undefined/status/1950925585028411898,18071520,,Baterai EV
1950574987775226246,Wed Jul 30 15:11:31 +0000 2025,395,LOGIKA PEJABAT FUFUFAFA | Jika semua bisa diraih dengan hilirisasi maka; HARI INI SPONGEBOB SUDAH JADI SEKJEN NATO - MENGGANTI MARK RUTTE KARENA SPONGEBOB BEKERJA DI HILIR DAPUR KRUSTY CRAB. _______ Dari Presiden hingga para menteri kerap membuat pernyataan https://t.co/jzNUtwqOwM,1950574987775226246,https://pbs.twimg.com/media/GxHVnQeboAA2t_Z.jpg,,in,,5,83,134,https://x.com/undefined/status/1950574987775226246,1159689173340585984,,Baterai EV
1950420716089987252,Wed Jul 30 05:10:25 +0000 2025,9,@innovacommunity ini kurang biaya ketenangan sih kyknya. ada resiko tinggi di EV yg sebetulnya msh belum bisa diperhitungkan. contoh: resiko baterai terbakar batre rusak dan health indicator yg turun. faktor lingkungan yg belum support maksimal ke EV. jadi bakal banyak biaya tak terduganya ,1950423713423261812,,innovacommunity,in,,0,1,3,https://x.com/undefined/status/1950423713423261812,1512790187449135106,,Baterai EV
1950035291370057942,Tue Jul 29 03:58:01 +0000 2025,8,@innovacommunity Beli mobil EV kayak beli Tamiya Mini 4WD. Kalo gak ada baterai gak bisa jalan walaupun dinamo yang lu pake dinamo setan,1950043106885456062,,innovacommunity,in,,0,0,1,https://x.com/undefined/status/1950043106885456062,118045216,,Baterai EV
1949440116767789075,Sun Jul 27 12:01:57 +0000 2025,0,Chery meluncurkan TIGGO 9 CSH AWD di GIIAS 2025 SUV PHEV premium dengan desain mewah fitur canggih seperti parkir otomatis dan 17 ADAS. Dibanderol Rp719 9 juta mobil ini menyasar konsumen kelas atas pencinta teknologi. Mengusung mesin 1.5L turbo dan tiga motor listrik mobil https://t.co/oMMtNX51XY,1949440116767789075,https://pbs.twimg.com/media/Gw3NckTWcAAI5ZA.jpg,,in,,2,0,0,https://x.com/undefined/status/1949440116767789075,47596019,,Baterai EV
1949033837801148557,Sat Jul 26 09:22:08 +0000 2025,10,Langsung ajalaah meluncur ke booth VinFast di GIIAS 2025 Cobain langsung unitnya rasain interiornya dan dapetin info lengkap soal cicilan baterai dan teknologinya. Jangan tunggu harga naik karena promo vinfast giias cuma sebentar! Cusss~ gasss in EV impianmu sekarang https://t.co/5QoV4wFYoo,1949037509532696893,https://pbs.twimg.com/media/GwxfST_agAAFK_V.jpg,mba_diahworo,in,,0,0,2,https://x.com/undefined/status/1949037509532696893,2539299234,,Baterai EV
1949033837801148557,Sat Jul 26 09:14:44 +0000 2025,3,Naah kalau kamu cari EV yang efisien tapi tetap powerful cek yang VinFast VF 7 Eco deh: ️ Single motor 130 kW (174 dk) torsi 250 Nm ️ Baterai 59 6 kWh jarak tempuh 430 km Dan yes ini juga termasuk di promo vinfast giias yang super worth it ,1949035649258172681,,mba_diahworo,in,,0,1,0,https://x.com/undefined/status/1949035649258172681,2539299234,,Baterai EV
1949032398760616405,Sat Jul 26 09:09:28 +0000 2025,3,Yups kini kamu bisa punya EV pertama yang Futuristic. VinFast VF 7 Plus kini hadir 260 kW (349 dk) Torsi 500 Nm Baterai 70 8 kWh Jarak tempuh hingga 471 km (NEDC) Semua ini bisa kamu nikmati lewat promo vinfast giias nih!,1949034321970671974,,Karendis_,in,,0,1,1,https://x.com/undefined/status/1949034321970671974,1237309377637318658,,Baterai EV
1949017337941676052,Sat Jul 26 08:01:59 +0000 2025,0,Jetour X20e EV resmi diperkenalkan di GIIAS 2025 oleh PT Jetour Motor Indonesia. Namun kehadirannya masih dalam tahap pengenalan dan belum tersedia untuk dipesan. Tujuannya adalah mengumpulkan masukan konsumen untuk pengembangan produk dan penentuan harga. Mobil listrik mungil https://t.co/Z3tgkZ8EXU,1949017337941676052,https://pbs.twimg.com/media/GwxM75nXkAAzLaY.jpg,,in,,0,0,0,https://x.com/undefined/status/1949017337941676052,47596019,,Baterai EV
1693188495387574490,Thu Jul 24 07:59:45 +0000 2025,14,TESLA vs BYD Pada 2024 BYD telah melampaui Tesla dlm pendapatan meraup $107 miliar (setara Rp1.722 triliun) dibandingkan TESLA $97 miliar (setara Rp1.525 triliun). Sejak 2023 BYD bahkan mengungguli Tesla dlm total unit EV yg dikirimkan. Ini didorong oleh tingginya penjualan https://t.co/4SCHMpWEOA,1948292004099821581,https://pbs.twimg.com/media/Gwm5QKcbcAAOFyN.jpg,eddesign_,in,,0,1,3,https://x.com/undefined/status/1948292004099821581,325599485,,Baterai EV
1947996272000159998,Wed Jul 23 13:11:32 +0000 2025,3,@txtdariotomotif 90% mineral rare Earth bahan baku buat magnet motor listrik baterai dan semikonduktor ada di China mereka kaya SDA yg menyokong pengembangan baterai EV dan bhn baku alat elektronik.,1948008078101938294,,jrdsty,in,,0,0,1,https://x.com/undefined/status/1948008078101938294,1769225523253911552,,Baterai EV
1947981431999017151,Wed Jul 23 11:25:39 +0000 2025,52,Biar makin tenang berkendara bersama Toyota ada layanan spesial dari After Sales Toyota untuk pemilik Hybrid EV &amp; Battery EV! Nikmati gratis pengecekan baterai melalui program Toyota Hybrid Health Check khusus untuk kendaraan usia 3 5 tahun atau 50.000 100.000 km yang https://t.co/74HGcPiASC,1947981431999017151,https://pbs.twimg.com/media/GwieyScagAA6_JA.jpg,,in,,0,4,6,https://x.com/undefined/status/1947981431999017151,64310527,,Baterai EV
1947918808305569965,Wed Jul 23 07:16:49 +0000 2025,1,Sekadar informasi HCS adalah layanan penyediaan dan pemasangan perangkat pengisian daya (home charger) dari PLN yang memungkinkan pemilik kendaraan listrik untuk mengisi daya baterai mobil mereka di rumah. Melalui layanan HCS pemilik EV tidak perlu mencari Stasiun Pengisian https://t.co/i19Bsq5zhS,1947918811367412208,https://pbs.twimg.com/media/Gwhlv4vbEAAUxFT.jpg,Metro_TV,in,,0,1,0,https://x.com/undefined/status/1947918811367412208,57261519,,Baterai EV
1947860180278120466,Wed Jul 23 03:23:51 +0000 2025,2,Hutan dirusak satwa kehilangan habitat. Ekosistem yang hancur butuh puluhan tahun untuk pulih. Nikel untuk baterai EV boleh tapi jangan korbankan alam lokal! #PTPositionMerusakLingkungan,1947860180278120466,,,in,,0,0,1,https://x.com/undefined/status/1947860180278120466,1467313806397218818,,Baterai EV
1947518716205539516,Tue Jul 22 04:46:59 +0000 2025,1,Mengisi daya EV cukup colok charger di rumah saat malam dan pagi harinya baterai penuh. Kepraktisan ini jadi daya tarik tambahan selain biaya isi daya dan pajak tahunan yang lebih hemat serta minim perawatan. Cocok untuk kendaraan harian dalam kota. https://t.co/IfdsF0Y5t8,1947518716205539516,https://pbs.twimg.com/media/Gwb53hrbAAAN0fq.png,,in,,0,0,1,https://x.com/undefined/status/1947518716205539516,4187275698,,Baterai EV
1947174656689017255,Mon Jul 21 05:59:49 +0000 2025,0,MG 4 Jadi EV Pertama Gunakan Baterai Semi-Solid State https://t.co/XXyjhm74cQ,1947174656689017255,,,in,,0,1,0,https://x.com/undefined/status/1947174656689017255,154102750,,Baterai EV
1943778762547441910,Fri Jul 11 21:05:45 +0000 2025,1,Pembangunan Proyek Ekosistem Industri Baterai EV Bisa Dukung Transisi Energi https://t.co/XYwOijVQQ2,1943778762547441910,,,in,,0,0,0,https://x.com/undefined/status/1943778762547441910,759692754985242625,,Baterai EV
1943653628692324431,Fri Jul 11 12:48:31 +0000 2025,0,MIND ID Harus jadi Tulang Punggung Industri Baterai EV https://t.co/0J5U8sV6Om,1943653628692324431,,,in,,0,0,0,https://x.com/undefined/status/1943653628692324431,990237626,,Baterai EV
1943622373040881870,Fri Jul 11 10:44:19 +0000 2025,0,RI Punya Kawasan Industri Raksasa Hasilkan Bahan Baku Baterai EV https://t.co/iJfeNdj2y0,1943622373040881870,,,in,,0,0,0,https://x.com/undefined/status/1943622373040881870,847372542830444544,,Baterai EV
1943523456664125623,Fri Jul 11 04:11:15 +0000 2025,1,Lewat Baterai EV RI Punya Peran Strategis di Dunia https://t.co/gYYorwXZvB,1943523456664125623,,,in,,0,1,1,https://x.com/undefined/status/1943523456664125623,847372542830444544,,Baterai EV
1943493104536793146,Fri Jul 11 02:10:47 +0000 2025,6,Didukung teknologi baterai rakitan lokal dan kepercayaan sebagai mitra resmi di ajang internasional Wuling telah dipercaya dengan menjual lebih dari 40.000 EV di Indonesia. Masa depan mobilitas tak lagi sekadar wacana Wuling membawanya jadi nyata. #WulingMotors https://t.co/Ro160p9PaA,1943493137651118236,https://pbs.twimg.com/media/GvistATWYAExM6E.jpg,WulingMotorsID,in,,0,0,0,https://x.com/undefined/status/1943493137651118236,757798365933383680,,Baterai EV
1943275773064073340,Thu Jul 10 11:47:03 +0000 2025,0,RI Punya Kawasan Industri Raksasa Hasilkan Bahan Baku Baterai EV https://t.co/WACe5LFFyY,1943275773064073340,,,in,,0,0,0,https://x.com/undefined/status/1943275773064073340,847372542830444544,,Baterai EV
1943270725898699182,Thu Jul 10 11:26:59 +0000 2025,0,RI Ciptakan Baterai EV Nilai Tambahnya Bisa 67 Kali Lipat https://t.co/pIcaKARsgq,1943270725898699182,,,in,,0,0,0,https://x.com/undefined/status/1943270725898699182,847372542830444544,,Baterai EV
1943264419892609361,Thu Jul 10 11:01:56 +0000 2025,1,IBC Ungkap Pentingnya Penciptaan Pasar Baterai EV https://t.co/y6vO80GHIb,1943264419892609361,,,in,,0,0,0,https://x.com/undefined/status/1943264419892609361,847372542830444544,,Baterai EV
1942766446326734891,Wed Jul 09 02:03:10 +0000 2025,0,RI Punya Proyek Baterai EV Rp96 04 Triliun Ini Ternyata Pemiliknya https://t.co/QZriDSVZpd,1942766446326734891,,,in,,0,0,0,https://x.com/undefined/status/1942766446326734891,847372542830444544,,Baterai EV
1942227161571877257,Mon Jul 07 14:20:14 +0000 2025,0,Viral Mobil Listrik Air EV Terbakar di Bandung Wuling Klaim Bukan dari Baterai https://t.co/GgqLGpcKlE,1942227161571877257,,,in,,0,2,0,https://x.com/undefined/status/1942227161571877257,3319260420,,Baterai EV
1942126894289404248,Mon Jul 07 07:41:49 +0000 2025,0,Gak Cuma Mobil Listrik Baterai EV Buatan RI Bisa Simpan Listrik EBT https://t.co/qZCk1OW60U,1942126894289404248,,,in,,0,0,0,https://x.com/undefined/status/1942126894289404248,847372542830444544,,Baterai EV
1942109073295458379,Mon Jul 07 06:31:00 +0000 2025,0,Mobil listrik Wuling Air EV terbakar di Bandung. Investigasi awal menunjukkan kebakaran bukan disebabkan oleh baterai atau motor listrik. Via @detikjabar_ https://t.co/fqEA32Rbxt,1942109073295458379,,,in,,0,3,1,https://x.com/undefined/status/1942109073295458379,69183155,,Baterai EV
1942106691530883355,Mon Jul 07 06:21:32 +0000 2025,1,Wuling Motors Indonesia mengumumkan hasil investigasi terbakarnya Air EV di Bandung. Wuling Motors menyebut penyebab kebakaran bukan berasal dari baterai dan motor listrik! ⁣ &gt;&gt; https://t.co/uAl8PfbDyW ⁣ #detikOto #WulingAirEV https://t.co/uxM2QWPIGm,1942106691530883355,https://pbs.twimg.com/media/GvO_m5pW4AAoiyJ.jpg,,in,,2,1,2,https://x.com/undefined/status/1942106691530883355,80543284,,Baterai EV
1942082174532092320,Mon Jul 07 04:44:07 +0000 2025,1,Pabrik Baterai EV Rp96 Triliun RI Dibangun Target Beroperasi Mid 2026 https://t.co/ADDLgYPM54,1942082174532092320,,,in,,0,0,2,https://x.com/undefined/status/1942082174532092320,847372542830444544,,Baterai EV
1942064600301883499,Mon Jul 07 03:34:17 +0000 2025,0,Punya Pabrik Baterai EV Raksasa Begini Keuntungannya Buat RI.. https://t.co/4HS7beEtEY,1942064600301883499,,,in,,0,0,0,https://x.com/undefined/status/1942064600301883499,847372542830444544,,Baterai EV
1942045404633481713,Mon Jul 07 02:18:00 +0000 2025,0,Hasil Investigasi Air EV yang Terbakar Wuling: Bukan dari Baterai https://t.co/b7H1FwCEi9,1942045404633481713,,,in,,0,0,1,https://x.com/undefined/status/1942045404633481713,80543284,,Baterai EV
1942029758633832768,Mon Jul 07 01:15:50 +0000 2025,72,Viral! Sebuah mobil listrik Wuling Air EV terbakar di pinggir jalan kawasan Soekarno-Hatta Bandung Sabtu (5/7/2025) malam. Wuling pastikan baterai dan motor penggerak aman. Investigasi dilanjutkan fokus pada area kap depan untuk ungkap penyebabnya. ~J #MobilListrik https://t.co/SDdY0v2IfU,1942029758633832768,https://pbs.twimg.com/amplify_video_thumb/1942029411286503424/img/2tFatcO3TvosFUkn.jpg,,in,,0,10,34,https://x.com/undefined/status/1942029758633832768,23343960,,Baterai EV
1941552704222015751,Sun Jul 06 14:24:53 +0000 2025,1,@LtdAkbar @MartaArdy @paxxinajiz @_Banyoe @maximv_satriaus @mr_adityason @AZHARFRS @Bataviase77 @Human_B @StopPlandemit @BabehAldoAje135 Hybrid itu kombinasi EV dan mesin konvensional. Ada yg full hybrid ada yg semi hybrid. Point utama disini adalah seberapa besar resiko/ bahayanya sebuah kendaraan. Jadi bicara risk hybrid secara teori 50% lebih aman vs EV. Tugas baterai &amp; motor elektrik lebih ringan.,1941865944604651787,,LtdAkbar,in,,0,0,0,https://x.com/undefined/status/1941865944604651787,1254035776322453506,,Baterai EV
1941826171370717597,Sun Jul 06 13:12:01 +0000 2025,17,@omdhilproject @SAnryan06 Nikel itu valuable untuk industri baja 🇺🇸. Jangan malah dikit-dikit diarahin ke baterai EV.,1941847603391721616,,omdhilproject,in,,0,3,1,https://x.com/undefined/status/1941847603391721616,723691909,,Baterai EV
1941652409463472160,Sun Jul 06 04:25:13 +0000 2025,14,@innovacommunity Info dr kejadian sebelumnya yg terbakar kemarin krn ada modifikasi asesoris elektronik (Audio) tanpa rekomendasi pabrik mungkin ini juga disebabkan adanya modifikasi sistem elektronik juga dan baterai EV sebenarnya relatif sensitif.,1941715031487607036,,innovacommunity,in,,1,0,1,https://x.com/undefined/status/1941715031487607036,310796543,,Baterai EV
1941668174011003225,Sun Jul 06 02:54:56 +0000 2025,37,@Mdy_Asmara1701 Baterai litihium sangat sulit dipadamkan.. butuh Beratus ratus liter air untuk benar benar mendinginkan baterai EV. Percuma pake APAR... Belum ada teknologi apar yg bisa memadamkan api dari baterai lithium EV,1941692310917693943,,Mdy_Asmara1701,in,,0,4,5,https://x.com/undefined/status/1941692310917693943,1729331733160767488,,Baterai EV
1941652409463472160,Sun Jul 06 01:09:51 +0000 2025,10,@innovacommunity Sifat kimia baterai nya yang bikin api susah padam klo kebakaran EV,1941665865457377359,,innovacommunity,in,,0,1,0,https://x.com/undefined/status/1941665865457377359,341267493,,Baterai EV
1941055443247550583,Fri Jul 04 08:44:15 +0000 2025,0,Persaingan mobil hatchback listrik di Tanah Air semakin sengit. Hal ini setelah Great Wall Motor (GWM) Indonesia ikut meramaikan segmen tersebut dengan meluncurkan GWM Ora 3. Sebelumnya sejumlah model sudah bersaing di segmen ini seperti BYD Dolphin Neta V-II MG4EV hingga https://t.co/dp0CcWiXgb,1941055443247550583,https://pbs.twimg.com/amplify_video_thumb/1941054962492231681/img/Cnnkh4RwvFMCq1rk.jpg,,in,,0,0,0,https://x.com/undefined/status/1941055443247550583,47274731,,Baterai EV
1941039944463798339,Fri Jul 04 07:42:40 +0000 2025,1,RI Bangun Pabrik Baterai EV Raksasa Tapi Sayang Tak Punya Lithium https://t.co/sv3xlZiPGp,1941039944463798339,,,in,,0,0,0,https://x.com/undefined/status/1941039944463798339,847372542830444544,,Baterai EV
1941039563780379056,Fri Jul 04 07:41:09 +0000 2025,1,RI Punya Pabrik Baterai EV Rp 96 Triliun Segini Porsi untuk Ekspornya https://t.co/bSS5JWijpU,1941039563780379056,,,in,,0,0,0,https://x.com/undefined/status/1941039563780379056,847372542830444544,,Baterai EV
1941036450558165335,Fri Jul 04 07:28:47 +0000 2025,3,CEO Pertamina New &amp; Renewable Energy (Pertamina NRE) John Anis menyatakan bahwa baterai kendaraan listrik atau electric vehicle (EV) dalam negeri ditargetkan bisa diproduksi pada 2026 mendatang. ~TA #PertaminaNRE #BateraiEV https://t.co/7PuxPikSR6,1941036450558165335,,,in,,0,0,0,https://x.com/undefined/status/1941036450558165335,23343960,,Baterai EV
1941033466214371805,Fri Jul 04 07:16:55 +0000 2025,0,RI Punya Pabrik Baterai EV Raksasa Lithiumnya Diimpor dari Tetangga https://t.co/LfZQYvPtKT,1941033466214371805,,,in,,0,0,0,https://x.com/undefined/status/1941033466214371805,847372542830444544,,Baterai EV
1940640991020830876,Thu Jul 03 05:17:22 +0000 2025,0,Wujudkan Industri Baterai EV MIND ID Perkuat Peran Strategis untuk Ekonomi Nasional https://t.co/Dt1DAcM8Xr,1940640991020830876,,,in,,0,0,0,https://x.com/undefined/status/1940640991020830876,990237626,,Baterai EV
1940385488403124535,Wed Jul 02 12:22:05 +0000 2025,0,Usai CATL Bahlil Sebut Proyek Baterai EV Huayou Groundbreaking September 2025 https://t.co/n2QGe1KAvg,1940385488403124535,,,in,,0,0,0,https://x.com/undefined/status/1940385488403124535,759692754985242625,,Baterai EV
1940336074381049926,Wed Jul 02 09:05:44 +0000 2025,1,RI Bangun Pabrik Baterai EV Raksasa di Karawang Ini Calon Pembelinya https://t.co/HktquuARpn,1940336074381049926,,,in,,0,0,0,https://x.com/undefined/status/1940336074381049926,847372542830444544,,Baterai EV
1940249297586724958,Wed Jul 02 03:20:55 +0000 2025,13,Indonesia serius garap hilirisasi nikel. Nggak cuma untuk memperkuat daya saing ekonomi nasional hilirisasi nikel juga merupakan strategi untuk membangun ekosistem industri baterai kendaraan listrik (electric vehicle/EV). #BateraiEV #MobilListrik #Hilirisasi #penjagaharapan https://t.co/WaL8yJutnl,1940249297586724958,https://pbs.twimg.com/media/Gu0mcoHWUAAD6QE.jpg,,in,,0,13,8,https://x.com/undefined/status/1940249297586724958,1919442948653252608,,Baterai EV
1939962244734832753,Tue Jul 01 08:20:35 +0000 2025,0,Presiden RI Prabowo Subianto meresmikan peletakan batu pertama proyek ekosistem baterai kendaraan listrik (EV) terbesar di Asia Minggu (29/6/2025) di Karawang Jawa Barat. Proyek ini merupakan hasil kolaborasi strategis antara PT Aneka Tambang (Antam) PT Indonesia Battery,1939962322232963371,,GNFI,in,,0,1,0,https://x.com/undefined/status/1939962322232963371,39677695,,Baterai EV
1939912096998977813,Tue Jul 01 05:01:00 +0000 2025,0,Presiden Resmikan Industri Baterai EV Terintegrasi Terbesar di Asia https://t.co/lGNpmS3x9Y,1939912096998977813,,,in,,0,0,0,https://x.com/undefined/status/1939912096998977813,3306771829,,Baterai EV
1939895958055395758,Tue Jul 01 03:56:52 +0000 2025,0,RI Bangun Ekosistem Baterai EV Rp 96 T Ini Porsi Saham BUMN &amp; China https://t.co/zKEYnqqZDQ,1939895958055395758,,,in,,0,0,0,https://x.com/undefined/status/1939895958055395758,847372542830444544,,Baterai EV
1939868811588735073,Tue Jul 01 02:09:00 +0000 2025,2,Gebrakan Energi Nasional Presiden Prabowo Resmikan Proyek Industri Baterai EV Terintegrasi sebagai Tonggak Hilirisasi Strategis https://t.co/Ay3KANelNP,1939868811588735073,https://pbs.twimg.com/amplify_video_thumb/1939867648109518848/img/daVkkBnrRr_IOYKF.jpg,,in,,0,2,1,https://x.com/undefined/status/1939868811588735073,1914355651507257344,,Baterai EV
1939692481848975415,Mon Jun 30 14:28:20 +0000 2025,0,Video: Prabowo Lakukan Groundbreaking Proyek Baterai EV Raksasa https://t.co/Szu6EdvNvo,1939692481848975415,,,in,,0,0,0,https://x.com/undefined/status/1939692481848975415,847372542830444544,,Baterai EV
1939690012108570982,Mon Jun 30 14:18:31 +0000 2025,31,Diresmikan Prabowo Pertamina NRE Ambil Peran Utama Proyek Ekosistem Baterai EV https://t.co/fsgVK7NYi9 #EnergizingYou https://t.co/LwPAIvGtcl,1939690012108570982,https://pbs.twimg.com/media/Guspw6HaUAE7-hm.jpg,,in,,0,54,31,https://x.com/undefined/status/1939690012108570982,1178607931513655298,,Baterai EV
1939633083915153614,Mon Jun 30 10:32:20 +0000 2025,16,NMC memang lebih unggul tapi lebih merusak lingkungan. Lihat saja bagaimana pertambangan Nikel belakangan ini heboh LFP tidak menggunakan Nikel dan Cobalt hanya saja densitas energi belum bisa menyamai NMC. Sebaiknya beli EV dengan baterai LFP https://t.co/wL3egg0vDz,1939633091573940462,https://pbs.twimg.com/media/Gur2BIAaUAAW8NX.jpg,ridwanhr,in,,0,1,2,https://x.com/undefined/status/1939633091573940462,43922847,,Baterai EV
1939611319390654498,Mon Jun 30 09:05:49 +0000 2025,23,Prabowo Kaget Ada Tommy Winata di Groundbreaking Industri Baterai EV https://t.co/yXrK1bUKsq,1939611319390654498,,,in,,2,33,1,https://x.com/undefined/status/1939611319390654498,17128975,,Baterai EV
1939601300444029376,Mon Jun 30 08:26:00 +0000 2025,0,Prabowo Rapat dengan Dirut Dirgantara-Pindad usai Resmikan Pabrik Baterai EV Bahas Apa? https://t.co/sHjcZBBsVI,1939601300444029376,,,in,,0,0,0,https://x.com/undefined/status/1939601300444029376,132078023,,Baterai EV
1939595510878470619,Mon Jun 30 08:03:00 +0000 2025,0,Sekjen Gapensi La Ode Safiul Akbar dukung pengusaha lokal dalam proyek baterai EV. Ia serukan inklusivitas dan peran kontraktor lokal untuk kemajuan ekonomi. https://t.co/zjBbjMygKN,1939595510878470619,,,in,,0,0,0,https://x.com/undefined/status/1939595510878470619,135795460,,Baterai EV
1939593419871137968,Mon Jun 30 07:54:41 +0000 2025,0,Megaproyek Baterai EV Rp 96 Triliun Ini Porsi Kepemilikan Saham BUMN https://t.co/SqffpFK3Rf,1939593419871137968,,,in,,0,0,0,https://x.com/undefined/status/1939593419871137968,847372542830444544,,Baterai EV
1939590586161619381,Mon Jun 30 07:43:26 +0000 2025,0,Bangun Rantai Pasok Baterai EV Langkah Awal Antam Jadi Pemain Global https://t.co/0xeIEqUakF,1939590586161619381,,,in,,0,0,0,https://x.com/undefined/status/1939590586161619381,847372542830444544,,Baterai EV
1939580237853213006,Mon Jun 30 07:02:19 +0000 2025,0,Di Balik Proyek Ekosistem Baterai EV Prabowo Ungkap Peran Jokowi https://t.co/LWAO27oRsP,1939580237853213006,,,in,,0,0,0,https://x.com/undefined/status/1939580237853213006,847372542830444544,,Baterai EV
1939579761891987688,Mon Jun 30 07:00:25 +0000 2025,2,Proyek pembangunan ekosistem baterai kendaraan listrik (electric vehicle/EV) di Karawang resmi dimulai. Namun kontraktor lokal tidak ingin hanya menjadi penonton dalam investasi skala besar ini. ~TA #KendaraanListrik #Karawang https://t.co/j9XS4qvuqQ,1939579761891987688,,,in,,0,0,1,https://x.com/undefined/status/1939579761891987688,23343960,,Baterai EV
1939573775869350323,Mon Jun 30 06:36:38 +0000 2025,0,Rusia Serang Ukraina-Prabowo Resmikan Proyek Baterai EV Terbesar https://t.co/1rD0hFffcF,1939573775869350323,,,in,,0,0,0,https://x.com/undefined/status/1939573775869350323,847372542830444544,,Baterai EV
1939573118982631886,Mon Jun 30 06:34:01 +0000 2025,1,Toto Nugroho menyatakan pembeli utama atau off-taker baterai kendaraan listrik (EV) yang diproduksi di Karawang Jawa Barat sebagian besar berasal dari pasar domestik. ~TA #KendaraanListrik #Karawang https://t.co/SnuvTQkmCt,1939573118982631886,,,in,,0,1,0,https://x.com/undefined/status/1939573118982631886,23343960,,Baterai EV
1939572246751985873,Mon Jun 30 06:30:33 +0000 2025,3,Pabrik Baterai EV Karawang Siap Beroperasi Tahun Depan https://t.co/c2ixeio0D2,1939572246751985873,,,in,,0,0,0,https://x.com/undefined/status/1939572246751985873,17128975,,Baterai EV
1939568489339187475,Mon Jun 30 06:15:37 +0000 2025,0,Prabowo Singgung Peran Jokowi saat Resmikan Proyek Ekosistem Industri Baterai EV Proyek ini dimulai empat tahun yang lalu. Dengan demikian kita lihat peran daripada Presiden Joko Widodo ujar Prabowo saat meresmikan groundbreaking Ekosistem Industri Baterai Listrik https://t.co/dcfM3GkyK8,1939568489339187475,https://pbs.twimg.com/amplify_video_thumb/1939567965352919040/img/DvmQgzd8Pd5U8v2V.jpg,,in,,0,0,0,https://x.com/undefined/status/1939568489339187475,68930552,,Baterai EV
1939534849364148268,Mon Jun 30 04:01:57 +0000 2025,2,Alhamdulillah....semoga akan lebih banyak lagi kinerja pemerintahan saat ini...ok gas! Prabowo Resmikan Proyek Baterai EV RI Rp96 04 Triliun Ini Pemiliknya https://t.co/rKVJTzOzn9,1939534849364148268,,,in,,0,1,0,https://x.com/undefined/status/1939534849364148268,322126030,,Baterai EV
1939528707733102925,Mon Jun 30 03:37:33 +0000 2025,0,Prabowo Resmikan Proyek Baterai EV Terbesar Asia Rp 96 Triliun https://t.co/VfuJbCKhKs,1939528707733102925,,,in,,0,0,1,https://x.com/undefined/status/1939528707733102925,847372542830444544,,Baterai EV
1939520999017546109,Mon Jun 30 03:06:55 +0000 2025,16,Momen ketika Presiden @Prabowo kaget lihat Tomy Winata di Peresmian ekosistem baterai EV Lapangan kerja baru terbuka Berlanjut Berkerja dan Berkarya demi bangsa #prabowobersamarakyat metro_tv https://t.co/O9wkXBSlQd,1939520999017546109,https://pbs.twimg.com/ext_tw_video_thumb/1939520960580952064/pu/img/HS61wGGeq2PgOHxT.jpg,,in,,0,1,1,https://x.com/undefined/status/1939520999017546109,1418311652462579713,,Baterai EV
1939503194327134488,Mon Jun 30 01:56:10 +0000 2025,0,Diresmikan Prabowo Ini Potret Proyek Baterai EV RI Senlai Rp96 04 T https://t.co/IXq25sEXAg,1939503194327134488,,,in,,0,0,0,https://x.com/undefined/status/1939503194327134488,847372542830444544,,Baterai EV
1939443963540496433,Sun Jun 29 22:00:48 +0000 2025,0,RI Bangun Ekosistem Baterai EV Jepang Sampai AS Minat Beli https://t.co/ixU59xG1Zo,1939443963540496433,,,in,,0,0,0,https://x.com/undefined/status/1939443963540496433,847372542830444544,,Baterai EV
1939428666062086520,Sun Jun 29 21:00:01 +0000 2025,1,Nilai investasi pabrik baterai EV terintegrasi capai Rp100 triliun https://t.co/pbXGiT5YaT,1939428666062086520,,,in,,0,0,0,https://x.com/undefined/status/1939428666062086520,121640063,,Baterai EV
1939349389556011218,Sun Jun 29 15:45:00 +0000 2025,0,Presiden Prabowo Subianto menyoroti peran mantan presiden Joko Widodo (Jokowi) dalam mendorong proyek pengembangan industri baterai kendaraan listrik (baterai EV) di Indonesia. https://t.co/FqbgOObgSr,1939349389556011218,,,in,,0,1,0,https://x.com/undefined/status/1939349389556011218,68930552,,Baterai EV
1939345052435947956,Sun Jun 29 15:27:46 +0000 2025,1,Proyek Baterai EV Terintegrasi Hemat BBM Hingga Buka 43.000 Lapangan Kerja https://t.co/oatd5aJyfa,1939345052435947956,,,in,,1,0,1,https://x.com/undefined/status/1939345052435947956,990237626,,Baterai EV
1939327513190420655,Sun Jun 29 14:18:04 +0000 2025,2,Proyek Baterai EV Jalan RI Bisa Ketiban Durian Runtuh Rp481 55 T https://t.co/ADUhtYTKBI,1939327513190420655,,,in,,0,0,0,https://x.com/undefined/status/1939327513190420655,847372542830444544,,Baterai EV
1939319915745513499,Sun Jun 29 13:47:53 +0000 2025,1,CIO Danantara Pandu Sjahrir mengungkapkan pihaknya membuka peluang untuk terlibat dalam proyek besar pengembangan ekosistem baterai kendaraan listrik (EV) integrasi yang baru saja diresmikan oleh Presiden Prabowo Subianto https://t.co/UhYcEYyWuB,1939319915745513499,,,in,,0,0,0,https://x.com/undefined/status/1939319915745513499,68930552,,Baterai EV
1939296016811061408,Sun Jun 29 12:12:55 +0000 2025,70,Presiden @prabowo Resmikan Industri Baterai EV Terintegrasi terbesar Asia. Groundbreaking Industri Baterai Kendaraan Listrik Hari ini Minggu 29 juni. Proyek ini merupakan pengembangan industri dari hulu ke hilir yang terdiri dari enam proyek secara terintegrasi yang https://t.co/YdcfbhGosW,1939296016811061408,https://pbs.twimg.com/amplify_video_thumb/1939295910871396352/img/lYyTzDK5x8nWqSNO.jpg,,in,,2,10,19,https://x.com/undefined/status/1939296016811061408,799023207294504960,,Baterai EV
1939288990924112196,Sun Jun 29 11:45:00 +0000 2025,3,Target ambisius ini merupakan bagian dari pengembangan ekosistem industri baterai EV terintegrasi yang saat ini mulai dibangun. https://t.co/JBPJ9iaqTU,1939288990924112196,,,in,,0,2,1,https://x.com/undefined/status/1939288990924112196,68930552,,Baterai EV
1939288693665411092,Sun Jun 29 11:43:49 +0000 2025,0,Proyek Baterai EV Jalan RI Bisa Hemat Impor BBM 300 Ribu Kilo Liter https://t.co/rx7KKHrkix,1939288693665411092,,,in,,1,1,0,https://x.com/undefined/status/1939288693665411092,847372542830444544,,Baterai EV
1939287430374547481,Sun Jun 29 11:38:48 +0000 2025,11,Prabowo Beber Industri Baterai EV Malut-Karawang Bisa Hasilkan Rp777 T https://t.co/rfSiG6FYT4,1939287430374547481,,,in,,0,0,1,https://x.com/undefined/status/1939287430374547481,17128975,,Baterai EV
1939285983352274970,Sun Jun 29 11:33:03 +0000 2025,3,Bahlil: Pabrik Baterai EV di Karawang Bisa Serap hingga 35.000 Tenaga Kerja Baca di: https://t.co/XXJm1URYNB https://t.co/m4BfUbqx4N,1939285983352274970,https://pbs.twimg.com/media/Gum6I16WYAAQcMp.jpg,,in,,3,3,0,https://x.com/undefined/status/1939285983352274970,23343960,,Baterai EV
1939280994349289678,Sun Jun 29 11:13:13 +0000 2025,2,Ekosistem Baterai EV Terintegrasi Sedot Investasi US$ 6 Miliar https://t.co/7QD6DEBuM7 via @InvestorID,1939280994349289678,,,in,,0,0,0,https://x.com/undefined/status/1939280994349289678,238091066,,Baterai EV
1939277676793254025,Sun Jun 29 11:00:02 +0000 2025,4,[FULL] Prabowo Resmikan 'Groundbreaking' Proyek Baterai EV Terbesar Asia di Karawang https://t.co/d26HjqYhir,1939277676793254025,,,in,,1,0,1,https://x.com/undefined/status/1939277676793254025,71436318,,Baterai EV
1939275024516731029,Sun Jun 29 10:49:30 +0000 2025,0,Presiden Prabowo Subianto meresmikan groundbreaking megaproyek ekosistem baterai kendaraan listrik (electric vehicle/EV) terintegrasi (Grand Package) di Halmahera Timur Maluku Utara dan Karawang Jawa Barat dengan nilai investasi mencapai USD5 9 miliar atau setara Rp96 https://t.co/bVlWV22FZ9,1939275024516731029,https://pbs.twimg.com/media/GumwUIEWgAAKNqh.jpg,,in,,0,0,0,https://x.com/undefined/status/1939275024516731029,231355136,,Baterai EV
1939263742556127635,Sun Jun 29 10:04:40 +0000 2025,0,Video: Prabowo Resmikan Proyek Ekosistem Baterai EV Senilai Rp 96 T https://t.co/ObPuHWB68l,1939263742556127635,,,in,,0,0,0,https://x.com/undefined/status/1939263742556127635,847372542830444544,,Baterai EV
1939262828432810238,Sun Jun 29 10:01:02 +0000 2025,0,Kelakar Prabowo Minta Seskab Teddy Catat Pejabat yang Absen di Peresmian Baterai EV https://t.co/KBQyFjpmp8,1939262828432810238,,,in,,0,0,1,https://x.com/undefined/status/1939262828432810238,990237626,,Baterai EV
1939262735566663936,Sun Jun 29 10:00:40 +0000 2025,0,Target Swasembada 100 Gigawatt Prabowo Minta Perbanyak Proyek Baterai EV https://t.co/4N6XTvbRwu,1939262735566663936,,,in,,0,0,0,https://x.com/undefined/status/1939262735566663936,990237626,,Baterai EV
1939262686455546042,Sun Jun 29 10:00:28 +0000 2025,0,Prabowo Puji Program Hilirisasi Jokowi saat Resmikan Groundbreaking Ekosistem Baterai EV https://t.co/OSAomtuokI,1939262686455546042,,,in,,0,0,0,https://x.com/undefined/status/1939262686455546042,990237626,,Baterai EV
1939262579635036188,Sun Jun 29 10:00:03 +0000 2025,0,Prabowo Resmikan Proyek Ekosistem Baterai EV Terintegrasi Senilai Rp95 Triliun https://t.co/ZR6IlOkeha,1939262579635036188,,,in,,0,0,0,https://x.com/undefined/status/1939262579635036188,990237626,,Baterai EV
1939258300048273544,Sun Jun 29 09:43:03 +0000 2025,41,Presiden RI @prabowo Subianto melakukan groundbreaking proyek ekosistem baterai kendaraan listrik (Electric Vehicle/EV) terbesar di Asia di Karawang Jawa Barat Minggu (29/6/2025). https://t.co/gms0BUn73g,1939258300048273544,https://pbs.twimg.com/amplify_video_thumb/1939258023098056704/img/Uw3g9zFGTfrrboJd.jpg,,in,,1,6,14,https://x.com/undefined/status/1939258300048273544,235931838,,Baterai EV
1939255855834124410,Sun Jun 29 09:33:20 +0000 2025,36,Presiden RI Prabowo Subianto meresmikan peletakan batu pertama atau groundbreaking proyek ekosistem baterai kendaraan listrik (Electric Vehicle/EV) terbesar di Asia di Karawang Jawa Barat Proyek tersebut dioperasikan oleh PT Aneka Tambang (Antam) PT Indonesia Battery https://t.co/ggUT5YPbYp,1939255855834124410,https://pbs.twimg.com/ext_tw_video_thumb/1939255770773700608/pu/img/7eyPFMlh4ouLTAR5.jpg,,in,,0,2,11,https://x.com/undefined/status/1939255855834124410,1289954556411969537,,Baterai EV
1939250132136145084,Sun Jun 29 09:10:35 +0000 2025,6,Prabowo Resmikan Proyek Baterai EV RI Rp96 04 Triliun Ini Pemiliknya https://t.co/7Ju8CiBtgs,1939250132136145084,,,in,,0,0,4,https://x.com/undefined/status/1939250132136145084,847372542830444544,,Baterai EV
1939249850107011222,Sun Jun 29 09:09:28 +0000 2025,6,Baterai CATL Bisa Buat 300 Ribu EV Sumbang Rp728 T ke Ekonomi RI https://t.co/dLIhXncyuJ,1939249850107011222,,,in,,0,0,0,https://x.com/undefined/status/1939249850107011222,1582972008479920129,,Baterai EV
1925514321658081682,Thu May 22 11:29:23 +0000 2025,0,Direstui Prabowo Huayou Resmi Gantikan LG Di Proyek Baterai EV RI https://t.co/xTh5rg6QUX,1925514321658081682,,,in,,0,0,0,https://x.com/undefined/status/1925514321658081682,847372542830444544,,Baterai EV
1925504512212836448,Thu May 22 10:50:24 +0000 2025,0,Proyek Baterai EV Diambil Alih Huayou Bahlil: LG Saya Hentikan! https://t.co/rjU2uBuVDm,1925504512212836448,,,in,,0,0,0,https://x.com/undefined/status/1925504512212836448,990237626,,Baterai EV
1925501557585608770,Thu May 22 10:38:40 +0000 2025,0,Menteri ESDM Bahlil Lahadalia mengungkapkan alasannya membatalkan investasi dengan perusahaan asal Korea Selatan (Korsel) LG pada sektor baterai EV atau baterai mobil listrik. | #Bahlil #LG https://t.co/gvETBQkBXR,1925501557585608770,,,in,,0,0,0,https://x.com/undefined/status/1925501557585608770,23343960,,Baterai EV
1925470170589581504,Thu May 22 08:33:56 +0000 2025,0,Bahlil hingga Airlangga Menghadap Prabowo Lapor Update Proyek Baterai EV https://t.co/6hwlQjWrM7,1925470170589581504,,,in,,0,0,0,https://x.com/undefined/status/1925470170589581504,132078023,,Baterai EV
1925468813367419348,Thu May 22 08:28:33 +0000 2025,0,Prabowo Panggil Bahlil Bahas Pengganti LG di Proyek Baterai EV https://t.co/fwerBavrr4,1925468813367419348,,,in,,0,0,0,https://x.com/undefined/status/1925468813367419348,990237626,,Baterai EV
1925457095136354401,Thu May 22 07:41:59 +0000 2025,0, Hari ini kami akan ratas (rapat terbatas) dalam pembahasan kelanjutan EV (kendaraan listrik) baterai mobil terkait dengan LG kata Bahlil. https://t.co/t0rSCDbmFC,1925457095136354401,,,in,,0,0,0,https://x.com/undefined/status/1925457095136354401,18071520,,Baterai EV
1925069599323914543,Wed May 21 06:02:24 +0000 2025,0,Produsen baterai kendaraan listrik terbesar dunia asal China Contemporary Amperex Technology Co. Limited (CATL) akan mulai produksi baterai EV di Indonesia paling lambat Maret 2026. Investasi ini merupakan hasil kerja sama dengan Indonesia Battery Corporation (IBC) untuk,1925069647524856088,,GNFI,in,,0,1,0,https://x.com/undefined/status/1925069647524856088,39677695,,Baterai EV
1924986631062265988,Wed May 21 00:32:32 +0000 2025,0,Intip Rekomendasi Saham Antam (ANTM) yang Mulai Fokus ke Baterai EV https://t.co/y3FAGyjoXE,1924986631062265988,,,in,,0,0,0,https://x.com/undefined/status/1924986631062265988,262026799,,Baterai EV
1924446678846976164,Mon May 19 12:57:05 +0000 2025,10,@chenaboi Lagi dibangun smelter dan pabrik pendukung untuk bangun pabrik baterai EV bersama BUMN IBC (Indonesia Battery Corporation Filipina stop ekspor katalis naikin harga nickel dan banyak duit konglo masuk. Yg thread hilirisasi ku bikin itu. Trump jga bakal ngepush utk industri,1924449230003093892,,abonaboi,in,,0,1,1,https://x.com/undefined/status/1924449230003093892,1034308064,,Baterai EV
1924242903561572390,Sun May 18 23:23:13 +0000 2025,0,-) Di tengah tren global transportasi bertenaga listrik kerja sama juga diarahkan pada penguatan sektor kendaraan listrik (EV) dan industri baterai yang sangat krusial dalam mendukung transisi energi hijau dan bersih di Indonesia.,1924244411871121808,,txtangkringan,in,,0,1,0,https://x.com/undefined/status/1924244411871121808,1489658156989190144,,Baterai EV
1923887517859971387,Sat May 17 23:45:03 +0000 2025,0,Investasi Baterai EV di Indonesia CATL Akan Pakai Dana IPO https://t.co/DpJhBhRNl6 #Investasi,1923887517859971387,,,in,,0,0,0,https://x.com/undefined/status/1923887517859971387,43799886,,Baterai EV
1923231452386214250,Sat May 17 00:25:33 +0000 2025,0,@rocky5harbes @TuankuNanSati @grok Mobil Cina bisa lebih murah baik ICE maupun EV karena gabungan beberapa faktor: biaya produksi dan tenaga kerja yang jauh lebih rendah dukungan subsidi besar dari pemerintah serta rantai pasok dan manufaktur yang sangat efisien dari hulu ke hilir. Selain itu persaingan,1923535325537669587,,rocky5harbes,in,,0,0,0,https://x.com/undefined/status/1923535325537669587,1882198073168080896,,Baterai EV
1923309772574425282,Fri May 16 09:29:17 +0000 2025,0,CATL Siap Produksi Baterai EV di Indonesia Mulai Maret 2026 https://t.co/kR8g6qeb1X,1923309772574425282,,,in,,0,0,0,https://x.com/undefined/status/1923309772574425282,154102750,,Baterai EV
1923205737133605178,Fri May 16 03:52:33 +0000 2025,3,Dunia baterai EV itu kayak F1 era hybrid: Red Bull = CATL Mercedes = LG Ferrari = Panasonic BYD = Aston Martin yang tiba-tiba kenceng Balapannya bukan cuma soal cepat tapi juga konsisten &amp; tahan panas.,1923225027731738924,,Georgioupoli,in,,0,1,0,https://x.com/undefined/status/1923225027731738924,1583082859845234688,,Baterai EV
1923205737133605178,Fri May 16 03:15:23 +0000 2025,2,23. Amerika: Red Line Baru IRA melarang insentif EV kalau pakai baterai dari China VAR-nya teknologi global. ,1923215675532742812,,Georgioupoli,in,,0,1,0,https://x.com/undefined/status/1923215675532742812,1583082859845234688,,Baterai EV
1923205737133605178,Fri May 16 02:48:54 +0000 2025,7,8. Jejak di Indonesia CATL ibarat klub Eropa buka akademi di Surabaya &amp; Makassar talenta lokal dikuasai dari hulu. Mitra: Antam IBC LG Proyek: tambang smelter baterai EV nasional.,1923209012134220034,,Georgioupoli,in,,0,1,0,https://x.com/undefined/status/1923209012134220034,1583082859845234688,,Baterai EV
1923205737133605178,Fri May 16 02:38:08 +0000 2025,4,1. Dominasi CATL di Dunia Baterai Dominasi yang bukan cuma besar tapi makin susah disaingi. CATL bukan sekadar pabrik baterai mereka pengatur ritme industri EV dunia.,1923206301619818887,,Georgioupoli,in,,0,1,0,https://x.com/undefined/status/1923206301619818887,1583082859845234688,,Baterai EV
1922864436273955114,Thu May 15 04:10:33 +0000 2025,47,@stockmapping pack : cngr nya supplier CATL indy : anak usaha nya jv sama catl ngembangin baterai EV antm : punya 25% ibc dulu rumornya catl gabung ibc sekarang udh jadi lges,1922867173573148847,,stockmapping,in,,2,1,4,https://x.com/undefined/status/1922867173573148847,1509650609120718860,,Baterai EV
1922677851448279183,Wed May 14 15:38:16 +0000 2025,45,CATL produsen baterai EV terbesar di dunia akan IPO dan mulai diperdagangkan 20 Mei. Nilai IPO-nya diperkirakan tembus USD 5 3 miliar (Rp87 triliun) terbesar YTD secara global. Kalau bisa subscribe ambil atau tidak? https://t.co/LjQ16tqbXX,1922677851448279183,,,in,,5,7,6,https://x.com/undefined/status/1922677851448279183,1880954230187700224,,Baterai EV
1922425063573229753,Wed May 14 11:10:47 +0000 2025,1,@Tomylim5 @innovacommunity Kalo perkiraan saya mungkin baterai kondisi SoC baterai di atas 80-90 % hampir 100% ketika disimpan lama Karena baterai Litium EV dianjurkan untuk SoC tdk lebih dari 80% meskipun ada pendapat jenis LFP yg dipakai BYD lebih aman meskipun sering 100% SoC,1922610537549975849,,Tomylim5,in,,1,0,0,https://x.com/undefined/status/1922610537549975849,71522275,,Baterai EV
1922425063573229753,Wed May 14 11:05:33 +0000 2025,34,@innovacommunity IIRC Baterai Litium ion EV dianjurkan SoC maksimal 80% kapasitas baterai. Utk jenis LFP (umum di BYD) dianjurkan 100% SoC 1x / minggu utk kalibrasi BMS. NMC &amp; NCA SoC 100% hny dianjurkan ketika rencana perjalanan jauh Apalagi kalo EV disimpan lama SoC 50-55% mungkin biar aman,1922609222384025703,,innovacommunity,in,,3,4,4,https://x.com/undefined/status/1922609222384025703,71522275,,Baterai EV
1922563477266432023,Wed May 14 08:03:47 +0000 2025,62,Bertemu dengan Menteri Energi dan Sumber Daya Mineral (ESDM) - Bapak Bahlil Lahadalia Wamen ESDM - Bapak Yuliot Tanjung Wamen Investasi dan Hilirisasi Indonesia - Bapak Todotua Pasaribu Chief Operating Officer (COO) Danantara - Bapak Dony Oskaria beserta para Direksi BUMN dan https://t.co/lMnrNsPo6o,1922563477266432023,https://pbs.twimg.com/media/Gq5RSUybAAIMAt_.jpg,,in,,0,6,5,https://x.com/undefined/status/1922563477266432023,43088704,,Baterai EV
1922425063573229753,Wed May 14 02:11:09 +0000 2025,13,@innovacommunity Kalo pernah liat langsung bagaimana baterai lithium terbakar dan meledak bakal mikir 2 kali pake EV ,1922474736333812146,,innovacommunity,in,,1,1,1,https://x.com/undefined/status/1922474736333812146,723616717,,Baterai EV
1922420177649500369,Tue May 13 22:34:21 +0000 2025,1,Tekan Kerugian Nissan Batalkan Proyek Pabrik Baterai EV di Jepang https://t.co/jAmAFkA6KD,1922420177649500369,,,in,,0,0,0,https://x.com/undefined/status/1922420177649500369,759692754985242625,,Baterai EV
1922285690663977311,Tue May 13 13:39:57 +0000 2025,2,NO JANGAN PANIK! Baterai EV sudah dirancang untuk tahan benturan goncangan dan sebagainya. Peluang untuk sebuah baterai EV terbakar atau meledak sangat kecil!! Sediakan apar khusus baterai di dalam kendaraan anda!,1922285690663977311,,,in,,0,1,0,https://x.com/undefined/status/1922285690663977311,1777697296744132608,,Baterai EV
1922262100120109565,Tue May 13 12:06:13 +0000 2025,10,TYI Lecture Series AHY Dorong Pertumbuhan Berkelanjutan dengan Kesetaraan *Yogyakarta;* The Yudhoyono Institute (TYI) kembali menyelenggarakan TYI Lecture Series dengan tema * Green Growth: Sustainable Growth with Equity *. Menteri Koordinator bidang Infrastruktur dan https://t.co/sBBIHix62a,1922262100120109565,https://pbs.twimg.com/media/Gq0_Ls_bAAEdhdZ.jpg,,in,,0,0,6,https://x.com/undefined/status/1922262100120109565,61465123,,Baterai EV
1922238331108376958,Tue May 13 10:31:46 +0000 2025,122, Nissan berencana kembali PHK 11.000 orang menutup 7 pabrik dan membekukan semua proyek pasca-2026! Setelah mencatatkan kerugian sebesar Rp83 triliun di tahun finansial 2024-25 Nissan kembali dihadapkan kenyataan pahit demi bisa bertahan hidup. Kini total karyawan yang https://t.co/vqbLT6vfWI,1922238331108376958,https://pbs.twimg.com/media/Gq0pkROWAAAC1Yn.jpg,,in,,1,6,9,https://x.com/undefined/status/1922238331108376958,1268958732794261505,,Baterai EV
1922110847490654427,Tue May 13 02:19:25 +0000 2025,1, Keberlanjutan bukan hanya tentang lingkungan tapi juga tentang martabat manusia pengurangan kemiskinan dan keamanan jangka panjang untuk generasi masa depan. Di Indonesia kami melihat bagaimana solusi terintegrasi dapat menciptakan perubahan nyata. Dari irigasi yang lebih https://t.co/Lt5CSbv5e5,1922114427849212318,https://pbs.twimg.com/media/Gqy435nb0AA46ki.jpg,PDemokrat,in,,0,1,1,https://x.com/undefined/status/1922114427849212318,248199104,,Baterai EV
1921194315943948561,Sun May 11 04:23:33 +0000 2025,1,@nanovond @ridwanhr 1. Masih garansi baterai dan komponen seperti motor control unit itu rata rata 8 tahun atau 120rb-180rb km 2. Sayangnya setiap merk EV saat ini belum rilis harganya replacement battery 3. https://t.co/F8DuFbpXMC.,1921420890518028462,,nanovond,in,,0,2,0,https://x.com/undefined/status/1921420890518028462,102300200,,Baterai EV
1921194315943948561,Sun May 11 04:18:38 +0000 2025,5,@wijdanr @ridwanhr - pembeli mobkas masih dpt garansi? - setelah 8 tahun jika rusak berapa uang yg harus dikeluarkan pembeli mobkas listrik? - tolong saya dibantu drop link yg menunjukkan baterai EV tdk akan rusak di tahun ke 8 karena saya tdk nemu artikelnya karena keterbatasan pengetahuan,1921419654389448963,,wijdanr,in,,0,1,0,https://x.com/undefined/status/1921419654389448963,59799195,,Baterai EV
1921194315943948561,Sun May 11 02:18:39 +0000 2025,8,@ridwanhr lho pak justru EV tuh resale value atau depresiasinya lebih terjun drpd ICE karena belum ada perusahaan buat repurposing baterai EV. in other words kalo batere EV udah underperform which is 5-10 tahun lg ya yaudah gabisa dipake lg,1921389459943149618,,ridwanhr,in,,1,1,0,https://x.com/undefined/status/1921389459943149618,1151162240327811072,,Baterai EV
1921355997630648519,Sun May 11 01:52:50 +0000 2025,289,@innovacommunity Tadi liat reply yg bilang pasar mobil ev second belum terbentuk. Setuju bgt dgn statement ini karena mindset org yg mau beli mobil ev itu beli baru bukan beli second. Soalnya ada kaitannya sama garansi baterai.,1921382964224504260,,innovacommunity,in,,1,4,8,https://x.com/undefined/status/1921382964224504260,71198182,,Baterai EV
1921194315943948561,Sun May 11 01:00:47 +0000 2025,4,@OniDewono @ridwanhr Jepang hati2 untuk berpindah ke EV china lagi membludak karena dpt bahan baku baterai murah dari indonesia istilahnya kasarnya aji mumpung,1921369865757102519,,OniDewono,in,,0,1,1,https://x.com/undefined/status/1921369865757102519,1711214184502013952,,Baterai EV
1920485289447010521,Thu May 08 14:25:48 +0000 2025,32,EV RECOMMENDATION MAY 2025 *Harga belum termasuk diskon dan potongan ppn (jika ada). *Mobil listrik brand Eropa tidak termasuk dalam list ini. * Jika mengalami kesulitan membaca link Gdocs tersedia dibawah. *Preferensi orang berbeda beda *Silahkan comment jika ingin menambahkan,1920485289447010521,,,in,,5,7,5,https://x.com/undefined/status/1920485289447010521,1777697296744132608,,Baterai EV
1919956690549559614,Wed May 07 03:25:20 +0000 2025,2,Beli mobil EV 300jt Pengeluaran tahunan: Sewa/garansi baterai 15jt Pajak 800rb Ban 12jt Listrik Maintenance Beli mobil konven 300jt Pengeluaran tahunan: Sewa 0 Pajak 3jt Ban 4jt Bensin Maintenance oli dkk,1919956690549559614,,,in,,0,0,0,https://x.com/undefined/status/1919956690549559614,906302878419099648,,Baterai EV
1919734895389093920,Tue May 06 12:44:04 +0000 2025,0,Diskusi menyoroti peluang seperti meningkatnya permintaan kendaraan listrik dukungan kebijakan pemerintah serta kemajuan teknologi baterai. Kolaborasi antar pemangku kepentingan dan pendekatan inovatif dinilai krusial untuk mengatasi tantangan dan mempercepat penetrasi pasar https://t.co/C89SM4qRA5,1919734909947805972,https://pbs.twimg.com/media/GqREuM7bAAEUZ5W.jpg,kumparan,in,,0,0,0,https://x.com/undefined/status/1919734909947805972,759692754985242625,,Baterai EV
1919732149491515816,Tue May 06 12:33:09 +0000 2025,1,Pada sesi ini para pembicara membahas bagaimana pengembangan teknologi baterai dapat mempercepat peningkatan performa efisiensi dan keandalan kendaraan listrik. Inovasi tersebut turut menurunkan biaya operasional mempercepat proses pengisian daya serta mendukung peralihan ke https://t.co/oZWvREK0Dx,1919732162653519986,https://pbs.twimg.com/media/GqRCOVJbkAA5_pk.jpg,kumparan,in,,0,0,0,https://x.com/undefined/status/1919732162653519986,759692754985242625,,Baterai EV
1919732149491515816,Tue May 06 12:33:05 +0000 2025,1,Panel diskusi ketiga pada kumparan New Energy Vehicle Summit 2025 fokus membahas kemajuan teknologi baterai untuk kendaraan listrik. #kumparancampaign #NEVSummit #am #galfot #newenergyvehicle #mobillistrik #ev #energiterbarukan #bicarafaktalewatberita #kumparan https://t.co/HRJgvqgHAN,1919732149491515816,https://pbs.twimg.com/media/GqRCNjGakAEdRJV.jpg,,in,,0,1,0,https://x.com/undefined/status/1919732149491515816,759692754985242625,,Baterai EV
1919700010150637914,Tue May 06 10:25:23 +0000 2025,3,Peneliti ITB Tekankan Pentingnya R&amp;D agar Indonesia Jadi Pemain Baterai EV Dunia Peneliti ITB Tekankan Pentingnya R&amp;D Agar Indonesia Jadi Pemain Baterai EV Dunia #kumparanOTO https://t.co/99BxQqYwih,1919700010150637914,,,in,,0,0,0,https://x.com/undefined/status/1919700010150637914,759692754985242625,,Baterai EV
1919661801072934975,Tue May 06 10:06:44 +0000 2025,2,@sicupuh Unpopular opinion: opsi sewa baterai sebenarnya menarik kalo nanti mau beli ev second. Karena dengan sewa baterai salah satu komponen termahal baterai nggak perlu khawatir kalo rusak. Tinggal minta tukar ( idealnya). Cuma Tinggal gimana daya tahan parts mahal lainnya,1919695315172786392,,sicupuh,in,,0,0,1,https://x.com/undefined/status/1919695315172786392,293941039,,Baterai EV
1919650795940663758,Tue May 06 07:43:34 +0000 2025,1,@fraviato Was wondering sama mobil ev cina yg ganti baterai kalo lowbatt jadi ga perlu charge https://t.co/8xhDV9MMRR Mungkin servicenya udah gitu..dan mungkin kalo diimplementasiin jd beli mobil tanpa baterai..baterainya bayar bulanan lagi ,1919659287804314103,,fraviato,in,,0,1,0,https://x.com/undefined/status/1919659287804314103,23299579,,Baterai EV
1919642872153780428,Tue May 06 06:38:20 +0000 2025,0,PTBA Punya Proyek Ubah Batu Bara Jadi Komponen Baterai EV https://t.co/S7vcJPkPOL,1919642872153780428,,,in,,0,0,0,https://x.com/undefined/status/1919642872153780428,847372542830444544,,Baterai EV
1919622146600665181,Tue May 06 05:15:59 +0000 2025,1,Lambatnya proses pengisian daya menjadi salah satu tantangan utama dalam adopsi kendaraan listrik berbasis baterai. Menanggapi hal ini Menteri Perindustrian Agus Gumiwang Kartasasmita menyebut kendaraan hidrogen sebagai solusi alternatif yang menjanjikan. Dalam acara kumparan https://t.co/nVG37zYytc,1919622146600665181,https://pbs.twimg.com/media/GqPeKpQb0AAd0Br.jpg,,in,,0,2,0,https://x.com/undefined/status/1919622146600665181,759692754985242625,,Baterai EV
1918928777754927575,Mon May 05 00:57:01 +0000 2025,163,Bahan Pemadam api khusus baterai EV,1919194588616462517,,el_jastip,in,,3,1,23,https://x.com/undefined/status/1919194588616462517,1644687268299563009,,Baterai EV
1918928777754927575,Mon May 05 00:55:51 +0000 2025,233,Pemadam api khusus baterai EV,1919194293031362909,,el_jastip,in,,0,1,21,https://x.com/undefined/status/1919194293031362909,1644687268299563009,,Baterai EV
1918956000817590676,Sun May 04 12:35:28 +0000 2025,2,@TanyaMobilBase ev second dengan garansi baterai yg masih panjang. udh banyak di pasaran tinggal sort by price aja di web jual mobil,1919007972069646835,,TanyaMobilBase,in,,0,0,0,https://x.com/undefined/status/1919007972069646835,1075090106770309121,,Baterai EV
1918268037888692664,Sat May 03 12:32:51 +0000 2025,2,@5rick @tanyarlfes Pak Rosan mengatakan LG tak sepenuhnya cabut dari proyek rantai pasok baterai kendaraan listrik (EV) di Indonesia yg terbagi ke dalam 4 joint venture di mana LG sudah menyelesaikan JV 1 2 dan 3. ~ Utas https://t.co/GZcoTc9gv1,1918644926650392676,https://pbs.twimg.com/media/GqBlYx-aMAAYkmZ.jpg,5rick,in,,0,1,0,https://x.com/undefined/status/1918644926650392676,387021225,,Baterai EV
1918593047245529446,Sat May 03 09:06:42 +0000 2025,5,Hidrogen kini jadi sorotan sebagai alternatif energi transportasi untuk percepat dekarbonisasi dan capai Net Zero Emission 2060 mulai dari Blue Hydrogen (gas alam + CCS) hingga Green Hydrogen (elektrolisis air pakai surya/angin) bahkan dari limbah organik seperti kotoran https://t.co/VtycbRp3BN,1918593047245529446,https://pbs.twimg.com/media/GqA2M8qawAAy23b.jpg,,in,,0,1,0,https://x.com/undefined/status/1918593047245529446,759692754985242625,,Baterai EV
1918549835826725294,Sat May 03 06:15:00 +0000 2025,0,Mau tahu bagaimana Indonesia kembangkan teknologi baterai kendaraan listrik? Indonesia mulai memproduksi baterai kendaraan listrik pada 2024 didukung investasi besar dan hilirisasi nikel. Meskipun harga awal BEV lebih tinggi biaya operasional rendah dan insentif fiskal https://t.co/Wt0rgbbBan,1918549835826725294,https://pbs.twimg.com/media/Gp_xYMDawAA9xu5.jpg,,in,,0,0,0,https://x.com/undefined/status/1918549835826725294,759692754985242625,,Baterai EV
1918538555552358840,Sat May 03 05:50:57 +0000 2025,34,@txtfromIR Ini ulasan media Korea Selatan tentang penyebab LG mundur dari baterai EV karena faktor program MBG dan UU TNI yg udah disahkan bs menjadikan pemerintahan indonesia mengarah ke junta militer otoriter dan sewenang2 menimbulkan kekhawatiran resiko operasional untuk investor asing https://t.co/iaSOLBigzZ,1918543781625819168,https://pbs.twimg.com/media/GqAJZh0awAAMaxS.jpg,txtfromIR,in,,0,4,6,https://x.com/undefined/status/1918543781625819168,341267493,,Baterai EV
1917472800144777711,Thu May 01 03:51:28 +0000 2025,3,@OcnA_Yoyoyy @ayustarii Apple investasi disini dan akan buat pabrik disini. Graphic card zotac punya pabrik di madiun. Pabrik baterai EV ada di karawang. TKDN itu adalah usaha pemerintah kearah sana. Biar bukan Djarum doang yg gede dengan bayaran nyawa orang indonesia.,1917788939810922939,,OcnA_Yoyoyy,in,,0,1,0,https://x.com/undefined/status/1917788939810922939,171071880,,Baterai EV
1917578179600081382,Wed Apr 30 13:53:59 +0000 2025,1,We proudly present one of our panel discussion speaker Ibu Hafsah Halidah Perekayasa Ahli Muda Pusat Riset Konversi dan Konservasi Energi Badan Riset dan Inovasi Nasional. Beliau akan membagikan wawasan mengenai daya saing BEV di Indonesia pengembangan teknologi baterai https://t.co/wOimQ9eBLd,1917578179600081382,https://pbs.twimg.com/media/GpybHMVbQAA35ho.jpg,,in,,0,0,0,https://x.com/undefined/status/1917578179600081382,759692754985242625,,Baterai EV
1917496496272073107,Wed Apr 30 08:29:24 +0000 2025,14,Perusahaan asal China Huayou menggantikan perusahaan asal Korea Selatan LG Energy Solution sebagai leading konsorsium dalam proyek baterai kendaraan listrik (EV) berbasis nikel terintegrasi di Indonesia. Apa alasannya LG digantikan oleh Huayou? | Narasi Explains https://t.co/JsUZnotsAb,1917496496272073107,https://pbs.twimg.com/amplify_video_thumb/1917495544001486850/img/7I5ajADTvs6sLjl5.jpg,,in,,0,2,3,https://x.com/undefined/status/1917496496272073107,1158355819512991747,,Baterai EV
1917443803247698237,Wed Apr 30 05:00:01 +0000 2025,4,Bukan karena ekosistem investasi baterai EV menurun! Ketum APINDO Shinta Kamdani mengatakan batalnya investasi LG kuat dipengaruhi oleh perubahan strategi perusahaan menyusul tarif tinggi yang diterapkan Presiden AS Donald Trump. &gt;&gt; https://t.co/LwbqCSpyzi #LG #Investasi #EV https://t.co/kpxwJUL8iR,1917443803247698237,https://pbs.twimg.com/media/GptRnRHbQAADf0G.jpg,,in,,1,0,4,https://x.com/undefined/status/1917443803247698237,135795460,,Baterai EV
1817733627612172721,Wed Apr 30 00:16:47 +0000 2025,10,MOBIL TERLARIS DI DUNIA PADA 2024 BERDASARKAN MEREK Toyota tetap No. 1 Angka penjualan Toyota mencakup merek mewah Lexus. BYD diproyeksi melampaui FORD dan VW pada 2025. BYD dan umumnya NEV (kendaraan energi baru) China tidak tersedia di pasar AS krn tarif impor yg https://t.co/UAQvSWriWr,1917372523370668226,https://pbs.twimg.com/media/GpvgJeTagAArDr6.jpg,eddesign_,in,,0,2,2,https://x.com/undefined/status/1917372523370668226,325599485,,Baterai EV
1917250082367475850,Tue Apr 29 16:43:42 +0000 2025,3,Dampak ke Huayou: Akses ke cadangan nikel RI Posisi makin kuat di global supply chain baterai EV Dampak ke perusahaan lokal Tbk: INCO &amp; ANTM dapet berkah BRMS MDKA perlu lebih agile &amp; kolaboratif,1917258503896588720,,Georgioupoli,in,,1,1,1,https://x.com/undefined/status/1917258503896588720,1583082859845234688,,Baterai EV
1917250082367475850,Tue Apr 29 16:37:35 +0000 2025,4,Fun fact: Di proyek Pomalaa Ford Motor Company (Amerika) juga ikutan invest! Ford butuh nikel RI buat baterai EV mereka.,1917256963605553325,,Georgioupoli,in,,0,1,1,https://x.com/undefined/status/1917256963605553325,1583082859845234688,,Baterai EV
1917250082367475850,Tue Apr 29 16:32:35 +0000 2025,5,Tapi tetep dominasi geng China makin kuat di skena nikel &amp; EV Indonesia. Intinya Ekosistem baterai EV RI skrg didominasi pemain China. Huayou cuma salah satu dari banyak.,1917255704257445903,,Georgioupoli,in,,0,1,2,https://x.com/undefined/status/1917255704257445903,1583082859845234688,,Baterai EV
1917250082367475850,Tue Apr 29 16:29:55 +0000 2025,7,Intinya: China ga mau ketinggalan rebutan emas baru dunia = nikel &amp; baterai EV.,1917255033659527509,,Georgioupoli,in,,0,1,1,https://x.com/undefined/status/1917255033659527509,1583082859845234688,,Baterai EV
1917250082367475850,Tue Apr 29 16:11:35 +0000 2025,21,Visinya: Nikel -&gt; Olahan -&gt; Katoda -&gt; Sel Baterai -&gt; EV. Dari tambang sampe jalanan! RI pengen jadi Arab Saudi -nya EV,1917250418494804277,,Georgioupoli,in,,0,1,1,https://x.com/undefined/status/1917250418494804277,1583082859845234688,,Baterai EV
1917250082367475850,Tue Apr 29 16:10:15 +0000 2025,849,[MEGA THREAD] Update Drama Baterai EV Indonesia: LG Out Huayou In! 🇮🇩️ (Per 29 April 2025) Ini rangkuman lengkap soal drama Project Titan $9.8M pergantian LG ke Huayou. Geng ini penting buat masa depan EV Indonesia! Simak sampe abis! ,1917250082367475850,,,in,,15,19,180,https://x.com/undefined/status/1917250082367475850,1583082859845234688,,Baterai EV
1917220091734999197,Tue Apr 29 14:11:04 +0000 2025,48, BATERAI NATRIUM-ION: MASA DEPAN KENDARAAN LISTRIK! Inovasi baterai garam (natrium-ion) bikin EV lebih murah &amp; ramah lingkungan! Dibuat dari garam laut yang melimpah lebih aman &amp; siklus hidup hingga 10.000 kali pengisian. CATL &amp; BYD pimpin revolusi ini! ️ Apa https://t.co/tfldqlt8qm,1917220091734999197,https://pbs.twimg.com/ext_tw_video_thumb/1917220034734407680/pu/img/OjoGtZeWid_A_bJ2.jpg,,in,,0,13,18,https://x.com/undefined/status/1917220091734999197,540629861,,Baterai EV
1917033032017711211,Tue Apr 29 01:47:46 +0000 2025,3,EV kalau menurut saya emang bukan masa depan kendaraan selama pembangkit listrik ga pakai clean energy dan bahan baku baterai dari energi tak terbarukan ya masalahnya hanya beralih mengalihkan emisi karbon dari kendaraan ke pembangkit dan bahan baku baterai.,1917033032017711211,,,in,,0,3,0,https://x.com/undefined/status/1917033032017711211,62033039,,Baterai EV
1916867346611999207,Mon Apr 28 14:49:23 +0000 2025,5,Dokumenter China s EV Shame mengungkap dampak buruk produksi nikel di Indonesia untuk baterai kendaraan listrik. Penambangan di Morowali dan Weda Bay mengabaikan aturan lingkungan dan keselamatan menyebabkan deforestasi polusi air dan udara serta kondisi kerja berbahaya.,1916867346611999207,,,in,,0,2,5,https://x.com/undefined/status/1916867346611999207,55300590,,Baterai EV
1916504579534975095,Mon Apr 28 13:38:02 +0000 2025,2,@Iknow_theydont @rgoestama Yg berkaitan dgn ev China itu sama aja kita beli sampah !!! Buat kalian yg sudah punya... Perhatikan kondisi baterai lakukan perawatan banyak info di YT mengenai ini. Cari bengkel yg bisa handle EV sudah banyak...,1916849389177643205,,lalapan_hijau,in,,0,1,0,https://x.com/undefined/status/1916849389177643205,561123447,,Baterai EV
1916843482775536066,Mon Apr 28 13:14:34 +0000 2025,5,LG Hengkang dari Proyek Baterai EV Prabowo Undang 19 Perusahaan Korea Selatan ke Istana https://t.co/TtoGE1uzdL,1916843482775536066,,,in,,0,0,2,https://x.com/undefined/status/1916843482775536066,71436318,,Baterai EV
1916768532156780841,Mon Apr 28 08:16:44 +0000 2025,0,Ketua APINDO Shinta Kamdani menegaskan ekosistem investasi baterai EV tetap kuat meski LG mundur. Simak pembahasannya: https://t.co/kkQK2GInlb,1916768532156780841,,,in,,0,0,0,https://x.com/undefined/status/1916768532156780841,69183155,,Baterai EV
1916768530294611981,Mon Apr 28 08:16:44 +0000 2025,1,Ketua APINDO Shinta Kamdani menegaskan ekosistem investasi baterai EV tetap kuat meski LG mundur. Simak pembahasannya: https://t.co/LnJ85DwSsp,1916768530294611981,,,in,,0,0,0,https://x.com/undefined/status/1916768530294611981,135795460,,Baterai EV
1916759035950612623,Mon Apr 28 07:39:00 +0000 2025,5, LG (Korsel) hengkang dari project baterai EV. Sinyal kuat ada pressure kuat Cina (BRICS) dibalik ini. End nya perusahaan Cina masuk‼️ Jadi LG itu bukan hengkang tapi diusir pemerintah 🇮🇩. Cina untung tapi rakyat 🇮🇩 tetap berada diposisi yg paling rugi. VT warta.ekonomi https://t.co/oMbMnVH0zL,1916759035950612623,https://pbs.twimg.com/ext_tw_video_thumb/1916758994691203072/pu/img/pRLh23pTihtdLSkC.jpg,,in,,0,0,3,https://x.com/undefined/status/1916759035950612623,1254035776322453506,,Baterai EV
1916757063897878748,Mon Apr 28 07:31:10 +0000 2025,1,Ucapan Tak Terduga Bos APINDO Soal LG Batal Investasi Baterai EV di RI https://t.co/GV0DAoxng9,1916757063897878748,,,in,,0,0,0,https://x.com/undefined/status/1916757063897878748,847372542830444544,,Baterai EV
1916726445256085798,Mon Apr 28 05:29:30 +0000 2025,7,Di Indonesia keknya masih pada berharap nikel untuk baterai EV. Sementara di China sudah masuk ke baterai berbahan sodium alias garam. Meski masih belum bisa menyaingi litium tapi udah mendekati. Fast charging pula.,1916726445256085798,,,in,,0,2,0,https://x.com/undefined/status/1916726445256085798,18249099,,Baterai EV
1916692454272827506,Mon Apr 28 03:14:26 +0000 2025,0,Menteri Perindustrian Agus Gumiwang Kartasasmita menegaskan mundurnya LG Energy Solution dari proyek kendaraan listrik (EV) di Indonesia tidak perlu dikhawatirkan secara berlebihan. Posisi LG akan segera digantikan mitra baru asal China sehingga target pengembangan ekosistem https://t.co/1VsXJctt57,1916692454272827506,https://pbs.twimg.com/media/Gpl1oQJaYAAwNro.jpg,,in,,0,0,0,https://x.com/undefined/status/1916692454272827506,46693036,,Baterai EV
1916130694633558284,Sat Apr 26 14:02:23 +0000 2025,5,Pemerintah Indonesia memastikan proyek strategis baterai kendaraan listrik (EV) tetap berjalan meski tanpa keterlibatan LG. Konsorsium asal Korea Selatan itu resmi didepak dari kemitraan dan posisinya kini digantikan oleh perusahaan asal Tiongkok Huayou. Kenapa Huayou? Ya https://t.co/Y3QauhOirR,1916130740804419961,https://pbs.twimg.com/media/Gpd2u_vbEAkzTLa.jpg,CryptoWaveID,in,,0,0,0,https://x.com/undefined/status/1916130740804419961,1749374921577574400,,Baterai EV
1916130694633558284,Sat Apr 26 14:02:12 +0000 2025,27,Ternyata Pemerintah yang minta LG mundur dari proyek baterai EV Rp130 Triliun. https://t.co/8nSxeIGKZE,1916130694633558284,https://pbs.twimg.com/media/Gpd2tP6akAACL05.jpg,,in,,0,1,0,https://x.com/undefined/status/1916130694633558284,1749374921577574400,,Baterai EV
1916100049052045589,Sat Apr 26 12:00:32 +0000 2025,120,Jadi apakah perak bisa jadi alternatif buat nabung? YES kalau kamu: Mau logam mulia dengan harga lebih terjangkau Punya mindset jangka panjang Ingin diversifikasi selain emas Apalagi permintaan perak jg makin dibutuhkan buat industri solar panel EV baterai ,1916100075442340163,,txtfromkeuangan,in,,2,5,13,https://x.com/undefined/status/1916100075442340163,1590845630037229569,,Baterai EV
1916011338582884566,Sat Apr 26 06:08:49 +0000 2025,0,Sebelumnya LG dan Hyundai membangun pabrik sel baterai EV pertama di Indonesia yang telah diresmikan Presiden Joko Widodo pada Juli 2024 di Karawang Jawa Barat. Meski LG menarik diri dari proyek senilai Rp130 7 triliun karena perubahan tren industri dan permintaan global EV ,1916011566711099604,,GNFI,in,,0,0,0,https://x.com/undefined/status/1916011566711099604,39677695,,Baterai EV
1915946706967138378,Sat Apr 26 01:51:06 +0000 2025,5,APAKAH PENGGANTIAN PEMAIN DARI LG KE HUAYOU AKAN BERDAMPAK? Pergantian investor dari LG Energy Solution ke Huayou dalam proyek baterai kendaraan listrik Indonesia sepertinya tidak akan menghadapi kendala signifikan dalam jangka pendek mengingat Huayou telah menunjukkan minat,1915946706967138378,,,in,,0,1,2,https://x.com/undefined/status/1915946706967138378,1719885887662874624,,Baterai EV
1915924070295867706,Sat Apr 26 00:21:09 +0000 2025,2,Investor China (Huayou) Ambil Alih Proyek Baterai EV di RI Dari Korea Selatan (LG) #BateraiEV https://t.co/EUQDcZnv80,1915924070295867706,https://pbs.twimg.com/amplify_video_thumb/1915923560193032192/img/9aa2dZyST-qytwx9.jpg,,in,,0,250,11,https://x.com/undefined/status/1915924070295867706,734758892,,Baterai EV
1915923527951388826,Sat Apr 26 00:18:59 +0000 2025,0,Investor China (Huayou) Ambil Alih Proyek Baterai EV di RI Dari Korea Selatan (LG) #BateraiEV https://t.co/VuHu4t3tZ9,1915923527951388826,https://pbs.twimg.com/media/Gpa6SdTbEAAUJpe.jpg,,in,,0,245,5,https://x.com/undefined/status/1915923527951388826,734758892,,Baterai EV
1915763500506599764,Fri Apr 25 13:43:06 +0000 2025,3,Daftar Produsen Baterai EV di Indonesia Tak Masalah LG Mundur https://t.co/piMQX7qFIl,1915763500506599764,,,in,,0,0,1,https://x.com/undefined/status/1915763500506599764,17128975,,Baterai EV
