"conversation_id_str","created_at","favorite_count","full_text","id_str","image_url","in_reply_to_screen_name","lang","location","quote_count","reply_count","retweet_count","tweet_url","user_id_str","username"
"426688722973650944","Fri Jan 24 12:11:33 +0000 2014","7","Mahasiswa Jember Bikin Mobil Listrik http://t.co/mGY8gCYlHU via @detikoto","426688722973650944","","","in","","0","12","51","https://x.com/undefined/status/426688722973650944","69183155",
"426687234150912001","Fri Jan 24 12:05:38 +0000 2014","4","Mahasiswa Jember Bikin Mobil Listrik http://t.co/KKiCOmkwzp via @detik_foto","426687234150912001","","","in","","0","4","35","https://x.com/undefined/status/426687234150912001","69183155",
"426674652035825664","Fri Jan 24 11:15:38 +0000 2014","4","Mahasiswa Jember Bisa Bikin Mobil Listrik http://t.co/g3HCdFkT4C via @detikoto","426674652035825664","","","in","","0","8","68","https://x.com/undefined/status/426674652035825664","69183155",
"426665784744476673","Fri Jan 24 10:40:24 +0000 2014","1","Mahasiswa Jember Bikin Mobil Listrik http://t.co/jWpJYLBYCh","426665784744476673","","","in","","0","0","8","https://x.com/undefined/status/426665784744476673","80543284",
"426655859091853312","Fri Jan 24 10:00:58 +0000 2014","0","Mahasiswa Jember Bisa Bikin Mobil Listrik http://t.co/pzvjhuJBuX","426655859091853312","","","in","","0","0","3","https://x.com/undefined/status/426655859091853312","80543284",
"426507146297999360","Fri Jan 24 00:10:02 +0000 2014","0","[OTO-News] Mobil Listrik LEAF Otonom Mampu Melaju Tanpa Sopir http://t.co/LIL8eJma4j","426507146297999360","","","in","","0","1","1","https://x.com/undefined/status/426507146297999360","47596019",
"426177259024564224","Thu Jan 23 02:19:11 +0000 2014","4","Dokter Gigi Ini Pemilik Mobil Listrik Nissan ke 100.000 http://t.co/UYIvsTi3EX via @detikoto","426177259024564224","","","in","","0","0","16","https://x.com/undefined/status/426177259024564224","69183155",
"426176832828743681","Thu Jan 23 02:17:29 +0000 2014","0","Dokter Gigi Ini Pemilik Mobil Listrik Nissan ke 100.000 http://t.co/8Gjyz8Gz2n","426176832828743681","","","in","","0","0","3","https://x.com/undefined/status/426176832828743681","80543284",
"425969032039133185","Wed Jan 22 12:31:46 +0000 2014","4","Polling Kabar Hari Ini: Usaha Sewa Mobil Listrik http://t.co/QAHFgr9H9n","425969032039133185","","","in","","0","1","7","https://x.com/undefined/status/425969032039133185","55507370",
"425888022278586368","Wed Jan 22 07:09:51 +0000 2014","1","Di Masa Depan Orang Terpaku dengan Mobil Listrik http://t.co/rwtvUqhwb2 via @detikoto","425888022278586368","","","in","","0","2","20","https://x.com/undefined/status/425888022278586368","69183155",
"425878551393353728","Wed Jan 22 06:32:13 +0000 2014","0","Di Masa Depan Orang Terpaku dengan Mobil Listrik http://t.co/KnPzIL7112","425878551393353728","","","in","","0","0","4","https://x.com/undefined/status/425878551393353728","80543284",
"425806838513147904","Wed Jan 22 01:47:16 +0000 2014","0","Stasiun Pengisian Kurang Pemilik Mobil Listrik Silicon Valley Marah http://t.co/JrMKR7rfZN","425806838513147904","","","in","","0","0","0","https://x.com/undefined/status/425806838513147904","79957943",
"425067378108399616","Tue Jan 21 20:54:41 +0000 2014","0","@ricky_ruby Halo mas aku kebetulan kebetulan pengen tanya2 mengenai mobil listrik Selo. mungkin ada email? terima kasih :)","425733208110415872","","","in","","0","0","0","https://x.com/undefined/status/425733208110415872","43922847",
"425616706271068161","Tue Jan 21 13:11:45 +0000 2014","0","Stasiun Pengisian Kurang Pemilik Mobil Listrik Silicon Valley Marah http://t.co/jSYV9Pr6KH","425616706271068161","","","in","","0","0","0","https://x.com/undefined/status/425616706271068161","79957943",
"425578452021174272","Tue Jan 21 10:39:44 +0000 2014","0","Stasiun Pengisian Kurang Pemilik Mobil Listrik Silicon Valley Marah http://t.co/RVXhT7d9fi","425578452021174272","","","in","","0","0","0","https://x.com/undefined/status/425578452021174272","79957943",
"425558907663036416","Tue Jan 21 09:22:04 +0000 2014","0","Stasiun Pengisian Kurang Pemilik Mobil Listrik Silicon Valley Marah: Semakin banyaknya pemilik mobil listrik ... http://t.co/IkykTEaI2C","425558907663036416","","","in","","0","0","0","https://x.com/undefined/status/425558907663036416","79957943",
"424505764242141184","Sat Jan 18 11:37:15 +0000 2014","0","OTOMOTIF TERPOPULER BMW Tunjukkan Mobil Konsep Listrik i5 http://t.co/HtnkjhBHPe via @tribunnews","424505764242141184","","","in","","0","0","6","https://x.com/undefined/status/424505764242141184","124171593",
"424427676409937920","Sat Jan 18 06:26:58 +0000 2014","0","Balap Mobil Listrik Formula E Dimulai Tahun Ini http://t.co/RsZ9g29D8W","424427676409937920","","","in","","0","0","2","https://x.com/undefined/status/424427676409937920","22126902",
"423989161805103104","Fri Jan 17 01:24:28 +0000 2014","4","Pabrikan Mobil Listrik Ini Mulai Rambah Negeri Tirai Bambu http://t.co/NjcuZjtSIK via @detikoto","423989161805103104","","","in","","0","0","23","https://x.com/undefined/status/423989161805103104","69183155",
"423988771407675392","Fri Jan 17 01:22:55 +0000 2014","0","Pabrikan Mobil Listrik Ini Mulai Rambah Negeri Tirai Bambu http://t.co/91RdqK5u8j","423988771407675392","","","in","","0","0","4","https://x.com/undefined/status/423988771407675392","80543284",
"423875923897614336","Thu Jan 16 17:54:30 +0000 2014","1","Tempat Pengisian Daya Belum Memadai Mobil Listrik Terhambat http://t.co/7ntPiCcRNS","423875923897614336","","","in","","0","0","1","https://x.com/undefined/status/423875923897614336","36904795",
"423713837309632512","Thu Jan 16 07:10:25 +0000 2014","4","Artis Hollywood Tengah Keranjingan Mobil Listrik Ini http://t.co/qdG52wFclF via @detikoto","423713837309632512","","","in","","0","1","11","https://x.com/undefined/status/423713837309632512","69183155",
"423701689325998080","Thu Jan 16 06:22:09 +0000 2014","0","Artis Hollywood Tengah Keranjingan Mobil Listrik Ini http://t.co/6NT8rJMUm3","423701689325998080","","","in","","0","0","2","https://x.com/undefined/status/423701689325998080","80543284",
"423437463194177536","Wed Jan 15 12:52:12 +0000 2014","0","Mobil gue Xenia tapi di dalemnya ada meja kecil buat gambar2. Selalu sedia kertas &amp; pensil warna plus lampu LED colok ke listrik.","423437463194177536","","","in","","0","0","0","https://x.com/undefined/status/423437463194177536","79943743",
"423436699356889088","Wed Jan 15 12:49:10 +0000 2014","0","Krn macetnya Jakarta mobil gue dimodif jadi karavan mini. Semua ada termasuk colokan listrik 220volt.","423436699356889088","","","in","","0","0","0","https://x.com/undefined/status/423436699356889088","79943743",
"423333370232573952","Wed Jan 15 05:58:35 +0000 2014","1","Seperti apa mobil listrik tanpa pengemudi yg dipamerkan di pameran elektronik konsumen internasional di AS? Ikuti #KompasSiang saat ini","423333370232573952","","","in","","0","0","5","https://x.com/undefined/status/423333370232573952","71436318",
"423318156644724736","Wed Jan 15 04:58:08 +0000 2014","1","Seperti apa mobil listrik tanpa pengemudi yg dipamerkan di pameran elektronik konsumen internasional di AS? Ikuti #KompasSiang pkl 12.00 WIB","423318156644724736","","","in","","0","1","3","https://x.com/undefined/status/423318156644724736","71436318",
"423285092492902401","Wed Jan 15 02:46:44 +0000 2014","0","VW: Kami Butuh Mobil Listrik http://t.co/6Z0oKYbC9z","423285092492902401","","","in","","0","0","2","https://x.com/undefined/status/423285092492902401","80543284",
"423285009856737281","Wed Jan 15 02:46:25 +0000 2014","6","VW: Kami Butuh Mobil Listrik http://t.co/ANKRYtAfTc via @detikoto","423285009856737281","","","in","","0","0","13","https://x.com/undefined/status/423285009856737281","69183155",
"421974439052337152","Sat Jan 11 12:53:55 +0000 2014","0","@RadioElshinta Info Kebakaran sdh padamkan 1 rmh terbakar 14unit mobil DPK jakpus diduga arus pendek listrik kerugian masih dlm pendataan","421988342335410177","","RadioElshinta","in","","0","0","1","https://x.com/undefined/status/421988342335410177","460021303",
"421982979078889472","Sat Jan 11 12:53:15 +0000 2014","0","@RescueHippindo_ Info Kebakaran sdh padamkan 1 rmh terbakar 14unit mobil DPK jakpus diduga arus pendek listrik kerugian masih dlm pendataan","421988174399668224","","RescueHippindo_","in","","0","0","0","https://x.com/undefined/status/421988174399668224","460021303",
"421988104669364224","Sat Jan 11 12:52:58 +0000 2014","0","@infokebakaran_Info Kebakaran sdh padamkan 1 rmh terbakar 14unit mobil DPK jakpus diduga arus pendek listrik kerugian masih dlm pendataan.","421988104669364224","","","in","","0","0","0","https://x.com/undefined/status/421988104669364224","460021303",
"421983944016273408","Sat Jan 11 12:52:38 +0000 2014","0","@Husin_Rescue Info Kebakaran sdh padamkan 1 rmh terbakar 14 unit mobil DPK jakpus diduga arus pendek listrik kerugian masih dlm pendataan.","421988017541111808","","Husin_Rescue","in","","0","0","0","https://x.com/undefined/status/421988017541111808","460021303",
"421825375719538690","Sat Jan 11 02:06:21 +0000 2014","1","Tempat Pengisian Daya Belum Memadai Mobil Listrik Terhambat http://t.co/7ntPiCcRNS","421825375719538690","","","in","","0","0","1","https://x.com/undefined/status/421825375719538690","36904795",
"420496376137388032","Tue Jan 07 10:05:23 +0000 2014","1","Samsung Galaxy Gear Bisa Dipakai untuk Ngecek Baterai Mobil Listrik http://t.co/1OMXjTVGqr via @detikoto","420496376137388032","","","in","","0","4","61","https://x.com/undefined/status/420496376137388032","69183155",
"420495600736403456","Tue Jan 07 10:02:18 +0000 2014","1","Samsung Galaxy Gear Bisa Dipakai untuk Ngecek Baterai Mobil Listrik http://t.co/GZ0teYdHPB","420495600736403456","","","in","","0","0","8","https://x.com/undefined/status/420495600736403456","80543284",
"420472466419380224","Tue Jan 07 08:30:22 +0000 2014","0","Mobil Listrik dengan Kecepatan 225 Km/Jam Dipamerkan di Las Vegas http://t.co/xHXPlLrIGH","420472466419380224","","","in","","0","0","0","https://x.com/undefined/status/420472466419380224","124390203",
"420463872869666816","Tue Jan 07 08:12:34 +0000 2014","0","#lalin #laka 14:56 | @JogjaShalat: R.road sltn timur jl.Bantul ada mobil ketiban tiang listrik http://t.co/ze7GTPgLGA *cc: @Korlantas","420467984390295552","https://pbs.twimg.com/media/BdXJqhwIAAAZSCH.jpg","JogjaShalat","in","","0","2","5","https://x.com/undefined/status/420467984390295552","106780531",
"420461668670259201","Tue Jan 07 07:47:28 +0000 2014","0","#lalinYK tiang listrik roboh menimpa sebuah mobil pikup pengangkut kelapa lokasi ringroad selatan @ithasiiteung http://t.co/9qxijvYbe8","420461668670259201","https://pbs.twimg.com/media/BdXHLK1CAAATDyF.jpg","","in","","0","1","16","https://x.com/undefined/status/420461668670259201","537556372",
"420460403823345664","Tue Jan 07 07:42:26 +0000 2014","0","Mobil Listrik dengan Kecepatan 225 Km/Jam Dipamerkan di Las Vegas - http://t.co/Mmw2u4MANo @portalkbr","420460403823345664","","","in","","0","0","0","https://x.com/undefined/status/420460403823345664","124390203",
"419684802317385730","Sun Jan 05 04:20:28 +0000 2014","0","Kilas Sejarah 5 Januari 2013 - Menteri BUMN Dahlan Iskan mengalami kecelakaan saat melakukan uji coba purwarupa mobil listrik Tucuxi.","419684802317385730","","","in","","0","1","0","https://x.com/undefined/status/419684802317385730","2256063276",
"419645976542863360","Sun Jan 05 01:46:12 +0000 2014","0","Dengan memakai mobil listrik penggunaan bahan bakar tak terbarukan yang sudah mulai menipis seperti bensin dan solar dapat dihemat :)","419645976542863360","","","in","","0","0","1","https://x.com/undefined/status/419645976542863360","74914639",
"419645221580705792","Sun Jan 05 01:43:12 +0000 2014","0","2. Mobil listrik. Krn jarak tempuh mobil mencapai 450 km dlm sekali pengisian baterai mobil ini mulai dilirik. Sayang Indonesia blm ada :(","419645221580705792","","","in","","0","0","1","https://x.com/undefined/status/419645221580705792","74914639",
"419338048745115648","Sat Jan 04 05:22:36 +0000 2014","4","Beli Mobil VW Listrik Dapat Pinjaman Mobil Bensin http://t.co/9OuV0ig2l5 via @detikoto","419338048745115648","","","in","","0","1","23","https://x.com/undefined/status/419338048745115648","69183155",
"419335914242859008","Sat Jan 04 05:14:07 +0000 2014","1","Beli Mobil VW Listrik Dapat Pinjaman Mobil Bensin http://t.co/aqEnDCKO89","419335914242859008","","","in","","0","0","4","https://x.com/undefined/status/419335914242859008","80543284",
"419183871364583424","Fri Jan 03 19:09:57 +0000 2014","0","Honda MC-β untuk Uji Respons Kendaraan Komuter Listrik: PRLM - Honda dianggap bukan pembuat mobil t... http://t.co/xoHLrLzCB3","419183871364583424","","","in","","0","0","0","https://x.com/undefined/status/419183871364583424","58880688",
"418575982472085504","Thu Jan 02 02:54:25 +0000 2014","1","GM Akuisisi Pabrikan Mobil Listrik Ini? http://t.co/34BjhJtG4t","418575982472085504","","","in","","0","0","3","https://x.com/undefined/status/418575982472085504","80543284",
"418575102171566081","Thu Jan 02 02:50:55 +0000 2014","4","GM Akuisisi Pabrikan Mobil Listrik Ini? http://t.co/Dh5gJfa3Ox via @detikoto","418575102171566081","","","in","","0","0","12","https://x.com/undefined/status/418575102171566081","69183155",
"418335802808995841","Wed Jan 01 11:00:02 +0000 2014","0","Jatuh bangun mobil listrik anak buah Dahlan http://t.co/3PpXmxqHa1 #Riil","418335802808995841","","","in","","0","0","0","https://x.com/undefined/status/418335802808995841","456426648",
"417999155013746688","Tue Dec 31 12:42:19 +0000 2013","2","Sewa Mobil Listrik di Vending Machine Terbesar http://t.co/1lPonLruUq via @detikoto","417999155013746688","","","in","","0","0","8","https://x.com/undefined/status/417999155013746688","69183155",
"417998414857527296","Tue Dec 31 12:39:22 +0000 2013","1","Sewa Mobil Listrik di Vending Machine Terbesar http://t.co/zWg67tsA5F","417998414857527296","","","in","","0","0","4","https://x.com/undefined/status/417998414857527296","80543284",
"417934031536148481","Tue Dec 31 08:23:32 +0000 2013","1","Kado Natal dan Tahun Baru Anne Hathaway Mobil Listrik Imut http://t.co/jbjjfDvmy9","417934031536148481","","","in","","0","0","4","https://x.com/undefined/status/417934031536148481","80543284",
"417933432681799680","Tue Dec 31 08:21:09 +0000 2013","4","Kado Natal dan Tahun Baru Anne Hathaway Mobil Listrik Imut http://t.co/o7q3QPsqEz","417933432681799680","","","in","","0","2","15","https://x.com/undefined/status/417933432681799680","69183155",
"417861992716570624","Tue Dec 31 03:37:17 +0000 2013","0","15. Des 2013 http://t.co/m3loTc1ljq PKB dukung program percepatan pengembangan mobil listrik di Indonesia @nuryasin164 #kaleidoskopSikapPKB","417861992716570624","","","in","","0","0","1","https://x.com/undefined/status/417861992716570624","748953283",
"417861756170403840","Tue Dec 31 03:36:20 +0000 2013","0","14. Jan 2013 http://t.co/JfiXwq1bFN PKB sesalkan Menteri BUMN DI abai/langgar peraturan saat coba mobil listrik Tucuxi di jalan umum.","417861756170403840","","","in","","0","0","1","https://x.com/undefined/status/417861756170403840","748953283",
"417822433165332480","Tue Dec 31 01:00:05 +0000 2013","0","07.59: Kabel listrik terbakar akibat pohon tumbang di depan 7-Eleven Jln Tendean Jaksel sdh ada 1 mobil pemadam kebakaran | (P. Dwi)","417822433165332480","","","in","","0","1","3","https://x.com/undefined/status/417822433165332480","121640063",
"417573117007917056","Mon Dec 30 08:29:23 +0000 2013","2","Fenomena Mobil Listrik di 2013 http://t.co/n7qGkDL7z0 via @detikfinance","417573117007917056","","","in","","0","1","21","https://x.com/undefined/status/417573117007917056","69183155",
"417550301327945728","Mon Dec 30 06:58:44 +0000 2013","0","Fenomena Mobil Listrik di 2013 http://t.co/NP09JR5wth","417550301327945728","","","in","","0","1","3","https://x.com/undefined/status/417550301327945728","135795460",
"417349301115699200","Sun Dec 29 17:40:02 +0000 2013","0","Samsung akan produksi mobil listrik? http://t.co/KX22p2DZhC #It","417349301115699200","","","in","","0","1","0","https://x.com/undefined/status/417349301115699200","456426648",
"416525684391956480","Fri Dec 27 11:07:16 +0000 2013","2","Harga Mobil Listrik Bekas Dimasa Depan Bakal Anjlok http://t.co/tTRlOiKzHA via @detikoto","416525684391956480","","","in","","0","1","19","https://x.com/undefined/status/416525684391956480","69183155",
"416517158743449602","Fri Dec 27 10:33:23 +0000 2013","1","Harga Mobil Listrik Bekas Dimasa Depan Bakal Anjlok http://t.co/Gc4duwUnPD","416517158743449602","","","in","","0","0","1","https://x.com/undefined/status/416517158743449602","80543284",
"416335523569868800","Thu Dec 26 22:31:38 +0000 2013","0","http://t.co/Ph251w0E2u Ada Mobil Listrik Mitsubishi di JIExpo Kemayoran: Ada yang menarik d... http://t.co/1kPWn2DSkR Local Breaking News","416335523569868800","","","in","","0","0","0","https://x.com/undefined/status/416335523569868800","80885324",
"416334216968675329","Thu Dec 26 22:26:27 +0000 2013","0","Ada Mobil Listrik Mitsubishi di JIExpo Kemayoran http://t.co/jg08qZFeem via @tribunnews","416334216968675329","","","in","","0","0","6","https://x.com/undefined/status/416334216968675329","124171593",
"416324303076868097","Thu Dec 26 21:47:03 +0000 2013","0","04.45: Mobil Pajero Sport warna hitam menabrak tiang listrik di jln.Boulevard Barat Kelapa Gading #Jkt sdh ada petugas. | (P. Bambang)","416324303076868097","","","in","","0","1","1","https://x.com/undefined/status/416324303076868097","121640063",
"415343163650228224","Tue Dec 24 04:48:21 +0000 2013","0","Mobil Listrik Yang Eksis Sepanjang 2013 http://t.co/wCHHXrCq6q *ada UB juga lho* :)","415343163650228224","","","in","","0","0","3","https://x.com/undefined/status/415343163650228224","440969307",
"415324544337862656","Tue Dec 24 03:34:22 +0000 2013","0","Mobil Listrik untuk Menristek Sudah Pakai Pelat Nomor. http://t.co/orAj5iFtOP","415324544337862656","","","in","","0","0","1","https://x.com/undefined/status/415324544337862656","220151003",
"415307873350987776","Tue Dec 24 02:28:07 +0000 2013","0","Cerita peneliti LIPI kembangkan mobil listrik contek Timor. http://t.co/y9iqy2R3ca","415307873350987776","","","in","","0","0","1","https://x.com/undefined/status/415307873350987776","220151003",
"415127187012845568","Mon Dec 23 14:30:08 +0000 2013","1","Soal Mobil Listrik Menristek Tak Banyak Nuntut http://t.co/j3uNLpBv5Y via @detikoto","415127187012845568","","","in","","0","0","10","https://x.com/undefined/status/415127187012845568","69183155",
"415126183160737793","Mon Dec 23 14:26:09 +0000 2013","0","Soal Mobil Listrik Menristek Tak Banyak Nuntut http://t.co/gGgSwuzugM","415126183160737793","","","in","","0","0","2","https://x.com/undefined/status/415126183160737793","80543284",
"415091932189036545","Mon Dec 23 12:10:03 +0000 2013","0","Apa yang Bakal Dilakukan Jika Mobil Listrik Menristek Ini Diproduksi? http://t.co/NRO5fKeTx3 via @detikoto","415091932189036545","","","in","","0","4","17","https://x.com/undefined/status/415091932189036545","69183155",
"415085426433486848","Mon Dec 23 11:44:12 +0000 2013","0","Apa yang Bakal Dilakukan Jika Mobil Listrik Menristek Ini Diproduksi? http://t.co/idX9F6Kxrx","415085426433486848","","","in","","0","0","3","https://x.com/undefined/status/415085426433486848","80543284",
"415053725451816960","Mon Dec 23 09:38:14 +0000 2013","3","Mobil Listrik Menristek 2 Level Lagi Menuju Sempurna http://t.co/3Sdyi7jpfN via @detikoto","415053725451816960","","","in","","0","1","23","https://x.com/undefined/status/415053725451816960","69183155",
"415050998457978881","Mon Dec 23 09:27:23 +0000 2013","2","Mobil Listrik Ciputat Takkan Menandingi Mobil Listrik Dahlan http://t.co/WzMMrpKEj7 via @detikoto","415050998457978881","","","in","","0","2","26","https://x.com/undefined/status/415050998457978881","69183155",
"415048646971781120","Mon Dec 23 09:18:03 +0000 2013","0","Mobil Listrik Menristek 2 Level Lagi Menuju Sempurna http://t.co/8FHqCpsCXb","415048646971781120","","","in","","0","0","2","https://x.com/undefined/status/415048646971781120","80543284",
"415047371374862336","Mon Dec 23 09:12:59 +0000 2013","0","Jalan panjang menuju era mobil listrik http://t.co/OWOkGJqBGZ","415047371374862336","","","in","","0","0","1","https://x.com/undefined/status/415047371374862336","18071520",
"415045907768303617","Mon Dec 23 09:07:10 +0000 2013","0","Mobil Listrik Ciputat Takkan Menandingi Mobil Listrik Dahlan http://t.co/EyaaCHWbjs","415045907768303617","","","in","","0","0","1","https://x.com/undefined/status/415045907768303617","80543284",
"415031902597181440","Mon Dec 23 08:11:31 +0000 2013","6","Mobil Listrik Asal Ciputat Mulai Dipromosikan Awal 2014 http://t.co/8QlbDnaBRl via @detikoto","415031902597181440","","","in","","0","3","43","https://x.com/undefined/status/415031902597181440","69183155",
"415029150559133696","Mon Dec 23 08:00:35 +0000 2013","1","Mobil Listrik untuk Menristek Sudah Pakai Pelat Nomor http://t.co/NuMddc70KE via @detikoto","415029150559133696","","","in","","0","1","15","https://x.com/undefined/status/415029150559133696","69183155",
"415028123961290752","Mon Dec 23 07:56:30 +0000 2013","0","Mobil Listrik Asal Ciputat Mulai Dipromosikan Awal 2014 http://t.co/9SEzimB1m6","415028123961290752","","","in","","0","0","6","https://x.com/undefined/status/415028123961290752","80543284",
"415023881917698048","Mon Dec 23 07:39:38 +0000 2013","0","Mobil Listrik untuk Menristek Sudah Pakai Pelat Nomor http://t.co/uRJvxcJLBK","415023881917698048","","","in","","0","0","0","https://x.com/undefined/status/415023881917698048","80543284",
"415015588134535169","Mon Dec 23 07:06:41 +0000 2013","4","Mengintip Kehebatan 4 Mobil Listrik Nasional http://t.co/YCm4reYiSI via @detikoto","415015588134535169","","","in","","0","1","24","https://x.com/undefined/status/415015588134535169","69183155",
"415008825612062720","Mon Dec 23 06:39:49 +0000 2013","0","Mengintip Kehebatan 4 Mobil Listrik Nasional http://t.co/tKXDlkQk8e","415008825612062720","","","in","","0","0","5","https://x.com/undefined/status/415008825612062720","80543284",
"415007415508029441","Mon Dec 23 06:34:12 +0000 2013","1","Mobil Listrik Ciputat Belum Ada Power Steering http://t.co/ims7F1yLzB via @detikoto","415007415508029441","","","in","","0","0","21","https://x.com/undefined/status/415007415508029441","69183155",
"415006065013440512","Mon Dec 23 06:28:50 +0000 2013","0","Mobil Listrik Ciputat Belum Ada Power Steering http://t.co/YmDJwm6ooR","415006065013440512","","","in","","0","1","6","https://x.com/undefined/status/415006065013440512","80543284",
"415000285681963008","Mon Dec 23 06:05:53 +0000 2013","0","http://t.co/wZ6oKK3TLj Jurus pemerintah dan swasta atasi masalah mobil listrik nasional #Uang","415000285681963008","","","in","","0","0","1","https://x.com/undefined/status/415000285681963008","456426648",
"414984592181829633","Mon Dec 23 05:03:31 +0000 2013","0","Jd Ingat Mobil Listrik Nabrak @medyudhapradja: @iskan_dahlan ga ada mslah dg kelakuan Bupati Ngada blokir bandara http://t.co/8kSHykNtmO ","414984592181829633","","","in","","0","7","2","https://x.com/undefined/status/414984592181829633","46651600",
"414930870735089665","Mon Dec 23 01:30:03 +0000 2013","0","Jurus pemerintah dan swasta atasi masalah mobil listrik nasional http://t.co/wZ6oKK3TLj #Riil","414930870735089665","","","in","","0","0","1","https://x.com/undefined/status/414930870735089665","456426648",
"414759741269635072","Sun Dec 22 14:10:02 +0000 2013","0","Pemerintah mimpi mobil listrik Indonesia kalahkan China http://t.co/ZpFfG8IouA #Riil","414759741269635072","","","in","","0","0","0","https://x.com/undefined/status/414759741269635072","456426648",
"414743379256160256","Sun Dec 22 13:05:01 +0000 2013","0","BSN ingin Indonesia jadi kiblat standar mobil listrik dunia http://t.co/qf3F8ytBRf #Riil","414743379256160256","","","in","","0","1","0","https://x.com/undefined/status/414743379256160256","456426648",
"414714436847280128","Sun Dec 22 11:10:01 +0000 2013","1","Cerita peneliti LIPI kembangkan mobil listrik contek Timor http://t.co/yRb2Iif7rb #Riil","414714436847280128","","","in","","0","0","3","https://x.com/undefined/status/414714436847280128","456426648",
"414701856925839360","Sun Dec 22 10:20:02 +0000 2013","2","Dengan mobil listrik Bandung - Sukabumi cuma Rp 37.000 http://t.co/SBcAjQ7jva #Energi","414701856925839360","","","in","","0","0","0","https://x.com/undefined/status/414701856925839360","456426648",
"414662848409636864","Sun Dec 22 07:45:01 +0000 2013","0","Berikut usaha Tim Putra Petir sempurnakan mobil listrik Dahlan http://t.co/cjnH9EbpKR #Riil","414662848409636864","","","in","","0","0","0","https://x.com/undefined/status/414662848409636864","456426648",
"414659002446778368","Sun Dec 22 07:29:44 +0000 2013","2","Menristek: Mobil Listrik Bisa Kurangi Biaya Berobat http://t.co/eNIcDmk3yJ via @detikoto","414659002446778368","","","in","","0","0","16","https://x.com/undefined/status/414659002446778368","69183155",
"414657092444626944","Sun Dec 22 07:22:09 +0000 2013","0","Menristek: Mobil Listrik Bisa Kurangi Biaya Berobat http://t.co/v9j6p2kans","414657092444626944","","","in","","0","0","3","https://x.com/undefined/status/414657092444626944","80543284",
"414653699999293440","Sun Dec 22 07:08:40 +0000 2013","3","Kapan Mobil Listrik Diproduksi di Indonesia? http://t.co/sUugc54alv via @detikoto","414653699999293440","","","in","","0","5","23","https://x.com/undefined/status/414653699999293440","69183155",
"414651755087933440","Sun Dec 22 07:00:56 +0000 2013","0","Kapan Mobil Listrik Diproduksi di Indonesia? http://t.co/Gnr3fVrP2i","414651755087933440","","","in","","0","2","3","https://x.com/undefined/status/414651755087933440","80543284",
"414630133467586561","Sun Dec 22 05:35:01 +0000 2013","1","Uji coba mobil listrik http://t.co/UgLAMY0WPP #Publik","414630133467586561","","","in","","0","0","0","https://x.com/undefined/status/414630133467586561","456426648",
"414627119084220416","Sun Dec 22 05:23:03 +0000 2013","6","Mobil Listrik Buatan Depok Jadi Perhatian http://t.co/iX2Um3rHiC via @detikoto","414627119084220416","","","in","","0","3","76","https://x.com/undefined/status/414627119084220416","69183155",
"414625109618339840","Sun Dec 22 05:15:04 +0000 2013","2","Mobil Listrik Buatan Depok Jadi Perhatian http://t.co/LMdAM4RYF0","414625109618339840","","","in","","0","3","11","https://x.com/undefined/status/414625109618339840","80543284",
"414625097303867392","Sun Dec 22 05:15:01 +0000 2013","1","SBY lengser baru mobil listrik nasional bisa produksi massal http://t.co/s4J7rF2zU8 #Riil","414625097303867392","","","in","","0","0","1","https://x.com/undefined/status/414625097303867392","456426648",
"414621846105903104","Sun Dec 22 05:02:06 +0000 2013","2","Mobil Listrik Kapan Ada STNK-nya? http://t.co/lrpbB5Ce19 via @detikoto","414621846105903104","","","in","","0","4","22","https://x.com/undefined/status/414621846105903104","69183155",
"414621095145136129","Sun Dec 22 04:59:07 +0000 2013","1","Mobil Listrik Kapan Ada STNK-nya? http://t.co/FkmbuYsvQs","414621095145136129","","","in","","0","1","6","https://x.com/undefined/status/414621095145136129","80543284",
"414619186543857665","Sun Dec 22 04:51:31 +0000 2013","4","Demi Mobil Listrik Menristek Rela Hujan-hujanan http://t.co/C998I9lH2c via @detikoto","414619186543857665","","","in","","0","3","18","https://x.com/undefined/status/414619186543857665","69183155",
"414617165069709314","Sun Dec 22 04:43:30 +0000 2013","0","Demi Mobil Listrik Menristek Rela Hujan-hujanan http://t.co/J3RtdHcaXr","414617165069709314","","","in","","0","0","5","https://x.com/undefined/status/414617165069709314","80543284",
"414616555498909696","Sun Dec 22 04:41:04 +0000 2013","6","Menristek: Kami Ingin Mobil Listrik Semakin Dikenal Masyarakat http://t.co/wmts0yFyDP via @detikoto","414616555498909696","","","in","","0","3","34","https://x.com/undefined/status/414616555498909696","69183155",
"414615807327354881","Sun Dec 22 04:38:06 +0000 2013","0","Menristek: Kami Ingin Mobil Listrik Semakin Dikenal Masyarakat http://t.co/zLi0qm7RLo","414615807327354881","","","in","","0","1","6","https://x.com/undefined/status/414615807327354881","80543284",
"414599932612718592","Sun Dec 22 03:35:01 +0000 2013","1","Mobil listrik Dahlan mejeng di pesta rakyat Kemenristek http://t.co/UVI2iOeY6w #Riil","414599932612718592","","","in","","0","1","0","https://x.com/undefined/status/414599932612718592","456426648",
"414301274557784064","Sat Dec 21 07:48:15 +0000 2013","0","Kemenristek soal pengembangan mobil listrik http://t.co/4ADJDCVD8l","414301274557784064","","","in","","0","0","0","https://x.com/undefined/status/414301274557784064","18071520",
"414259554289856512","Sat Dec 21 05:02:28 +0000 2013","3","Kisah China Beri Subsidi Rakyatnya yang Beli Mobil Listrik http://t.co/jLSKsL9ZeL via @detikfinance","414259554289856512","","","in","","0","1","19","https://x.com/undefined/status/414259554289856512","69183155",
"414258881523486720","Sat Dec 21 04:59:48 +0000 2013","0","Kisah China Beri Subsidi Rakyatnya yang Beli Mobil Listrik http://t.co/lcIpZWPiFQ","414258881523486720","","","in","","0","0","5","https://x.com/undefined/status/414258881523486720","135795460",
"413598334901710849","Thu Dec 19 09:15:01 +0000 2013","3","Di Negara Ini Pajak untuk Mobil Listrik Dimurahkan http://t.co/YDPgZFyY45 via @detikoto","413598334901710849","","","in","","0","3","12","https://x.com/undefined/status/413598334901710849","69183155",
"413575854640230400","Thu Dec 19 07:45:42 +0000 2013","0","Di Negara Ini Pajak untuk Mobil Listrik Dimurahkan http://t.co/R2aWRbxdno","413575854640230400","","","in","","0","0","4","https://x.com/undefined/status/413575854640230400","80543284",
"413222713243615233","Wed Dec 18 08:22:26 +0000 2013","0","Mobil Listrik Lincah Dan Aman http://t.co/leBAthvijQ via @mytranstweet","413222713243615233","","","in","","0","0","3","https://x.com/undefined/status/413222713243615233","383665845",
"412898146092462080","Tue Dec 17 10:52:43 +0000 2013","0","Tempat Pengisian Daya Belum Memadai Mobil Listrik Terhambat http://t.co/7ntPiCcRNS","412898146092462080","","","in","","0","1","0","https://x.com/undefined/status/412898146092462080","36904795",
"412804527369109504","Tue Dec 17 04:40:43 +0000 2013","0","Nanoteknologi bisa tingkatkan efisiensi baterai mobil listrik http://t.co/zgbO9ZLwqI","412804527369109504","","","in","","0","0","0","https://x.com/undefined/status/412804527369109504","262026799",
"412598102260850688","Mon Dec 16 15:00:27 +0000 2013","2","Pabrik Baterai Lithium Untuk Mobil Listrik Dibangun 2014 http://t.co/4QaZG3ljph","412598102260850688","","","in","","0","0","2","https://x.com/undefined/status/412598102260850688","118646322",
"412517510169108480","Mon Dec 16 09:40:13 +0000 2013","1","Nanoteknologi Bisa Tingkatkan Efisiensi Baterai Mobil Listrik http://t.co/dRVHjAblDJ","412517510169108480","","","in","","0","0","3","https://x.com/undefined/status/412517510169108480","22126902",
"412442953823440896","Mon Dec 16 04:43:57 +0000 2013","1","Mobil listrik juga hiasi Stadion Naypyitaw http://t.co/m6rZhfQ6yH","412442953823440896","","","in","","0","0","2","https://x.com/undefined/status/412442953823440896","18071520",
"411574055930585088","Fri Dec 13 19:11:16 +0000 2013","3","Mobil Listrik Lincah Dan Aman http://t.co/Q7D4sh9bAA via @mytranstweet","411574055930585088","","","in","","0","1","29","https://x.com/undefined/status/411574055930585088","69183155",
"411421586018037760","Fri Dec 13 09:05:24 +0000 2013","0","9. Kabel jumper. Mobil mendadak mati karena aki tekor solusinya pakai kabel jumper untuk meminjam listrik dari mobil lain. #daihatsutips","411421586018037760","","","in","","0","0","0","https://x.com/undefined/status/411421586018037760","86864472",
"411385920659537920","Fri Dec 13 06:43:41 +0000 2013","0","Ini keuntungan lebih dari penggunaan mobil listrik http://t.co/9z86ocaJUk","411385920659537920","","","in","","0","1","5","https://x.com/undefined/status/411385920659537920","18071520",
"410784917727887361","Wed Dec 11 14:55:31 +0000 2013","0","Harapan Presiden Mobil Listrik Diproduksi Massal Mulai 2017 http://t.co/yLMLvrGEoi","410784917727887361","","","in","","0","0","0","https://x.com/undefined/status/410784917727887361","115936810",
"410755858838978560","Wed Dec 11 13:00:02 +0000 2013","0","Presiden ingin mobil listrik mulai diproduksi 2017 http://t.co/H4gDuzCpn8","410755858838978560","","","in","","0","1","0","https://x.com/undefined/status/410755858838978560","43799886",
"410754994468450304","Wed Dec 11 12:56:36 +0000 2013","0","Kemenristek Kawal Pengembangan Teknologi Mobil Listrik http://t.co/VQUJjLCXqc","410754994468450304","","","in","","0","0","5","https://x.com/undefined/status/410754994468450304","41730943",
"410745789778886656","Wed Dec 11 12:20:02 +0000 2013","0","Menristek targetkan 2017 mobil listrik lokal diproduksi massal http://t.co/ZOYwoXZM7x #Riil","410745789778886656","","","in","","0","0","0","https://x.com/undefined/status/410745789778886656","456426648",
"410739604988248064","Wed Dec 11 11:55:27 +0000 2013","1","Kemenristek Kawal Pengembangan Teknologi Mobil Listrik http://t.co/VQUJjLCXqc","410739604988248064","","","in","","0","0","0","https://x.com/undefined/status/410739604988248064","41730943",
"410691441665404928","Wed Dec 11 08:44:04 +0000 2013","0","15.41: 1.Kecelakaan tunggal mobil menabrak tiang listrik di sebelum Pasar tanah Merah Bangkalan arah Sampang.... http://t.co/uiieGQviFl","410691441665404928","","","in","","0","0","0","https://x.com/undefined/status/410691441665404928","848614550",
"410666290852798464","Wed Dec 11 07:04:08 +0000 2013","0","3 Mobil Listrik Lakukan Uji Coba http://t.co/FW92uAG7Ma via @detik_tv","410666290852798464","","","in","","0","2","8","https://x.com/undefined/status/410666290852798464","69183155",
"410664606785236992","Wed Dec 11 06:57:26 +0000 2013","0","Setelah ini Wideshot masuk ke segmen Public Corner Pendukung mobil listrik Selengkapnya di @wideshotmetrotv","410664606785236992","","","in","","0","2","2","https://x.com/undefined/status/410664606785236992","410168661",
"410636588108873728","Wed Dec 11 05:06:06 +0000 2013","4","3 Mobil Listrik Lakukan Uji Coba http://t.co/C8g5b6dcvt via @detikoto","410636588108873728","","","in","","0","0","22","https://x.com/undefined/status/410636588108873728","69183155",
"410576491248771073","Wed Dec 11 01:07:18 +0000 2013","0","3 Mobil Listrik Lakukan Uji Coba http://t.co/ZQsJs5M2Ji","410576491248771073","","","in","","0","0","4","https://x.com/undefined/status/410576491248771073","80543284",
"410562092157374465","Wed Dec 11 00:10:05 +0000 2013","0","2016 Pemkot Surabaya merencanakan untuk menggunakan mobil listrik karya anak negeri sebagai mobil dinas.","410562092157374465","","","in","","0","0","3","https://x.com/undefined/status/410562092157374465","68657632",
"410333214041853952","Tue Dec 10 09:00:36 +0000 2013","0","100.000 Orang Antre Test Drive Mobil Listrik BMW http://t.co/Rlel0TLoED","410333214041853952","","","da","","0","0","6","https://x.com/undefined/status/410333214041853952","80543284",
"410307429843226624","Tue Dec 10 07:18:09 +0000 2013","1","Surabaya Tertarik Gunakan Mobil Listrik buat Dinas http://t.co/ezaIBaecw4 via @tempodotco","410307429843226624","","","in","","0","0","3","https://x.com/undefined/status/410307429843226624","18129942",
"410295538139930624","Tue Dec 10 06:30:53 +0000 2013","0","Nasional - Surabaya Tertarik Gunakan Mobil Listrik buat Dinas http://t.co/MMRuKsH5Xb","410295538139930624","","","in","","0","0","0","https://x.com/undefined/status/410295538139930624","88352716",
"410294537647845377","Tue Dec 10 06:26:55 +0000 2013","4","Mulai 2016 seluruh mobil dinas Pemkot Surabaya akan memakai mobil listrik karya anak negeri. Smg lancar http://t.co/BUixfUMuCx","410294537647845377","","","in","","0","4","104","https://x.com/undefined/status/410294537647845377","39677695",
"410290328214589440","Tue Dec 10 06:10:11 +0000 2013","0","Surabaya Tertarik Gunakan Mobil Listrik buat Dinas http://t.co/ezaIBaecw4 via @tempodotco","410290328214589440","","","in","","0","0","1","https://x.com/undefined/status/410290328214589440","18129942",
"410276958182723584","Tue Dec 10 05:17:04 +0000 2013","0","DiCaprio ikut balap mobil listrik: Leonardo DiCaprio akan bergabung dalam sebuah tim yang berlaga di kejuaraan... http://t.co/uRKkOafBBc","410276958182723584","","","in","","0","0","2","https://x.com/undefined/status/410276958182723584","23772644",
"410265193898205184","Tue Dec 10 04:30:19 +0000 2013","0","http://t.co/Ph251w0E2u DiCaprio ikut balap mobil listrik: Leonardo DiCaprio akan bergabung ... http://t.co/gxUZ40wbG2 Local Breaking News","410265193898205184","","","in","","0","0","0","https://x.com/undefined/status/410265193898205184","80885324",
"410222466871488512","Tue Dec 10 01:40:32 +0000 2013","1","Biaya operasional mobil listrik per 1 kilometer hanya 0 20 persen. Efisiensi penggunaan energi 28 persen. http://t.co/7ntPiCcRNS","410222466871488512","","","in","","0","0","5","https://x.com/undefined/status/410222466871488512","36904795",
"410221208504762368","Tue Dec 10 01:35:32 +0000 2013","0","Tempat Pengisian Daya Belum Memadai Mobil Listrik Terhambat. http://t.co/7ntPiCcRNS","410221208504762368","","","in","","0","0","3","https://x.com/undefined/status/410221208504762368","36904795",
"410192406844153856","Mon Dec 09 23:41:05 +0000 2013","1","Pagi2 mau denger berita yg mana:Tim Robot Mahasiswa Indonesia Britney Spears Pensiun jd Penyanyi? 2016 mobil listrik utk dinas #MUSE #GMHR","410192406844153856","","","in","","0","2","0","https://x.com/undefined/status/410192406844153856","60817022",
"410058755070390272","Mon Dec 09 14:50:00 +0000 2013","0","Pertamina Beli 6 Unit Mobil Listrik Made in Depok http://t.co/7GGF5DLsfV","410058755070390272","","","in","","0","0","7","https://x.com/undefined/status/410058755070390272","80543284",
"410017248003510272","Mon Dec 09 12:05:04 +0000 2013","2","Tiga Prototipe Mobil Listrik Karya Indonesia Diuji Coba http://t.co/VeemDTiajY http://t.co/DCRBTysiYa","410017248003510272","","","in","","0","0","13","https://x.com/undefined/status/410017248003510272","47596019",
"410008553227710466","Mon Dec 09 11:30:31 +0000 2013","0","Kemenristek optimistis mobil listrik kendaraan massal 2017 http://t.co/1qMSCNJJmR","410008553227710466","","","in","","0","0","0","https://x.com/undefined/status/410008553227710466","262026799",
"410005979108212736","Mon Dec 09 11:20:17 +0000 2013","1","2014 Mobil Listrik Mitsubishi i-Miev Akan Didiskon Besar-besaran http://t.co/IqPziZc6hm","410005979108212736","","","in","","0","3","1","https://x.com/undefined/status/410005979108212736","124044327",
"409998156550533120","Mon Dec 09 10:49:12 +0000 2013","0","Kemenristek: teknologi baterai mobil listrik terus berkembang http://t.co/bLHV2rgtN6","409998156550533120","","","in","","0","0","2","https://x.com/undefined/status/409998156550533120","18071520",
"409994592985944064","Mon Dec 09 10:35:02 +0000 2013","0","Teknologi Baterai Mobil Listrik Terus Berkembang http://t.co/c9CQEoUpWY","409994592985944064","","","in","","0","0","1","https://x.com/undefined/status/409994592985944064","22126902",
"409990596946718720","Mon Dec 09 10:19:10 +0000 2013","1","Numpang Ngecas Mobil Listrik Pemilik Dipenjara http://t.co/aMddXj7Ifo","409990596946718720","","","in","","0","0","4","https://x.com/undefined/status/409990596946718720","80543284",
"409955587468713985","Mon Dec 09 08:00:03 +0000 2013","0","Kemenristek Optimistis Mobil Listrik Kendaraan Massal 2017 http://t.co/tJqaNzM9kp","409955587468713985","","","in","","0","0","1","https://x.com/undefined/status/409955587468713985","22126902",
"409951600875024384","Mon Dec 09 07:44:12 +0000 2013","0","Target produksi massal mobil listrik Indonesia 2017 http://t.co/499soalFNY","409951600875024384","","","in","","0","0","0","https://x.com/undefined/status/409951600875024384","18071520",
"409941682390450176","Mon Dec 09 07:04:48 +0000 2013","0","Tiga Mobil Listrik Diuji Coba di Surabaya http://t.co/5lHJhZk8z3","409941682390450176","","","in","","0","0","0","https://x.com/undefined/status/409941682390450176","22126902",
"409937014406905856","Mon Dec 09 06:46:15 +0000 2013","0","Program Mobil Listrik Seperti Misi Surabaya Mewujudkan Green City http://t.co/xgZniYCT7k","409937014406905856","","","in","","0","0","1","https://x.com/undefined/status/409937014406905856","214835683",
"409933164027465728","Mon Dec 09 06:30:57 +0000 2013","0","Mobil Listrik Jelajahi Jalan Kota Surabaya http://t.co/O9Hlv8D72q","409933164027465728","","","in","","0","0","9","https://x.com/undefined/status/409933164027465728","57261519",
"409910165727477760","Mon Dec 09 04:59:33 +0000 2013","0","Pertamina Beli 6 Unit Mobil Listrik Mirip 'Alphard' Buatan Depok http://t.co/rQwzJ3DQRy","409910165727477760","","","in","","0","0","4","https://x.com/undefined/status/409910165727477760","135795460",
"409905371755466756","Mon Dec 09 04:40:30 +0000 2013","0","Mobil listrik Selo dan Ahmadi diperkenalkan di Surabaya http://t.co/YMfA8R4S0o","409905371755466756","","","in","","0","0","0","https://x.com/undefined/status/409905371755466756","262026799",
"409905049574187009","Mon Dec 09 04:39:14 +0000 2013","0","Mobil listrik diujicoba di jalan-jalan Surabaya http://t.co/4VG3wF30vu","409905049574187009","","","in","","0","0","0","https://x.com/undefined/status/409905049574187009","18071520",
"409839356887584768","Mon Dec 09 00:18:11 +0000 2013","8","Pameran Mobil Listrik Karya Anak Negeri http://t.co/J3zggVQxMz via @detik_tv","409839356887584768","","","in","","0","0","51","https://x.com/undefined/status/409839356887584768","69183155",
"409838707718381568","Mon Dec 09 00:15:37 +0000 2013","0","Pameran Mobil Listrik Karya Anak Negeri http://t.co/rvZJeitdkm","409838707718381568","","","in","","0","0","0","https://x.com/undefined/status/409838707718381568","619583595",
"409838651276034048","Mon Dec 09 00:15:23 +0000 2013","0","Pameran Mobil Listrik Karya Anak Negeri http://t.co/aF28UqqCQI","409838651276034048","","","in","","0","0","2","https://x.com/undefined/status/409838651276034048","80543284",
"409838569436372993","Mon Dec 09 00:15:04 +0000 2013","4","Pameran Mobil Listrik Karya Anak Negeri http://t.co/GJtHgz9zoL via @detikoto","409838569436372993","","","in","","0","4","37","https://x.com/undefined/status/409838569436372993","69183155",
"409791127387004929","Sun Dec 08 21:06:32 +0000 2013","0","MOBIL LISTRIK SELO DIPAMERKAN http://t.co/zqc7yVyQ9h","409791127387004929","","","in","","0","0","0","https://x.com/undefined/status/409791127387004929","118371948",
"409663024224403457","Sun Dec 08 12:37:30 +0000 2013","0","Otomotif - Buthan Bakal Pakai Mobil Listrik buat Taksi http://t.co/DBDBcJjGoW","409663024224403457","","","in","","0","0","1","https://x.com/undefined/status/409663024224403457","88352716",
"409647499876392960","Sun Dec 08 11:35:49 +0000 2013","1","Buthan Bakal Pakai Mobil Listrik buat Taksi http://t.co/B0iCYHyVjQ","409647499876392960","","","in","","0","0","1","https://x.com/undefined/status/409647499876392960","18129942",
"409619371481239553","Sun Dec 08 09:44:03 +0000 2013","0","Mobil Listrik Selo dan Ahmadi Diperkenalkan di Surabaya http://t.co/2sGylToe58","409619371481239553","","","in","","0","0","3","https://x.com/undefined/status/409619371481239553","22126902",
"409608348175446016","Sun Dec 08 09:00:15 +0000 2013","1","Kekurangan utama mobil listrik buatan Indonesia ialah pada sistem baterai. http://t.co/W018rkbgku #InfoSby","409608348175446016","","","in","","0","0","4","https://x.com/undefined/status/409608348175446016","100712680",
"409604201270882304","Sun Dec 08 08:43:46 +0000 2013","4","Mobil Listrik Selo dan Ahmadi Pamer Diri http://t.co/uo1xQljAxa","409604201270882304","","","in","","0","2","9","https://x.com/undefined/status/409604201270882304","57261519",
"409589709006848000","Sun Dec 08 07:46:11 +0000 2013","0","FOTO: Mobil Listrik Nasional Dipamerkan di Car Free Day Surabaya http://t.co/t8Cx1X3nlx","409589709006848000","","","in","","0","0","0","https://x.com/undefined/status/409589709006848000","18129942",
"409585715094495232","Sun Dec 08 07:30:18 +0000 2013","0","#HCNews Mobil Listrik Selo dan Ahmadi Pamer Diri http://t.co/gGOTuZ8JJx","409585715094495232","","","in","","0","0","1","https://x.com/undefined/status/409585715094495232","157223980",
"409540172179464193","Sun Dec 08 04:29:20 +0000 2013","0","Mobil listrik Selo dan Ahmadi pamer diri http://t.co/h66t56uFtw","409540172179464193","","","in","","0","0","3","https://x.com/undefined/status/409540172179464193","18071520",
"409506232324870144","Sun Dec 08 02:14:28 +0000 2013","0","Dua mobil listrik karya anak bangsa dipajang di Raya Darmo. (odp-fk)... http://t.co/633YRXkSDE","409506232324870144","","","in","","0","0","3","https://x.com/undefined/status/409506232324870144","848614550",
"409485654515781632","Sun Dec 08 00:52:42 +0000 2013","33","Keren ya RT @PenyiarPagi: Hei Dunia..Indonesia punya ini! SELO Mobil Listrik Indonesia @ristekgaul http://t.co/wZNcckjdHt","409485654515781632","https://pbs.twimg.com/media/Ba6_3-9CcAA3ok_.jpg","","in","","0","16","256","https://x.com/undefined/status/409485654515781632","39677695",
"409315357011091456","Sat Dec 07 13:36:00 +0000 2013","0","Kendaraan listrik antara lain Sedan Hevina Electrik Bus Executive Mobile Meeting Kijang Konversi Listrik dan Mobil Sport yang menarik!","409315357011091456","","","in","","0","0","2","https://x.com/undefined/status/409315357011091456","143634855",
"409315110704775169","Sat Dec 07 13:35:01 +0000 2013","0","Mari dukung terus pengembangan riset mobil listrik Indonesia demi ketahanan energi kita! Hidupkan karya ank bangsa!","409315110704775169","","","in","","0","0","2","https://x.com/undefined/status/409315110704775169","143634855",
"409306685610946560","Sat Dec 07 13:01:33 +0000 2013","2","2017 Indonesia Produksi Massal Mobil Listrik - http://t.co/ZP90KnWKn4","409306685610946560","","","in","","0","0","3","https://x.com/undefined/status/409306685610946560","59055175",
"409290345168396288","Sat Dec 07 11:56:37 +0000 2013","7","Mobil Listrik Alternatif Cerdas Hemat Energi http://t.co/Qo0I3QUJxI","409290345168396288","","","in","","0","6","22","https://x.com/undefined/status/409290345168396288","57261519",
"409278732226920449","Sat Dec 07 11:10:28 +0000 2013","0","Mobil listrik alternatif cerdas hemat BBM http://t.co/LofA00sTe1","409278732226920449","","","in","","0","0","0","https://x.com/undefined/status/409278732226920449","262026799",
"409246571352850432","Sat Dec 07 09:02:40 +0000 2013","0","Smartmobile *halah RT @PlasaMSN: Mobil listrik alternatif cerdas hemat BBM http://t.co/bxlzFDqpT9","409246571352850432","","","in","","0","0","0","https://x.com/undefined/status/409246571352850432","68331085",
"409246017540718594","Sat Dec 07 09:00:28 +0000 2013","0","Mobil listrik alternatif cerdas hemat BBM http://t.co/LofA00sTe1","409246017540718594","","","in","","0","0","0","https://x.com/undefined/status/409246017540718594","262026799",
"409240919440105472","Sat Dec 07 08:40:13 +0000 2013","0","2017 Indonesia Produksi Massal Mobil Listrik - http://t.co/ZP90KnWKn4","409240919440105472","","","in","","0","0","1","https://x.com/undefined/status/409240919440105472","59055175",
"409233186393038849","Sat Dec 07 08:09:29 +0000 2013","0","Mobil Listrik Alternatif Cerdas Hemat Energi http://t.co/ddZWha1AT0","409233186393038849","","","in","","0","1","3","https://x.com/undefined/status/409233186393038849","68930552",
"409221021476986880","Sat Dec 07 07:21:09 +0000 2013","1","Mobil Listrik Alternatif Cerdas Hemat BBM http://t.co/FvRrZIXWOG","409221021476986880","","","in","","0","1","1","https://x.com/undefined/status/409221021476986880","22126902",
"409189521708683265","Sat Dec 07 05:15:59 +0000 2013","1","Mahasiswa di Belanda Berhasil Pecahkan Rekor Mobil Listrik http://t.co/vsHjOHNwXy","409189521708683265","","","in","","0","0","6","https://x.com/undefined/status/409189521708683265","80543284",
"409189169236176897","Sat Dec 07 05:14:34 +0000 2013","4","Mahasiswa di Belanda Berhasil Pecahkan Rekor Mobil Listrik http://t.co/9q2ozmIycs via @detikoto","409189169236176897","","","in","","0","1","48","https://x.com/undefined/status/409189169236176897","69183155",
"409162955432148992","Sat Dec 07 03:30:25 +0000 2013","1","Kota Surabaya akan dikunjungi mobil listrik buatan anak bangsa pada Minggu dan Senin 8-9 Desember 2013. http://t.co/NkeQcEtldR #InfoSby","409162955432148992","","","in","","0","0","13","https://x.com/undefined/status/409162955432148992","100712680",
"408782312013193216","Fri Dec 06 02:17:52 +0000 2013","0","BERITA POPULER : Video Mesum Garut Hingga Mobil Listrik http://t.co/VFSxw2HQmp","408782312013193216","","","in","","0","0","0","https://x.com/undefined/status/408782312013193216","118371948",
"408767857065852928","Fri Dec 06 01:20:26 +0000 2013","0","Wow Solo siap jadi daerah percontohan mobil listrik http://t.co/LPFl1Y6s0q","408767857065852928","","","in","","0","0","0","https://x.com/undefined/status/408767857065852928","262026799",
"408633261208788992","Thu Dec 05 16:25:36 +0000 2013","0","Wah Harga Mobil Listrik Mitsubishi i-MiEV Turun Rp70 Jutaan http://t.co/6rA2Asnqml","408633261208788992","","","in","","0","0","1","https://x.com/undefined/status/408633261208788992","118646322",
"408615500126502914","Thu Dec 05 15:15:01 +0000 2013","0","Pemerintah akan produksi massal mobil listrik pada 2017 http://t.co/UXjX2wBwEc #Peristiwa","408615500126502914","","","in","","0","0","0","https://x.com/undefined/status/408615500126502914","456426648",
"408520336741650432","Thu Dec 05 08:56:52 +0000 2013","0","[Nasional] Menristek Mobil Listrik Mengurangi Dosa http://t.co/CCPrtJ1xm4","408520336741650432","","","in","","0","0","1","https://x.com/undefined/status/408520336741650432","58880688",
"408472852858281984","Thu Dec 05 05:48:11 +0000 2013","1","Wow Solo Siap Jadi Daerah Percontohan Mobil Listrik http://t.co/cBGMWa9S23","408472852858281984","","","in","","0","0","11","https://x.com/undefined/status/408472852858281984","22126902",
"408461734395904000","Thu Dec 05 05:04:00 +0000 2013","2","Mobil Listrik Mitsubishi Bakal Lebih Murah http://t.co/PY91XQClOU via @detikoto","408461734395904000","","","in","","0","0","19","https://x.com/undefined/status/408461734395904000","69183155",
"408456947084431360","Thu Dec 05 04:44:59 +0000 2013","0","Mobil Listrik Mitsubishi Bakal Lebih Murah http://t.co/io9l7JhkBR","408456947084431360","","","in","","0","0","7","https://x.com/undefined/status/408456947084431360","80543284",
"408410113607622656","Thu Dec 05 01:38:53 +0000 2013","3","Mobil Listrik UI Siap Meluncur 2014 http://t.co/wURw9obM20 via @detikoto","408410113607622656","","","in","","0","3","55","https://x.com/undefined/status/408410113607622656","69183155",
"408407950592466944","Thu Dec 05 01:30:17 +0000 2013","1","Mobil Listrik UI Siap Meluncur 2014 http://t.co/OS6aOAPKdk","408407950592466944","","","in","","0","0","7","https://x.com/undefined/status/408407950592466944","80543284",
"408294721170067456","Wed Dec 04 18:00:21 +0000 2013","0","MOBIL LISTRIK : UNS Kembangkan Baterai Untuk Mobnas http://t.co/01N30zxxqS","408294721170067456","","","in","","0","0","0","https://x.com/undefined/status/408294721170067456","118371948",
"408294707639226370","Wed Dec 04 18:00:18 +0000 2013","0","MOBIL LISTRIK : UNS Kembangkan Baterai Untuk Mobnas http://t.co/LETiU96UJu","408294707639226370","","","in","","0","0","0","https://x.com/undefined/status/408294707639226370","118371948",
"408168175755218945","Wed Dec 04 09:37:31 +0000 2013","0","Mitsubishi Banting Harga Mobil Listrik di AS http://t.co/FpZfMVRHmm","408168175755218945","","","in","","0","0","1","https://x.com/undefined/status/408168175755218945","118646322",
"407792575509037057","Tue Dec 03 08:45:01 +0000 2013","0","BMW-Toyota lakukan langkah besar dalam teknologi mobil listrik http://t.co/2Zix9iQgik","407792575509037057","","","in","","0","0","0","https://x.com/undefined/status/407792575509037057","18071520",
"407172502121504768","Sun Dec 01 15:41:04 +0000 2013","1","Mobil Listrik Dipamerkan di Jalan Dago http://t.co/tuSJZr3jGB #infotekno","407172502121504768","","","in","","0","0","2","https://x.com/undefined/status/407172502121504768","81567439",
"407072288001896448","Sun Dec 01 09:02:51 +0000 2013","0","Tekno - Mobil Listrik Dipamerkan di Jalan Dago http://t.co/BWsbSfWmnO","407072288001896448","","","in","","0","0","2","https://x.com/undefined/status/407072288001896448","88352716",
"407047500143394817","Sun Dec 01 07:24:21 +0000 2013","0","FOTO: LIPI Gelar Pameran Mobil Listrik http://t.co/SHZNXa7AsY","407047500143394817","","","in","","0","0","0","https://x.com/undefined/status/407047500143394817","18129942",
"407043597620375552","Sun Dec 01 07:08:50 +0000 2013","0","Mobil Listrik Dipamerkan di Jalan Dago http://t.co/giZEkkyQnB","407043597620375552","","","in","","0","0","1","https://x.com/undefined/status/407043597620375552","18129942",
"407042253283012609","Sun Dec 01 07:03:30 +0000 2013","0","FOTO: LIPI Gelar Pameran Mobil Listrik http://t.co/SHZNXa7AsY","407042253283012609","","","in","","0","0","3","https://x.com/undefined/status/407042253283012609","18129942",
"407038182077632512","Sun Dec 01 06:47:19 +0000 2013","0","Mobil Listrik Dipamerkan di Jalan Dago http://t.co/zn6OGZOa0F #infotekno","407038182077632512","","","in","","0","0","5","https://x.com/undefined/status/407038182077632512","81567439",
"407021089101840384","Sun Dec 01 05:39:24 +0000 2013","0","FOTO: LIPI Gelar Pameran Mobil Listrik http://t.co/SHZNXa7AsY","407021089101840384","","","in","","0","0","1","https://x.com/undefined/status/407021089101840384","18129942",
"406936640675147776","Sun Dec 01 00:03:50 +0000 2013","0","MOBIL LISTRIK BUATAN PELAJAR - Sebuah mobil listrik dipamerkan dalam sebuah acara di kawasan Bintaro ... http://t.co/rVEOPgkr5f","406936640675147776","","","in","","0","0","0","https://x.com/undefined/status/406936640675147776","142305302",
"406843377460604929","Sat Nov 30 17:53:14 +0000 2013","0","MOBIL LISTRIK BUATAN PELAJAR http://t.co/3Dh3q2vV5T","406843377460604929","","","in","","0","0","1","https://x.com/undefined/status/406843377460604929","118371948",
"406724520397897728","Sat Nov 30 10:00:56 +0000 2013","0","Terus nu leuwih keren ieu mobil make tenaga listrik! Ramah lingkungan @ristekgaul","406724520397897728","","","in","","0","1","7","https://x.com/undefined/status/406724520397897728","141959891",
"406545363927977984","Fri Nov 29 22:09:02 +0000 2013","0","05.08 Mobil menabrak tiang listrik. Di jalan raya RE MARTADINATA CIPUTAT sedang penanganan Petugas http://t.co/VL8V05POWw (@EGanangR)","406545363927977984","","","in","","0","0","2","https://x.com/undefined/status/406545363927977984","130169009",
"406541847574487041","Fri Nov 29 21:55:04 +0000 2013","4","04:30 Mobil menabrak tiang listrik. Di jalan raya RE MARTADINATA CIPUTAT sedang penanganan Petugas http://t.co/EIeyI5Itgy (@EGanangR)","406541847574487041","","","in","","0","5","17","https://x.com/undefined/status/406541847574487041","76647722",
"406476220621012993","Fri Nov 29 17:34:17 +0000 2013","6","Mobil Hidrogen Lebih Unggul Ketimbang Mobil Listrik http://t.co/aCn5aqyl7Q via @detik_tv","406476220621012993","","","in","","0","2","49","https://x.com/undefined/status/406476220621012993","69183155",
"406304081183911937","Fri Nov 29 06:10:16 +0000 2013","2","Sekali Dicas Mobil Listrik Ini Bisa Menjangkau 1.300 Km http://t.co/nEnuVNFWev via @detikoto","406304081183911937","","","in","","0","1","31","https://x.com/undefined/status/406304081183911937","69183155",
"406300736843051008","Fri Nov 29 05:56:59 +0000 2013","0","Sekali Dicas Mobil Listrik Ini Bisa Menjangkau 1.300 Km http://t.co/LL4h9JlGiS","406300736843051008","","","in","","0","0","2","https://x.com/undefined/status/406300736843051008","80543284",
"406286325105426432","Fri Nov 29 04:59:43 +0000 2013","4","Halo @pln_123 ada tiang listrik di halaman rumah saya pas menghalangi jalan mobil. Bisa dipinggirkan?","406286325105426432","","","in","","3","12","4","https://x.com/undefined/status/406286325105426432","171721434",
"405996747211538432","Thu Nov 28 09:49:02 +0000 2013","3","Mobil Taksi Listrik EVA Mengisi Ulang 15 Menit Menjelajah 200 Km http://t.co/7twjw39BnI","405996747211538432","","","in","","0","1","14","https://x.com/undefined/status/405996747211538432","57261519",
"405976924666617856","Thu Nov 28 08:30:16 +0000 2013","0","Bandung pro-mobil listrik http://t.co/2W3k0og5me","405976924666617856","","","in","","0","0","0","https://x.com/undefined/status/405976924666617856","262026799",
"405906053776154624","Thu Nov 28 03:48:39 +0000 2013","0","Pemkot Bandung Dukung Penyusunan Regulasi Pengoperasian Mobil Listrik untuk Segera Direalisasikan http://t.co/AlJNHM2JR1 #infoBDG","405906053776154624","","","in","","0","2","4","https://x.com/undefined/status/405906053776154624","101494663",
"405893592746426368","Thu Nov 28 02:59:08 +0000 2013","0","Pemkot Bandung Dukung Regulasi Pengoperasian Mobil Listrik http://t.co/qJHjo2Ln0n","405893592746426368","","","in","","0","0","1","https://x.com/undefined/status/405893592746426368","22126902",
"405883144928104448","Thu Nov 28 02:17:37 +0000 2013","0","Wali Kota Bandung Mendorong Pemerintah Untuk Menuntaskan Regulasi dan Izin Pengoperasian Mobil Listrik http://t.co/2HMt0pEHuk #infoBDG","405883144928104448","","","in","","0","0","11","https://x.com/undefined/status/405883144928104448","101494663",
"405880525023236097","Thu Nov 28 02:07:12 +0000 2013","0","Bandung Pro-Mobil Listrik http://t.co/37L3stBNNx","405880525023236097","","","in","","0","0","0","https://x.com/undefined/status/405880525023236097","22126902",
"405535582056484865","Wed Nov 27 03:16:31 +0000 2013","0","via @MARS_HMM ITB: Uji Coba Mobil Listrik Nasional dari Menristek. Hari ini diadakan FGD Kebijakan Mobil Listrik di Kementrian ESDM JKT.","405535582056484865","","","in","","0","0","4","https://x.com/undefined/status/405535582056484865","101494663",
"405396273764646912","Tue Nov 26 18:02:58 +0000 2013","0","UJICOBA MOBIL LISTRIK http://t.co/5qWXDFJ8Gn","405396273764646912","","","in","","0","0","0","https://x.com/undefined/status/405396273764646912","118371948",
"405356555547070464","Tue Nov 26 15:25:08 +0000 2013","0","FOTO: Menristek Uji Coba Mobil Listrik di Bandung http://t.co/RbEPeKMGGG","405356555547070464","","","in","","0","0","2","https://x.com/undefined/status/405356555547070464","18129942",
"405312084017033216","Tue Nov 26 12:28:25 +0000 2013","0","Empat Tipe Mobil Listrik Diuji Coba di Bandung http://t.co/9c9WAsbPbw","405312084017033216","","","in","","0","0","0","https://x.com/undefined/status/405312084017033216","22126902",
"405286947406360576","Tue Nov 26 10:48:32 +0000 2013","1","Menristek bersama Ridwan Kamil Uji Coba Mobil Listrik. http://t.co/2E0Ep6F19P #infoBDG","405286947406360576","","","in","","0","0","5","https://x.com/undefined/status/405286947406360576","101494663",
"405282010144337920","Tue Nov 26 10:28:55 +0000 2013","3","Menristek: Mobil Listrik Harus Disempurnakan Baterainya http://t.co/l1O6xXJXhZ via @detikoto","405282010144337920","","","in","","0","2","16","https://x.com/undefined/status/405282010144337920","69183155",
"405265523962691584","Tue Nov 26 09:23:25 +0000 2013","2","Menristek: Mobil Listrik Harus Disempurnakan Baterainya http://t.co/YyZxFcEnuj","405265523962691584","","","in","","0","0","3","https://x.com/undefined/status/405265523962691584","80543284",
"405204116214779904","Tue Nov 26 05:19:24 +0000 2013","1","Menristek bersama Ridwan Kamil Uji Coba Mobil Listrik http://t.co/MOb6ilVrrK","405204116214779904","","","in","","0","0","5","https://x.com/undefined/status/405204116214779904","22126902",
"405193943882543105","Tue Nov 26 04:38:59 +0000 2013","1","Menristek Keliling Bandung dengan Mobil Listrik http://t.co/GUrvvKfThV via @detikoto","405193943882543105","","","in","","0","0","15","https://x.com/undefined/status/405193943882543105","69183155",
"405190044635258880","Tue Nov 26 04:23:29 +0000 2013","0","Menristek Keliling Bandung dengan Mobil Listrik http://t.co/8GzLGyDDNn","405190044635258880","","","in","","0","0","2","https://x.com/undefined/status/405190044635258880","80543284",
"405185397061210112","Tue Nov 26 04:05:01 +0000 2013","1","Mobil listrik Selo jajal jalanan Bandung http://t.co/h6T1NKleBd #Peristiwa","405185397061210112","","","in","","0","0","0","https://x.com/undefined/status/405185397061210112","456426648",
"405135526283317250","Tue Nov 26 00:46:51 +0000 2013","0","Baterai Mobil Listrik Gendhis Terbakar Ini Penjelasan Dahlan Iskan http://t.co/s7FvyD5t0E","405135526283317250","","","in","","0","0","0","https://x.com/undefined/status/405135526283317250","118646322",
"405129848873443328","Tue Nov 26 00:24:17 +0000 2013","0","Mobil Listrik Dahlan Iskan Korsleting Gara-gara Digigit Tikus? http://t.co/uMKSrFlotA","405129848873443328","","","in","","0","0","3","https://x.com/undefined/status/405129848873443328","80543284",
"405129677737451522","Tue Nov 26 00:23:36 +0000 2013","3","Mobil Listrik Dahlan Iskan Korsleting Gara-gara Digigit Tikus? http://t.co/chnJYn0jH2 via @detikoto","405129677737451522","","","in","","0","6","44","https://x.com/undefined/status/405129677737451522","69183155",
"405008273964687360","Mon Nov 25 16:21:11 +0000 2013","0","Kata Kemenristek Ihwal Terbakarnya Mobil Listrik http://t.co/RX533eakmv","405008273964687360","","","in","","0","0","0","https://x.com/undefined/status/405008273964687360","18129942",
"405006003638251520","Mon Nov 25 16:12:10 +0000 2013","0","Kata Kemenristek Ihwal Terbakarnya Mobil Listrik http://t.co/Y6PYsDRFNr #infotekno","405006003638251520","","","in","","0","0","0","https://x.com/undefined/status/405006003638251520","81567439",
"404998634476810240","Mon Nov 25 15:42:53 +0000 2013","0","Tekno - Kata Kemenristek Soal Terbakarnya Mobil Listrik http://t.co/a5eC9QqPpz","404998634476810240","","","in","","0","0","1","https://x.com/undefined/status/404998634476810240","88352716",
"404989103906639872","Mon Nov 25 15:05:01 +0000 2013","0","Dahlan: Kebakaran baterai mobil listrik persoalan sepele http://t.co/4MdsSDEYLe #Riil","404989103906639872","","","in","","0","1","0","https://x.com/undefined/status/404989103906639872","456426648",
"404959456481394688","Mon Nov 25 13:07:12 +0000 2013","2","4 Mobil Listrik Bakal Dijajal di Bandung http://t.co/ekf3czz3ek via @detikoto","404959456481394688","","","in","","0","3","44","https://x.com/undefined/status/404959456481394688","69183155",
"404954187919654912","Mon Nov 25 12:46:16 +0000 2013","1","4 Mobil Listrik Bakal Dijajal di Bandung http://t.co/xRxVYpIq0d","404954187919654912","","","in","","0","0","7","https://x.com/undefined/status/404954187919654912","80543284",
"404952603529707522","Mon Nov 25 12:39:58 +0000 2013","0","[Otomotif] Kemenristek: Segera Wujudkan Mobil Listrik di Indonesia http://t.co/bErotJHCN8","404952603529707522","","","in","","0","1","2","https://x.com/undefined/status/404952603529707522","58880688",
"404931491001401345","Mon Nov 25 11:16:05 +0000 2013","0","Dahlan minta kebakaran baterai mobil listrik jangan ditutupi http://t.co/murYRBS6PV","404931491001401345","","","in","","0","0","2","https://x.com/undefined/status/404931491001401345","18071520",
"404924658228527104","Mon Nov 25 10:48:56 +0000 2013","2","Mobil Listrik Terbakar Dahlan Beber Penyebabnya http://t.co/YfhuRCdlJH","404924658228527104","","","in","","0","1","4","https://x.com/undefined/status/404924658228527104","41730943",
"404923788728344576","Mon Nov 25 10:45:29 +0000 2013","0","Bisnis - Mobil Listrik Dahlan Terbakar Saat Diisi Baterai http://t.co/oHb4O3WKbY","404923788728344576","","","in","","0","1","1","https://x.com/undefined/status/404923788728344576","88352716",
"404905534072971264","Mon Nov 25 09:32:56 +0000 2013","1","Baterai Mobil Listrik Terbakar Gendhis Tetap Aman http://t.co/GRYh1xZU2Z via @detikoto","404905534072971264","","","in","","0","0","11","https://x.com/undefined/status/404905534072971264","69183155",
"404901576319315969","Mon Nov 25 09:17:13 +0000 2013","0","Baterai Mobil Listrik Terbakar Gendhis Tetap Aman http://t.co/P9yNPzqZdw","404901576319315969","","","in","","0","0","1","https://x.com/undefined/status/404901576319315969","80543284",
"404892389539463168","Mon Nov 25 08:40:42 +0000 2013","0","Waduh Baterai Mobil Listrik 'Prototipe' Dahlan Iskan Terbakar http://t.co/GLXLgFhryh","404892389539463168","","","in","","0","0","1","https://x.com/undefined/status/404892389539463168","17588443",
"404884275939397632","Mon Nov 25 08:08:28 +0000 2013","0","Baterai Mobil Listrik Gendhis Terbakar Dahlan: Ini Bagian Menuju Kesempurnaan http://t.co/8z1u2TXlIL","404884275939397632","","","in","","0","0","2","https://x.com/undefined/status/404884275939397632","135795460",
"404883253414223873","Mon Nov 25 08:04:24 +0000 2013","0","Dahlan Iskan: Baterai Mobil Listrik Terbakar Bisa Buat Pembelajaran http://t.co/BaC7rOTCb1 via @detikoto","404883253414223873","","","in","","0","0","15","https://x.com/undefined/status/404883253414223873","69183155",
"404882866057641984","Mon Nov 25 08:02:52 +0000 2013","1","[Otomotif] Mobil Listrik Dapat Saingan Mobil Sel Hidrogen http://t.co/BF1dnNLkQZ","404882866057641984","","","in","","0","0","1","https://x.com/undefined/status/404882866057641984","58880688",
"404877893592829952","Mon Nov 25 07:43:06 +0000 2013","1","Kok Baterai Mobil Listrik Dahlan Bisa Terbakar? Ini Ceritanya http://t.co/dIzTIUrSO8","404877893592829952","","","in","","0","0","2","https://x.com/undefined/status/404877893592829952","135795460",
"404877800009523200","Mon Nov 25 07:42:44 +0000 2013","0","Dahlan Iskan: Baterai Mobil Listrik Terbakar Bisa Buat Pembelajaran http://t.co/5UNIVFJAyl","404877800009523200","","","in","","0","0","0","https://x.com/undefined/status/404877800009523200","80543284",
"404865434916110336","Mon Nov 25 06:53:36 +0000 2013","0","MOBIL LISTRIK TERBAKAR : Bengkel Membantah Tegaskan hanya Korsleting Biasa - http://t.co/K9Jdr30g2U","404865434916110336","","","in","","0","0","0","https://x.com/undefined/status/404865434916110336","118371948",
"404839687325368320","Mon Nov 25 05:11:17 +0000 2013","5","Baterai Mobil Listrik Dahlan Iskan Terbakar http://t.co/MUF6Smadc0 via @detikoto","404839687325368320","","","in","","0","1","22","https://x.com/undefined/status/404839687325368320","69183155",
"404827686557597696","Mon Nov 25 04:23:36 +0000 2013","0","Baterai Mobil Listrik Dahlan Iskan Terbakar http://t.co/Am44QUmMtM","404827686557597696","","","in","","0","0","4","https://x.com/undefined/status/404827686557597696","80543284",
"404738332581572608","Sun Nov 24 22:28:32 +0000 2013","0","Ini Tanggapan Kupu-Kupu Malam Soal Terbakarnya Mobil Listrik Gendhis http://t.co/yjQPsUPTzZ","404738332581572608","","","in","","0","0","5","https://x.com/undefined/status/404738332581572608","593344156",
"404738216432898049","Sun Nov 24 22:28:05 +0000 2013","0","Polisi Selidiki Kebakaran Mobil Listrik Gendhis http://t.co/kB2qjtDYfQ","404738216432898049","","","in","","0","0","3","https://x.com/undefined/status/404738216432898049","593344156",
"404620095030566912","Sun Nov 24 14:38:42 +0000 2013","0","Ini Tanggapan Kupu-Kupu Malam Soal Terbakarnya Mobil Listrik Gendhis http://t.co/hB5keWAYR9","404620095030566912","","","in","","0","0","0","https://x.com/undefined/status/404620095030566912","223476605",
"404601700238909440","Sun Nov 24 13:25:37 +0000 2013","0","MOBIL LISTRIK TERBAKAR : Sempat Diujicoba di UGM Mobil Gendhis Terbakar - http://t.co/CelzmZyRCz","404601700238909440","","","in","","0","1","3","https://x.com/undefined/status/404601700238909440","118371948",
"404587437457817600","Sun Nov 24 12:28:56 +0000 2013","2","TERPOPULER OTOMOTIF - Mobil Listrik yang Pernah Tampil di KTT APEC Terbakar http://t.co/6BjQ9vUGQy","404587437457817600","","","in","","0","1","8","https://x.com/undefined/status/404587437457817600","41730943",
"404567537813168128","Sun Nov 24 11:09:52 +0000 2013","0","[VIDEO] Mobil Listrik Gendhis Terbakar di Sleman http://t.co/p2lvYKLhwg","404567537813168128","","","in","","0","0","9","https://x.com/undefined/status/404567537813168128","593344156",
"404546189967650816","Sun Nov 24 09:45:02 +0000 2013","0","Mobil listrik yang pernah dipamerkan di KTT APEC terbakar http://t.co/a2aNsotRVI #Peristiwa","404546189967650816","","","in","","0","0","0","https://x.com/undefined/status/404546189967650816","456426648",
"404523930469154816","Sun Nov 24 08:16:35 +0000 2013","0","Video: Liputan6 Siang 24-11-2013 1 mobil listrik terbakar pesantren dibakar tabrak mobil status sinabung http://t.co/fg8wD6Bqyj","404523930469154816","","","in","","0","0","2","https://x.com/undefined/status/404523930469154816","47596019",
"404519850749345793","Sun Nov 24 08:00:22 +0000 2013","0","Video: [VIDEO] Mobil Listrik Karya Anak Bangsa Terbakar di Sleman http://t.co/ZvjAfDfiXR","404519850749345793","","","in","","0","1","4","https://x.com/undefined/status/404519850749345793","47596019",
"404509838576594944","Sun Nov 24 07:20:35 +0000 2013","1","[VIDEO] Mobil Listrik `Gendhis` Terbakar di Sleman http://t.co/QZdB6Q51aS","404509838576594944","","","in","","0","0","3","https://x.com/undefined/status/404509838576594944","47596019",
"404449103611822081","Sun Nov 24 03:19:15 +0000 2013","0","Mobil Listrik Buatan Sleman Terbakar http://t.co/Um1QvRqa4X","404449103611822081","","","in","","0","1","5","https://x.com/undefined/status/404449103611822081","593344156",
"404447522648641538","Sun Nov 24 03:12:58 +0000 2013","1","Mobil Listrik yang Pernah Tampil di KTT APEC Terbakar http://t.co/yAck26RNnO","404447522648641538","","","in","","0","0","4","https://x.com/undefined/status/404447522648641538","41730943",
"404196644176285696","Sat Nov 23 10:36:04 +0000 2013","0","Mobil Listrik 'Lamborghini' Akan Dipajang di Jogja Kreatif ! http://t.co/vseSFxFfjQ","404196644176285696","","","in","","0","5","8","https://x.com/undefined/status/404196644176285696","223476605",
"404075863504715776","Sat Nov 23 02:36:07 +0000 2013","0","UGM Kembangkan Teknologi Baterai Mobil Listrik http://t.co/BjkLcJAoJt","404075863504715776","","","in","","0","0","1","https://x.com/undefined/status/404075863504715776","411249982",
"404071847957782529","Sat Nov 23 02:20:10 +0000 2013","0","UGM Kembangkan Teknologi Baterai Mobil Listrik http://t.co/Y5rEYT7sm1","404071847957782529","","","in","","0","0","1","https://x.com/undefined/status/404071847957782529","219527452",
"404059815682400257","Sat Nov 23 01:32:21 +0000 2013","0","Komitmen Pemerintah Kembangkan Mobil Listrik Masih Dipertanyakan http://t.co/XUqoSlXnQ5","404059815682400257","","","in","","0","0","0","https://x.com/undefined/status/404059815682400257","219527452",
"404044289618882560","Sat Nov 23 00:30:40 +0000 2013","0","Mengatasi masalah produksi massal mobil listrik nasional pd 2016 UGM fokuskan riset akan produksi baterai. #PaCaRan","404044289618882560","","","in","","0","0","3","https://x.com/undefined/status/404044289618882560","68657632",
"403828470439882753","Fri Nov 22 10:13:04 +0000 2013","1","Menristek Puas Jajal Mobil Listrik Selo http://t.co/9C3pOYZa9M via @detikoto","403828470439882753","","","in","","0","0","4","https://x.com/undefined/status/403828470439882753","69183155",
"403811860480159746","Fri Nov 22 09:07:04 +0000 2013","0","Menristek Coba Mobil Sport Listrik 'Selo' http://t.co/7Vk6x8jnWt","403811860480159746","","","in","","0","1","1","https://x.com/undefined/status/403811860480159746","22126902",
"403802828080037888","Fri Nov 22 08:31:11 +0000 2013","0","Menristek Puas Jajal Mobil Listrik Selo http://t.co/OcjoYbeSyc","403802828080037888","","","in","","0","0","4","https://x.com/undefined/status/403802828080037888","80543284",
"403800590326562816","Fri Nov 22 08:22:17 +0000 2013","0","Menristek Pamer Mobil Listrik http://t.co/0ZlOMTdpyg via @detikoto","403800590326562816","","","da","","0","2","18","https://x.com/undefined/status/403800590326562816","69183155",
"403798621734199297","Fri Nov 22 08:14:28 +0000 2013","1","Menristek Pamer Mobil Listrik http://t.co/6rrNky346L via @detik_foto","403798621734199297","","","da","","0","1","13","https://x.com/undefined/status/403798621734199297","69183155",
"403792582708187136","Fri Nov 22 07:50:28 +0000 2013","0","#beritaUGM UGM Kembangkan Teknologi Baterai Mobil Listrik http://t.co/8QVgx2t1bG","403792582708187136","","","in","","0","0","18","https://x.com/undefined/status/403792582708187136","151261945",
"403785315074060288","Fri Nov 22 07:21:35 +0000 2013","0","Menristek Pamer Mobil Listrik http://t.co/LVZdMDoz5f","403785315074060288","","","da","","0","0","4","https://x.com/undefined/status/403785315074060288","80543284",
"403784735240896512","Fri Nov 22 07:19:17 +0000 2013","0","FOTO: Menristek Jajal Mobil Listrik SELO http://t.co/FMeWsfEo1i","403784735240896512","","","in","","0","1","1","https://x.com/undefined/status/403784735240896512","18129942",
"403773673883983872","Fri Nov 22 06:35:20 +0000 2013","0","Selo mobil listrik ala 'Lamborghini' karya anak bangsa Rp 1 5 M http://t.co/R6Uaj5oG0E #Peristiwa","403773673883983872","","","in","","0","0","1","https://x.com/undefined/status/403773673883983872","456426648",
"403767306427187200","Fri Nov 22 06:10:02 +0000 2013","0","Jajal mobil listrik Selo Menristek minat produksi massal http://t.co/w5S94M72B8 #Peristiwa","403767306427187200","","","in","","0","0","0","https://x.com/undefined/status/403767306427187200","456426648",
"403764809176326145","Fri Nov 22 06:00:06 +0000 2013","1","Pengembangan mobil listrik butuh dukungan politik http://t.co/WBLTmqhBZu","403764809176326145","","","in","","0","0","0","https://x.com/undefined/status/403764809176326145","262026799",
"403754453934690305","Fri Nov 22 05:18:57 +0000 2013","0","Jajal Mobil Sport Listrik 'Selo' Ini Tanggapan Menristek http://t.co/2s4YFPFPlh","403754453934690305","","","in","","0","1","2","https://x.com/undefined/status/403754453934690305","22126902",
"403754244450185217","Fri Nov 22 05:18:07 +0000 2013","4","Mengintip 3 Mobil Listrik Baru Buatan Nissan http://t.co/sVdGvlzLHU via @detikoto","403754244450185217","","","in","","0","0","26","https://x.com/undefined/status/403754244450185217","69183155",
"403747033405603840","Fri Nov 22 04:49:28 +0000 2013","0","Mengintip 3 Mobil Listrik Baru Buatan Nissan http://t.co/9cM03DLsLP","403747033405603840","","","in","","0","0","3","https://x.com/undefined/status/403747033405603840","80543284",
"403734134641524736","Fri Nov 22 03:58:13 +0000 2013","3","FOTO: Menristek Uji Coba Mobil Listrik http://t.co/6uo6sJWzL5","403734134641524736","","","in","","0","1","5","https://x.com/undefined/status/403734134641524736","57261519",
"403688424999120896","Fri Nov 22 00:56:35 +0000 2013","2","Jadi http://t.co/BDKdWJJTog adl prototip mobil listrik Selo. Disebelahnya ada Gendhis dan bus listrik yg akan didemonstrasikan di UGM.","403688424999120896","https://pbs.twimg.com/media/BZorW1RCEAA4Obc.jpg","","in","","0","7","72","https://x.com/undefined/status/403688424999120896","151261945",
"403563728139853824","Thu Nov 21 16:41:05 +0000 2013","0","Pengembangan Mobil Listrik Butuh Dukungan Politik http://t.co/3l3wWMygiS","403563728139853824","","","in","","0","0","1","https://x.com/undefined/status/403563728139853824","154102750",
"403560081997828097","Thu Nov 21 16:26:35 +0000 2013","0","Pengembangan mobil listrik butuh dukungan politik http://t.co/MoUyWJODPr","403560081997828097","","","in","","0","0","4","https://x.com/undefined/status/403560081997828097","18071520",
"403554798013652992","Thu Nov 21 16:05:36 +0000 2013","0","Pengembangan Mobil Listrik Butuh Dukungan Politik http://t.co/35XZAEEd9M","403554798013652992","","","in","","0","1","0","https://x.com/undefined/status/403554798013652992","22126902",
"403468708024037376","Thu Nov 21 10:23:30 +0000 2013","0","#beritaUGM Holding Company Bentuk Dukungan Pemerintah Terhadap Mobil Listrik Nasional http://t.co/tK9fLYT3Te","403468708024037376","","","in","","0","0","7","https://x.com/undefined/status/403468708024037376","151261945",
"403467408909680641","Thu Nov 21 10:18:21 +0000 2013","2","Dahlan: Dahulu Mobil Listrik Kayak Kuntilanak http://t.co/TNPIC4Bc7n via @detikfinance","403467408909680641","","","in","","0","0","20","https://x.com/undefined/status/403467408909680641","69183155",
"403449526091907072","Thu Nov 21 09:07:17 +0000 2013","0","Dahlan: Dahulu Mobil Listrik Kayak Kuntilanak http://t.co/TnmuWb8FiI","403449526091907072","","","in","","0","0","3","https://x.com/undefined/status/403449526091907072","135795460",
"403434883168489472","Thu Nov 21 08:09:06 +0000 2013","0","Dahlan: Mobil Listrik Jadi Urusan Kemenristek http://t.co/6xnd57yDdH","403434883168489472","","","in","","0","0","2","https://x.com/undefined/status/403434883168489472","41730943",
"403420522731409408","Thu Nov 21 07:12:02 +0000 2013","0","Dahlan: Dulu Mobil Listrik Kayak Kuntilanak http://t.co/Dy6sPCpyd0","403420522731409408","","","in","","0","3","5","https://x.com/undefined/status/403420522731409408","47596019",
"403412470531780608","Thu Nov 21 06:40:02 +0000 2013","0","Ketangguhan mobil listrik Dahlan diuji di lima kota http://t.co/8EwQ9vomvU #Riil","403412470531780608","","","in","","0","1","2","https://x.com/undefined/status/403412470531780608","456426648",
"403143632540037120","Wed Nov 20 12:51:46 +0000 2013","1","Kalau bawa #transportasiPUBLIK spt kereta @PTINKA baru KEREN &gt; Mobil listrik @iskan_dahlan menuju dephub u uji coba http://t.co/id4x9QN2qi","403143632540037120","https://pbs.twimg.com/media/BZg9j2PCEAAnVM_.jpg","","in","","0","1","0","https://x.com/undefined/status/403143632540037120","18158130",
"403100678815756289","Wed Nov 20 10:01:05 +0000 2013","0","Dukung produksi mobil listrik tersebut ITS meluncurkan mobil listrik yang diberi mama EC ITS. http://t.co/GQE04m6vkO #InfoSby","403100678815756289","","","in","","0","0","9","https://x.com/undefined/status/403100678815756289","100712680",
"403016237350801408","Wed Nov 20 04:25:33 +0000 2013","0","Regulator AS Selidiki Kebakaran Mobil Listrik Model S Tesla Motor http://t.co/Kfx0pVxOLg","403016237350801408","","","in","","0","0","0","https://x.com/undefined/status/403016237350801408","118646322",
"402788235434147840","Tue Nov 19 13:19:33 +0000 2013","0","Mobil Listrik Ada Mobil Murah Dimanja http://t.co/KXQ1HX0WhR","402788235434147840","","","in","","0","3","3","https://x.com/undefined/status/402788235434147840","23786106",
"402744993632514048","Tue Nov 19 10:27:43 +0000 2013","0","#HCNews Naik Mobil Listrik Dahlan Sopiri Rektor Unej http://t.co/BlTBU0DyAS","402744993632514048","","","in","","0","0","2","https://x.com/undefined/status/402744993632514048","157223980",
"402678339795550208","Tue Nov 19 06:02:52 +0000 2013","0","Abimana Berminat Beli Mobil Listrik http://t.co/IiG86NzcXb","402678339795550208","","","in","","0","0","0","https://x.com/undefined/status/402678339795550208","137282671",
"402290300426518528","Mon Nov 18 04:20:56 +0000 2013","0","Ini dia mobil listrik garuda uny http://t.co/StnbN24cQn (@technofest3)","402290300426518528","https://pbs.twimg.com/media/BZKetUiCUAACsgc.jpg","","in","","0","1","13","https://x.com/undefined/status/402290300426518528","454564576",
"402086243598467073","Sun Nov 17 14:50:05 +0000 2013","0","FOTO: 30 Kampus di Indonesia Unjuk Mobil Listrik Karyanya di IEMC 2013 http://t.co/ygbdthdQQ2","402086243598467073","","","in","","0","0","3","https://x.com/undefined/status/402086243598467073","18129942",
"402003042100203521","Sun Nov 17 09:19:28 +0000 2013","0","Via @didhotbedjo: Hati2 musim hujan jgn sampai mobil anda jd korban dari tumbangnya tiang listrik PLN Katanya sih gak ada ganti ruginya","402003042100203521","","","in","","0","0","3","https://x.com/undefined/status/402003042100203521","180652518",
"401569123399790592","Sat Nov 16 04:35:14 +0000 2013","1","Mobil listrik BMW siap dipasarkan di Jerman http://t.co/4xt1JayGkv","401569123399790592","","","in","","0","0","0","https://x.com/undefined/status/401569123399790592","43799886",
"401371441867653120","Fri Nov 15 15:29:43 +0000 2013","1","FOTO: Indonesia Energy Marathon Challenge Ajang Unjuk Mobil Listrik http://t.co/dDXPKmmmvk","401371441867653120","","","in","","0","0","2","https://x.com/undefined/status/401371441867653120","18129942",
"401338967049506816","Fri Nov 15 13:20:40 +0000 2013","0","Dahlan jajal mobil listrik buatan STTAD Malang http://t.co/cwFEzBnSQk","401338967049506816","","","in","","0","1","0","https://x.com/undefined/status/401338967049506816","262026799",
"401319905925926912","Fri Nov 15 12:04:56 +0000 2013","2","#lalinBDG 19.05 : Sarijadi macet!! Jl. Ciwaruga di tutup tiang listrik roboh. Mobil stuck diem ditempat | @elsyaelizza","401319905925926912","","","in","","0","4","23","https://x.com/undefined/status/401319905925926912","101494663",
"401294923795673088","Fri Nov 15 10:25:40 +0000 2013","3","Ini Alasan Dahlan Iskan Ngotot Kembangkan Mobil Listrik http://t.co/7LZsdilpyu via @detikfinance","401294923795673088","","","in","","0","12","14","https://x.com/undefined/status/401294923795673088","69183155",
"401275359041028096","Fri Nov 15 09:07:55 +0000 2013","0","Ini Alasan Dahlan Iskan Ngotot Kembangkan Mobil Listrik http://t.co/6DF73G3bpN","401275359041028096","","","in","","0","0","1","https://x.com/undefined/status/401275359041028096","135795460",
"401264097942966272","Fri Nov 15 08:23:10 +0000 2013","0","Dahlan Jajal Mobil Listrik Buatan STTAD Malang http://t.co/X0tkM7y0Km","401264097942966272","","","in","","0","0","0","https://x.com/undefined/status/401264097942966272","22126902",
"401261397486485504","Fri Nov 15 08:12:26 +0000 2013","0","Dahlan jajal mobil listrik bikinan Malang http://t.co/55W4U9I1xs","401261397486485504","","","in","","0","2","1","https://x.com/undefined/status/401261397486485504","18071520",
"401253800843182080","Fri Nov 15 07:42:15 +0000 2013","0","Mobil Diesel Hybrid Lebih Oke dari Listrik http://t.co/GwjlD5oEqV","401253800843182080","","","in","","0","0","1","https://x.com/undefined/status/401253800843182080","223476605",
"401247656728461312","Fri Nov 15 07:17:50 +0000 2013","1","Dahlan Sumbang Baterai Litium untuk Mobil Listrik Malang http://t.co/ElnZ6AKrad via @detikfinance","401247656728461312","","","in","","0","0","22","https://x.com/undefined/status/401247656728461312","69183155",
"401241586094190593","Fri Nov 15 06:53:43 +0000 2013","0","Dahlan Sumbang Baterai Litium untuk Mobil Listrik Malang http://t.co/TjaJUhtIHF","401241586094190593","","","in","","0","0","0","https://x.com/undefined/status/401241586094190593","135795460",
"401183322334048257","Fri Nov 15 03:02:12 +0000 2013","0","Kompetisi mobil listrik Indonesia http://t.co/2GwO3SnIII @officialnetnews #NET10","401183322334048257","","","in","","0","0","1","https://x.com/undefined/status/401183322334048257","118288671",
"401167274842673152","Fri Nov 15 01:58:26 +0000 2013","1"," @hanumrais: Mobil listrik karya wong jogja top markotop! http://t.co/ggQBFlS8af ","401167274842673152","https://pbs.twimg.com/media/BY4XQjPIYAAH8s1.jpg","","in","","0","1","1","https://x.com/undefined/status/401167274842673152","83331435",
"400930830823866368","Thu Nov 14 10:18:53 +0000 2013","2","Mobil Listrik Digemari Masyarakat Inggris http://t.co/sIBxSogMTJ","400930830823866368","","","in","","0","1","10","https://x.com/undefined/status/400930830823866368","57261519",
"400888188786315264","Thu Nov 14 07:29:27 +0000 2013","0","10.Kebijakan mobil murah dimaksud adlh terkait angkutan perdesaan yg ramah lingkungan baik listrik maupun hybrid #sidang14Nov","400888188786315264","","","in","","0","0","3","https://x.com/undefined/status/400888188786315264","260686783",
"400866104270405632","Thu Nov 14 06:01:41 +0000 2013","0","Aki mobil merupakan hal terpenting dalam sistem kelistrikan dalam mobil. Karena aki merupakan sumber listrik utama dalam mobil. #ToyotaTips","400866104270405632","","","in","","0","1","4","https://x.com/undefined/status/400866104270405632","64310527",
"400854419106828288","Thu Nov 14 05:15:15 +0000 2013","2","Ada 3 Kasus Kebakaran Tesla Takkan Menarik Mobil Listrik Mewahnya http://t.co/qoohHm32vU via @detikoto","400854419106828288","","","in","","0","0","8","https://x.com/undefined/status/400854419106828288","69183155",
"400841377115688961","Thu Nov 14 04:23:26 +0000 2013","0","Ada 3 Kasus Kebakaran Tesla Takkan Menarik Mobil Listrik Mewahnya http://t.co/QTbcDGQQmX","400841377115688961","","","in","","0","0","5","https://x.com/undefined/status/400841377115688961","80543284",
"400840752495747072","Thu Nov 14 04:20:57 +0000 2013","3","Wow Slank Bakal Tour Pakai Mobil Listrik Nasional http://t.co/fsfY7LUOKv via @detikoto","400840752495747072","","","in","","0","3","44","https://x.com/undefined/status/400840752495747072","69183155",
"400837161785638912","Thu Nov 14 04:06:41 +0000 2013","0","Wow Slank Bakal Tour Pakai Mobil Listrik Nasional http://t.co/YDJINXIyfU","400837161785638912","","","in","","0","0","3","https://x.com/undefined/status/400837161785638912","80543284",
"400829869761634304","Thu Nov 14 03:37:42 +0000 2013","3","Semua Mobil Listrik Nasional Bakal Ditangani Kemenristek http://t.co/yGZKZEqQXE via @detikoto","400829869761634304","","","in","","0","2","24","https://x.com/undefined/status/400829869761634304","69183155",
"400829080993411073","Thu Nov 14 03:34:34 +0000 2013","1","Semua Mobil Listrik Nasional Bakal Ditangani Kemenristek http://t.co/RmADVzpc6Y","400829080993411073","","","in","","0","0","3","https://x.com/undefined/status/400829080993411073","80543284",
"400824442336468992","Thu Nov 14 03:16:08 +0000 2013","0","Dahlan Iskan Sudah Gatal Ingin Nyetir Mobil Listrik Lagi http://t.co/hzdiUBZMIT via @detikoto","400824442336468992","","","in","","0","2","19","https://x.com/undefined/status/400824442336468992","69183155",
"400823363880243200","Thu Nov 14 03:11:51 +0000 2013","1","Dahlan Iskan Sudah Gatal Ingin Nyetir Mobil Listrik Lagi http://t.co/qjKEmPIt8z","400823363880243200","","","in","","0","0","2","https://x.com/undefined/status/400823363880243200","80543284",
"400811038183927808","Thu Nov 14 02:22:52 +0000 2013","0","Belum Ada Izin Dahlan Iskan Tidak Berani Nyetir Mobil Listrik http://t.co/C5APUhWaJ6","400811038183927808","","","in","","0","1","4","https://x.com/undefined/status/400811038183927808","80543284",
"400810968734638080","Thu Nov 14 02:22:36 +0000 2013","2","Belum Ada Izin Dahlan Iskan Tidak Berani Nyetir Mobil Listrik http://t.co/qrDvpdX3bF via @detikoto","400810968734638080","","","in","","0","5","14","https://x.com/undefined/status/400810968734638080","69183155",
"400803392219398144","Thu Nov 14 01:52:29 +0000 2013","0","Rakornas Kemenristek Usung Mobil Listrik Digunakan di Indonesia http://t.co/mpKEJxch00","400803392219398144","","","in","","0","0","2","https://x.com/undefined/status/400803392219398144","220151003",
"400792864021434369","Thu Nov 14 01:10:39 +0000 2013","0","Mobil Listrik Digemari Masyarakat Inggris http://t.co/l4IRuqC63J","400792864021434369","","","in","","0","3","10","https://x.com/undefined/status/400792864021434369","57261519",
"400749191736983552","Wed Nov 13 22:17:07 +0000 2013","5","Dahlan Iskan 'Gatal' Tunggangi Mobil Listrik Lagi http://t.co/FFRrfKHyQ0","400749191736983552","","","in","","0","5","19","https://x.com/undefined/status/400749191736983552","57261519",
"400661841824579584","Wed Nov 13 16:30:01 +0000 2013","1","Dahlan klaim mobil listrik segera dapat cap layak jalan http://t.co/ZuQOTPP5CK #Riil","400661841824579584","","","in","","0","0","0","https://x.com/undefined/status/400661841824579584","456426648",
"400661249370759168","Wed Nov 13 16:27:40 +0000 2013","1","Dahlan Iskan gatal kemudikan mobil listrik lagi http://t.co/n58vi6A0xi","400661249370759168","","","in","","0","1","0","https://x.com/undefined/status/400661249370759168","18071520",
"400655549563273216","Wed Nov 13 16:05:01 +0000 2013","0","Dahlan larang Slank tur keliling Indonesia pakai mobil listrik http://t.co/m5gw15mebR #Riil","400655549563273216","","","in","","0","1","0","https://x.com/undefined/status/400655549563273216","456426648",
"400624258465804288","Wed Nov 13 14:00:41 +0000 2013","0","Penjualan mobil listrik di Inggris capai rekor tertinggi http://t.co/K7o1nimsLQ","400624258465804288","","","in","","0","0","1","https://x.com/undefined/status/400624258465804288","262026799",
"400593257580621825","Wed Nov 13 11:57:29 +0000 2013","0","Soul EV Mobil Listrik Pertama Kia untuk Pasar Luar Korea http://t.co/X36Pv94Ds1","400593257580621825","","","in","","0","0","1","https://x.com/undefined/status/400593257580621825","22126902",
"400501286576988160","Wed Nov 13 05:52:02 +0000 2013","0","Penjualan Mobil Listrik di Inggris Capai Rekor Tertinggi http://t.co/mt2D9r5YzC","400501286576988160","","","in","","0","1","4","https://x.com/undefined/status/400501286576988160","22126902",
"400488881734172672","Wed Nov 13 05:02:44 +0000 2013","1","Penjualan mobil listrik capai angka tertinggi di Inggris http://t.co/O7S2QngtMZ","400488881734172672","","","in","","0","0","1","https://x.com/undefined/status/400488881734172672","18071520",
"400453115431763968","Wed Nov 13 02:40:37 +0000 2013","0","George Clooney kecewa mobil listrik ini http://t.co/OLaBZ0aFcw","400453115431763968","","","in","","0","0","0","https://x.com/undefined/status/400453115431763968","262026799",
"400436957211148288","Wed Nov 13 01:36:25 +0000 2013","0","Arjuna Mobil Balap Listrik Kreasi Mahasiswa UGM http://t.co/D9mXsdwkIh","400436957211148288","","","in","","0","0","1","https://x.com/undefined/status/400436957211148288","219527452",
"400375322995998721","Tue Nov 12 21:31:30 +0000 2013","1","George Clooney Kecewa Mobil Listrik Ini http://t.co/5ChSK4LUbP","400375322995998721","","","in","","0","0","4","https://x.com/undefined/status/400375322995998721","22126902",
"400253383950352384","Tue Nov 12 13:26:57 +0000 2013","0","Mahasiswa UGM Ciptakan Mobil Balap Listrik Arjuna http://t.co/uZRg7smduQ","400253383950352384","","","in","","0","1","7","https://x.com/undefined/status/400253383950352384","593344156",
"400141944216514561","Tue Nov 12 06:04:08 +0000 2013","0","#beritaUGM ARJUNA Mobil Balap Listrik Kreasi Mahasiswa UGM http://t.co/OOUV2DgWaK","400141944216514561","","","in","","0","1","17","https://x.com/undefined/status/400141944216514561","151261945",
"400126483965825024","Tue Nov 12 05:02:42 +0000 2013","3","Kuartet Jepang Bikin Stasiun Pengisian Mobil Listrik http://t.co/TgzvaFLMOs via @detikoto","400126483965825024","","","in","","0","0","12","https://x.com/undefined/status/400126483965825024","69183155",
"400123987654479872","Tue Nov 12 04:52:47 +0000 2013","0","Kuartet Jepang Bikin Stasiun Pengisian Mobil Listrik http://t.co/j3P3QTvHzg","400123987654479872","","","in","","0","0","3","https://x.com/undefined/status/400123987654479872","80543284",
"399907376574107648","Mon Nov 11 14:32:03 +0000 2013","3","Terbakar Mobil Listrik Teraman Diinvestigasi http://t.co/OxTnELPhwa via @detikoto","399907376574107648","","","in","","0","2","13","https://x.com/undefined/status/399907376574107648","69183155",
"399903445127135232","Mon Nov 11 14:16:25 +0000 2013","0","Terbakar Mobil Listrik Teraman Diinvestigasi http://t.co/cHIrxfNR5e","399903445127135232","","","in","","0","0","3","https://x.com/undefined/status/399903445127135232","80543284",
"399837956967395329","Mon Nov 11 09:56:12 +0000 2013","0","Mobil Listrik Dari Nissan Ini Bak Pesawat UFO http://t.co/kIJyfknY2i","399837956967395329","","","in","","0","0","2","https://x.com/undefined/status/399837956967395329","17588443",
"399527666983780352","Sun Nov 10 13:23:13 +0000 2013","0","Mobil listrik dicas nirkabel saat parkir http://t.co/LkZsiHDWFn","399527666983780352","","","in","","0","0","0","https://x.com/undefined/status/399527666983780352","18071520",
"399200650354892800","Sat Nov 09 15:43:46 +0000 2013","5","[Video] Mahasiswa Poltek di Bandung Berhasil Buat Mobil Listrik http://t.co/P5hqdIT6NT","399200650354892800","","","in","","0","8","37","https://x.com/undefined/status/399200650354892800","55507370",
"399151717201092608","Sat Nov 09 12:29:19 +0000 2013","1","TERPOPULER OTOMOTIF - Mobil Listrik Teraman Dunia Justru Juaranya Terbakar http://t.co/TGV3ihwWXf","399151717201092608","","","in","","0","0","4","https://x.com/undefined/status/399151717201092608","41730943",
"399010808274771968","Sat Nov 09 03:09:24 +0000 2013","0","Mobil Listrik Teraman Dunia Justru Juaranya Terbakar http://t.co/6ctNmOVt2n","399010808274771968","","","in","","0","1","3","https://x.com/undefined/status/399010808274771968","41730943",
"398792024729456640","Fri Nov 08 12:40:02 +0000 2013","0","RI Masih Sulit Produksi Massal Mobil Listrik Karena Batere http://t.co/XGvw20Rp86","398792024729456640","","","in","","0","0","2","https://x.com/undefined/status/398792024729456640","47596019",
"398784475695284224","Fri Nov 08 12:10:02 +0000 2013","0","Pemerintah yakin mobil listrik siap dijual 2016 http://t.co/pzULUKuzZQ #Riil","398784475695284224","","","in","","0","0","0","https://x.com/undefined/status/398784475695284224","456426648",
"398781827986358272","Fri Nov 08 11:59:31 +0000 2013","2","Menristek Sebut RI Masih Bisa Saingi Negara Maju Kembangkan Mobil Listrik http://t.co/qDcmOGO3cp via @detikfinance","398781827986358272","","","in","","0","1","23","https://x.com/undefined/status/398781827986358272","69183155",
"398765386113363968","Fri Nov 08 10:54:11 +0000 2013","0","Baterei Mobil Listrik Harus Berukuran Kecil dengan Daya Tinggi: Kalau sifatnya masih tahapnya penelitian uji ... http://t.co/5M2gBQFXz5","398765386113363968","","","in","","0","0","0","https://x.com/undefined/status/398765386113363968","70139265",
"398761549700943872","Fri Nov 08 10:38:56 +0000 2013","0","Menristek Sebut RI Masih Bisa Saingi Negara Maju Kembangkan Mobil Listrik http://t.co/hEvPXbHm3Q","398761549700943872","","","in","","0","1","1","https://x.com/undefined/status/398761549700943872","135795460",
"398419182422736897","Thu Nov 07 11:58:30 +0000 2013","0","Renault-Nissan dan Mitsubishi kerjasama kembangkan mobil listrik http://t.co/BOs2hNTekV","398419182422736897","","","in","","0","0","1","https://x.com/undefined/status/398419182422736897","18071520",
"398382276574081024","Thu Nov 07 09:31:50 +0000 2013","0","Kemenperin: Mobil Listrik Cocok Untuk Angkutan Jarak Pendek http://t.co/tgAl4SGbVn #BeritaIndustri","398382276574081024","","","in","","0","0","0","https://x.com/undefined/status/398382276574081024","482857866",
"398236761370812416","Wed Nov 06 23:53:37 +0000 2013","0","Mobil Tabrak Tiang Listrik 5 Orang Luka http://t.co/YKZwesI8Ec","398236761370812416","","","in","","0","3","12","https://x.com/undefined/status/398236761370812416","57261519",
"398152810228744192","Wed Nov 06 18:20:01 +0000 2013","1","Tabrak tiang listrik mobil Ford everest rusak parah di Cilandak http://t.co/bvjS3LAYxU #Peristiwa","398152810228744192","","","in","","0","0","0","https://x.com/undefined/status/398152810228744192","456426648",
"398029513470144512","Wed Nov 06 10:10:05 +0000 2013","0","Mobil listrik dianggap cocok untuk mikrolet apa kata Dahlan? http://t.co/VEfpubLvRs #Riil","398029513470144512","","","in","","0","0","0","https://x.com/undefined/status/398029513470144512","456426648",
"397898635842560000","Wed Nov 06 01:30:02 +0000 2013","0","Organda tantang pemerintah ubah mikrolet pakai mobil listrik http://t.co/Fs2nCkl4li #Riil","397898635842560000","","","in","","0","0","0","https://x.com/undefined/status/397898635842560000","456426648",
"397872535003361281","Tue Nov 05 23:46:19 +0000 2013","1","Ini Kendala yang Dialami Mobil Listrik Selo Saat Masih Diuji http://t.co/JCaBo6DaKX","397872535003361281","","","in","","0","0","3","https://x.com/undefined/status/397872535003361281","80543284",
"397871860961931265","Tue Nov 05 23:43:38 +0000 2013","2","Ini Kendala yang Dialami Mobil Listrik Selo Saat Masih Diuji http://t.co/JZVsRAlH8V via @detikoto","397871860961931265","","","in","","0","0","10","https://x.com/undefined/status/397871860961931265","69183155",
"397869695585357824","Tue Nov 05 23:35:02 +0000 2013","1","5 Fakta mobil listrik Dahlan bakal layu sebelum berkembang http://t.co/Ljv5dXSk9Y #Riil","397869695585357824","","","in","","0","0","1","https://x.com/undefined/status/397869695585357824","456426648",
"397860903124623361","Tue Nov 05 23:00:05 +0000 2013","7","Mobil Balap Listrik Ini Ada Sebelum Mobil Listrik Dahlan Iskan http://t.co/Qmvnnr8wPB via @detikoto","397860903124623361","","","in","","0","0","20","https://x.com/undefined/status/397860903124623361","69183155",
"397860270862655490","Tue Nov 05 22:57:35 +0000 2013","2","Mobil Balap Listrik Ini Ada Sebelum Mobil Listrik Dahlan Iskan http://t.co/qbjbLJbfye","397860270862655490","","","in","","0","0","5","https://x.com/undefined/status/397860270862655490","80543284",
"397709893236314113","Tue Nov 05 13:00:02 +0000 2013","0","Dahlan harus realistis kembangkan mobil listrik di Tanah Air http://t.co/VFyi5dyBNm #Riil","397709893236314113","","","in","","0","0","2","https://x.com/undefined/status/397709893236314113","456426648",
"397674660159963136","Tue Nov 05 10:40:02 +0000 2013","0","Dahlan wajib pikirkan infrastruktur sebelum jualan mobil listrik http://t.co/Ki3Hl4ZR94 #Riil","397674660159963136","","","in","","0","0","0","https://x.com/undefined/status/397674660159963136","456426648",
"397658549041373184","Tue Nov 05 09:36:00 +0000 2013","1","Interior Mewah Mobil Listrik Gendhis http://t.co/p8azFxB88I via @detik_foto","397658549041373184","","","in","","0","0","22","https://x.com/undefined/status/397658549041373184","69183155",
"397655846487736321","Tue Nov 05 09:25:16 +0000 2013","3","Interior Mewah Mobil Listrik Gendhis http://t.co/lVouZ4YRRu via @detikoto","397655846487736321","","","in","","0","2","20","https://x.com/undefined/status/397655846487736321","69183155",
"397655434145718272","Tue Nov 05 09:23:38 +0000 2013","1","Interior Mewah Mobil Listrik Gendhis http://t.co/wOl9ZO4EUi","397655434145718272","","","in","","0","0","5","https://x.com/undefined/status/397655434145718272","80543284",
"397605452545945600","Tue Nov 05 06:05:01 +0000 2013","0","Dahlan perlu berkaca dari kegagalan Israel buat mobil listrik http://t.co/KU29wNS7UR #Riil","397605452545945600","","","in","","0","3","0","https://x.com/undefined/status/397605452545945600","456426648",
"397572741093543936","Tue Nov 05 03:55:02 +0000 2013","0","Mobil murah benamkan program Dahlan kenalkan mobil listrik http://t.co/dNJVXYWlNG #Riil","397572741093543936","","","in","","0","0","0","https://x.com/undefined/status/397572741093543936","456426648",
"397549899132067840","Tue Nov 05 02:24:16 +0000 2013","6","Mobil Listrik Butuh Dukungan Pemerintah http://t.co/ilqzDwuOVv via @detikoto","397549899132067840","","","in","","0","3","45","https://x.com/undefined/status/397549899132067840","69183155",
"397548718217392128","Tue Nov 05 02:19:35 +0000 2013","1","Mobil Listrik Butuh Dukungan Pemerintah http://t.co/3iLHPMWyAG","397548718217392128","","","in","","0","0","3","https://x.com/undefined/status/397548718217392128","80543284",
"397347858933755904","Mon Nov 04 13:01:26 +0000 2013","2","Mobil Listrik Selo Masih Butuh Penyempurnaan http://t.co/e8bqKXLxhT via @detikoto","397347858933755904","","","in","","0","0","23","https://x.com/undefined/status/397347858933755904","69183155",
"397346923822080001","Mon Nov 04 12:57:43 +0000 2013","0","Mobil Listrik Selo Masih Butuh Penyempurnaan http://t.co/039KmMoCZy","397346923822080001","","","in","","0","0","3","https://x.com/undefined/status/397346923822080001","80543284",
"397289055978676224","Mon Nov 04 09:07:46 +0000 2013","3","Mobil Listrik Selo dan Gendhis Dipamerkan di Senayan http://t.co/HMWP9OfTmJ via @detikoto","397289055978676224","","","in","","0","1","17","https://x.com/undefined/status/397289055978676224","69183155",
"397287952696348672","Mon Nov 04 09:03:23 +0000 2013","0","Malam ini tim Speedzone akan meliput kreatifitas anak-anak Jogjakarta dalam menciptakan mobil listrik. Saksikan... http://t.co/5HEjLsaK1A","397287952696348672","","","in","","0","1","0","https://x.com/undefined/status/397287952696348672","85737051",
"397286619213877248","Mon Nov 04 08:58:05 +0000 2013","0","Mobil Listrik Selo dan Gendhis Dipamerkan di Senayan http://t.co/qFC1kTgTUB","397286619213877248","","","in","","0","0","4","https://x.com/undefined/status/397286619213877248","80543284",
"397244239764922368","Mon Nov 04 06:09:41 +0000 2013","4","'Kampanye Perusahaan Minyak Melawan Mobil Listrik Menyesatkan' http://t.co/9joVbc7VwR via @detikoto","397244239764922368","","","in","","0","0","19","https://x.com/undefined/status/397244239764922368","69183155",
"397241787418304512","Mon Nov 04 05:59:57 +0000 2013","0","'Kampanye Perusahaan Minyak Melawan Mobil Listrik Menyesatkan' http://t.co/VIQlTF81rs","397241787418304512","","","in","","0","0","1","https://x.com/undefined/status/397241787418304512","80543284",
"396555466236370945","Sat Nov 02 08:32:45 +0000 2013","0","@ulinlinu @StandUp_10Nop paling tidak materimu PKM dan mobil listrik.","396555466236370945","","khirzanulinnuha","in","","0","0","0","https://x.com/undefined/status/396555466236370945","616209749",
"396150715426410496","Fri Nov 01 05:44:25 +0000 2013","3","Tesla Siapkan Mobil Listrik yang Lebih Murah http://t.co/H6XsgwxW2P via @detikoto","396150715426410496","","","in","","0","0","15","https://x.com/undefined/status/396150715426410496","69183155",
"396148687891488768","Fri Nov 01 05:36:21 +0000 2013","0","Tesla Siapkan Mobil Listrik yang Lebih Murah http://t.co/GZxkNGnJTo","396148687891488768","","","in","","0","0","3","https://x.com/undefined/status/396148687891488768","80543284",
"395990675088367616","Thu Oct 31 19:08:28 +0000 2013","0","MPLIK Diselewengkan Jadi Mobil Pembayaran Listrik Online http://t.co/t87tCuxV9E","395990675088367616","","","in","","0","0","0","https://x.com/undefined/status/395990675088367616","219527452",
"395957768638971904","Thu Oct 31 16:57:43 +0000 2013","0","Paling Hemat Mobil Listrik Mahasiswa Jember Raih Juara Satu http://t.co/VpbyzGD1oq","395957768638971904","","","in","","0","0","1","https://x.com/undefined/status/395957768638971904","65639033",
"395856427190738944","Thu Oct 31 10:15:01 +0000 2013","0","Dahlan sebut mobil murah bentuk perlawanan pada mobil listrik http://t.co/4wrDf4tFpb #Riil","395856427190738944","","","in","","0","0","1","https://x.com/undefined/status/395856427190738944","456426648",
"395842953140129793","Thu Oct 31 09:21:29 +0000 2013","0","VIDEO: Mobil Listrik Paling Aman Justru Bikin Horor http://t.co/c5QO7k8Lpf","395842953140129793","","","in","","0","1","5","https://x.com/undefined/status/395842953140129793","41730943",
"395842585563897856","Thu Oct 31 09:20:01 +0000 2013","0","Mobil listrik Dahlan tengah proses perizinan di Kemenristek http://t.co/a8ZW0FJDSX #Riil","395842585563897856","","","in","","0","0","0","https://x.com/undefined/status/395842585563897856","456426648",
"395798850486542336","Thu Oct 31 06:26:14 +0000 2013","0","Panasonic Pasok Baterai US7 Miliar Untuk Mobil Listrik Tesla http://t.co/aKCIkXvPqU","395798850486542336","","","in","","0","0","0","https://x.com/undefined/status/395798850486542336","118646322",
"395490574020517889","Wed Oct 30 10:01:15 +0000 2013","3","Demi iCar Apple Akuisisi Produsen Mobil Listrik? http://t.co/hMcTKXXYar via @detikinet","395490574020517889","","","in","","0","3","25","https://x.com/undefined/status/395490574020517889","69183155",
"395484635603275776","Wed Oct 30 09:37:39 +0000 2013","0","Demi iCar Apple Akuisisi Produsen Mobil Listrik? http://t.co/KbPpBeq6uC","395484635603275776","","","in","","0","0","15","https://x.com/undefined/status/395484635603275776","135815019",
"395375763630727168","Wed Oct 30 02:25:02 +0000 2013","1","Mobil Listrik Teraman Terbakar Lagi http://t.co/10AzKRorPh via @detikoto","395375763630727168","","","in","","0","3","18","https://x.com/undefined/status/395375763630727168","69183155",
"395373313603555328","Wed Oct 30 02:15:18 +0000 2013","0","Mobil Listrik Teraman Terbakar Lagi http://t.co/RNTuHDO6BH","395373313603555328","","","in","","0","1","4","https://x.com/undefined/status/395373313603555328","80543284",
"395018016703791104","Tue Oct 29 02:43:28 +0000 2013","0","Mantab! Riau Juga Punya Mobil Listrik http://t.co/4wLuXPT24l (HalloRiau)","395018016703791104","","","in","","0","0","0","https://x.com/undefined/status/395018016703791104","172425532",
"395001066439192576","Tue Oct 29 01:36:07 +0000 2013","0","Mobil Listrik Karya Anak Negeri Diluncurkan http://t.co/pMcPPXPLja (RiauPos)","395001066439192576","","","in","","0","0","1","https://x.com/undefined/status/395001066439192576","172425532",
"394866398041620480","Mon Oct 28 16:41:00 +0000 2013","0","Keren @malang_post FT UB Luncurkan Mobil Listrik http://t.co/tpIf1eHHhK #MalangPost cc @infomalang ","394866398041620480","","kisah_20","in","","0","1","5","https://x.com/undefined/status/394866398041620480","107412668",
"394832391673364480","Mon Oct 28 14:25:52 +0000 2013","4","Volvo Sukses Kembangkan Wireless Charging untuk Mobil Listrik http://t.co/c62eL0wLgN via @detikoto","394832391673364480","","","in","","0","2","39","https://x.com/undefined/status/394832391673364480","69183155",
"394832050030530561","Mon Oct 28 14:24:31 +0000 2013","0","Volvo Sukses Kembangkan Wireless Charging untuk Mobil Listrik http://t.co/1mdmIjL8BM","394832050030530561","","","in","","0","1","5","https://x.com/undefined/status/394832050030530561","80543284",
"394790802125119490","Mon Oct 28 11:40:36 +0000 2013","0","Mobil listrik BMW i3 keluaran terbaru http://t.co/XKStW72iCm","394790802125119490","","","in","","0","0","0","https://x.com/undefined/status/394790802125119490","262026799",
"394748733851566080","Mon Oct 28 08:53:26 +0000 2013","0","Optimo 1: Mobil Listrik Generasi Ketiga dari Universitas Brawijaya http://t.co/Z4UVgNUy4L","394748733851566080","","","in","","0","0","10","https://x.com/undefined/status/394748733851566080","440969307",
"394722852848406529","Mon Oct 28 07:10:36 +0000 2013","0","Mobil listrik BMW i3 keluaran terbaru http://t.co/XKStW72iCm","394722852848406529","","","in","","0","0","0","https://x.com/undefined/status/394722852848406529","262026799",
"394619028682977280","Mon Oct 28 00:18:02 +0000 2013","0","Penutup Lubang Got Ini Bisa Isi Daya Mobil Listrik http://t.co/DWH3wzqiaa","394619028682977280","","","in","","0","0","0","https://x.com/undefined/status/394619028682977280","47596019",
"394419576160944128","Sun Oct 27 11:05:29 +0000 2013","0","Selain meluncurkan mobil pelayanan berbasis online apa saja catatan peringatan Hari Listrik Nasional kali ini? #KompasPetang pkl 18.30 WIB","394419576160944128","","","in","","0","0","3","https://x.com/undefined/status/394419576160944128","71436318",
"394415824963792898","Sun Oct 27 10:50:35 +0000 2013","0","Peringati Hari Listrik PLN luncurkan mobil pelayanan teknis http://t.co/34nFXFR1by","394415824963792898","","","in","","0","0","0","https://x.com/undefined/status/394415824963792898","262026799",
"394398877119287296","Sun Oct 27 09:43:14 +0000 2013","0","via @RanahBerita: Mahasiswa Unibraw Bisa Buat Mobil Listrik dalam Waktu Sebulan http://t.co/YjD10GOXZ0","394398877119287296","","","in","","0","0","0","https://x.com/undefined/status/394398877119287296","282667727",
"394342292087005184","Sun Oct 27 05:58:23 +0000 2013","1","Teknologi Nirkabel Mudahkan Pengisian Mobil Listrik http://t.co/AVCoc5a0Ku","394342292087005184","","","in","","0","1","15","https://x.com/undefined/status/394342292087005184","57261519",
"394337668529541120","Sun Oct 27 05:40:01 +0000 2013","0","Mahasiswa Universitas Brawijaya luncurkan tiga mobil listrik http://t.co/O9tBaSQUTN","394337668529541120","","","in","","0","2","33","https://x.com/undefined/status/394337668529541120","18071520",
"394331387438047232","Sun Oct 27 05:15:03 +0000 2013","0","Bertepatan dgn Hari Listrik Nasional yg ke 68 PLN meluncurkan mobil pelayanan yg beroperasi dgn jaringan online. Ikuti #KompasSiang skrg","394331387438047232","","","in","","0","1","4","https://x.com/undefined/status/394331387438047232","71436318",
"394326988325797889","Sun Oct 27 04:57:34 +0000 2013","0","Mahasiswa Unbraw Luncurkan Tiga Mobil Listrik http://t.co/6ybTQbHGlc","394326988325797889","","","in","","0","1","2","https://x.com/undefined/status/394326988325797889","68930552",
"394326746763259904","Sun Oct 27 04:56:37 +0000 2013","0","Mahasiswa Unibraw Luncurkan Tiga Mobil Listrik http://t.co/4Cf10r7czX","394326746763259904","","","in","","0","1","8","https://x.com/undefined/status/394326746763259904","22126902",
"394325114223075328","Sun Oct 27 04:50:08 +0000 2013","0","Bertepatan dgn Hari Listrik Nasional yg ke 68 PLN meluncurkan mobil pelayanan yg beroperasi dgn jaringan online. #KompasSiang pkl 12.00 WIB","394325114223075328","","","in","","0","3","7","https://x.com/undefined/status/394325114223075328","71436318",
"394295104887721985","Sun Oct 27 02:50:53 +0000 2013","1","Teknologi Nirkabel Mudahkan Pengisian Mobil Listrik http://t.co/OTU2RH6kVr","394295104887721985","","","in","","0","3","18","https://x.com/undefined/status/394295104887721985","57261519",
"394137621246377984","Sat Oct 26 16:25:06 +0000 2013","1","Mobil listrik dicas nirkabel saat parkir http://t.co/0EGryNysF0","394137621246377984","","","in","","0","0","1","https://x.com/undefined/status/394137621246377984","18071520",
"394015885708390400","Sat Oct 26 08:21:22 +0000 2013","0","Mobil Listrik UMY Siap Bertarung di KMLI Bandung #KabarPersyarikatan http://t.co/VtB2V3oNZc http://t.co/NWIp7yHURx","394015885708390400","","","in","","0","0","3","https://x.com/undefined/status/394015885708390400","73309923",
"393795698140794880","Fri Oct 25 17:46:25 +0000 2013","0","MOBIL LISTRIK : 3 Mobil Karya Mahasiswa Fakultas Teknik Unibraw Diluncurkan http://t.co/xHmADMPE7C","393795698140794880","","","in","","0","0","1","https://x.com/undefined/status/393795698140794880","118371948",
"393794541985091584","Fri Oct 25 17:41:49 +0000 2013","0","MOBIL LISTRIK : 3 Mobil Karya Mahasiswa Fakultas Teknik Unibraw Diluncurkan http://t.co/vjiLR4meBN","393794541985091584","","","in","","0","0","0","https://x.com/undefined/status/393794541985091584","118371948",
"393690773343842305","Fri Oct 25 10:49:29 +0000 2013","0","3 3 Juta Mobil Listrik Bakal Padati AS di 2025 http://t.co/P7InlgWB23 via @detikoto","393690773343842305","","","in","","0","0","14","https://x.com/undefined/status/393690773343842305","69183155",
"393676544213676032","Fri Oct 25 09:52:56 +0000 2013","0","3 3 Juta Mobil Listrik Bakal Padati AS di 2025 http://t.co/ATbewwDfIi","393676544213676032","","","in","","0","0","3","https://x.com/undefined/status/393676544213676032","80543284",
"393671269914144768","Fri Oct 25 09:31:59 +0000 2013","0","3 3 Juta Mobil Listrik Bakal Padati US di 2025 http://t.co/BJbWeMsmAa via @detikoto","393671269914144768","","","in","","0","2","21","https://x.com/undefined/status/393671269914144768","69183155",
"393669370196398080","Fri Oct 25 09:24:26 +0000 2013","0","3 3 Juta Mobil Listrik Bakal Padati US di 2025 http://t.co/LjYx4XkRyx","393669370196398080","","","in","","0","0","3","https://x.com/undefined/status/393669370196398080","80543284",
"393668348866617344","Fri Oct 25 09:20:23 +0000 2013","0","Ralat: Ada mobil tertimpa tiang listrik. Foto: @aprilianasari3 http://t.co/GgnJaA11h9","393668348866617344","","","in","","0","0","0","https://x.com/undefined/status/393668348866617344","6612012",
"393667659478224896","Fri Oct 25 09:17:38 +0000 2013","0","Tiang listrik itu mas RT @JakartaToday: Ada mobil tertimpa pohon. Foto: @aprilianasari3 http://t.co/LyW5DGqtC2","393667659478224896","","","in","","0","1","0","https://x.com/undefined/status/393667659478224896","90679458",
"393648642982027264","Fri Oct 25 08:02:04 +0000 2013","0","Jakarta Hujan Badai Pohon Tumbang Mobil Tertimpa Tiang Listrik http://t.co/UjPunutn0n","393648642982027264","","","in","","0","1","21","https://x.com/undefined/status/393648642982027264","47596019",
"393258735256104960","Thu Oct 24 06:12:43 +0000 2013","2","Mobil Balap Listrik Nissan Debut Perdana di Jepang http://t.co/DIWvZgu3pv via @detikoto","393258735256104960","","","in","","0","0","34","https://x.com/undefined/status/393258735256104960","69183155",
"393258350638419968","Thu Oct 24 06:11:11 +0000 2013","0","Mobil Balap Listrik Nissan Debut Perdana di Jepang http://t.co/wpXA7KEx5m","393258350638419968","","","in","","0","0","2","https://x.com/undefined/status/393258350638419968","80543284",
"393236220769103872","Thu Oct 24 04:43:15 +0000 2013","0","Era Mobil Listrik Semakin Dekat | http://t.co/HSyw8JGveQ - Situs Hijau Indonesia http://t.co/9bCrUBruyx via @hijaukudotcom","393236220769103872","","","in","","0","0","1","https://x.com/undefined/status/393236220769103872","238523166",
"392866614036545539","Wed Oct 23 04:14:34 +0000 2013","3","Ini Kendala Kalangan Akademisi Saat Membuat Mobil Listrik http://t.co/4EA3nL3gpR via @detikoto","392866614036545539","","","in","","0","0","6","https://x.com/undefined/status/392866614036545539","69183155",
"392864851858436096","Wed Oct 23 04:07:34 +0000 2013","0","Ini Kendala Kalangan Akademisi Saat Membuat Mobil Listrik http://t.co/ChFuytBCR3","392864851858436096","","","in","","0","0","2","https://x.com/undefined/status/392864851858436096","80543284",
"392855381614931969","Wed Oct 23 03:29:56 +0000 2013","1","Mobil Listrik Nasional Karya 5 Universitas Modelnya MPV http://t.co/r9XOmCdyLB via @detikoto","392855381614931969","","","in","","0","2","18","https://x.com/undefined/status/392855381614931969","69183155",
"392855070095589376","Wed Oct 23 03:28:42 +0000 2013","0","Mobil Listrik Nasional Karya 5 Universitas Modelnya MPV http://t.co/kUMzBU24i9","392855070095589376","","","in","","0","0","4","https://x.com/undefined/status/392855070095589376","80543284",
"392626421153034240","Tue Oct 22 12:20:08 +0000 2013","1","Diberi Rp 20 Miliar 5 Universitas Negeri Bikin Mobil Listrik Nasional http://t.co/vf0g65rlIB via @detikoto","392626421153034240","","","in","","0","3","45","https://x.com/undefined/status/392626421153034240","69183155",
"392625502126481408","Tue Oct 22 12:16:28 +0000 2013","0","Diberi Rp 20 Miliar 5 Universitas Negeri Bikin Mobil Listrik Nasional http://t.co/p6vLYdf9lW","392625502126481408","","","in","","0","2","4","https://x.com/undefined/status/392625502126481408","80543284",
"392624064256172032","Tue Oct 22 12:10:46 +0000 2013","2","5 Universitas Negeri Bikin Mobil Listrik Nasional Diberi Rp 20 Miliar http://t.co/LpcvhBG1ZV","392624064256172032","","","in","","0","1","2","https://x.com/undefined/status/392624064256172032","80543284",
"392623650014121984","Tue Oct 22 12:09:07 +0000 2013","4","5 Universitas Negeri Bikin Mobil Listrik Nasional Diberi Rp 20 Miliar http://t.co/M3ZqWVPMbp via @detikoto","392623650014121984","","","in","","0","7","70","https://x.com/undefined/status/392623650014121984","69183155",
"392612720438038528","Tue Oct 22 11:25:41 +0000 2013","3","#Apec2013 Tahun Depan Masyarakat Bisa Beli Mobil Listrik Buatan Dalam Negeri http://t.co/UwTnqxU42d via @detikfinance","392612720438038528","","","in","","0","4","48","https://x.com/undefined/status/392612720438038528","69183155",
"392593062716637185","Tue Oct 22 10:07:34 +0000 2013","1","#Apec2013 Tahun Depan Masyarakat Bisa Beli Mobil Listrik Buatan Dalam Negeri http://t.co/gG49FxWn9s","392593062716637185","","","in","","0","1","2","https://x.com/undefined/status/392593062716637185","135795460",
"392517657263493120","Tue Oct 22 05:07:56 +0000 2013","0","Pencipta Mobil Listrik Selo Punya Mimpi Saingi Ferrari Cs http://t.co/VKBzjSBtDu via @detikfinance","392517657263493120","","","in","","0","1","13","https://x.com/undefined/status/392517657263493120","69183155",
"392515730408620032","Tue Oct 22 05:00:17 +0000 2013","0","Pencipta Mobil Listrik Selo Punya Mimpi Saingi Ferrari Cs http://t.co/BZrMBSkRwl","392515730408620032","","","in","","0","0","0","https://x.com/undefined/status/392515730408620032","135795460",
"392514369361178624","Tue Oct 22 04:54:52 +0000 2013","0","Pecipta Mobil Listrik Selo Punya Mimpi Saingi Ferrari Cs http://t.co/b5tgGIjzbW","392514369361178624","","","in","","0","1","0","https://x.com/undefined/status/392514369361178624","135795460",
"392239037911552000","Mon Oct 21 10:40:48 +0000 2013","0","Volvo kembangkan nanobaterai mobil listrik masa depan http://t.co/3KksG6Ron4","392239037911552000","","","in","","0","0","1","https://x.com/undefined/status/392239037911552000","18071520",
"391159490696867840","Fri Oct 18 11:11:04 +0000 2013","1","Dapat Respons Bagus BMW Tingkatkan Produksi Mobil Listrik http://t.co/lkXvtDaSNd via @detikoto","391159490696867840","","","in","","0","1","16","https://x.com/undefined/status/391159490696867840","69183155",
"391156253801467904","Fri Oct 18 10:58:12 +0000 2013","0","Dapat Respons Bagus BMW Tingkatkan Produksi Mobil Listrik http://t.co/12tawoDCeK","391156253801467904","","","in","","0","0","2","https://x.com/undefined/status/391156253801467904","80543284",
"391108441978048512","Fri Oct 18 07:48:13 +0000 2013","0","#beritaSMG Gagas Ciptakan Mobil Listrik FT Unnes Lawatan ke Taiwan http://t.co/BzFFpIo1HV | suaramerdeka","391108441978048512","","","in","","0","0","4","https://x.com/undefined/status/391108441978048512","180652518",
"391104531875897344","Fri Oct 18 07:32:41 +0000 2013","2","Volvo Kembangkan Baterai Listrik di Bodi Mobil http://t.co/wYn5XsebQW via @detikoto","391104531875897344","","","in","","0","0","13","https://x.com/undefined/status/391104531875897344","69183155",
"391097075921727488","Fri Oct 18 07:03:03 +0000 2013","1","Volvo Kembangkan Baterai Listrik di Bodi Mobil http://t.co/fXer7fU2qa","391097075921727488","","","in","","0","0","2","https://x.com/undefined/status/391097075921727488","80543284",
"391096409929183232","Fri Oct 18 07:00:25 +0000 2013","0","Gagas Ciptakan Mobil Listrik FT Unnes Lawatan ke Taiwan http://t.co/Rn12uIZsW9","391096409929183232","","","in","","0","0","1","https://x.com/undefined/status/391096409929183232","219527452",
"391095394605608961","Fri Oct 18 06:56:22 +0000 2013","0","Gagas Ciptakan Mobil Listrik FT Unnes Lawatan ke Taiwan http://t.co/DKx99HZb86","391095394605608961","","","in","","0","0","1","https://x.com/undefined/status/391095394605608961","219527452",
"390985987603435520","Thu Oct 17 23:41:38 +0000 2013","0","Era Mobil Listrik Semakin Dekat | http://t.co/HSyw8JGveQ - Situs Hijau Indonesia http://t.co/ZZOGFkIbXk via @hijaukudotcom","390985987603435520","","","in","","0","0","2","https://x.com/undefined/status/390985987603435520","238523166",
"390847170246500353","Thu Oct 17 14:30:01 +0000 2013","0","Dahlan: Airin cantik saya punya fotonya di mobil listrik http://t.co/bgm2yKuPSv #Riil","390847170246500353","","","in","","0","0","3","https://x.com/undefined/status/390847170246500353","456426648",
"390722418245140481","Thu Oct 17 06:14:18 +0000 2013","0","IYO RT @Ih4nd4y4ni: NJUK NGOPO ??? RT @okezonenews: Dahlan: Airin Pernah Pinjam Mobil Listrik Saya http://t.co/SS5n5ylFf9","390722418245140481","","","in","","0","0","0","https://x.com/undefined/status/390722418245140481","68331085",
"390709751329206272","Thu Oct 17 05:23:58 +0000 2013","1","Ford Buka Fasilitas Produksi Baterai Mobil Listrik http://t.co/WDK5VcbvRM via @detikoto","390709751329206272","","","in","","0","0","10","https://x.com/undefined/status/390709751329206272","69183155",
"390707960328245248","Thu Oct 17 05:16:51 +0000 2013","0","Ford Buka Fasilitas Produksi Baterai Mobil Listrik http://t.co/NL2FD96ADX","390707960328245248","","","in","","0","0","4","https://x.com/undefined/status/390707960328245248","80543284",
"390704236096659456","Thu Oct 17 05:02:03 +0000 2013","0","Mobil Listrik Teraman Mobil Ringsek Pengemudi Aman http://t.co/6d5JHXavCo via @detikoto","390704236096659456","","","in","","0","1","21","https://x.com/undefined/status/390704236096659456","69183155",
"390703900497440768","Thu Oct 17 05:00:43 +0000 2013","1","Mobil Listrik Teraman Mobil Ringsek Pengemudi Aman http://t.co/FqbCeJTU5K","390703900497440768","","","in","","0","0","1","https://x.com/undefined/status/390703900497440768","80543284",
"390701460478234624","Thu Oct 17 04:51:01 +0000 2013","1","Cerita Dahlan Iskan Pernah Pinjamkan Mobil Listrik ke Airin http://t.co/P6D5rn1OJL via @detikfinance","390701460478234624","","","in","","0","1","14","https://x.com/undefined/status/390701460478234624","69183155",
"390696800559984640","Thu Oct 17 04:32:30 +0000 2013","0","Cerita Dahlan Iskan Pernah Pinjamkan Mobil Listrik ke Airin http://t.co/tWyTDKI7A4","390696800559984640","","","in","","0","0","0","https://x.com/undefined/status/390696800559984640","135795460",
"390688629141409792","Thu Oct 17 04:00:02 +0000 2013","0","Dahlan: Airin cantik saya punya fotonya di mobil listrik http://t.co/bgm2yKuPSv #Riil","390688629141409792","","","in","","0","0","0","https://x.com/undefined/status/390688629141409792","456426648",
"390126967472660480","Tue Oct 15 14:48:11 +0000 2013","0","Era Mobil Listrik Semakin Dekat | http://t.co/HSyw8JGveQ - Situs Hijau Indonesia http://t.co/wwqMpoWYyv via @hijaukudotcom","390126967472660480","","","in","","0","0","1","https://x.com/undefined/status/390126967472660480","238523166",
"390058403256492032","Tue Oct 15 10:15:44 +0000 2013","0","Otomotif - Pesanan Mobil Listrik BMW Capai 8 Ribu Unit http://t.co/h0XbVOGCA1","390058403256492032","","","in","","0","0","2","https://x.com/undefined/status/390058403256492032","88352716",
"390033672230797313","Tue Oct 15 08:37:28 +0000 2013","0","Ini Manfaat Memakai Mobil Listrik http://t.co/SnXxB6Oq90","390033672230797313","","","in","","0","0","4","https://x.com/undefined/status/390033672230797313","80543284",
"390033634062639104","Tue Oct 15 08:37:19 +0000 2013","2","Ini Manfaat Memakai Mobil Listrik http://t.co/KAfCax3VxQ via @detikoto","390033634062639104","","","in","","0","4","32","https://x.com/undefined/status/390033634062639104","69183155",
"390018862218895361","Tue Oct 15 07:38:37 +0000 2013","0","Kalau i3 Laku BMW Tambah Investasi Mobil Listrik http://t.co/OtFK3cpHpK","390018862218895361","","","in","","0","0","1","https://x.com/undefined/status/390018862218895361","118646322",
"389643809853673472","Mon Oct 14 06:48:18 +0000 2013","0","Era Mobil Listrik Semakin Dekat http://t.co/u2tLx2U7BE Terbaru via @hijaukudotcom: https://t.co/d5UVdVHXcr","389643809853673472","","","in","","0","0","1","https://x.com/undefined/status/389643809853673472","238523166",
"389643590357364736","Mon Oct 14 06:47:25 +0000 2013","0","Era Mobil Listrik Semakin Dekat | http://t.co/HSyw8JGveQ - Situs Hijau Indonesia http://t.co/TyMfCBH6Jj via @hijaukudotcom","389643590357364736","","","in","","0","0","1","https://x.com/undefined/status/389643590357364736","238523166",
"389326325086822400","Sun Oct 13 09:46:43 +0000 2013","1","#MitosBaterai 5. Nge-charge di mobil lebih bagus karena listriknya lebih stabil dibanding listrik rumah (FALSE).","389326325086822400","","","in","","0","0","9","https://x.com/undefined/status/389326325086822400","77986275",
"389028493012393984","Sat Oct 12 14:03:15 +0000 2013","0","Garap lapangan jg?!!! «@detikcom RI-Korsel Garap Kerjasama Energi Mobil Listrik Hingga Pesawat Tempur http://t.co/5drXvM7SOL via»","389028493012393984","","","in","","0","0","3","https://x.com/undefined/status/389028493012393984","290845435",
"389027130266222592","Sat Oct 12 13:57:50 +0000 2013","7","RI-Korsel Garap Kerjasama Energi Mobil Listrik Hingga Pesawat Tempur http://t.co/Cc9Bz0AIXu via @detikfinance","389027130266222592","","","in","","0","23","109","https://x.com/undefined/status/389027130266222592","69183155",
"389025101674336256","Sat Oct 12 13:49:46 +0000 2013","0","RI-Korsel Garap Kerjasama Energi Mobil Listrik Hingga Pesawat Tempur http://t.co/CSN9va2Pfi","389025101674336256","","","in","","0","3","7","https://x.com/undefined/status/389025101674336256","135795460",
"388811184704466944","Fri Oct 11 23:39:44 +0000 2013","0","Toyota Merancang Mobil Listrik Roda Tiga I-Road: PRLM - Pabrikan otomotif Jepang Toyota merancang ke... http://t.co/oS6HXTRx1E","388811184704466944","","","in","","0","0","2","https://x.com/undefined/status/388811184704466944","58880688",
"388808202453676032","Fri Oct 11 23:27:53 +0000 2013","0","[Otomotif] Toyota Merancang Mobil Listrik Roda Tiga I-Road http://t.co/oS6HXTRx1E","388808202453676032","","","in","","0","0","1","https://x.com/undefined/status/388808202453676032","58880688",
"388603160190660608","Fri Oct 11 09:53:07 +0000 2013","1","Dukung Mobil Listrik Buatan Dalam Negeri Ini Langkah PLN http://t.co/en7f6fx45y via @detikfinance","388603160190660608","","","in","","0","3","42","https://x.com/undefined/status/388603160190660608","69183155",
"387418274595487745","Tue Oct 08 03:24:49 +0000 2013","1","Toyota Turunkan Harga Mobil Listrik http://t.co/sDqbIxBZ1H via @detikoto","387418274595487745","","","in","","0","1","21","https://x.com/undefined/status/387418274595487745","69183155",
"387380621167038465","Tue Oct 08 00:55:11 +0000 2013","4","Mobil Listrik Dahlan Iskan Bikin Penasaran CEO Top Dunia http://t.co/Q74kjqaVaZ http://t.co/CM7MGgIv3H","387380621167038465","","","in","","0","0","14","https://x.com/undefined/status/387380621167038465","47596019",
"387356673540493312","Mon Oct 07 23:20:02 +0000 2013","0","Mobil Listrik Dahlan Iskan Bikin Penasaran CEO Top Dunia http://t.co/sklWoGPxhU","387356673540493312","","","in","","0","0","6","https://x.com/undefined/status/387356673540493312","47596019",
"387355164337635329","Mon Oct 07 23:14:02 +0000 2013","0","Mobil Listrik Dahlan Iskan Bikin Penasaran CEO Top Dunia http://t.co/mnt6pqpenn","387355164337635329","","","in","","0","0","4","https://x.com/undefined/status/387355164337635329","47596019",
"387185612752564224","Mon Oct 07 12:00:18 +0000 2013","0","Sambangi pewarta APEC Dahlan pamer mobil listrik dapat pujian http://t.co/CSo08jAQhd #Riil","387185612752564224","","","in","","0","0","0","https://x.com/undefined/status/387185612752564224","456426648",
"387157117984976896","Mon Oct 07 10:07:04 +0000 2013","0","Otomotif - 2014 Kia Luncurkan Mobil Listrik Mini http://t.co/0ckeLWW0yw","387157117984976896","","","in","","0","0","0","https://x.com/undefined/status/387157117984976896","88352716",
"387115989701120000","Mon Oct 07 07:23:38 +0000 2013","0","14.22: Imbas kecelakaan mobil box menabrak tiang listrik di jln KH Mas Mansyur Jakpus lalu lintas macet arah Tnh Abang | (P. Joni) #Jkt","387115989701120000","","","in","","0","0","2","https://x.com/undefined/status/387115989701120000","121640063",
"387110698313990145","Mon Oct 07 07:02:37 +0000 2013","0","14.00 Kabel listrik putus dpn Polda Kalbar akibat ditabrak mobil kontainer http://t.co/jwIBJBdwre foto: @HarisCaesaria","387110698313990145","https://pbs.twimg.com/media/BV9JqrnCcAAX07W.jpg","","in","","0","0","11","https://x.com/undefined/status/387110698313990145","124892829",
"387090181318127616","Mon Oct 07 05:41:05 +0000 2013","0","Sahabat masih ingat kabar ini: Juni 2012 Produksi Mobil Listrik Massal Dimulai di Indonesia via http://t.co/9vcWmkmt7R","387090181318127616","","","in","","0","0","4","https://x.com/undefined/status/387090181318127616","36904795",
"387087995108466688","Mon Oct 07 05:32:24 +0000 2013","0","Formula E bisa mengubah cara pandang masyarakat terhadap mobil listrik. http://t.co/zQC51NJ4me","387087995108466688","","","in","","0","1","0","https://x.com/undefined/status/387087995108466688","36904795",
"386821180335718400","Sun Oct 06 11:52:10 +0000 2013","2","Mobil Listrik di Perhelatan APEC http://t.co/ZwOTe5OTfI via @detik_tv","386821180335718400","","","in","","0","3","37","https://x.com/undefined/status/386821180335718400","69183155",
"386817678368702464","Sun Oct 06 11:38:15 +0000 2013","0","#Apec2013 Mobil Listrik di Perhelatan APEC http://t.co/9EVq0crbRn","386817678368702464","","","in","","0","0","7","https://x.com/undefined/status/386817678368702464","80543284",
"386817366320893952","Sun Oct 06 11:37:01 +0000 2013","2","#Apec2013 Mobil Listrik di Perhelatan APEC http://t.co/JsWSV6rZpv via @detikoto","386817366320893952","","","in","","0","2","40","https://x.com/undefined/status/386817366320893952","69183155",
"386758113116053504","Sun Oct 06 07:41:34 +0000 2013","7","Juga mobil listrik Gendhis karya anak bangsa ini yg sdh tiba di Bali utk dipamerkan di APEC http://t.co/6CTziVNN3U","386758113116053504","","","in","","0","3","70","https://x.com/undefined/status/386758113116053504","39677695",
"386757746311585792","Sun Oct 06 07:40:06 +0000 2013","5","Sblmnya mobil listrik Selo karya anak bangsa sdh tiba di Bali utk dipamerkan di APEC 2013 http://t.co/ExYjNylTeE","386757746311585792","","","in","","0","9","106","https://x.com/undefined/status/386757746311585792","39677695",
"386713447326429184","Sun Oct 06 04:44:05 +0000 2013","0","Video: Stasiun Pengisian Mobil Listrik Dukung KTT APEC http://t.co/dapWCVbevf","386713447326429184","","","in","","0","0","2","https://x.com/undefined/status/386713447326429184","47596019",
"386506044836294657","Sat Oct 05 14:59:56 +0000 2013","3","[Video] Korsleting Listrik Sebuah Mobil Hangus Terbakar http://t.co/cyUZENFXtb","386506044836294657","","","in","","0","0","10","https://x.com/undefined/status/386506044836294657","55507370",
"386409440255029248","Sat Oct 05 08:36:04 +0000 2013","1","Video: Stasiun Pengisian Mobil Listrik Dukung KTT APEC http://t.co/w6nwqZnPWZ","386409440255029248","","","in","","0","1","0","https://x.com/undefined/status/386409440255029248","47596019",
"386369180083040256","Sat Oct 05 05:56:05 +0000 2013","0","[VIDEO] Stasiun Bahan Bakar Mobil Listrik Warnai KTT APEC http://t.co/dBArqdv4k0","386369180083040256","","","in","","0","0","1","https://x.com/undefined/status/386369180083040256","47596019",
"386350807412527104","Sat Oct 05 04:43:05 +0000 2013","1","KTT APEC 2013: BRI Salurkan Kredit Produksi Mobil Listrik http://t.co/SeGwdpgyfR","386350807412527104","","","in","","0","0","1","https://x.com/undefined/status/386350807412527104","118646322",
