"conversation_id_str","created_at","favorite_count","full_text","id_str","image_url","in_reply_to_screen_name","lang","location","quote_count","reply_count","retweet_count","tweet_url","user_id_str","username"
"2068247399345340631","Sat Jun 20 08:19:40 +0000 2026","0","Nih pemerintah pernah gencar untuk beralih ke EV bahkan sampai subsidi dan pajak EV dibuat murah tapi listrik aja kadang masih padam terus https://t.co/1c2jBwDKdI","2068247399345340631","https://pbs.twimg.com/tweet_video_thumb/HLPj_VlagAAL3TP.jpg","","in","","0","0","0","https://x.com/undefined/status/2068247399345340631","2016405025044758528",
"2067466824015663572","Fri Jun 19 00:41:16 +0000 2026","0","@ramzanrachmat YA konsep ring-fencing memisahkan konsumen mampu (yg wajib membayar harga keekonomian/harga pasar) agar gak membebani alokasi energi murah u/ kelompok miskin. Meskipun strateginya secara makro tepat sasaran eksekusinya di lapangan mengalami kegagalan . Agar ring-fencing","2067769649455108493","","ramzanrachmat","in","","0","0","0","https://x.com/undefined/status/2067769649455108493","325599485",
"2067601795917234296","Fri Jun 19 00:20:12 +0000 2026","0","@bugpain_ Bikin SIM pak. Mari realisasikan subsidi EV itu.","2067764347590566329","","bugpain_","in","","0","2","0","https://x.com/undefined/status/2067764347590566329","285759137",
"2067709106799120406","Thu Jun 18 20:40:41 +0000 2026","0","Pakai la EV / lori elektrik . Kata pembuat dasar dan polisi oleh kerajaan madani . . Bayangkan lepasni Industri courier logistik dan penghantaran kerajaan kurangkan lagi subsidi diesel . Harga barang dala talian di industri e commerce akan naik harga. Membebankan","2067709106799120406","","","in","","0","0","0","https://x.com/undefined/status/2067709106799120406","1595122243553857538",
"2067509213916709035","Thu Jun 18 15:07:07 +0000 2026","1","@NgkongRoses Heran deh kok ga sejalan sama pemerintah terkait subsidi mobil ev. Sedangkan PLN malah krisia energi","2067625158874153223","","NgkongRoses","in","","0","0","1","https://x.com/undefined/status/2067625158874153223","155157511",
"2067553584976482531","Thu Jun 18 11:05:33 +0000 2026","1","@e100ss Kurang banyak subsidi EV nya","2067564369047867782","","e100ss","in","","0","0","0","https://x.com/undefined/status/2067564369047867782","218887410",
"2067466824015663572","Thu Jun 18 05:37:34 +0000 2026","4","@eddesign_ Logika ini justru yg sesat &amp; cherry picking. Non-subsidi memang ikut mekanisme pasar tapi pasar itu dua arah. Pas harga minyak dunia naik kelas menengah ngamuk minta pemerintah jangan naikkan atau subsidi silang. Pas turun di bawah $80 langsung teriak turunin dong! . Itu","2067481829083672788","","eddesign_","in","","0","1","1","https://x.com/undefined/status/2067481829083672788","235931838",
"2066823969047752964","Tue Jun 16 13:07:40 +0000 2026","0","@adejoon @LambeSahamjja Jangan lupain juga soal faktor geopolitik. Ini negara dengan 4 kebijakan baru² ini aja langsung disuruh 53LL 1ND0N3514 (dilumpuhkan loh ya pasar keuangannya) 1. Hilirisasi 2. Subsidi EV 3. Nolak pinjaman IMF 4. Ekspor satu pintu","2066870323686080899","","adejoon","in","","0","0","0","https://x.com/undefined/status/2066870323686080899","1213742568132841472",
"2065608858001915993","Mon Jun 15 04:17:11 +0000 2026","1","@Benoe_Adja Menarik ini! Oversuply yg gak terserap di jaringan PLN bisa dimanfaatkan u/ sektor kendaraan listrik (EV) melalui SPKLU program elektrifikasi kawasan industri atau pompanisasi (pumped hydro) u/ dukung sektor pertanian di pedesaan. Subsidi ke alat penyimpan energi spt","2066374437084217468","","Benoe_Adja","in","","0","0","0","https://x.com/undefined/status/2066374437084217468","325599485",
"2066349372774793484","Mon Jun 15 02:37:36 +0000 2026","2","Media lama kini mendorong narasi baru: Kekayaan Elon Musk berasal dari bantuan pemerintah. Ini salah. Kontrak pemerintah bukan subsidi. SpaceX menang karena produk terbaik dengan harga terendah. NASA membayar untuk misi nyata bukan amal. Kurang dari 5% pendapatan SpaceX tahun","2066349372774793484","","","in","","0","0","0","https://x.com/undefined/status/2066349372774793484","98829956",
"2065585345107025924","Sat Jun 13 01:49:49 +0000 2026","0","@nicho0218 @TxtdariHI Bang lebih gampang kontrol polusi dari satu pabrik baterai atau dari jutaan knalpot yang bakar BBM impor tiap hari? Kalau mayoritas Jawa-Bali switch EV subsidi bensin bisa dialihkan bukan dihapus tapi difokusin ke logistik &amp; daerah yang emang butuh BBM. Itu namanya transisi","2065612572171358260","","nicho0218","in","","0","2","0","https://x.com/undefined/status/2065612572171358260","1213742568132841472",
"2065008394537443691","Thu Jun 11 11:09:27 +0000 2026","18","@pedas__manis gitu kemarin dan sampai sekarang subsidi EV besar-besaran. pemerintah tolol","2065028634080158153","","pedas__manis","in","","0","0","0","https://x.com/undefined/status/2065028634080158153","218887410",
"2064707314230407419","Wed Jun 10 13:52:38 +0000 2026","35","Naiknya harga BBM yg gada udahnya nampaknya bkin org2 mulai serius mempertimbangkan membeli motor maupun mobil listrik. Suka tidak suka masa depan itu arahnya ke EV. Di seluruh dunia pun udah terlihat kesana. Di Indonesia sendiri penetrasi motor listrik masih dibawah 1%. Sebuah https://t.co/iImsFK8Kzu","2064707314230407419","https://pbs.twimg.com/media/HKdQWSMbMAA02Re.jpg","","in","","0","4","2","https://x.com/undefined/status/2064707314230407419","1170586096578678785",
"2064523148985524312","Wed Jun 10 01:40:50 +0000 2026","3","Harga BBM Pertamax tiba-tiba naik jadi Rp 16.250 walau cepat atau lambat ini bakal terjadi. Dampaknya bakal berasa banget. Pertamax banyak dikonsumsi oleh masyarakat kelas menengah. Sebelum naik aja antrean Pertamax di SPBU sering mengular panjang. Apalagi stok BBM di SPBU","2064523148985524312","","","in","","1","0","3","https://x.com/undefined/status/2064523148985524312","241392873",
"2064452211422495113","Wed Jun 10 00:10:34 +0000 2026","2","@hanifproduktif Ini klasik kebijakan publik yang shortsighted. Risiko nahan harga BBM yang akhirnya meletup. Subsidi bocor lebih parah. APBN megap-megap. Combo dengan transparansi nol komunikasi buruk dan akhirnya rakyat yang bayar mahal. Bahkan bagi pengguna EV kayak gw mungkin orang ngira","2064500431766929578","","hanifproduktif","in","","0","0","0","https://x.com/undefined/status/2064500431766929578","79690781",
"2060541731062600157","Sat May 30 02:00:06 +0000 2026","7","Ada berita soal suplai minyak yang bakal di-adjust bulan Juli bisa bikin negara importir minyak kaget. Pemerintah Indonesia terjebak di dilema harga BBM dan subsidi EV yang jalannya lambat. Kalau beneran naik bakal ada drama lagi? Yuk cek ulasann https://t.co/DsRVft1dn9 https://t.co/FUMoVMtHza","2060541731062600157","https://pbs.twimg.com/media/HJiDyNNawAAIjFc.png","","in","","0","0","0","https://x.com/undefined/status/2060541731062600157","1259878954229313536",
"2059254094494314801","Tue May 26 13:35:25 +0000 2026","3","@profesor_saham Gila aja subsidi EV bt orang kayah yg bs beli mobil........yg ada itu naikin pajaknya.......","2059267164004294711","","profesor_saham","in","","0","0","0","https://x.com/undefined/status/2059267164004294711","234586131",
"2059260715761013070","Tue May 26 13:09:48 +0000 2026","5","Wah ngitung apa lagi nih Pak Purbaya? @KemenkeuRI Menurut analisis kami: 1️⃣ Dukungan EV = merupakan investasi fiskal untuk menangani impor BBM kompensasi dan subsidi energi. Saat ini fiskal kita masih sangat bergantung dengan kondisi eksternal yang membuat kita masih boncos.","2059260715761013070","","","in","","1","0","5","https://x.com/undefined/status/2059260715761013070","72763910",
"2057783434379231573","Fri May 22 11:19:37 +0000 2026","14","Kereta EV dah RM300 000! Jadi full tank petrol berapa kalau pakai Subsidi Budi?? Kalau nak beli kereta petrol jom jumpa Aunty dekat Primewheels Subang Jaya! https://t.co/gh0r2RQBIr","2057783434379231573","https://pbs.twimg.com/amplify_video_thumb/2057783278204252160/img/MOagaKy-0eTeYr43.jpg","","in","","0","1","2","https://x.com/undefined/status/2057783434379231573","1816055805994754049",
"2057239768522805421","Wed May 20 23:19:17 +0000 2026","76","kerajaan bakar RM5 bilion sebulan subsidi minyak korang. pastu MITI haramkan EV murah sebab nak jaga Proton &amp; Produa korang yang tanggung bil. P&amp;P yang gelak.","2057239768522805421","","","in","","1","4","32","https://x.com/undefined/status/2057239768522805421","16995239",
"2052384930555175257","Thu May 07 13:47:54 +0000 2026","3","Ya EV pakai elektrik yang guna gas atau arang batu dan juga subsidised. Tapi subsidi elektrik ni lebih mudah nak kawal. Kurang 600 kWj dapat rebat. Lebih 600 kWj takde rebat. T20 yang pakai atas 1 500 kWj kena surcaj terus. Takde isu subsidi pukal macam petrol atau diesel.","2052384933168230681","","muhammadnajib79","in","","1","1","2","https://x.com/undefined/status/2052384933168230681","1120318149654499328",
"2052240157814960547","Thu May 07 04:12:37 +0000 2026","2","JAKARTA Pemerintah Indonesia akan memberikan subsidi Pajak Pertambahan Nilai (PPN) untuk kendaraan listrik atau Electric Vehicle (EV) demi memperkuat hilirisasi dalam negeri. Baca selengkapnya: https://t.co/2jA3EV8gYD https://t.co/AEE7W1zmvb","2052240157814960547","https://pbs.twimg.com/media/HHsFinIaYAAWZs5.jpg","","in","","0","0","0","https://x.com/undefined/status/2052240157814960547","539575639",
"2052166828248694950","Thu May 07 02:20:56 +0000 2026","8","@ruffleseed @angah_izaaz Patut potong subsidi minyak negara jimat patut bg pelepasan cukai solar pv dan kereta ev. Tapi dia lagi tambah tax utk suruh org guna kereta ICE. Polisi bangang apakah kebabian ini","2052212053906194702","","ruffleseed","in","","0","1","2","https://x.com/undefined/status/2052212053906194702","997678596255662080",
"2052041396434186623","Wed May 06 15:02:48 +0000 2026","143","PMX and Co dok canang gomen kena tanggung subsidi minyak berbillion ringgit. Bila ada banyak EV/PHEV as options to ICE cars it will reduce the oil consumption. Tapi gomen macam nak limit the choices to EV cars (and protect P1 &amp; P2) by doing this. Sepenggal.","2052041396434186623","","","in","","7","4","110","https://x.com/undefined/status/2052041396434186623","272918454",
"2052023640573813147","Wed May 06 13:52:15 +0000 2026","2","Hari2 merentan kata kerajaan banyak spent duit subsidi minyak tapi bila marhaen nak beli fair priced EV lah tak boleh. Tetaplaaa kena beli axia 40k hutang 9 tahun sebab kena jaga company kereta nasional katanya","2052023640573813147","","","in","","0","1","1","https://x.com/undefined/status/2052023640573813147","1019427038556446722",
"2051948458752520470","Wed May 06 08:53:30 +0000 2026","34","Tahu gini beli SEAL tunda dulu sampai GIIAS Pemerintah berencana memberi subsidi untuk 100 ribu unit mobil listrik dan 100rb unit motor listrik. Menteri Keuangan Purbaya Yudhi Sadewa mengatakan subsidi ini akan cair pada awal Juni 2026. Belum jelas skema nya tapi https://t.co/fVxKjyBjUp","2051948458752520470","https://pbs.twimg.com/amplify_video_thumb/2051948397905776640/img/SvO4VdbGDKg1UrE-.jpg","","in","","4","13","5","https://x.com/undefined/status/2051948458752520470","853206219611185152",
"2051263068311843040","Mon May 04 11:30:00 +0000 2026","0","Berakhirnya subsidi pajak federal sebesar Rp127.500.000 (USD7.500) di Amerika Serikat pada September 2025 resmi mengubah peta jalan industri mobil listrik dunia. Data dari Cox Automotive menunjukkan pengiriman EV anjlok 27% pada kuartal pertama 2026 menyusul penurunan tajam 46% https://t.co/OBmtBHN836","2051263068311843040","https://pbs.twimg.com/media/HHc1iJwbQAAc3Xs.jpg","","in","","0","0","0","https://x.com/undefined/status/2051263068311843040","231355136",
"2051235580118450629","Mon May 04 09:42:22 +0000 2026","3","@LambeSahamjja Wah ide Ojol Merah Putih ala Creative Trader ini memang liar banget Kalau kita bedah step-by-step pakai kacamata kebijakan publik &amp; bisnis ini yang bakal terjadi: ### **Bedah Ide Ojol Merah Putih ** ### **3 Masalah Utama Ide Ini** 1. **Ekonomi ga masuk** Ojol","2051235978946482673","","LambeSahamjja","in","","0","0","1","https://x.com/undefined/status/2051235978946482673","1834111245601189888",
"2049339011983081647","Wed Apr 29 04:04:29 +0000 2026","0","Penggunaan EV Beri Dampak Positif Buat Ekonomi RI Irit BBM &amp; Subsidi Baca selengkapnya di atau download app CNBC Indonesia di AppStore dan PlayStore! https://t.co/cGfthLFa8t","2049339011983081647","","","in","","0","0","0","https://x.com/undefined/status/2049339011983081647","847372542830444544",
"2049076825343902110","Tue Apr 28 10:42:39 +0000 2026","1","#UtasKompas Pemerintah Indonesia tengah merancang perluasan basis pajak melalui pengenaan PPN jalan tol dan penyesuaian pajak kendaraan listrik. Namun wacana ini memicu kekhawatiran besar terhadap efek domino ekonomi. Melihat besarnya penolakan terhadap PPN tol dan pajak EV https://t.co/HxvDyF6LFb","2049076825343902110","https://pbs.twimg.com/media/HG_CxziagAAySv6.jpg","","in","","0","1","0","https://x.com/undefined/status/2049076825343902110","255866913",
"2048664919051313311","Mon Apr 27 07:25:53 +0000 2026","549","Guys ada situasi yang menurut gue menggambarkan dengan sangat jelas salah satu masalah terbesar yang membuat investor asing ragu masuk ke Indonesia. BYD produsen kendaraan listrik terbesar di dunia dari China sudah investasi besar-besaran di Indonesia. Bangun pabrik. Buka https://t.co/8YHRhp2znm","2048664919051313311","https://pbs.twimg.com/media/HG5RU8LbMAA_y_q.png","","in","","12","113","156","https://x.com/undefined/status/2048664919051313311","1772323119111487490",
"2048591387030106603","Mon Apr 27 06:09:09 +0000 2026","11","@adarwis Logikanya sederhana sih: Minyak mahal&gt;BBM&gt;🇮🇩 kasih subsidi &gt; APBN gak support&gt; Kebijakan beralih ke EV&gt; pasar Fuel Motor&gt; Pendapatan pajak dari kendaraan &amp; Penjualan BBM oleh BUMN&gt; Pajaki kendaraan EV sesuai interest. Mw gimana itu hukum kausalitas cuy BYD mw interfensi.","2048645608995717585","","adarwis","in","","0","0","0","https://x.com/undefined/status/2048645608995717585","1352408771490770944",
"2048366984262451221","Sun Apr 26 11:42:00 +0000 2026","1025","Susah banget jadi WNI kaum middle BBM naik ganti ke EV biar hemat Eeh subsidi pajak EV di hapus Bentar lagi wacana tarif listrik naik Bahkan mau lewat toll pun mau di pajakin.. Wooi gak dikasi napas ni kita diperes terus sampe miskin.. Ada gak sih WNA yg capek jadi WN di","2048366984262451221","","","in","","5","44","227","https://x.com/undefined/status/2048366984262451221","2045731527086989312",
"2047900902137508270","Sat Apr 25 04:49:57 +0000 2026","43","Suzuki kopi eh Spresso Ini adalah mobil alternative selain EV kecil itu yang pajaknya kalo ga da subsidi jatuhnya lumayan (mihil). Cocok buat para bu ibu yang pingin mobil kecil irit mudah buat anter sekolah belanja kepasar laundry nge-gym dll. Mobil ini gak cocok https://t.co/tj5ux4obAr","2047900902137508270","https://pbs.twimg.com/ext_tw_video_thumb/2047900868687843328/pu/img/6ANkTNixgWyTQdY_.jpg","","in","","2","15","5","https://x.com/undefined/status/2047900902137508270","1833001838020636672",
"2046851868727623938","Wed Apr 22 16:06:55 +0000 2026","2","@rahmatunKhasan3 @MiskinTV_ Pemilik mobil EV sebetulnya bantu Pemerintah mengurangi beban subsidi BBM yg diambil dr APBN. Subsidi mobil BBM itu Rp6jt - Rp9jt per mobil per tahun dr APBN. Ada ~27jt mobil di ID tahun 2025. Subsidi berlebihan ga sejalan dgn prinsip laissez-faire (Adam Smith). Ini bom waktu.","2046984101899681928","","rahmatunKhasan3","in","","0","3","0","https://x.com/undefined/status/2046984101899681928","1330319594",
"2046759642064121889","Wed Apr 22 01:15:00 +0000 2026","2","Menteri Keuangan Purbaya Yudhi Sadewa menyatakan aturan baru pajak kendaraan listrik atau electric vehicle (EV) tidak mengubah total pajak melainkan hanya menggeser skema pemungutan. Sebetulnya total (pajak) sama nggak ada yang berubah. Cuma bergeser saja dari suatu tempat https://t.co/oP5vf6r9KT","2046759642064121889","https://pbs.twimg.com/media/HGd8aafbQAAups3.jpg","","in","","0","0","0","https://x.com/undefined/status/2046759642064121889","786549338818224128",
"2046259483941478549","Mon Apr 20 16:07:33 +0000 2026","10","Bbm diesel modern mahal biosolar hapus qr EV dicabut subsidi+depresiasi. At this point kayaknya mending tetep pake mobil bensin irit yang membosankan itu.","2046259483941478549","","","in","","0","1","1","https://x.com/undefined/status/2046259483941478549","197403921",
"2046163265726923199","Mon Apr 20 11:14:43 +0000 2026","3","@arivrh @ertigaid Pemerintah kita kan memang suka plin plan. Kl EV mahal ya org2 mending pake BBM subsidi.","2046185792780095939","","arivrh","in","","0","0","0","https://x.com/undefined/status/2046185792780095939","1238229350",
"2046084782027931784","Mon Apr 20 04:33:21 +0000 2026","5","Kenaikan harga solar non-subsidi membuat pengguna mobil diesel mempertimbangkan ulang biaya dan mulai melirik kendaraan listrik (EV). Baca Selengkapnya https://t.co/AUtB5jOtD7 ~NA #BBM #MobilDiesel #KendaraanListrik https://t.co/itQLGbIO2E","2046084782027931784","https://pbs.twimg.com/media/HGUnQoVbAAA-rfI.jpg","","in","","1","0","0","https://x.com/undefined/status/2046084782027931784","23343960",
"2045991659834573242","Sun Apr 19 22:23:19 +0000 2026","2","Nampaknya Grok setuju-setuju aja Indonesia all in sawit transisi ke EV dan percaya pemerintah sudah di-track yang benar. Bahkan menyarankan: 1. Jangan sampai ada demo besar. 2. My Pertamina harus anti korupsi konteksnya yang udah kaya ngga pakai BBM subsidi. Wdyt guys? https://t.co/AYijaoVN2G","2045991659834573242","https://pbs.twimg.com/media/HGTSkl9boAEE0wN.jpg","","in","","0","4","0","https://x.com/undefined/status/2045991659834573242","1030789552867139584",
"2045709783462973576","Sun Apr 19 14:38:49 +0000 2026","9","@creeping5ilence Narasinya kelewat dramatis tapi salah di bagian-bagian yang penting. Mulai dari fakta dasarnya. Permendagri 11/2026 memang tidak lagi mencantumkan kendaraan listrik secara eksplisit sebagai yang dikecualikan. Tapi Pasal 19 aturan yang sama masih memberi ruang bagi pemda untuk","2045874767698534400","","creeping5ilence","in","","0","1","4","https://x.com/undefined/status/2045874767698534400","36319232",
"2045329045450322057","Sat Apr 18 05:50:59 +0000 2026","11","@Me_LiverpoolFC @poetralr13 @ezash Justru subsidi buta itu yang bikin transisi EV lelet krn duitnya habis dibakar bukan buat bangun infrastruktur. 'Grand design' lu cuma angan2 selama logikanya masih gali lubang tutup lubang. Sok keras bahas ekosistem tapi buta opportunity cost mending balik belajar lagi dek","2045379545042452733","","Me_LiverpoolFC","in","","0","1","0","https://x.com/undefined/status/2045379545042452733","1590771342584025103",
"2045329045450322057","Sat Apr 18 05:34:31 +0000 2026","2","@Dudiluislm @poetralr13 @ezash Syukurlah lu ngaku kita surplus. Lu nanya sampe kpn impor migas jd benalu? Jawabannya: sampe B50 &amp; transisi EV jalan full! Makanya negara dorong kemandirian energi. Subsidi skrg itu napas buatan sblm ekosistemnya siap. Kalo dicabut skrg kiamat inflasi. Lu yg buta grand design","2045375402030543181","","Dudiluislm","in","","0","2","0","https://x.com/undefined/status/2045375402030543181","78272180",
"1817733627612172721","Thu Apr 16 11:12:49 +0000 2026","18","THE JAPANESE🇯🇵 DILEMMA Yg menarik tak satu pun pabrikan Jepang dlm 10 besar. Sayang VisualCapitalist gak menyertakan datanya sbg komparatif. Meskipun TOYOTA &amp; HONDA tetap mendominasi pasar mobil konvensional (ICE) dan Hybrid (HEV) secara global mereka tertinggal jauh di https://t.co/UmsEboxozq","2044735763074711984","https://pbs.twimg.com/ext_tw_video_thumb/2044735655390150656/pu/img/ZPrWec9R8GThGl7f.jpg","eddesign_","in","","0","4","7","https://x.com/undefined/status/2044735763074711984","325599485",
"2044279047514107951","Wed Apr 15 04:58:00 +0000 2026","0","Pengamat Dorong Insentif EV Lebih Tepat Sasaran Bisa Tekan Beban Subsidi BBM https://t.co/y5lszr3RS4","2044279047514107951","","","in","","0","0","0","https://x.com/undefined/status/2044279047514107951","2392460208",
"2043266749450342489","Sun Apr 12 12:27:40 +0000 2026","3","Akibatnya? Kerajaan kekurangan duit untuk ; i) bina pengangkutan awam besar-besaran ii) labur dlm tenaga bersih (solar EV grid) iii) bantu rakyat secara bersasar Jadi kerajaan buat apa? Ambil jalan paling mudah iaitu teruskan subsidi petrol.","2043305047644426711","","morasaki12","in","","0","1","1","https://x.com/undefined/status/2043305047644426711","715573280220971010",
"2042876645468778953","Sun Apr 12 05:08:23 +0000 2026","2","@portaldekapital Pastu Malaysia nak jaga 'pemain indistri'.. Mengabiskan beras je. Lebih baik bagi ramai mampu beli EV kurang subsidi petrol.","2043194497644015737","","portaldekapital","in","","0","0","0","https://x.com/undefined/status/2043194497644015737","103557690",
"2043132536130576485","Sun Apr 12 01:02:10 +0000 2026","9","Guys Benix baru rilis analisis soal kondisi industri otomotif Jepang dan katanya ini bisa jadi peluang buat Indonesia. Klaim satu industri otomotif Jepang sedang dalam masalah besar. Benix menyebut tiga data utama: - Nissan menutup tujuh pabrik di berbagai negara dan PHK lebih https://t.co/EyUuJ86uF8","2043132536130576485","https://pbs.twimg.com/media/HFqpgd3aQAA-UXp.jpg","","in","","0","1","1","https://x.com/undefined/status/2043132536130576485","1772323119111487490",
"2042073979343741120","Thu Apr 09 02:55:51 +0000 2026","4","Kalau mau #ketahananenergi 🇮🇩 yang stabil ada 3 game changer yang wajib jalan: Transport listrik = less impor minyak Bayangin 1 juta mobil listrik bisa hemat 13 2 juta barel minyak/tahun ‍ Tapi biar makin masuk akal harga BBM juga harus realistis biar EV bisa truly","2042073979343741120","","","in","","0","1","1","https://x.com/undefined/status/2042073979343741120","72763910",
"2040006981055119685","Fri Apr 03 15:53:44 +0000 2026","5","@fir_r @ZacZakirin13 Yup itulah. XMax tu pun dah lebih RM30k . Kalau nak harga Vios City dan EV semua sama macam Thailand (range RM15k-RM25k lagi murah) memang itulah expectation harga Myvi. Tapi bila depo kena 20-30% loan 5 tahun interest sampai 5-8% rasanya ramai juga tak mampu. Lagipun","2040095414339391897","","fir_r","in","","0","0","0","https://x.com/undefined/status/2040095414339391897","198424307",
"2039923184460579306","Fri Apr 03 04:29:21 +0000 2026","1","Di tengah lonjakan harga minyak dunia yang dipicu ketegangan geopolitik global pemerintah dinilai perlu segera mengaktifkan kembali insentif kendaraan listrik (electric vehicle/EV). Institute for Development of Economics and Finance (INDEF) menilai langkah ini penting untuk https://t.co/q1MA7vefVc","2039923184460579306","https://pbs.twimg.com/media/HE9DUENaYAAZWGu.jpg","","in","","0","0","1","https://x.com/undefined/status/2039923184460579306","121640063",
"2039898367312929196","Fri Apr 03 02:50:44 +0000 2026","0","Jepang Pangkas Subsidi EV BYD Kena Dampaknya https://t.co/uWbMXJ8fbE https://t.co/4xRtSWbC11","2039898367312929196","https://pbs.twimg.com/media/HE8swVDXsAA5Ldu.jpg","","in","","0","0","0","https://x.com/undefined/status/2039898367312929196","118371948",
"2039371154281136331","Thu Apr 02 08:51:44 +0000 2026","2","@muizuddinhasan Public AC charger biasanya RM1/kWh so double the cost of home charging. Kalau banding RON95 untuk 200L lebih kurang sama. Tapi untuk menggunaan lebih 200L (bayar harga tanpa subsidi) EV lagi jimat. Pengguna yang selalu bergantung kepada public charger disarankan untuk","2039626825115333107","","muizuddinhasan","in","","0","0","0","https://x.com/undefined/status/2039626825115333107","129508554",
"2039194647759856032","Wed Apr 01 04:14:25 +0000 2026","8","Pelaburan EV: Nilai Tambah Bukan Sekadar Pasang &amp; Simpan 1. Dalam dua hari ini negara kita hangat dengan isu cadangan BYD untuk membuka kilang di Malaysia. 2. Perdebatan timbul apabila syarat yang ditetapkan oleh MITI dilihat agak ketat khususnya kepada pemain EV import. Ada https://t.co/Vcq7lKmNSr","2039194647759856032","https://pbs.twimg.com/media/HEysuPVa8AAg1jK.jpg","","in","","0","1","6","https://x.com/undefined/status/2039194647759856032","212861003",
"2039150394845392992","Wed Apr 01 01:18:34 +0000 2026","12","Panggung sirkus birokrasi kita hari ini sedang sibuk memamerkan mainan baru bertajuk Revolusi Hijau melalui kendaraan listrik (Electric Vehicle/EV). Sangat luar biasa melihat bagaimana energi negara habis terkuras untuk membentangkan karpet merah bagi produsen EV global https://t.co/5pS21Kcdpz","2039150394845392992","https://pbs.twimg.com/media/HEyEaCCbcAAqgTG.jpg","","in","","0","2","4","https://x.com/undefined/status/2039150394845392992","55300590",
"2039020724573384851","Wed Apr 01 00:44:27 +0000 2026","2","@khalidkarim Tiap hari teriak subsidi petrol mahal sana mau Malaysians beli ev mahal. Akhirnya rakyat2 yg diexploit dn dibebankan","2039141808824033648","","khalidkarim","in","","0","0","0","https://x.com/undefined/status/2039141808824033648","272802182",
"2038944397673496942","Tue Mar 31 16:50:57 +0000 2026","3","@ZARUL_GTI Lain benar larian pendapat kau ni. Kau mmg anti org miskin yg nakkan kereta EV murah utk hantar anak pegi sekolah/keja ke mcm mana? Habis tu nak guna kereta ICE supaya kerajaan tanggung subsidi minyak berbilion² sampai bila?","2039022647502385559","","ZARUL_GTI","in","","0","0","0","https://x.com/undefined/status/2039022647502385559","838274398297579520",
"2038904323938365585","Tue Mar 31 09:53:24 +0000 2026","2","@MOFmalaysia Terima kasih. Tolong teliti @MITIMalaysia kita perlu EV bawah 100k kenapa kerajaan kena tanggung subsidi banyak dan rakyat kena bayar harga kereta tinggi untuk jaga kepentingan segelintir. Down with the old policy. They had their chances for so many years to evolve but failed.","2038917567923052727","","MOFmalaysia","in","","0","0","0","https://x.com/undefined/status/2038917567923052727","103557690",
"2038852822452850878","Tue Mar 31 07:24:12 +0000 2026","2","@insidefolkative Di daerahku (Kaltara) udah lama dibatasi pembelian BBM subsidi gara2 pengetap. Udah gitu langka lagi sub &amp; non-sub hadeehh! Mau ganti EV ga ada yg jual. Dealer terdkt jaraknya 700km.","2038880023650918816","","insidefolkative","in","","0","0","0","https://x.com/undefined/status/2038880023650918816","189821832",
"2038528537142100405","Tue Mar 31 04:29:15 +0000 2026","6","@khairizulfadhli @joharighani Kalau lebih ramai pakai ev mampu milik kan kerajaan boleh save subsidi petrol ..apa kata suruh proton dan produa support subsidi petrol sikit kalau nak sgt monopoly sales kereta...asyik petronas je kena","2038835993646977261","","khairizulfadhli","in","","0","0","0","https://x.com/undefined/status/2038835993646977261","1561649629589934080",
"2038786571705765946","Tue Mar 31 01:12:52 +0000 2026","112","Dua faktor penyebab utama: 1. Pemerintah 🇨🇳 China dulu bnyk kasih subsidi tapi ekonominya lagi susah sejak Covid + konflik global. Target GDP 2026 diturunkan jadi 4.5-5% terendah selama puluhan tahun. 2. Sekarang mereka lagi shift gede2an ke industri terbaharukan: panel","2038786571705765946","","","in","","1","4","11","https://x.com/undefined/status/2038786571705765946","2019275795093680128",
"2038445381638615487","Mon Mar 30 17:11:20 +0000 2026","2","@AbaGengGeng @A_Hxrrxz2nd Sampai khiamat la Pro2 and proton x perform. Byd kalau jual ev murah then org mampu beli duit extra boleh sumbang ke keluarga. Goverment xpyh tanggung subsidi byk2 utk minyak. Adoi","2038665391501951444","","AbaGengGeng","in","","0","1","0","https://x.com/undefined/status/2038665391501951444","404138542",
"2038644241338159511","Mon Mar 30 15:47:17 +0000 2026","7","Selain drpd pengurangan subsidi minyak kita kena ingatlah yang sumber elektrik ni boleh dijana melalui renewables terutamanya solar yg boleh dipasang di rumah2 landed. Effectively opex EV jadi hampir nol. Besides what makes up our genmix is much more stable compared to oil.","2038644241338159511","","","in","","0","0","5","https://x.com/undefined/status/2038644241338159511","1044537878",
"2038589413928870313","Mon Mar 30 14:37:12 +0000 2026","3","@syahir sbb tu la aq tak suka korang punya pandangan contoh byd jdi bina kilang korang punya tajuk tgk syarikat gergasi ev bina kilang di malaysia bnyk job bru msuk madani bagus. bila tiba2 tak jadi hujah dia mcm ni la dumping la subsidi la. ikut tekak dn cita rasa sendri","2038626604088447239","","syahir","in","","0","2","1","https://x.com/undefined/status/2038626604088447239","1696179509475917824",
"2038619950575947957","Mon Mar 30 14:10:46 +0000 2026","395","Memang tak cerdik pun. Kurangkan subsidi (pukal) itu memang perlu buat. Kalau EV menjadi dasar utama kau hanya pindahkan consumption daripada petrol kepada gas (piped gas yang highly subsidised by Petronas) dan juga arang batu. Itu nama dia poket kiri poket kanan. Pegi tengok","2038619950575947957","","","in","","12","16","136","https://x.com/undefined/status/2038619950575947957","2537511066",
"2038453482144084397","Mon Mar 30 03:09:17 +0000 2026","459","Aku ni takdelah cerdik mana tapi kalau betul nak kurangkan subsidi bahan api maka kenderaan EV adalah salah satu solusinya (selain pengangkutan awam atau suruh pekerja WFH). On way to encourage people to buy EV in Malaysia is to make it affordable sebab petrol kita murah dan","2038453482144084397","","","in","","18","24","234","https://x.com/undefined/status/2038453482144084397","1120318149654499328",
"2038415119470952746","Mon Mar 30 02:42:41 +0000 2026","34","@XWarisan @joharighani Dua syarat tu kalau betul memang mengarutlah. Nampak sangat nak protect P1 dan P2. Padahal kalau fikir balik orang yang beli EV ni sekurangnya bantu juga kurangkan beban subsidi bahan api kerajaan.","2038446788433338554","","XWarisan","in","","1","1","1","https://x.com/undefined/status/2038446788433338554","82872938",
"2036728451898737096","Wed Mar 25 08:54:38 +0000 2026","15","Mau bangga ga naik? Faktanya ini justru ngeri sih jujur aja. Negara klo defisit terus yang di kerok ya rakyatnya dengan pajak-pajak yang makin aneh. Ini bagaikan BOM waktu yang tinggal nunggu meledak ya aja. Tapi sayang rakyatnya terutama di kalangan bawah ga sadar efek domino https://t.co/kxBU210Umn","2036728451898737096","https://pbs.twimg.com/media/HEPpujWakAAw0oH.jpg","","in","","0","2","3","https://x.com/undefined/status/2036728451898737096","902005561675227136",
"2036307814998851691","Tue Mar 24 06:18:23 +0000 2026","3","@dosenkesmas Good news Daripada kita tergantung ke minyak tiap tahun impor minyak dan subsidi BBM Kalo pake EV mininal kita punya batubara dan renewal energi lain jd ga terlalu bergantung ke negara luar","2036326743120945667","","dosenkesmas","in","","0","1","0","https://x.com/undefined/status/2036326743120945667","1206584104201809921",
"2035677941053681716","Sun Mar 22 11:20:16 +0000 2026","3","True. Mudah-mudahan masih cukup buat arus balik ngga ujug-ujug besok dilarang beli BBM supaya semua kendaraan pribadi nyangkut di kampung lalu cuma bisa WFH atau kerja pake KRL. Tapi LPJ pasti seret MBG bisa distop ganti subsidi kompor listrik. Pickup India ganti EV China.","2035677941053681716","","","in","","0","0","1","https://x.com/undefined/status/2035677941053681716","185320244",
"2034531984442294521","Thu Mar 19 09:15:44 +0000 2026","59","@bckupacc99 LOL .dia tak tau ka kereta ev dapat subsidi kerajaan","2034559434207428703","","bckupacc99","in","","0","0","0","https://x.com/undefined/status/2034559434207428703","3522936853",
"2034160157740175547","Wed Mar 18 06:49:09 +0000 2026","19","Kebijakan terbaik itu berdasarkan kondisi negara masing2. Idn: net importir minyak Mal: net eksportir minyak Idn: subsidi BBM Rp 160 T Mal: subsidi Rp 86 T Idn: jumlah mobil 145 juta Mal: mobil 33 juta Idn: EV 6 pabrik Mal: EV 3 pabrik Idn: distribusi BBM lebih kompleks https://t.co/ZVrwEWHsRa","2034160157740175547","https://pbs.twimg.com/media/HDrJ2U1bEAgVShN.jpg","","in","","0","7","5","https://x.com/undefined/status/2034160157740175547","1405723264710709248",
"2032672369182126124","Sat Mar 14 04:17:12 +0000 2026","1","Strategi baharu diperlukan selepas Amerika Syarikat menamatkan program subsidi pembelian EV di bawah pentadbiran Donald Trump. #AWANInews #AWANIpagi https://t.co/6ZW4Er9rEB","2032672369182126124","","","in","","0","0","3","https://x.com/undefined/status/2032672369182126124","497665754",
"2031323290959229196","Tue Mar 10 10:57:03 +0000 2026","2","Salah satu isu paling penting adalah biaya dan dukungan kebijakan. Produksi biodiesel saat ini masih sangat bergantung pada subsidi dari pungutan ekspor CPO. Tanpa dukungan ini biaya produksi biodiesel relatif tinggi dan sulit bersaing dengan bahan bakar lain. Karena biodiesel","2031323440792445253","","IESR","in","","0","0","0","https://x.com/undefined/status/2031323440792445253","72763910",
"2031284272158691469","Tue Mar 10 08:21:24 +0000 2026","80","Biodiesel di Indonesia saat ini juga menerima dukungan dan insentif dalam berbagai bentuk: 1⃣ BPDKS = subsidi biaya produksi ~Rp3.500 Rp5.500 per liter &gt;&gt; ini uangnya dari pungutan ekspor sawit (bukan uang APBN) 2⃣ Subsidi harga retail = ini karena biodiesel dijualnya fixed https://t.co/AnES0tceeY","2031284272158691469","https://pbs.twimg.com/media/HDCPr-6bIAAQUe3.jpg","","in","","3","7","28","https://x.com/undefined/status/2031284272158691469","69806285",
"2027978613442941226","Sun Mar 01 09:27:28 +0000 2026","33","@catp00h Hmmm berarti rumah subsidi didesain untuk parkiran air ev sebelum ada air ev Visioner!","2028039406762987903","","catp00h","in","","1","1","0","https://x.com/undefined/status/2028039406762987903","197403921",
"2023925655357059526","Wed Feb 18 01:29:23 +0000 2026","34","@mcitraningrum BYD sukses bukan cuma karena founder-nya jago baterai. Wang Chuanfu punya visi teknologi. Wan Gang dorong kebijakan besar-besaran ke EV saat China sadar tak akan menang di mobil bensin. Ada subsidi pasar dibentuk infrastruktur dibangun. Teknologi + kebijakan jalan bareng.","2023932827306512635","","mcitraningrum","in","","0","1","5","https://x.com/undefined/status/2023932827306512635","1025551760",
"2023925655357059526","Wed Feb 18 01:00:53 +0000 2026","763","Kesuksesan BYD ini kombinasi visionernya Wang Chuanfu (founder &amp; CEO BYD) dan Wan Gang (Menteri Saintek Tiongkok 2007-2018). Wan Gang itu disebut Bapak EV negara panda :) ️ Wang Chuanfu adalah chemist dengan keahlian di baterai; makanya dia kemudian mendirikan pabrik baterai","2023925655357059526","","","in","","22","25","191","https://x.com/undefined/status/2023925655357059526","69806285",
"2023580249305580021","Tue Feb 17 13:31:27 +0000 2026","4","@GaiusJArminius @AldhitamaR @WillyXO intinya ttp dibantu pemerintah insentif dan subsidi keduanyabentuk bantuan pemerintah. Tujuannya sama sama untuk meringankana jgn lupa ngecharge ev jg subsidi PLN jam 22.00 sampe subuh pln sendiri sebut subsidi loh ya faktanya gt No hard feeling saya jg user ev ‍↕️","2023752151374459104","","GaiusJArminius","in","","0","2","0","https://x.com/undefined/status/2023752151374459104","1550854739079749637",
"2022164026512535987","Fri Feb 13 06:11:11 +0000 2026","2","@kompascom Berasa buat subsidi silang EV","2022191805362852299","","kompascom","in","","0","0","0","https://x.com/undefined/status/2022191805362852299","507437285",
"2021557253946704134","Wed Feb 11 12:09:42 +0000 2026","122","Kenapa Penjualan mobil di Tiongkok anjlok? Orang2 bakal mikir ekonomi Tiongkok lagi hancur Tapi coba liat dari sudut pandang ini: 1. Efek Pesta di Bulan Desember Di akhir tahun itu biasanya ada cuci gudang dan subsidi gede-gedean. Orang-orang yang tadinya mau beli mobil di","2021557253946704134","","","in","","0","3","5","https://x.com/undefined/status/2021557253946704134","1955226998156169217",
"2021210549238005809","Tue Feb 10 13:12:01 +0000 2026","1","Walau subsidi mobil listrik untuk tahun 2026 dipastikan dihapus produsen EV asal China BYD tetap menunjukkan optimisme tinggi. Menjaga pangsa pasar sekitar 50% di Indonesia BYD yakin permintaan kendaraan listrik akan tetap kuat berkat minat konsumen yang terus meningkat dan https://t.co/ObduuaWQVh","2021210549238005809","https://pbs.twimg.com/media/HAzIRq6bQAEZvAE.jpg","","in","","0","1","0","https://x.com/undefined/status/2021210549238005809","231355136",
"2018857173972049923","Wed Feb 04 02:42:19 +0000 2026","4","@ikhwanuddin + pemerintah yg ngasih subsidi gila2an shg harga baru EV udah absurdly low. + Produsen yg tiap bulan ngerilis EV seperti ngerilis smartphone. ","2018877752678785282","","ikhwanuddin","in","","1","1","0","https://x.com/undefined/status/2018877752678785282","1963611322681368576",
"2018593449050804249","Tue Feb 03 12:28:19 +0000 2026","2","@rodadotco Pertama krn pajak mobil ice itu 40% supaya msh terjangkau maka fitur banyak disunat itu pun ttp mahal sementara ev banyak di subsidi jd dgn harga murah fitur seabrek gak disunat kedua krn lg hype ev","2018662833890992633","","rodadotco","in","","0","0","0","https://x.com/undefined/status/2018662833890992633","50852842",
"2017935443413918036","Sun Feb 01 12:17:55 +0000 2026","0","Nasib Insentif EV Belum Jelas Changan Kasih 'Subsidi' Sendiri untuk Konsumen RI https://t.co/GwGpsKoBgb","2017935443413918036","","","in","","0","0","0","https://x.com/undefined/status/2017935443413918036","80543284",
"2010242740479758770","Sun Jan 11 08:45:39 +0000 2026","3","@BudiBukanIntel Kalau anda konglo yg selalu sejalan dg pemerintah dijamin aman gak bakal ada palakan sebaliknya justru disubsidi. Industri ev semiconductor panel surya ai biotech dapat guyuran subsidi ratusan milyar dollar.","2010271880381648935","","BudiBukanIntel","in","","0","0","0","https://x.com/undefined/status/2010271880381648935","866697242672979968",
"2009908990952779907","Sat Jan 10 14:20:01 +0000 2026","2","@AldhitamaR Opini yang bagus kawan. Mari kita lihat kalau nanti segala macam insentif EV kaya subsidi pajak dan gage dicabut...","2009993636826755121","","AldhitamaR","in","","0","2","0","https://x.com/undefined/status/2009993636826755121","66363128",
"2008407816655213031","Tue Jan 06 05:18:32 +0000 2026","0","BYD resmi salip Tesla sebagai penjual EV terbesar dunia. Penjualan Tesla turun 9% di 2025 sementara BYD melonjak hampir 28% hingga tembus 2 25 juta unit. Dicabutnya subsidi EV AS persaingan ketat dan faktor non-teknis ikut menekan Tesla. https://t.co/9jyDF6sWwe","2008407816655213031","https://pbs.twimg.com/amplify_video_thumb/2008405186763780101/img/Im7mrIsTTHEujZLU.jpg","","in","","0","0","0","https://x.com/undefined/status/2008407816655213031","80543284",
"2007343719490732322","Sat Jan 03 07:40:26 +0000 2026","9","@BigAlphaID Kalau ev memang lebih efisien dan hemat masyarakatnya juga bakal pakai gausah di subsidi pajak","2007356364516143312","","BigAlphaID","in","","0","1","0","https://x.com/undefined/status/2007356364516143312","1846778537518551043",
"2006683708368237022","Thu Jan 01 11:07:33 +0000 2026","1239","Bagi kuliah kat masjid macam sembang kat mamak jangan beli EV sebab nak kawal manusia(?).. petrol dah bagi subsidi (????).. minyak subsidi cepat habis (kemudian dialas dengan wallahu a'lam..) Dulu masjid jadi pusat ilmu.. https://t.co/lfcn5rNXIx","2006683708368237022","https://pbs.twimg.com/amplify_video_thumb/2006683614671679488/img/7bXgdG3G9RAF9bHV.jpg","","in","","84","124","419","https://x.com/undefined/status/2006683708368237022","275462876",
"2005339484280500400","Mon Dec 29 06:56:34 +0000 2025","1","@andy_santuy @Fountaine30 EV itu memberi alternatif kepada orang utk punya mobil bagus &amp; canggih dgn harga yg lebih murah daripada harga mobil ICE bekas. Selain itu ngecharge listrik lebih murah daripada beli bensin kalau hari-hari dipakai pergi pulang kantor. Kalau adopsi EV berjalan kencang (katanya","2005533383422890008","","andy_santuy","in","","0","1","0","https://x.com/undefined/status/2005533383422890008","57572052",
"2004745788396908569","Sat Dec 27 02:51:21 +0000 2025","32","Proyek kompor listrik (2016) Proyek sepeda motor listrik (2018) Proyek rice cooker (2021) Ngulang proyek kompor listrik (2022) Proyek subsidi EV (2023-2025) Semua tujuannya supaya segmen rumah tangga yg tanggungjawab sama planning &amp; eksekusi tolol rezim mulyono","2004746896473293085","","ObiWan_Catnobi","in","","1","2","14","https://x.com/undefined/status/2004746896473293085","371261655",
"2004158111867965922","Thu Dec 25 16:43:08 +0000 2025","5","@Fountaine30 th dpn ud ga ada subsidi EV smg BYD/Vinfast ttp kuat jualan di Indo krn Investnya udh gede bgt ini ditambah udh deket Patimban juga biar Priok ga tambah macet","2004231447436271995","","Fountaine30","in","","0","0","1","https://x.com/undefined/status/2004231447436271995","1780949657323274240",
"2002192032119566711","Sat Dec 20 03:00:49 +0000 2025","2","@ThatSun510 @StopPlandemit @MiraninonLita @maximv_satriaus @SumandoGaek @seekracle @GandarAntarkota @ranglasi @mamakchayank @mulkanjabariyan @dokter_kampung @Delta_tofu @Faraz_kepri @daddyyuki subsidi eV tahun depan dicabut keknya. ilang satu persatu tuh pabrikan ntar apalagi si gemoy bilang yuk nanam sawit buat bikin BBM","2002212565682958689","","ThatSun510","in","","0","2","0","https://x.com/undefined/status/2002212565682958689","2338218877",
"2001611040510087205","Thu Dec 18 11:10:34 +0000 2025","0","18 DISEMBER 2025 - PERALIHAN KEPADA KENDERAAN EV: KERAJAAN TIDAK BERCADANG GANTI SUBSIDI. 'Yang sahih di RTM' #RTM #BeritaRTM #MalaysiaMadani #TaatSetia #BersamaMALAYSIAKU #RancakkanMADANI #MADANIBekerja https://t.co/Kv4KWSrVHN","2001611040510087205","https://pbs.twimg.com/amplify_video_thumb/2001610987800322048/img/anC-WBq_RYmtkpz2.jpg","","in","","0","0","0","https://x.com/undefined/status/2001611040510087205","704725700",
"2001586967469781121","Thu Dec 18 09:34:55 +0000 2025","0","#KualaLumpur Kerajaan tidak bercadang menggantikan subsidi bahan api di bawah skim BUDI95 dengan rebat tunai sebagai insentif untuk menggalakkan peralihan kepada kenderaan elektrik (EV) atau hibrid kata Menteri Kewangan II Datuk Seri Amir Hamzah Azizan. https://t.co/C7tUXpGIRh https://t.co/S5qpuR3nzw","2001586967469781121","https://pbs.twimg.com/media/G8cQvUeXoAAUOCY.jpg","","in","","0","0","0","https://x.com/undefined/status/2001586967469781121","63070015",
"2001548005745336818","Thu Dec 18 07:00:06 +0000 2025","13","Kerajaan Malaysia melalui Menteri Kewangan II Datuk Seri Amir Hamzah Azizan telah mengesahkan bahawa tiada penggantian skim subsidi bahan api Budi95 dengan rebat tunai untuk mempromosikan kenderaan elektrik atau hibrid. Beliau menyatakan bahawa inisiatif untuk meningkatkan https://t.co/epmUw5WCJ2","2001548005745336818","https://pbs.twimg.com/media/G8btTeSWIAAUBeL.jpg","","in","","0","0","6","https://x.com/undefined/status/2001548005745336818","1213807317419880450",
"2001526964621058337","Thu Dec 18 05:36:29 +0000 2025","2","Objektif asal BUDI95 adalah subsidi bersasar untuk golongan bergantung kepada petrol bukan galakkan pemandu beralih ke EV atau hibrid. #AWANInews #AWANI745 https://t.co/NzgRPzaKFi","2001526964621058337","","","in","","0","0","1","https://x.com/undefined/status/2001526964621058337","497665754",
"2001526061176172947","Thu Dec 18 05:32:54 +0000 2025","0","Kerajaan kekal subsidi bahan api BUDI 95 tiada rebat tunai untuk galak EV https://t.co/qX671ceJxb","2001526061176172947","","","in","","0","0","0","https://x.com/undefined/status/2001526061176172947","61083422",
"2001520496337391854","Thu Dec 18 05:10:47 +0000 2025","1","Kerajaan tak bercadang ganti subsidi bahan api dengan rebat tunai galak beralih kepada EV #BHbisnes Langkah itu akan mengubah tujuan asal pelaksanaan BUDI95 dan berpotensi menjejaskan keberkesanan penyasaran subsidi kepada kumpulan sasar. https://t.co/N1QmfOzDwC","2001520496337391854","","","in","","0","0","0","https://x.com/undefined/status/2001520496337391854","63070483",
"2001515611898417585","Thu Dec 18 04:51:22 +0000 2025","0","Buat masa ini kerajaan tidak bercadang untuk menggantikan subsidi bahan api di bawah BUDI95 dengan rebat tunai sebagai penggalak peralihan kepada EV atau hibrid. https://t.co/6HW0YXYi9C 'Yang sahih di RTM' #RTM #BeritaRTM #MalaysiaMadani #BersamaMALAYSIAKU https://t.co/ypCaiM3udQ","2001515611898417585","https://pbs.twimg.com/media/G8bPuZfakAAmqr2.jpg","","in","","0","0","1","https://x.com/undefined/status/2001515611898417585","704725700",
"1998366352692977821","Tue Dec 09 12:17:36 +0000 2025","251","YANG HARUS DILAKUKAN PEMERINTAH: Wajibkan audit SLF tahunan + subsidi sprinkler (Rp50M nasional) Integrasikan AI early warning di damkar Update UU Cipta Kerja tambah klausul tech safety Kolaborasi ASEAN soal baterai EV/drone https://t.co/MJbnvD1ZN2","1998366416710586525","https://pbs.twimg.com/media/G7ue6V0boAAOdzU.jpg","dimarsasongko98","in","","3","1","49","https://x.com/undefined/status/1998366416710586525","1781618112259076096",
"1993932768062128598","Thu Nov 27 06:39:52 +0000 2025","14","AIRLANGGA TOXIC POSITIVITY vs GUMIWANG REALISTIC Menko Airlangga bilang 'tidak ada insentif' karena industrinya 'sudah cukup kuat'. Lihat aja pameran GJAW (Permata Bank GAIKINDO Jakarta Auto Week 2025) yg sukses. Poin Menperin Agus Gumiwang realistik insentif justru https://t.co/53vfsj0DYU","1993932768062128598","https://pbs.twimg.com/media/G6vfSQKaQAEqCMR.jpg","","in","","0","1","4","https://x.com/undefined/status/1993932768062128598","325599485",
"1986957593294807476","Sat Nov 08 00:43:00 +0000 2025","23","Selamat pagi.. Data ekspor Clean Energy atau energi bersih Tiongkok keluar dan gilanya semua sektor naik kecuali solar yang agak turun dikit. Baterai EV kabel listrik sistem grid semuanya naik. Dari Januari sampai Agustus 2025 nilainya udah tembus rekor baru. https://t.co/5jlH0Av04b","1986957593294807476","https://pbs.twimg.com/media/G5MWAoubIAA0_xG.jpg","","in","","0","2","5","https://x.com/undefined/status/1986957593294807476","1955226998156169217",
"1984914407445696650","Sun Nov 02 09:24:07 +0000 2025","392","Inovasi demi inovasi China yg begitu dahsyat terjadi krn bbrapa faktor berikut : - pemerintah kompak satu suara. Tak ada sibuk debat di parlemen yg tak ada ujungnya antar partai saling menjatuhkan spt di amrik dan eropa. - pemerintah yg cerdas kompeten dan satu suara ini https://t.co/9Sc7XjxAjK","1984914407445696650","https://pbs.twimg.com/media/G4vVIm0aUAAo4Ff.jpg","","in","","4","16","77","https://x.com/undefined/status/1984914407445696650","190535830",
"1984451430116442559","Sat Nov 01 02:44:24 +0000 2025","23","@anwaribrahim @tzafrul_aziz @rafiziramli -Mari Kita Hadapi Realiti - Bukan Retorik Politik Ramai yang sibuk menuduh DSAI &amp; Zafrul kononnya telah jual kedaulatan Malaysia kerana perjanjian dagangan dengan Amerika Syarikat. Tapi mari kita fikir dengan jujur - apa akan jadi kalau","1984451430116442559","","anwaribrahim","in","","1","0","10","https://x.com/undefined/status/1984451430116442559","1423556976554909697",
"1984157076109861223","Fri Oct 31 07:14:45 +0000 2025","21","Day 8 #50HariNgulikSahamTiongkok Selamat sore semeton! Balik lagi saya ngulik saham-saham Tiongkok. Daripada liat berita gak ada ujungnya bahas dua kakek-kakek mulu mending kita bahas mobil mobil. Akhir-akhir ini saya lagi suka banget sama sektor mobil listrik. Sayang aja di https://t.co/gWrDAZVrrq","1984157076109861223","https://pbs.twimg.com/media/G4kkVPNa8AMc-Vg.jpg","","in","","0","0","3","https://x.com/undefined/status/1984157076109861223","1955226998156169217",
"1979011608530633013","Fri Oct 17 02:28:30 +0000 2025","4","Subsidi petrol telah disasarkan. Mungkin boleh jimat RM1b-RM2b setahun. Soalan seterusnya apa langkah seterusnya untuk tarik 100%? Secara jujurnya aku rasa jawapannya ialah EV dan hybrid. Kalau jumlah EV 10% dari jumlah kenderaan 10% subsidi petrol dapat dikurangkan.","1979011608530633013","","","in","","0","2","0","https://x.com/undefined/status/1979011608530633013","226184401",
"1978810658943795636","Thu Oct 16 13:10:00 +0000 2025","1","Periklindo Minta 10% Subsidi BBM Dialihkan untuk Prasarana EV https://t.co/sABpn0l5rh","1978810658943795636","","","in","","0","0","1","https://x.com/undefined/status/1978810658943795636","4187275698",
"1976571772129669504","Fri Oct 10 08:53:28 +0000 2025","119","Naik Grab tadi mcm biasa rider complaint psl minyak BUDI95 tak cukup. Baru minggu kedua dh habis Terfikir jugak kalau ada usaha nak push kereta EV dimurahkan sikit harganya (RM25K-50K) lagi ramai driver pakai kereta EV dan lebih jimat subsidi minyak negara","1976571772129669504","","","in","","2","17","26","https://x.com/undefined/status/1976571772129669504","50513436",
"1973018186389090511","Tue Sep 30 13:32:47 +0000 2025","2","Dulu gomen subsidi 2.60 - 2.05 = 0.55 Sekarang punya subsidi 2.60 - 1.99 = 0.61 Yg bijak pandai kira 2.05 - 1.99 = 0.06 Selama ni ingat gunapakai petrol takde subsidi ke? Turun salah. Naik salah. Pakai ev je lah. Eh?","1973018186389090511","","","in","","0","0","0","https://x.com/undefined/status/1973018186389090511","53131767",
"1972843842748756030","Tue Sep 30 10:03:16 +0000 2025","2","@zhil_arf Mumpung listrik sedang over kapasitas. Langkah cepat dan strategis adalah zero tariff for Chinese ev solar panel inverter renewable energy technology. Subsidi BBM dialihkan ke voucher yang butuh dan elektrifikasi dapur dg kompor induksi.","1972965461320200475","","zhil_arf","in","","1","0","0","https://x.com/undefined/status/1972965461320200475","866697242672979968",
"1972506543569674697","Mon Sep 29 03:59:20 +0000 2025","2","@2BasileaTheoph Subsidi langsung dalam bentuk voucher ke yang butuh zero tariff for Chinese ev solar panel inverter and renewable energy technology. Pajak kendaraan dan BBM 100 % wajib untuk infrastruktur dan logistik .","1972511487756480648","","2BasileaTheoph","in","","0","1","0","https://x.com/undefined/status/1972511487756480648","866697242672979968",
"1972284755640225966","Sun Sep 28 16:03:07 +0000 2025","4","@FelixSGL1 @SelebtwitMobil Minimal klo benci EV subsidi lah mobil hybrid. Indo jg terlalu kuno klo langsung dipaksain EV","1972331242860564606","","","in","","0","0","0","https://x.com/undefined/status/1972331242860564606","1182215425578262528",
"1970858388830793993","Wed Sep 24 14:30:31 +0000 2025","6","Kerajaan kata nak kurangkan jejak karbon tapi tangan kiri tolong EV tangan kanan subsidi petrol. Lestari alam ke atau lagi bercelaru? Atau kelentong sana sini tak tentu arah? https://t.co/XeGvuajGKv","1970858388830793993","https://pbs.twimg.com/media/G1nlP4SbYAAQnLe.jpg","","in","","1","1","0","https://x.com/undefined/status/1970858388830793993","995676205914378242",
"1970752285547602297","Wed Sep 24 07:28:58 +0000 2025","4","Potensi Kebangkrutan PLN Akumulasi beban skema ToP dari PLTU dan geothermal dapat mendorong PLN ke ambang krisis. Di sisi lain oversupplyyang membebani PLN dapat memicu efek domino seperti subsidi EBT yang naik hingga Tarif Dasar Listrik berpotensi mengalami kenaikan untuk","1970752304396853468","","Hnirankara","in","","0","1","0","https://x.com/undefined/status/1970752304396853468","871058414364876800",
"1970452270992241102","Tue Sep 23 11:36:45 +0000 2025","58","Dalam kita setuju dengan subsidi minyak ada dua perkara saya tak setuju 1. Subsidi kepada semua (termasuk Maha Kaya) 2. Limit 300liter (kerajaan juga dlm proses menetapkan limit harian tapi tak pasti mekanisma) Limit yang reasonable bagi saya ialah dlm lingkungan 400-500","1970452270992241102","","","in","","0","2","6","https://x.com/undefined/status/1970452270992241102","1928310119194054657",
"1970366322711371789","Tue Sep 23 05:55:13 +0000 2025","4","Tenang betul hidup orang pakai EV eh. Tanya member dia langsung tak ambil port orang bergaduh pasal subsidi minyak ","1970366322711371789","","","in","","0","0","1","https://x.com/undefined/status/1970366322711371789","213477374",
"1968240470989095320","Wed Sep 17 09:07:51 +0000 2025","34","Ini jawaban kenapa saya beli $NIO - Fundamental $NIO : 1.Inovasi unik: Battery Swap Technology tukar baterai dalam &lt;5 menit jauh lebih cepat daripada charging. Ini menciptakan keunggulan kompetitif yang sulit ditiru. 2.Partner strategis dengan CATL akses","1968240470989095320","","","in","","1","5","0","https://x.com/undefined/status/1968240470989095320","1955226998156169217",
"1966699636196077790","Sat Sep 13 03:05:07 +0000 2025","35","Skandal Produksi Fiktif &amp; Fraud Subsidi EV di China (2016 2020) Biar jelas kita bahas modus kronologi perusahaan yg terlibat sanksi &amp; dampaknya.","1966699636196077790","","","in","","1","1","13","https://x.com/undefined/status/1966699636196077790","1568995446273773570",
"1965620045658382405","Fri Sep 12 00:28:30 +0000 2025","7","@transloop_id @itdpindonesia Subsidi kendaraan listrik pribadi itu bener2 tolol. Ngurangi macet enggak bikin jebol anggaran pemprov karena PAD berkurang iya. Semua gak lebih dari niatan cuan dari impor EV dan maksimalisasi penggunaan listrik. Harusnya transum berbasis listrik yg disubsidi bukan KCIC.","1966297835135185362","","transloop_id","in","","0","1","2","https://x.com/undefined/status/1966297835135185362","1954354960323497984",
"1959491215453467087","Mon Aug 25 10:53:54 +0000 2025","8","@neohistoria_id Nih. DPR dan eksekutif bs ngelolosin anggaran subsidi EV. Tapi apa itu yang rakyat butuh? Gmn dgn transum? Anak sd/smp bawa motor apa bukan karena gada akses transum? Gmn wakil rakyat harusnya menghadapi case gini? I can talk too long about this but I don t think i will. Muak.","1959932240739160284","","fzpermana","in","","0","0","0","https://x.com/undefined/status/1959932240739160284","138156814",
"1959634024483402120","Sun Aug 24 15:08:54 +0000 2025","6","Halah.. Itu semua terjadi karna Hyundai sendiri yg ga komit buat nyediain harga terjangkau. Target peralihan bensin ke listrik jd mandek karna angka penjualan yg sangat kecil. Insentif pajak dr pemerintah itu ya biar semakin banyak org beralih ke EV dan semakin kecil subsidi bbm","1959634024483402120","","","in","","0","2","4","https://x.com/undefined/status/1959634024483402120","973243538",
"1959500834909352125","Sun Aug 24 06:25:50 +0000 2025","2","@Daniel7iao Ya emang merek China lagi banyak yang masuk utamanya EV belum lagi kendaraan EV lagi subsidi gede makanya banyak yang minat kemarin ke GIIAS aja booth BYD rame banget","1959502390585069641","","Daniel7iao","in","","0","1","0","https://x.com/undefined/status/1959502390585069641","1604790074327306240",
"1956788965891248193","Sat Aug 16 18:43:39 +0000 2025","3","Fakta yang jarang dibicarakan: ️Emas: Indonesia produsen No. 6 dunia. ️Batu Bara: Indonesia produsen No. 3 dunia. ️Nikel (untuk baterai EV): Indonesia No. 1 dunia. Dan lawan tanding kita bukan negara kecil. Kita bersaing langsung dengan Cina Amerika Serikat Australia https://t.co/bPKl7NwYTn","1956788965891248193","https://pbs.twimg.com/ext_tw_video_thumb/1956788891010445312/pu/img/28HJqQ8Bt-tVhbwX.jpg","","in","","1","0","2","https://x.com/undefined/status/1956788965891248193","1383295518374121475",
"1956542806337675452","Sat Aug 16 02:46:34 +0000 2025","11","@innovacommunity Saya menunggu subsidi pemerintah utk ev dicabut nah kita lihat pertempuran sesungguhnya pemasaran &amp; pelayanan","1956548107162042516","","innovacommunity","in","","0","3","1","https://x.com/undefined/status/1956548107162042516","134638027",
"1953652746563072401","Fri Aug 08 05:10:23 +0000 2025","3","@redpixel_prime @Auto___Revo Cuma mau dagang doang Harga EV itu murah banget bisa dijual dengan harga tinggi + dapet subsidi Kesian konsumennya nanti di tengah jalan bingung mau servis kemana","1953685198195110066","","redpixel_prime","in","","0","1","0","https://x.com/undefined/status/1953685198195110066","75245758",
"1947996272000159998","Thu Jul 24 01:54:53 +0000 2025","5","@nandasdraft @txtdariotomotif Brand ini sm brand EV buah kena skandal subsidi chinese government perihal produksi EV. Kalo yg spareparts langka forum FB reddit banyak banget user yg komplain mobilnya dongkrok di dealer berminggu-minggu *ga cuma indo bahkan sampe thai sm aussie https://t.co/P3B9cLjirk","1948200179578065318","","nandasdraft","in","","0","1","0","https://x.com/undefined/status/1948200179578065318","1268830980",
"1947996272000159998","Wed Jul 23 13:30:51 +0000 2025","19","@txtdariotomotif Ternyata beneran subsidi pemerintah sana buat mobcin EV gila-gilaan bikin pabrikan mobcin bensin pada iri berat","1948012936594899000","","txtdariotomotif","in","","0","1","2","https://x.com/undefined/status/1948012936594899000","1692153724238778368",
"1947167270087909535","Mon Jul 21 07:19:38 +0000 2025","3","@HezeriSamsuri Diesel &gt; guna PADU. Harga terus diapungkan ikut pasaran. Kredit cash kpd individu yg layak subsidi. AKAN TETAPI kalo kawan tu tak guna kete/motor TAPI naik basikal EV?","1947194744880472490","","HezeriSamsuri","in","","0","1","0","https://x.com/undefined/status/1947194744880472490","442616958",
"1945844422169723315","Fri Jul 18 04:04:12 +0000 2025","2","@abahlubna Hahah tu byk drama gak tu tapi aku rasa antara sebab paling besar dia nak subsidi EV dgn tariff ni la kot? Mampus member tu kena bayar lebih untuk barang dgn bahan mentah ","1946058395431374988","","abahlubna","in","","0","1","0","https://x.com/undefined/status/1946058395431374988","1113338643731451904",
"1945101038995775839","Tue Jul 15 12:40:00 +0000 2025","1","‼️Elon Musk Diancam Dideportasi Pindahkan Bisnis ke Cina? Perselisihan antara Donald Trump dan Elon Musk memicu spekulasi soal pemindahan bisnis Musk ke Cina. Ketegangan ini dipicu ancaman Trump untuk mendeportasi Musk karena perbedaan pandangan politik dan pajak. Trump https://t.co/H88jBRf8jn","1945101038995775839","https://pbs.twimg.com/media/Gv5bUTAa4AApG29.jpg","","in","","0","0","1","https://x.com/undefined/status/1945101038995775839","786549338818224128",
"1944844435109634166","Mon Jul 14 23:46:43 +0000 2025","7","@rintodrnt hebat berarti macem hyundai tetep gas bangun pabrik sementara pabrikan china dimudahkan lewat impor dan subsidi pajak ev","1944906434035998893","","rintodrnt","in","","0","1","0","https://x.com/undefined/status/1944906434035998893","1976991588",
"1943461083282575530","Fri Jul 11 00:03:24 +0000 2025","53"," 1. saya sebagai ekonom diajari kalau eksternalitas positif maka subsidi sah diberikan. Misalnya produksi EV yang memberi manfaat besar bagi lingkungan hidup sah untuk disubsidi. Tapi perlu juga mempelajari loophole dari subsidi","1943461083282575530","","","in","","0","2","14","https://x.com/undefined/status/1943461083282575530","124798254",
"1942835322943046010","Wed Jul 09 06:36:51 +0000 2025","32","Kereta diesel tengah murah sekarang Nanti bila penyasaran RON95 ni jadi atleast half population tak merasa subsidi dah if B40 and some M40 je yg dapat subsidi. Kereta EV PHEV HEV &amp; kerete Diesel jadi rebutan Kereta Diesel offer extra mileage berbanding kereta petrol","1942835322943046010","","","in","","0","3","8","https://x.com/undefined/status/1942835322943046010","1187948228240494592",
"1939950729327767948","Tue Jul 01 07:34:31 +0000 2025","5","🇺🇸 - Presiden AS Donald Trump sekali lagi mengejek pengusaha Afrika-Amerika Elon Musk setelah Musk menyarankan untuk membuat partai baru jika BBB disetujui dan menyuruh Musk untuk kembali ke Afrika jika ia sangat marah dengan hal itu Elon Musk tahu jauh sebelum ia https://t.co/z4V4IAvGj5","1939950729327767948","https://pbs.twimg.com/media/GuwW5nlWsAE6VC4.jpg","","in","","0","1","0","https://x.com/undefined/status/1939950729327767948","1514605626877366272",
"1939920747083776398","Tue Jul 01 05:35:27 +0000 2025","29","Donald Trump baru-baru ini menyuarakan pandangannya melalui Truth Social mengenai dukungan Elon Musk yang kuat terhadap pencalonannya sebagai Presiden. Trump menyatakan bahwa Musk sudah mengetahui posisinya yang menentang mandat kendaraan listrik (EV) jauh sebelum memberikan https://t.co/x2JYGr1SyC","1939920767233532349","https://pbs.twimg.com/media/Guv7pb0XQAAy4lK.jpg","CryptoWaveID","in","","0","1","2","https://x.com/undefined/status/1939920767233532349","1749374921577574400",
"1938627848652378502","Fri Jun 27 15:57:51 +0000 2025","66","pusaran bisnis EV di Indonesia: - yg jualan kendaraannya + bonus dpt subsidi negara - yg bikin sumber listriknya (PLTU) pakai uang negara - yg jualan bahan bakar PLTU-nya - yg jualan bahan batrenya semua dari gerombolan yg sama EV demi bumi hijau?? WKWKWK https://t.co/vDlmr8ROZx","1938627848652378502","https://pbs.twimg.com/media/GudjvbfbsAEKwkw.jpg","","in","","1","3","37","https://x.com/undefined/status/1938627848652378502","2990543688",
"1934159119709298905","Sun Jun 15 08:00:43 +0000 2025","5","(English version below) JANGAN SALAH PAHAM / DON'T GET MISLED Di Indonesia TIDAK pernah ada mobil yg mendapat subsidi baik EV LCGC atau mobil manapun Selama ini yg terjadi adl perubahan pajak Kadang dinaikin kadang diturunin tp totalnya tdk pernah kurang dr puluhan juta","1934159119709298905","","","in","","0","1","2","https://x.com/undefined/status/1934159119709298905","1484423320632438789",
"1930986620578353505","Fri Jun 06 15:11:29 +0000 2025","2","@rizkyrakhmat skema EV disini aman krn tdk ada subsidi pajak pun ttp kena walau tdk sebesar ICE jd ngejalanin akal2an ginian tetep rugi kl di indo","1931006034346435024","","rizkyrakhmat","in","","0","0","0","https://x.com/undefined/status/1931006034346435024","1484423320632438789",
"1930858458787742139","Fri Jun 06 05:25:04 +0000 2025","2","Ringkasan Elon Trump Drama. Trump ngumumin rancangan undang-undang besar bernama One Big Beautiful Bill. Elon Musk langsung bereaksi keras dan mengkritik secara terbuka. Trump bilang Elon sebenarnya sudah tahu isi RUU itu sejak sebelum pemilu dan nggak protes waktu itu. Trump","1930858458787742139","","","in","","0","0","0","https://x.com/undefined/status/1930858458787742139","1588553212327788551",
"1930791512188875000","Fri Jun 06 00:59:03 +0000 2025","1","- Elon Musk sedang berjuang untuk menghentikan RUU pajak senilai $2 4 triliun yang didorong oleh Donald Trump. Kenapa? Karena RUU itu bisa menghapus subsidi kendaraan listrik di AS - Musk sebelumnya gagal membujuk Partai Republik agar tetap mempertahankan insentif EV sebesar","1930791512188875000","","","in","","0","0","0","https://x.com/undefined/status/1930791512188875000","76537874",
"1930092618039652505","Wed Jun 04 23:55:01 +0000 2025","2","@guesswho1333 @kitty_gandalf Kl pemerentahnya kan krn importir besar EV adalah menteri-menteri jkw termasuk di dalamnya adalah LBP. Awal2 covid swab 1.8jt LBP salah satu importir terbesar. EV dikasih subsidi LBP salah satu importir terbesar. Jkw haus kekuasaan. LBP haus uang.","1930413010616758663","","guesswho1333","in","","0","1","0","https://x.com/undefined/status/1930413010616758663","1159119751429287936",
"1930380846026178937","Wed Jun 04 21:47:13 +0000 2025","7","Kebiasan pejabat kita bangun dulu sesuatu yg penting ada dulu. EV sampe dikasih subsidi urgensinya apa. Sdngkan ekosistem EV-nya masih minim bgt.","1930380846026178937","","","in","","0","1","1","https://x.com/undefined/status/1930380846026178937","702468770",
"1930309508997493185","Wed Jun 04 17:07:58 +0000 2025","154","@Afat3K setuju mas afat kalo pemerintah emg mau invest di EV mending invest bus listrik ajah dibanding di subsidi pajak PEV (selain ngasih subsidi buat nambah kendaraan di jalan E-cars masih mahal bgt jd yg nikmatin subsidinya cm org kaya). blm lagi industri baterainya harmful","1930310570672095729","","Afat3K","in","","5","2","37","https://x.com/undefined/status/1930310570672095729","576167158",
"1928805956990939567","Sat May 31 13:29:10 +0000 2025","118","China tengah hadap perang harga dalam industri kereta elektrik (EV) dan ia makin panas bila pengeluar macam BYD tawar diskaun sampai 34%. Model paling murah Seagull kini dijual sekitar RM33 200 lepas trade-in. Lepas BYD mula langkah agresif ni pada 23 Mei syarikat-syarikat https://t.co/UGlwYI2jGh","1928805956990939567","https://pbs.twimg.com/media/GsR-ygEaYAAQ3Yb.jpg","","in","","3","12","32","https://x.com/undefined/status/1928805956990939567","2838602964",
"1925540097878863888","Thu May 22 13:11:48 +0000 2025","80","Insentif EV di Indonesia itu ditujukan untuk buka market less on emission. Strateginya mirip ama yg dipake Wan Gang (bapak EV RRT mantan menteri saintek). Buka market - tumbuhkan industri - harga kompetitif - makin banyak yg pake = emisi dan polusi ⬇️ plus jadi market leader https://t.co/qUkpne3f9z","1925540097878863888","https://pbs.twimg.com/media/GrjkgkZbQAAht2t.jpg","","in","","2","1","13","https://x.com/undefined/status/1925540097878863888","69806285",
"1925194577541275669","Wed May 21 14:18:50 +0000 2025","2","Subsidi mobil EV itu yg menikmati cuman orang kaya Sejak kapan masyarakat menengah kebawah bisa beli mobil di harga sekarang? Sudah pasti kalau bisa beli orang kaya","1925194577541275669","","","in","","0","1","2","https://x.com/undefined/status/1925194577541275669","50217749",
"1925177343095844965","Wed May 21 13:23:39 +0000 2025","17","@innovacommunity Betul. Subsidi EV khususnya mobil ga tepat sasaran. Pembelinya tetap menengah atas. Kalau memang mau push EV dengan alasan emisi seharusnya subsidi bus EV","1925180692209766860","","innovacommunity","in","","0","0","1","https://x.com/undefined/status/1925180692209766860","144497312",
"1924324145887891959","Mon May 19 09:10:55 +0000 2025","2","@ucok_johnson @innovacommunity Koq dilema? Pmrnth teriak2 subsidi bbm jgn sampai dimanfaatkan org kaya. Hrs pakai barcode dll Eh org kaya dpt subsidi puluhan jt per th dg dalih EV car ","1924392311905263748","","ucok_johnson","in","","0","1","0","https://x.com/undefined/status/1924392311905263748","1317750858256240640",
"1924320781099802995","Mon May 19 04:36:05 +0000 2025","10","@Auto___Revo kalau menurut saya ga adil harusnya EV ga ada subsidi yg berlebih","1924323149015040162","","SmwGwOto","in","","0","0","0","https://x.com/undefined/status/1924323149015040162","1135526713",
"1923231452386214250","Sat May 17 00:25:33 +0000 2025","0","@rocky5harbes @TuankuNanSati @grok Mobil Cina bisa lebih murah baik ICE maupun EV karena gabungan beberapa faktor: biaya produksi dan tenaga kerja yang jauh lebih rendah dukungan subsidi besar dari pemerintah serta rantai pasok dan manufaktur yang sangat efisien dari hulu ke hilir. Selain itu persaingan","1923535325537669587","","rocky5harbes","in","","0","0","0","https://x.com/undefined/status/1923535325537669587","1882198073168080896",
"1922953704526823559","Thu May 15 09:54:24 +0000 2025","13","Penting nya standarisasi dalam industri. Standar port charging EV. Standar kualitas BBM &amp; oli Bahkan lubang pengisian BBM ada standar nya. Dulu ada wacana standarisasi utk lubang pengisian BBM di mobil2 LCGC dibuat lebih kecil jadi mobil2 LCGC gk bisa ngisi BBM subsidi.","1922953704526823559","","","in","","1","2","1","https://x.com/undefined/status/1922953704526823559","1466179188096913412",
"1922656037053886629","Wed May 14 14:11:35 +0000 2025","239","Banyak orang tahu Elon Musk tapi lebih banyak lagi yang nggak tahu Wan Gang. Jika Elon hanya bisa jualan satu brand Wan Gang jualan negara! Mantan petinggi Audi ini adalah Bapak EV Tiongkok. Banyak brand EV Tiongkok yg mendunia itu hasil kebijakannya :) Sekolah PhD https://t.co/k2Ay09TYt0","1922656037053886629","https://pbs.twimg.com/media/Gq6leJ_bIAALbNC.jpg","","in","","2","0","51","https://x.com/undefined/status/1922656037053886629","69806285",
"1920849571250389386","Fri May 09 14:33:20 +0000 2025","6","Politisi Indonesia ini suka banget memberi insentif ke demand padahal akar masalahnya di supply. Rumah mahal? Subsidi KPR ️ Mobil mahal? Insentif EV ️ Tantangan pemimpin yang jago bukan menaikkan UMR atau pendapatan tapi memikirkan gimana caranya UMR udah bisa hidup enak.","1920849571250389386","","","in","","0","2","0","https://x.com/undefined/status/1920849571250389386","2847012252",
"1920330787398037909","Thu May 08 04:11:52 +0000 2025","1","Hingga awal Mei 2025 subsidi motor listrik di Indonesia masih belum diterapkan secara resmi. ~SA #Subsidi #EV #MotorListrik https://t.co/zTFScFJziu","1920330787398037909","","","in","","0","0","0","https://x.com/undefined/status/1920330787398037909","23343960",
"1917490306779603306","Wed Apr 30 16:27:08 +0000 2025","2","@LiongkyTan Wkwkwk kaga nyet. Bandingin semua program si miskin vs ke si kaya dari bansos subsidi ev sampw tax holiday mana yang lebih menelan banyak biaya? Yang miskin suruh iuran terus yang kaya dapet insentif terus kontoool","1917616720904347787","","LiongkyTan","in","","0","1","0","https://x.com/undefined/status/1917616720904347787","1740926759380594688",
"1916792472350367833","Mon Apr 28 09:51:52 +0000 2025","4","@anwaribrahim @kamilmunim @tzafrul_aziz Sampai bila nak bagi subsidi EV kpd orang kaya shj? Sampai bila?","1916792472350367833","","anwaribrahim","in","","0","0","1","https://x.com/undefined/status/1916792472350367833","4776475699",
"1915178325779337653","Wed Apr 23 22:57:49 +0000 2025","1","Org2 pd fokus ke technologi ev sm hidrogennya. Klo gw mau bahas politis -nya 1. Indo itu net importer minyak. Beban subsidi dan inflasi gede. Dgn pake non-ICE tentu jd solusi 2. Indo pny banyak batubara. Which is harga turun terus dan mulai ga laku. Jd sumber energi yg murah","1915178325779337653","","","in","","0","1","1","https://x.com/undefined/status/1915178325779337653","89053789",
"1911031735925789114","Sat Apr 12 12:20:45 +0000 2025","1972","Malaysia bakal terima lambakan kereta murah dari China? Lepas ni kita akan jangka kereta China susah nak masuk US sebab tarif tinggi . Permintaan di sana akan jadi slow dengan kata lain tak laku sangat. Oleh itu China akan cari pasaran baru. Depa bakal mai sini dengan harga","1911031735925789114","","","in","","70","106","654","https://x.com/undefined/status/1911031735925789114","2838602964",
"1909485574786023610","Tue Apr 08 09:54:09 +0000 2025","2","@koganenohikari @ridwanhr Jelas nDer yg lain masih mikir harga &amp; subsidi mutu (oplosan) kami pengguna EV ngacir ","1909545291466129752","","koganenohikari","in","","0","0","0","https://x.com/undefined/status/1909545291466129752","136891869",
"1904111278794391612","Mon Mar 24 10:01:20 +0000 2025","0","Kriteria subsidi bahan api T15 dorong pemilihan kenderaan lebih murah atau EV - MIDF Research https://t.co/YmkLc8pg7a #BernamaNews https://t.co/naBk3nAafX","1904111278794391612","https://pbs.twimg.com/media/GmzCmiZboAA67Y4.jpg","","in","","0","1","0","https://x.com/undefined/status/1904111278794391612","106669711",
"1904052220821418242","Mon Mar 24 06:06:39 +0000 2025","1","Golongan T15 mungkin beralih ke pilihan kereta lebih murah EV - Penganalisis #Bhbisnes #BHAuto Tumpuan akan beralih kepada pemansuhan subsidi bahan api untuk kumpulan T15. https://t.co/OcYEMxpg0v","1904052220821418242","","","in","","1","0","3","https://x.com/undefined/status/1904052220821418242","63070483",
"1903261617824948658","Sat Mar 22 01:45:05 +0000 2025","13","Pelaksanaan rasionalisasi subsidi bahan api dijangka mengurangkan minat kumpulan M40 dan T15 peringkat atasan untuk membeli kereta baharu dan menyebabkan mereka beralih kepada kereta lebih kecil dan murah atau memilih kenderaan hibrid dan elektrik (EV) menurut Kenanga Investment https://t.co/PZiJftDnK0","1903261617824948658","https://pbs.twimg.com/media/Gmm-WhhbIAAOZhl.jpg","","in","","1","1","6","https://x.com/undefined/status/1903261617824948658","1213807317419880450",
"1903021396894290258","Fri Mar 21 09:50:32 +0000 2025","0","Jualan sektor automatif dijangka merosot pada 2025 Sektor automotif Malaysia dijangka mengalami penurunan jualan pada 2025 dengan TIV diunjurkan turun hingga 750 000 unit dipengaruhi oleh persaingan EV dan rasionalisasi subsidi bahan api. - Pakar #SinarHarian #automatif #jualan","1903021396894290258","","","in","","0","0","0","https://x.com/undefined/status/1903021396894290258","331383958",
"1901652406804623833","Mon Mar 17 15:10:39 +0000 2025","4","Rasionalisasi subsidi RON95 dijangka tak jejas ketara jualan kereta #Bhbisnes #BHAuto Isi rumah berpendapatan tinggi T15 semakin cepat beralih kepada EV pengguna M40 dan berpendapatan rendah pula pilih model jimat bahan api. https://t.co/lHb4tWJxiK","1901652406804623833","","","in","","0","0","0","https://x.com/undefined/status/1901652406804623833","63070483",
"1898751059503514011","Sun Mar 09 15:01:44 +0000 2025","70","Thailand dijangka akan mengalami lonjatan penjualan EV sebanyak 40% dalam tahun ini kerana bantuan subsidi sehingga 150k Baht untuk pembelian EV dan juga perang harga. Tapi dalam masa yang sama bank Thailand dah ketatkan syarat pinjaman automotif kerana ramai M40 (middle https://t.co/t1DWnvEJAD","1898751059503514011","https://pbs.twimg.com/media/Glm4BZWa0AAZMVo.jpg","","in","","0","2","20","https://x.com/undefined/status/1898751059503514011","456568207",
"1894410376089137492","Tue Feb 25 15:33:24 +0000 2025","3","Yoook migrasi ke EV total kita semua. *Terus kasusnya jadi coal listrik dan subsidi ev yang bocor","1894410376089137492","","","in","","1","1","2","https://x.com/undefined/status/1894410376089137492","1570589189200293888",
"1894384393474723949","Tue Feb 25 13:50:10 +0000 2025","1","Dikira ev dan segala skema subsidi harga dll.nya itu bukan bagian dari kebohongan dan ketamakan jga. Ini short term solution yg jelek sih. Mentang2 ga kerasa kena ke diri sendiri","1894384393474723949","","","in","","0","0","0","https://x.com/undefined/status/1894384393474723949","1808006138761564162",
"1892478394325225831","Thu Feb 20 08:02:19 +0000 2025","18","@detikcom Trik untuk naikan growth cuan bisnis EV oligarki (salah satunya Electrum). Pakai duit negara utk subsidi EV jual produk EV. Nikel dikeruk masif utk Cina membuat baterai. Ekspor nikel dgn harga murah + bebas pajak. Kalau bisa bikin susah rakyat kenapa harus bikin mudah? https://t.co/M9f9PslnH0","1892484917486862613","https://pbs.twimg.com/media/GkN1AOqbUAA5MEm.jpg","detikcom","in","","0","1","1","https://x.com/undefined/status/1892484917486862613","1254035776322453506",
"1891653155949248558","Tue Feb 18 00:57:12 +0000 2025","5","*Prabowo Paparkan 8 Kebijakan Pendorong Pertumbuhan Ekonomi di Q1 2025 Makan Bergizi Gratis hingga THR dan Bansos* *Jakarta* Presiden RI Prabowo Subianto memaparkan delapan kebijakan pemerintah pendorong pertumbuhan ekonomi Indonesia pada kuartal satu tahun 2025 mulai dari https://t.co/FuXBoKwPn5","1891653155949248558","https://pbs.twimg.com/media/GkCAhDraAAAdjgJ.jpg","","in","","1","4","1","https://x.com/undefined/status/1891653155949248558","121640063",
"1891423067425145284","Mon Feb 17 09:42:54 +0000 2025","4","Presiden Prabowo Siapkan Kebijakan Strategis untuk Dorong Ekonomi Nasional. Presiden Prabowo Subianto mengumumkan serangkaian kebijakan strategis yang bertujuan untuk menjaga stabilitas dan meningkatkan daya beli masyarakat dalam rangka mendorong pertumbuhan ekonomi. Hal https://t.co/NfZtrnJ7mD","1891423067425145284","https://pbs.twimg.com/media/Gj-vP2ibQAAeH9u.jpg","","in","","0","0","1","https://x.com/undefined/status/1891423067425145284","235931838",
"1889611480150188085","Wed Feb 12 09:44:18 +0000 2025","0","Daftar Mobil Listrik yang Dapat Subsidi Pajak: Wuling Air ev-Chery J6 https://t.co/BlwRUlXStF","1889611480150188085","","","in","","0","0","0","https://x.com/undefined/status/1889611480150188085","80543284",
"1888849888387138034","Mon Feb 10 07:18:01 +0000 2025","1","Keputusan pemerintah untuk memperpanjang #subsidi motor listrik bisa jadi angin segar buat konsumen yang ingin membeli #EV dan bagi pabrikan yang sudah banyak bermunculan. Tapi penting juga nih! Pemerintah sebaiknya segera kasih kejelasan soal arah kebijakan jangka https://t.co/HRdN17x5kX","1888849888387138034","https://pbs.twimg.com/media/GjaK80ra0AAHhzo.jpg","","in","","0","0","1","https://x.com/undefined/status/1888849888387138034","72763910",
"1888245578494255228","Sat Feb 08 15:16:42 +0000 2025","14"," EV itu ramah lingkungan? Tidak juga. EV hemat energi? Tidak juga. EV murah? Tidak juga. Lalu kenapa pemerintah ngotot rakyat utk beralih ke EV ? dirayu pula dgn subsidi yg jadi beban negara. *Tebak saja ya. Rongsokan EV di Cina negeri sahabat dekat Luhut. https://t.co/eqZGRN1XSM","1888245578494255228","https://pbs.twimg.com/ext_tw_video_thumb/1888245539160158208/pu/img/mD7DqP4zGld8kn7R.jpg","","in","","0","2","14","https://x.com/undefined/status/1888245578494255228","1254035776322453506",
"1887682820379901970","Fri Feb 07 04:20:48 +0000 2025","1","@MasMasBiassaa Aslinya cuma mau ngurangin ketergantungan sama bbm. kalo pemakaian bbm berkurang maka subsidi jg berkurang. Soal kebutuhan pembangkit kita punya batubara. klo soal efisiensi katanya lbh efisien bbm yg dibakar di pembangkit jadi listrik dipakai EV drpd bbm dibakar langsung sm ICE.","1887718128106303540","","MasMasBiassaa","in","","0","0","0","https://x.com/undefined/status/1887718128106303540","85280641",
"1887517121871290493","Fri Feb 07 01:09:43 +0000 2025","6","@katsu_0l0_ @sosmedkeras Alhamdulillah ga pernah kegiatan sama EV Walau diiming imingin subsidi... Akal waras guwah berkata lain... https://t.co/7FeWK9QzXA","1887670040302133700","","katsu_0l0_","in","","0","1","0","https://x.com/undefined/status/1887670040302133700","963751550",
"1886250959325773910","Tue Feb 04 03:21:19 +0000 2025","2","@chapree @fazlihalimmedia Ikut pengiraan e-Mas7 ni charge kos di rumah = axia 25km/L jadi jika petrol subsidi ditarik balik nampaknya ev akan nampak lebih berbaloi lagi2 untuk mereka yg berpendapatan lebih dan boleh setup solar di rumah.","1886615995781144634","","chapree","in","","0","0","0","https://x.com/undefined/status/1886615995781144634","1088996582408646656",
"1886417278180446564","Mon Feb 03 14:11:41 +0000 2025","4","Rasionalisasi subsidi.. promosikan kereta ev.. elektrik plok naik hahahahaa #SekadarMengeruhkanKeadaan","1886417278180446564","","","in","","0","0","1","https://x.com/undefined/status/1886417278180446564","1936540008",
"1886331942536409445","Mon Feb 03 08:32:36 +0000 2025","3","Alamak! Diesel naik! Takpa petrol masih subsidi. Alamak! RON95 naik! Takpa belum confirmed. Alamak! Belanjawan 2025 kata penyasaran subsidi RON95 tengah tahun 2025! Takpa ada EV. Alamak! Tariff Elektrik naik! TNB umum! Takpa kerajaan tak benarkan .","1886331942536409445","","","in","","0","0","2","https://x.com/undefined/status/1886331942536409445","1166041230045663232",
"1885962373942702146","Mon Feb 03 01:02:19 +0000 2025","1","@zulabmm @fazlihalimmedia Hapuskan subsidi petrol nanti nampak la bila jimat pakai ev ","1886218624970739828","","zulabmm","in","","0","0","0","https://x.com/undefined/status/1886218624970739828","233877603",
"1884137119897235649","Tue Jan 28 14:55:18 +0000 2025","8","@syahir Rafizi sudah reply tahun lepas kata not possible nak buat sekarang sebab perbelanjaan negara sudah 400 billion berbanding 200 billion masa dia propose dulu dan kalau buat subsidi minyak lagi akan naik sebab lagi banyak kereta petrol. EV maybe jawapan pada masalah ini.","1884253924859035728","","syahir","in","","0","1","2","https://x.com/undefined/status/1884253924859035728","17511502",
"1882407190235152470","Thu Jan 23 12:37:02 +0000 2025","2","Mantap madani tarik subsidi macam macam naikkan harga kereta promote EV macam nak gila","1882407190235152470","","","in","","0","0","1","https://x.com/undefined/status/1882407190235152470","3196478797",
"1881731807479259472","Tue Jan 21 15:53:18 +0000 2025","0","Video: Pemerintah Guyur Subsidi Rumah - Nasib EV di Era Trump https://t.co/TZsG09ryX7","1881731807479259472","","","in","","0","0","0","https://x.com/undefined/status/1881731807479259472","847372542830444544",
"1880519726784561249","Sat Jan 18 07:36:55 +0000 2025","6","Lu emang ga mikir kenapa barat kritisi subsidi EV sekaligus nyenggol nikel? Emang ga mikir sama protes Eropa ga bisa menikmati bahan mentah nikel lagi? Emang ga bisa mikir klo subsidi buat bikin ekosistemnya jalan dulu sekaligus ngurangin subsidi BBM?","1880519726784561249","","","in","","0","0","6","https://x.com/undefined/status/1880519726784561249","973243538",
"1880410530810335447","Sat Jan 18 07:32:26 +0000 2025","3","@endangbambhang @zamire Karna kalian ga bisa mikir jadi gampang dibodohi. ada yg namanya multiplier effect. Nih biar gue ajarin ya Dikasih subsidi di awal biar ekosistemnya jalan. Ekosistemnya jalan multiplier effect terjadi. Tambang nikel jadi smelter nikel jadi industri batere jadi produsen EV.","1880518597644316922","","endangbambhang","in","","0","2","1","https://x.com/undefined/status/1880518597644316922","973243538",
"1880487031392072146","Sat Jan 18 05:27:00 +0000 2025","6","Tpi ya subsidi EV itu emg kelewat ndableg sih jadi ya patut aja dikritisi barat dan pantas. Why? Dari duit sebanyak itu klo bisa ya dipakein buat kembangin infrastruktur + transportasi umum.","1880487031392072146","","","in","","1","2","0","https://x.com/undefined/status/1880487031392072146","1180815511",
"1879448920637727030","Fri Jan 17 01:05:32 +0000 2025","4","@asumsico Lucu nih The Economist kritik subsidi kendaraan listrik Indonesia tapi lupa kl negara2 maju juga subsidi besar-besaran EV utk kurangi emisi. Mau Indonesia fokus kesehatan? Boleh tapi ingat negara2 itu dulu maju karena fokus industrinya juga. Senengnya pakai standar ganda!","1880058844061266290","","asumsico","in","","0","0","2","https://x.com/undefined/status/1880058844061266290","1296696583463919616",
"1879448920637727030","Thu Jan 16 02:44:55 +0000 2025","6","@asumsico ga ada yg salah dgn subsidi EV. segala sesuatu di +62 ini bagus scr konsep semua serba strategic visioner. hanya saja masalahnya ada di pelaksanaannya yg terlalu koruptif. lingkaran setan yg membuat kebijakan apapun jd tdk bawa manfaat maksimal","1879721463940604082","","asumsico","in","","0","0","2","https://x.com/undefined/status/1879721463940604082","2281694042",
"1879448920637727030","Thu Jan 16 00:53:42 +0000 2025","4","@asumsico Saya pemilik kendaraan listrik. Hemat saya tidak perlu diberi insentif karena segment pembeli golongan masyarakat mampu. Listrik untuk EV dari solar energy. Subsidi untuk kendaraan listrik di Indonesia berbentuk diskon. Tetap bayar pajak namun nilainya dikurangi. Tidak ambil","1879693477430382714","","asumsico","in","","0","3","0","https://x.com/undefined/status/1879693477430382714","1330319594",
"1879448920637727030","Wed Jan 15 13:14:04 +0000 2025","4","@asumsico Subsidi EV itu ada untuk meningkatkan penjualan. Orang2 berduit bisa membeli dengan harga lebih murah. Pabrikan tetap menerima harga penuh.","1879517406751813705","","asumsico","in","","0","0","1","https://x.com/undefined/status/1879517406751813705","213523698",
"1877572486860280251","Fri Jan 10 05:03:24 +0000 2025","3","@mamazgemini Mending kasih subsidi buat EV ga sih. ","1877581987008892960","","mamazgemini","in","","0","1","0","https://x.com/undefined/status/1877581987008892960","61684120",
"1877541698013901263","Fri Jan 10 02:23:18 +0000 2025","11","Setelah menghabiskan banyak uang untuk mensubsidi industri smelter nikel -- tax holiday dan kemudahan2 lain -- pemerintah akan menghabiskan lebih banyak uang lagi untuk mensubsidi industri EV (subsidi konsumen dan produsen) Kata The Economist akan jadi kegagalan yg sangat https://t.co/6KyPLeLbMy","1877541698013901263","https://pbs.twimg.com/media/Gg5eOFraMAMJ8Zj.jpg","","in","","1","2","3","https://x.com/undefined/status/1877541698013901263","15177656",
"1874051487921484098","Tue Dec 31 12:12:38 +0000 2024","12","@prastow Tetap titip pesan suara mas: - kejar PNBP menaikkan royalti tambang khususnya nikel emas perak timah etc yg masih imut² itu royaltinya. - kejar PNBP tarif IPPKH masa merusak hutan tropis jual kayu tanam sawit dan food estate gratis begitu saja pakai tanah negara? -","1874066130748530789","","prastow","in","","0","0","1","https://x.com/undefined/status/1874066130748530789","1209196396374417409",
"1873564610969907373","Mon Dec 30 08:41:04 +0000 2024","1","@NUrban21 @kakkumei Betul! City car sure less pollution.. kalau long journey.. ahaha memang tak sesuai lah especially negara kita yang tak fully equipped for ev.. a type of car only the rich can afford.. and siap ada subsidi untuk golongan kaya.. ‍️‍️‍️","1873650499322532099","","","in","","0","0","0","https://x.com/undefined/status/1873650499322532099","1687518021739479040",
"1872868281683722323","Sat Dec 28 12:27:38 +0000 2024","5","@innovacommunity Jadi males bayar pajak... Coba pajak mobil EV..... Boro2 pajaknya jutaan malah hampir mirip2 kek pajak motor ICE... Anjing bgt kan.... Kesannya kaya subsidi silang jadinya...","1872982743115808890","","innovacommunity","in","","0","0","0","https://x.com/undefined/status/1872982743115808890","104463067",
"1872483681941770456","Fri Dec 27 03:24:33 +0000 2024","5","maka media sosial hangat dengan kenaikan tarif elektrik start july 2025... ditambah pula dengan sistem subsidi baru yg diaorg bakal perkenalkan... p/s: kalau guna ev terkesan kenaikan elektrik? https://t.co/jZz5myvG6r","1872483681941770456","https://pbs.twimg.com/tweet_video_thumb/Gfxl-vMb0AA2tOL.jpg","","in","","0","0","0","https://x.com/undefined/status/1872483681941770456","52304312",
"1872188443180298583","Thu Dec 26 07:51:23 +0000 2024","2","Tetap Pemerintah kok biar cepet Balik modal buat bisa bikin Proyek lagi. Apalagi pejabat JKT mau dana subsidi dikurangin biar msk ke kantong mereka kalo koridor 1 dihapus bsa bikin orang2 beli EV biar ngk kena GaGe yg industrinya mostly di backup pejabat tingkat nasional ","1872188443180298583","","","in","","1","0","1","https://x.com/undefined/status/1872188443180298583","1376212304501477387",
"1872059933681926351","Thu Dec 26 01:20:33 +0000 2024","10","@alexanderdrspan @Y_D_Y_P subsidi transportasi umum dicabut/dikurangi btw malah lari ke EV jirr ","1872090087930114544","","alexanderdrspan","in","","0","0","1","https://x.com/undefined/status/1872090087930114544","1630922644383211520",
"1871883758129107404","Wed Dec 25 22:09:51 +0000 2024","10","@txttransportasi Biar kebeli tuh teknologi MRT pejabat JKT mau dana subsidi dikurangin biar msk ke kantong mereka sendiri di saat bersamaan kalo koridor 1 dihapus bsa bikin orang2 beli EV biar ngk kena GaGe yg industrinya mostly di backup pejabat tingkat nasional kelas menengah lagi dikorbanin","1872042097949491502","","txttransportasi","in","","0","0","0","https://x.com/undefined/status/1872042097949491502","1676426426768318464",
"1871793783710613934","Wed Dec 25 22:05:31 +0000 2024","5","@Adrianussatrio Oalah pantesan ini angka muncul - JICA mau jualan MRT ke Pejabat Indo buat ngurangin subsidi (biasa suka penghematan anggaran kan) - TJ koridor 1 kalo hilang bisa ningkatin sales EV biar ngak kena GaGe Sama2 fokusin cuan sih pelayanan masyarakatnya di nomor 2 kan aja ","1872041004796366969","","Adrianussatrio","in","","0","0","0","https://x.com/undefined/status/1872041004796366969","1676426426768318464",
"1871886298036007363","Wed Dec 25 11:50:46 +0000 2024","5","Public transport service tapi mindset-nya nyari untung. ‍️ Subsidi transum maunya dikurangi. Sementara mobil pribadi (LCGC EV Hybrid) mau dikasih insentif subsidi. Ini pemerenta konsepnya mau gimana? Apa guna pajak? ","1871886298036007363","","","in","","0","0","5","https://x.com/undefined/status/1871886298036007363","14284867",
"1870730619975831557","Sun Dec 22 07:18:30 +0000 2024","2","Ini menarik ini benar juga sih kenapa mobil listrik dapat subsidi PPN 10% sementara sembako tertentu hanya 1%? Subsidi mobil listrik tujuannya banyak dan jangka panjang salah satu goalnya adalah ingin menaikkan konsumsi battery sehingga investor minat bikin pabrik","1870730619975831557","","","in","","0","2","1","https://x.com/undefined/status/1870730619975831557","1691133510315347968",
"1870637071209296226","Sun Dec 22 05:54:27 +0000 2024","7","@thefaizzainal Hahahaha by the time kerajaan selesai dengan penyelerasan subsidi petrol bersasar semua T15 dah ada EV dan siapa yang tersesak dengan itu ? Marilah kita renungkan bersama ","1870709467886825983","","thefaizzainal","in","","0","1","0","https://x.com/undefined/status/1870709467886825983","822977931219587072",
"1869899192522703282","Fri Dec 20 00:55:19 +0000 2024","13","@bumilangit Sebelum ni volume tinggi. Dia orang seronok lah. Lepas ni akan makin berkurangan sebab penyelarasan subsidi RON95 dan lambakan EV dari China pulak. Pandai2 lah nak evolve kan business petrol station tu.","1869909413156532411","","bumilangit","in","","0","1","0","https://x.com/undefined/status/1869909413156532411","730173774",
"1869720846635569488","Thu Dec 19 16:05:32 +0000 2024","6","@adriansyahyasin Kalau dilihat si pemerintah sekarang masih lebih suka bangun jalur tol dan lebarin jalan. Solusi untuk dekarbonisasi sektor transportasi pun lebih condong ke subsidi EV daripada pengembangan transportasi umum (selain di kota Jakarta)","1869776086432956578","","adriansyahyasin","in","","0","0","0","https://x.com/undefined/status/1869776086432956578","288536391",
"1869720846635569488","Thu Dec 19 13:39:12 +0000 2024","13","@adriansyahyasin Pemerintah: mending kasih subsidi buat EV pribadi ygy","1869739260972314795","","adriansyahyasin","in","","0","0","1","https://x.com/undefined/status/1869739260972314795","1817226735311831041",
"1869590379168936392","Thu Dec 19 04:52:37 +0000 2024","2","@6_arung @MoehB21154 Singkatnya Pemerintah benar2 serius untuk pengurangan subsidi BBM jadi harapannya pemakaian EV di Indonesia meningkat. Sedangkan beberapa tahun Hyundai beroperasi jualannya itu sedikit karna harganya yang tetap mahal walau dapat fasilitas pembebasan pajak dan endorse pemerintah","1869606740133916693","","6_arung","in","","1","0","0","https://x.com/undefined/status/1869606740133916693","973243538",
"1868835268427760095","Tue Dec 17 04:36:42 +0000 2024","3","@ThatSun510 @StopPlandemit @seekracle @hanan052020 @dokter_kampung @mamakchayank @TedInvestigasi @BukanAntarkota @FirmanSentosa22 @Faraz_kepri @Sadewa_39 Subsidi EV 6 Trilyun artinya duit subsidi ngalir ke kantong2 pebisnis EV. Semoga harta haram mrk bikin sial dunia akhirat sampai anak cucu mrk. https://t.co/5kwlHfod1U","1868877959496712456","","ThatSun510","in","","0","1","1","https://x.com/undefined/status/1868877959496712456","1254035776322453506",
"1864485941811007839","Thu Dec 05 01:44:23 +0000 2024","2","katakanlah bila rasionalisasi petrol mula aku tak layak dpt subsidi aku nampak ada 2 route. beli new EV or beli 2nd hand diesel. ","1864485941811007839","","","in","","0","2","0","https://x.com/undefined/status/1864485941811007839","41552221",
"1864177997475135925","Wed Dec 04 05:20:44 +0000 2024","111","#TitipJual Serutan Pensil Mobil (mobilan) yang Aesthetique kalo kata Gen Z soalnya size imut bentuk yang Mindblowing &amp; warnanya juga kiyowo kek mobil remot hadiah sendal homipet bahkan sangking mininya nih mobil keknya sizenya mirip mirip kek sizenya enmek atau pecex. https://t.co/8twliE1DL4","1864177997475135925","https://pbs.twimg.com/media/Gd7kAUUbIAA6Qnb.jpg","","in","","9","38","15","https://x.com/undefined/status/1864177997475135925","1544688618534408192",
"1863768029810876810","Tue Dec 03 02:13:01 +0000 2024","15","Lagi dalamin skema awal2nya Transsemarang yg pakai skema kabon. Program JICA sama Kemenko. Menarik. Yg gini2 lbh manfaat utk orang banyak drpd subsidi EV mobil.","1863768370035957966","","elisa_jkt","in","","0","0","0","https://x.com/undefined/status/1863768370035957966","44556194",
"1859118814773825587","Wed Nov 20 06:17:20 +0000 2024","6","Subsidi minyak paket tu akak tak kisah sangat sebab banyak mana pun aku pakai minyak. TAPI MINYAK KERETA TU AKAK KISAH HAHAHAHAHAHHA . Wahhh ko nak suruh aku beli EV kan parking kena bg kt EV arufosocoeisoxjfjsskskshhhhhh","1859118814773825587","","","in","","0","0","0","https://x.com/undefined/status/1859118814773825587","2400783624",
"1858676554429329556","Tue Nov 19 01:26:29 +0000 2024","54","@BudiBukanIntel EV di Indonesia masih belom jadi kendaraan roda 4 primer yang patut dikritisi itu selain PLTU ya kualitas BBM disini akibat subsidi buat semua jadi susah buat naikin standar. Kudunya subsidi BBM itu cuma buat kendaraan logistik+transum persetan subsidi buat kendaraan pribadi","1858683229257298195","","BudiBukanIntel","in","","0","4","0","https://x.com/undefined/status/1858683229257298195","306551745",
"1858432362515947820","Mon Nov 18 08:49:45 +0000 2024","3","- Turunkan threshold PKP dan PPh Final - Turunkan tarif PPh Badan - Turunkan tarif progresive PPh OP Ps 17 naikkan layer Buat kompetitive untuk berusaha setidaknya seperti Singapore dan Vietnam. Hapus subsidi yg gak perlu i.e untuk pengusaha EV yg notabene milik pejabat itu.","1858432394157834391","","gg_02022020","in","","0","1","0","https://x.com/undefined/status/1858432394157834391","1209196396374417409",
"1856519220697411672","Wed Nov 13 04:50:55 +0000 2024","2","@innovacommunity EV china research batere power unit software dll buat banyak tipe tinggal ditambahin-kurangin tergantung tipe.Mazda buat 1 type doang. Fasilitas produksi china langsung buat banyak tipe mazda EV nya dikit. Ini belom ngomongin subsidi pemerintah yak.","1856560349757223111","","innovacommunity","in","","0","0","0","https://x.com/undefined/status/1856560349757223111","77098425",
"1854687322316644666","Fri Nov 08 00:48:10 +0000 2024","3","Aku akan cakap ini dan berterusan cakap ini. Menyalahkan golongan MAHAKAYA sbg rasionalisasi subsidi RON95 adalah ALASAN semata. Orang kaya sama ada Guna kenderaan EV Petrol ditanggung syarikat mereka masing-masing Pengguna utama petrol adalah golongan pertengahan.","1854687322316644666","","","in","","0","0","1","https://x.com/undefined/status/1854687322316644666","298973732",
"1850994991826649097","Tue Oct 29 04:16:50 +0000 2024","3","@HezeriSamsuri Golongan yang tak dapat subsidi Petrol boleh lah guna EV kan? Yang 85% masih dapat subsidi Petrol.","1851115954622906621","","HezeriSamsuri","in","","0","1","0","https://x.com/undefined/status/1851115954622906621","2349968316",
"1850994991826649097","Tue Oct 29 03:26:54 +0000 2024","5","@HezeriSamsuri Tarik subsidi petrol tp org kaya pakai EV ","1851103389729612288","","HezeriSamsuri","in","","0","1","0","https://x.com/undefined/status/1851103389729612288","81263363",
"1850994991826649097","Mon Oct 28 20:16:10 +0000 2024","139","Korang tau tak insentif untuk hybrid bakal berakhir? Kita bagi insentif yang cukup banyak untuk EV sedangkan yang lebih mampu dan praktikal untuk kita guna ialah hybrid. Dah la tahun depan subsidi petrol akan berkurang. Tak kan nak suruh orang kaya je berjimat dengan beli EV https://t.co/aoGNtgtmWq","1850994991826649097","https://pbs.twimg.com/media/GbAOIYsaoAAY4bC.jpg","","in","","3","9","59","https://x.com/undefined/status/1850994991826649097","456568207",
"1850781918171906449","Mon Oct 28 06:09:29 +0000 2024","58","Beli kereta jangan rushing. Tahun ni harga kereta drop kaw-kaw Sebab adjustment pada polisi subsidi bahan api &amp; EV muncul lagi laju daripada iphone baru keluar. So Next year boleh ni pakai Porsche used https://t.co/ZFOv3sxLkv","1850781918171906449","https://pbs.twimg.com/media/Ga9MV8bbcAAv9uS.jpg","","in","","1","2","15","https://x.com/undefined/status/1850781918171906449","1187948228240494592",
"1849787889737138276","Fri Oct 25 12:19:34 +0000 2024","0","#ICYMI MIT atasi kesan subsidi RON95 Kemungkinan akan menyebabkan penambahan kenderaan elektrik (EV) atau enjin hidrogen (HE). https://t.co/1zAR8wB2Ds","1849787889737138276","","","in","","0","0","0","https://x.com/undefined/status/1849787889737138276","331383958",
"1849671852375093263","Fri Oct 25 05:40:13 +0000 2024","2","dulu sempet QRT kalo lu pada beli EV karena subsidi tuh sama aja lu dikadalin luhut wkwk","1849687387565326708","","HadeuhXDXD","in","","0","1","0","https://x.com/undefined/status/1849687387565326708","1794392424107933696",
"1849628408923492716","Fri Oct 25 01:45:51 +0000 2024","2","MIT atasi kesan subsidi RON95 Kemungkinan akan menyebabkan penambahan kenderaan elektrik (EV) atau enjin hidrogen (HE). #SinarHarian #subsidiRON95 https://t.co/1zAR8wB2Ds","1849628408923492716","","","in","","0","0","0","https://x.com/undefined/status/1849628408923492716","331383958",
"1849460458056741108","Thu Oct 24 14:38:29 +0000 2024","4","minyak subsidi bersasar bermula pada tahun 2025 proton dijangka nak lancar EV pada tahun 2025 perodua dijangka nak lancar EV pada tahun 2025 rancangan puak kayangan untuk paksa rakyat beli EV makin menjelma....kah kah kah https://t.co/6pits1sRHc","1849460458056741108","https://pbs.twimg.com/media/GaqZCjYaQAAl7gD.png","","in","","0","1","1","https://x.com/undefined/status/1849460458056741108","1430721438772654083",
"1848908036045508732","Wed Oct 23 02:03:31 +0000 2024","23","Pemangkasan anggaran akan berdampak terancamnya berbagai program transum. Misalnya saja ada isu penyesuaian tarif KRL yang telah masuk nota keuangan RAPBN 2025 walau belum ada keputusan resmi. Pada tahun ini saja subsidi PSO KAI (4.7 T) sudah kalah dengan insentif EV (9.1 T). https://t.co/KDUeJLnWFm","1848908078844174618","https://pbs.twimg.com/media/GaikF29bEAAXC91.jpg","stravenues","in","","0","1","3","https://x.com/undefined/status/1848908078844174618","1764278689188237312",
"1848617992978108723","Tue Oct 22 06:50:49 +0000 2024","0","Gaji penjawat awam naik jualan kereta dijangka rancak - BIMB Securities #BHbisnes Pengenalan subsidi RON95 bersasar menjelang pertengahan 2025 juga dijangka mengalihkan permintaan pengguna ke arah kenderaan EV. https://t.co/s5rGsuyT9k","1848617992978108723","","","in","","0","0","0","https://x.com/undefined/status/1848617992978108723","63070483",
"1848189539434836045","Mon Oct 21 02:28:18 +0000 2024","31","Orang kaya yang tak dapat subsidi boleh beli EV. Kalau tak cukup kaya nak beli EV anda mungkin masih layak dapat subsidi.","1848189539434836045","","","in","","1","3","8","https://x.com/undefined/status/1848189539434836045","275462876",
"1847809797703553534","Sun Oct 20 01:19:21 +0000 2024","2","Nak adjust subsidi petrol orang kaya dah drive EV dapat manfaat","1847809797703553534","","","in","","0","0","0","https://x.com/undefined/status/1847809797703553534","14505531",
"1847530393370771864","Sat Oct 19 23:03:10 +0000 2024","7","@La_FarEast Bukan T15 tapi m40/b40 yg back up t15 t15 skrg duk pakai EV..xkisah pon pasal subsidi petrol lepas ni dorng lagi ramai pakai EV..aim kite nk reduce carbon footprint harap berjaya yg education dorng byr sama je dkt school private anak dorng..","1847775529182908698","","La_FarEast","in","","0","2","0","https://x.com/undefined/status/1847775529182908698","77677934",
"1847612250971951535","Sat Oct 19 12:14:22 +0000 2024","2","Lepas tu jadi mcm ho chi minh hahaha. The future is public transport tarik subsidi minyak. Guna duit tu buat public transport bukan pergi kasi orang beli EV","1847612250971951535","","","in","","0","0","1","https://x.com/undefined/status/1847612250971951535","3253313210",
"1847454389524713983","Sat Oct 19 08:02:36 +0000 2024","11","@fahmi_fadzil T15 tak dpt subsidi tapi tidak kena cukai bila beralih ke EV sbb golongan T15 mampu.","1847548893690810478","","fahmi_fadzil","in","","0","0","1","https://x.com/undefined/status/1847548893690810478","2318749160",
"1846848906149417325","Thu Oct 17 14:38:00 +0000 2024","7","@501Awani Kerap sgt berita subsidi minyak ini. Tahu lah nk dekat dgn belanjawan 2025. Nk tarik subsidi ckp jer lah. Yg penting ultra kaya dpt rebat kereta EV ","1846923623241777398","","501Awani","in","","0","1","0","https://x.com/undefined/status/1846923623241777398","1600113417117118465",
"1844747262779658445","Sat Oct 12 02:07:50 +0000 2024","4","@HezeriSamsuri Norway je negara yg dah almost majoriti guna EV sbb polisi kerajaan yg sokong n mampu bina dulu byk infra charger then bg subsidi guna EV Msia tak mampu so takkan jd mcm Norway laa ","1844922898248864150","","HezeriSamsuri","in","","0","0","0","https://x.com/undefined/status/1844922898248864150","18013063",
"1844225943000494181","Fri Oct 11 13:24:40 +0000 2024","2","@MekSangBuaya Kata nak tarik subsidi utk golongan mahakaya. Tp telur ni Msia pengguna ke-3 or ke-5 tertinggi dunia which merangkumi hmpir keseluruhan B40 kebwh. Apa bnda nk tlg org susah. Tlg org kaya lg ada la. Cukai EV (kreta org kaya n berduit) beli pun krajaan ni murahkan tlg b40 konon","1844730839432601927","","MekSangBuaya","in","","1","1","1","https://x.com/undefined/status/1844730839432601927","944448516914479105",
"1843910097468371451","Wed Oct 09 07:08:44 +0000 2024","11","Also our gov today. Lagi sanggup batalkan subsidi rakyat untuk cover kerugian negara tapi boleh sambung tax exemption EV indefinitely postponed HGV taxes bailout company kaya. https://t.co/SqQmd3KI43","1843911459497181274","","IchiXIV","in","","0","2","10","https://x.com/undefined/status/1843911459497181274","14783745",
"1842007466009362716","Fri Oct 04 01:02:57 +0000 2024","35","Anjing kata gua mah. Cabut aja tuh subsidi EV ga guna.","1842007466009362716","","","in","","0","3","10","https://x.com/undefined/status/1842007466009362716","1202899827480088577",
"1841464838377427197","Wed Oct 02 13:06:44 +0000 2024","15","Pembangkang membidas kenyataan Perdana Menteri Datuk Seri Anwar Ibrahim yang memberi bayangan kerajaan akan menghentikan pemberian subsidi dalam sektor pendidikan kepada golongan mahakaya kerana mendakwa kelompok elit itu sebenarnya tidak peduli pun terhadap subsidi itu. Ketua","1841464838377427197","","","in","","0","15","5","https://x.com/undefined/status/1841464838377427197","391891588",
"1838072379786109087","Mon Sep 23 16:11:21 +0000 2024","4","@Spikespigeel @WinnerCogan Kurang literasi tpi ngegoblokin Hyundai itu masih bisa nikmatin diskon PPnBM 0% + PPn 1% sedangkan EV CBU hanya bisa nikmatin PPnBM 0% + PPn 11% pabrikan EV CBU yg ambil jalur diskon ini harus bikin pabrik di indo maks 2 tahun kedepan. Trusnknapa BYD bisa murah? Krena subsidi","1838249807820820738","","DanteAlegory","in","","0","1","0","https://x.com/undefined/status/1838249807820820738","1157198824403656706",
"1838072379786109087","Mon Sep 23 12:08:44 +0000 2024","7","@WinnerCogan Brand yang bikin HYUNDAI kecewa besar sama pemerintah nih... Wuling juga sih. Minta subsidi EV tp diharusin bikin pabrik dalam negeri. Pabrik udah jadi eh ini brand sekalinya masuk CBU langsung auto dapet subsidi cuma modal MoU doank. ","1838188748699566361","","WinnerCogan","in","","0","2","1","https://x.com/undefined/status/1838188748699566361","41552768",
"1837316431245103490","Sun Sep 22 03:19:45 +0000 2024","160","@aliviaawin @notyourdarlin9 Ini yg diusulkan Riken Yamamoto salah satu Arsitek terbaik di Japan untuk mengatasi masalah kemacetan di Indonesia. Meanwhile Lord luhut malah usul subsidi utk EV/cars dan diamini pemerintah. Negara broker emang beda :) https://t.co/5xvsOXnun6","1837693239924871635","https://pbs.twimg.com/media/GYDMQ0tbYAATEQp.jpg","aliviaawin","in","","2","7","34","https://x.com/undefined/status/1837693239924871635","1622613372482232321",
"1836586667131703308","Thu Sep 19 02:02:38 +0000 2024","1","Penjualan Polytron EV mayoritas berasal dari motor listrik subsidi. https://t.co/iBEb3AnklH","1836586667131703308","","","in","","0","1","0","https://x.com/undefined/status/1836586667131703308","23343960",
"1834457781598052408","Fri Sep 13 05:03:12 +0000 2024","0","Subsidi Rp7 Juta untuk Motor Listrik Genjot Penjualan EV Dua Kali Lipat Airlangga Hartarto: Untuk Kurangi Efek Rumah Kaca: Berbagai inisiatif dan peta jalan pengembangan kendaraan listrik (EV) hingga 2030 telah disusun untuk mempercepat transisi menuju https://t.co/Ma4VlB7KES https://t.co/e7bfL79vRb","1834457781598052408","https://pbs.twimg.com/media/GXVNoYzbgAAOqJI.jpg","","in","","0","0","0","https://x.com/undefined/status/1834457781598052408","55507370",
"1834424731153637754","Fri Sep 13 02:51:54 +0000 2024","3","Lagian di Jawa udah oversupply sampe sak peak-load. Industri menengah &amp; berat ga stonk malah de-industrialisasi. Makanya rezim bikin subsidi EV buat makan load listrik sama kasi makan dompet sendiri. Bikin program tolol kompor listrik bagi-bagi rice cooker maksa naik daya","1834424740074979783","","ObiWan_Catnobi","in","","0","1","0","https://x.com/undefined/status/1834424740074979783","371261655",
"1834086051620815232","Thu Sep 12 04:26:05 +0000 2024","0","Raksasa Otomotif Jepang Terima Bantuan Subsidi untuk EV https://t.co/5j5Ixgcyj7","1834086051620815232","","","in","","0","0","0","https://x.com/undefined/status/1834086051620815232","41730943",
"1833743358378025152","Thu Sep 12 02:05:59 +0000 2024","2","@PokPokPokTeh @sinach_z Kalau nak buat retorik begitu boleh juga saya cakap subsidi dihantar untuk ditambah peruntukkan str bantuan kewangan dsb. Subsidi EV taklah tinggi mana cukup as insentif untuk merancakkan lagi kereta2 EV di Malaysia ni. Petrol pun ada mudarat dan tenaga yang terhad. Jadi?","1834050795794502093","","","in","","0","1","0","https://x.com/undefined/status/1834050795794502093","738084816042631168",
"1833041096538018040","Mon Sep 09 07:13:48 +0000 2024","11","Pagi ini saya dan @noprusso menulis di @jakpost soal rame-rame arah distribusi subsidi KRL yang tidak pas. Agak aneh kalo amanat subsidi transportasi publik yang lebih dahulu harus ditata dibanding subsidi BBM atau EV. Apa skrg pemerintah jg memunggungi transportasi publik? https://t.co/9KFCNtKS67","1833041096538018040","https://pbs.twimg.com/media/GXA89CuaQAEPK1h.jpg","","in","","0","0","6","https://x.com/undefined/status/1833041096538018040","53014538",
"1831973273229492413","Fri Sep 06 08:30:39 +0000 2024","2","Luhut Klaim Penggunaan EV Bisa Hemat Anggaran Selama Ini di Alokasikan Untuk Jadi Subsidi BBM https://t.co/EjCqaH2hSr lewat @Keuangan News","1831973273229492413","","","in","","0","1","2","https://x.com/undefined/status/1831973273229492413","1226436091617505281",
"1830903537553039806","Tue Sep 03 09:39:54 +0000 2024","0","Proses transisi energi yang tengah dilakukan Indonesia secara bertahap disebut menghemat anggaran subsidi BBM sekitar Rp45 triliun hingga Rp90 triliun per tahun. Menteri Koordinator Bidang Kemaritiman dan Investasi (Menko Marves) Luhut Binsar Pandjaitan mengatakan salah satu https://t.co/kRy1Ws2z0l","1830903537553039806","https://pbs.twimg.com/media/GWitDs-aoAIeu58.jpg","","in","","0","0","0","https://x.com/undefined/status/1830903537553039806","118646322",
"1830823357622993217","Tue Sep 03 06:41:15 +0000 2024","3","@BudiBukanIntel Ya siapa tau kan karena tarifnya udah belasan taun ga naik Satu2nya subsidi EV yg bagus tuh EV transum ","1830858579550838900","","BudiBukanIntel","in","","0","0","0","https://x.com/undefined/status/1830858579550838900","253948136",
"1830823357622993217","Tue Sep 03 05:32:32 +0000 2024","6","@BudiBukanIntel ketinggian aja itu angka subsidi ev. tuker aja subsidi kai sama ev market yang beli ev ttp bisa beli karena naiknya ga parah2 amat market yang pake kereta kebantu banget karena ga naik","1830841286620049495","","BudiBukanIntel","in","","0","1","1","https://x.com/undefined/status/1830841286620049495","1002933675430854656",
"1830823357622993217","Tue Sep 03 04:21:18 +0000 2024","304","Angka partisipasi kerja usia produktif jepang juga tinggi subsidi ga selalu jelek ya ges Subsidi EV jelas jelek sih tapi","1830823357622993217","","","in","","0","13","63","https://x.com/undefined/status/1830823357622993217","1794298849651212288",
"1828738293732724764","Mon Sep 02 12:02:08 +0000 2024","77","@Emtezet @IESR @abidzara___ @detikcom @KemenkeuRI @PerekonomianRI Terkait subsidi berbasis NIK bukan berarti karena sedang dikembangkan oleh PT Jaklingko maka subsidi berbasiskan NIK itu benar adanya efisien efektif solutif. Malah kalau ternyata PT Jaklingko mengembangkan hal tersebut maka anggota DPRD harusnya protes karena tugas utama","1830576944997658864","","Emtezet","in","","7","5","39","https://x.com/undefined/status/1830576944997658864","44556194",
"1830395194975686959","Sun Sep 01 23:59:56 +0000 2024","14","Inti dr utas ini a/ pelayanan publik bukan prioritas bukan krn KAI-nya bangkrut dsb. Jd penghematan yg menyebabkan turunnya subsidi transum a/ pilihan politik pemerintah yg lebih mengutamakan subsidi thd EV (yg beneficiary-nya sbnrnya a/ perusahaan2 bukan publik).","1830395194975686959","","","in","","0","0","8","https://x.com/undefined/status/1830395194975686959","21861624",
"1830185171502710885","Sun Sep 01 15:05:23 +0000 2024","214","@tubbirfess if only pamrenta fokus memperbaiki transum instead of subsidi ev!!!!!!!!!","1830260670535028978","","tubbirfess","in","","0","0","6","https://x.com/undefined/status/1830260670535028978","3218900125",
"1829902236727841024","Sun Sep 01 07:51:38 +0000 2024","4","@haznanf Comparison emang harus berdasarkan pendapatan tiap negara dan spend nya berapa % nya... bukan hanya belum naik selama 8 tahun hehehe... Subsidi EV yang buat kebutuhan pribadi harusnya lebih rendah dari subsidi buat transportasi publik","1830151517023977606","","haznanf","in","","0","0","0","https://x.com/undefined/status/1830151517023977606","50147183",
"1830145878059053238","Sun Sep 01 07:29:14 +0000 2024","15","lagian subsidi KRL udah cuma 1 6 T per tahun masih mau dipotong juga padahal cuma recehan dari APBN 3600 T sedangkan subsidi EV IKN dll digas terus macem orang kelebihan duit. emang ga ngerti skala prioritas aja","1830145878059053238","","","in","","0","0","4","https://x.com/undefined/status/1830145878059053238","1219481356486332416",
"1830113305274507714","Sun Sep 01 05:19:48 +0000 2024","3","Abaikan stori temennya yg PNS paparan thread ini intinya sama kok kaya keluhan orang2: iya butuh duit banyak buat transum yg lebih baik nah tp skrg prioritasny kmn? Kcic subsidi ev itu emg lbh ngebantu ya utk kemacetan? Ya udh intiny emg duitnya bukan buat krl ‍️","1830113305274507714","","","in","","0","1","5","https://x.com/undefined/status/1830113305274507714","75548546",
"1830111499412529441","Sun Sep 01 05:12:37 +0000 2024","5326","Gara gara subsidi EV sama KCIC malah KRL jadi korban Eamng skill issue aja ini si mulyono kelakuan inkompeten","1830111499412529441","","","in","","31","44","2054","https://x.com/undefined/status/1830111499412529441","1794298849651212288",
"1830088794571509879","Sun Sep 01 03:42:24 +0000 2024","4","Ktka pjbt pnya bisnis EV &amp; gunakan kewenangan tsb dg kebijakan yg menguntungkan bisnis mrk sungguh amat licik &amp; terang²an menantang rakyat. Smntara subsidi KRL dikurangi akibat sulitnya membayar hutang KAC btpa krg ajarnya mrk yg salah menganalisa kelayakan proyek dmi kkuasaan https://t.co/ng48QQ1FYC","1830088794571509879","https://pbs.twimg.com/media/GWXIDzxbQAURSc1.jpg","","in","","0","0","1","https://x.com/undefined/status/1830088794571509879","1085740795020206080",
"1830042111452070000","Sun Sep 01 00:36:54 +0000 2024","68","Subsidi tiket KRL di-cut Subsidi EV di-keep Budget buat IKN stonksss Mantap betul ini mulyono patrikno luhud mulkodo srimul","1830042111452070000","","","in","","0","0","47","https://x.com/undefined/status/1830042111452070000","371261655",
"1829892169282568520","Sat Aug 31 14:41:05 +0000 2024","3","Emang pemerintahnya kocak. Transum malah mesti digendong oleh sektor informal. Kagak ada niat bikin proteksi/regulasi di sektor ini. Swasta mulu yang inisiatif padahal bisa didukung dana APBN juga tapi lebih pilih subsidi EV. Dari jaman angkot dipegang koperasi sampe sekarang","1829892169282568520","","","in","","0","0","0","https://x.com/undefined/status/1829892169282568520","278087108",
"1829719423911149898","Sat Aug 31 03:14:39 +0000 2024","3","gampang cabut aja subsidi EV kasi ke subsidi transum tambah armada sama tingkatkan fasilitas","1829719423911149898","","","in","","0","0","3","https://x.com/undefined/status/1829719423911149898","237296131",
"1829000951950176586","Fri Aug 30 15:56:34 +0000 2024","2","@humblenumber @sihir_sains Banyak yg kurang ngerti mas sama bedanya sederhananya: subsidi di kai mayoritas dipakai untuk operational sama maintenance dibayarkan pakai pajak yang udh terkumpul sementara subsidi EV dalam bentuk tax reduction pemerintah gak keluar uang tapi kehilangan pendapatan cmiiw","1829548778569056336","","humblenumber","in","","0","2","0","https://x.com/undefined/status/1829548778569056336","351529455",
"1829505794276303170","Fri Aug 30 13:14:21 +0000 2024","9","@tanyarlfes Kenapa subsidi EV yang harus dihapus? Karena ga semua lapisan masyarakat mampu beli EV. Harusnya transum dibagusin biar masyarakat makin banyak yang naik transum dan ngurangin emisi karbon dari kendaraan. Plis lah jangan kelewat TOLOl.","1829507953285857692","","_tauriii","in","","0","0","0","https://x.com/undefined/status/1829507953285857692","1516227237204307969",
"1829505794276303170","Fri Aug 30 13:11:36 +0000 2024","87","@tanyarlfes Wahai sender GOBLOK subsidi itu asalnya dari uang pajak rakyat ya jelas buat rakyat. Subsidi transum udah jelas tepat sasaran. Harusnya fasilitas diperbaiki bukan dirubah skema subsidinya. Yang harus dihapus tuh subsidi EV karena ga tepat sasaran sama sekali.","1829507259845792151","","tanyarlfes","in","","0","1","9","https://x.com/undefined/status/1829507259845792151","1516227237204307969",
"1829369060460826961","Fri Aug 30 04:02:26 +0000 2024","4","Apa ada yang mikir subsidi EV itu subsidi untuk masyarakat? Enggak. Itu subsidi buat perusahaan (produsen/distributor) yang bisa diklaim apabila ada unit yang dibeli masyarakat~ bisa dibilang fixed income malah buat mereka. Makanya pake segala macem cara buat jualan ","1829369060460826961","","","in","","0","1","0","https://x.com/undefined/status/1829369060460826961","87319138",
"1829359670789816410","Fri Aug 30 03:47:46 +0000 2024","7","Kalau subsidi KRL bisa dibuat tepat sasaran harusnya subsidi EV juga. Sebaliknya kalau berbagai manuver bisa dilakukan untuk subsidi EV harusnya subsidi KRL juga. Akhir kata mungkin sebaiknya kita semua ikut sekolah social justice di UPenn (jangan lupa bawa masker)","1829365366835102148","","bincangurban","in","","0","1","0","https://x.com/undefined/status/1829365366835102148","576167158",
"1829359670789816410","Fri Aug 30 03:32:04 +0000 2024","3","Bahkan menurut gue upaya akselerasi EV juga nggak serius-serius banget. 1. Subsidi orang kaya -&gt; mobil listrik cuma bakal jadi mobil kedua ketiga mereka. Alih-alih subsitusi kendaraan pribadi eksisting kemungkinan besar cuma akan menambahkan. Dampaknya ya macet dll dll","1829361417352515765","","bincangurban","in","","2","1","0","https://x.com/undefined/status/1829361417352515765","576167158",
"1829359670789816410","Fri Aug 30 03:25:08 +0000 2024","246","Menurut gue besar subsidi EV &gt; subsidi KRL tuh nggak masuk akal TOTAAAL Subsidi EV yang sekarang ada itu kebanyakan demand side ( diskon untuk pembelian/konversi motor potongan pajak untuk pembelian mobil) di mana setelah diitung-itung upfront cost-nya tetep GUEDE.","1829359670789816410","","","in","","12","2","78","https://x.com/undefined/status/1829359670789816410","576167158",
"1828738293732724764","Fri Aug 30 01:06:01 +0000 2024","2","@Emtezet @eivinaevia @abidzara___ @detikcom Coba skrg efektif gak subsidi EV nya?? Anda bisa lihat pengguna transum dan Ev berapa banyak?? Anda naik transum?? Pengguna rutin transum??","1829324661605486916","","Emtezet","in","","0","0","0","https://x.com/undefined/status/1829324661605486916","1512253914087059457",
"1829321609347489949","Fri Aug 30 00:53:53 +0000 2024","2","Dari 4 policy ini lu lebih dukung mana? 1.Electronic democracy ala Estonia 2.war on judol (basically war on drugs tapi untuk judol) 3.potong subsidi BBM untuk insentif EV 4.kembalikan independensi KPK","1829321609347489949","","","in","","0","0","1","https://x.com/undefined/status/1829321609347489949","1608033915708620805",
"1829062485036695837","Thu Aug 29 09:12:32 +0000 2024","3","@BudiBukanIntel Emang gila pemerintah ini subsidi EV yg justru mau dinaikin middle class biayain upper class bajingan. #SelamatkanKRL","1829084710053786093","","BudiBukanIntel","in","","0","1","2","https://x.com/undefined/status/1829084710053786093","274532930",
"1828738293732724764","Thu Aug 29 05:38:17 +0000 2024","5","@Emtezet @abidzara___ @detikcom Gini lho bapak transum itu untuk semua orang. Transum itu juga menekan kemacetan membantu menghijaukan lingkungan juga. Mestinya di sini lah bapak2 sekalian mikir untuk subsidi poll-pollan. Tolong saya ga mau dengar kan bisa pake EV listriknya kan msh dri batubara tolonglah","1829030793739632664","","Emtezet","in","","0","1","0","https://x.com/undefined/status/1829030793739632664","1105754610235432960",
"1828978595555094687","Thu Aug 29 02:10:53 +0000 2024","7","3. NIK-based ini mau gmn? Cuma NIK Jabodetabek? Non-Jabodetabek ineligible? NIK lain harus di-whitelist? 4. NIK berlaku nasional dan ga berubah 5. Subsidi EV subsidi kompor listrik &amp; subsidi rice cooker justru pemborosan. Yang tolol siapa yg bayar akibat siapa","1828978598059098254","","ObiWan_Catnobi","in","","0","1","7","https://x.com/undefined/status/1828978598059098254","371261655",
"1828738293732724764","Wed Aug 28 15:00:09 +0000 2024","232","@Emtezet @abidzara___ @detikcom Berarti yang dicabut subsidi mobil EV pak karena itu mensubsidi wong sugih untuk beli mobil listrik lebih murah. Sementara orang miskin mana naik EV saya aja mobil minjem adek saya. PSO transum harus konsisten pak untuk menarik orang naik alternatif kendaraan pribadi.","1828809802199232554","","Emtezet","in","","0","3","22","https://x.com/undefined/status/1828809802199232554","1566448070379720705",
"1828587571946897482","Wed Aug 28 00:17:05 +0000 2024","0","Rasional subsidi minyak pengaruhi penggunaan EV https://t.co/4iIxR1BzxA #K2 #diesel #EV #minyak #Petrol","1828587571946897482","","","in","","0","0","0","https://x.com/undefined/status/1828587571946897482","822514562",
"1827680985506558227","Sun Aug 25 12:14:38 +0000 2024","14","Ini juga salah pemerintah. Jangan cari hubungan impor EV subsidi EV pebisnis yang di belakangnya pejabrut paling getol promo sana sini termasuk ke luar nehri","1827680985506558227","","","in","","0","0","3","https://x.com/undefined/status/1827680985506558227","113948365",
"1826122054673797147","Wed Aug 21 05:00:00 +0000 2024","11","Sebelum dapetin subsidi mobil listrik Wuling Air ev yuk ketahui terlebih dahulu mengenai syarat dan perhitungannya pada artikel ini! https://t.co/Jwy5hLj6rj","1826122054673797147","","","in","","0","0","2","https://x.com/undefined/status/1826122054673797147","757798365933383680",
"1824995145420620177","Sun Aug 18 02:22:04 +0000 2024","0","Penjualan Polytron EV mulai mengalami lonjakan sejak pemerintah merilis subsidi buat motor listrik. https://t.co/wv3tWJXtB2","1824995145420620177","","","in","","0","1","0","https://x.com/undefined/status/1824995145420620177","23343960",
"1822909622879179065","Mon Aug 12 08:14:56 +0000 2024","1","Vietnam merancang untuk memberi subsidi harga elektrik bagi stesen pengecas kenderaan EV. https://t.co/NVWxf0LzS3 'Yang sahih di Berita RTM' #RTM #BeritaRTM #MalaysiaMadani https://t.co/ThrPFDFv8l","1822909622879179065","https://pbs.twimg.com/media/GUxGfVya4AAvOv6.jpg","","in","","0","1","0","https://x.com/undefined/status/1822909622879179065","704725700",
"1818663105800683634","Wed Jul 31 15:00:48 +0000 2024","14","EV punya subsidi ni utk perkembangkan market EV itu sendiri. Ikut teori ekonomi Makin ramai org pakai makin demand. Makin demand harga makin rendah sebab of cost production akan makin byk. Tahun 2000 Harga simcard RM238. Nokia 8250 RM1k&gt; Blackberry RM2k @Solisidtor https://t.co/bk2aSBEIhY","1818663105800683634","https://pbs.twimg.com/media/GT0wFwtboAEZOwa.jpg","","in","","1","1","6","https://x.com/undefined/status/1818663105800683634","1599550396938465280",
"1816714252176228563","Fri Jul 26 11:52:21 +0000 2024","12","@RakyatAduan @MRTMalaysia @askrapidkl Lepas tu sibuk nak bagi subsidi dekat EV Car yg menambah kesesakan jln raya. Org miskin tak mampu nikmati sistem pengangkutan yg baik selamat &amp; selasa.","1816803741670264875","","RakyatAduan","in","","0","1","4","https://x.com/undefined/status/1816803741670264875","1600113417117118465",
"1816727865096036672","Fri Jul 26 09:12:55 +0000 2024","2","@HezeriSamsuri Kerajaan thailand tk bg subsidi kepada pengguna EV ke mcm kerajaan madani ni buat sperti diskaun pembelian kereta EV free parking dll","1816763621378261200","","HezeriSamsuri","in","","0","1","1","https://x.com/undefined/status/1816763621378261200","1757210037427331072",
"1815908140493463617","Wed Jul 24 04:21:33 +0000 2024","3","@abahlubna HAHAHA kurangkan org kaya enjoy subsidi disebaliknya still tolong orang kaya dengan tax exemptionnya dan juga jangan lupa ada subsidi one off untuk pembelian EV walhal bole je kenakan cukai untuk pendapatan negara tapi x nk. Bole je kenakan higher tax for EV bukan susah pon lol.","1815965520396706094","","abahlubna","in","","0","2","0","https://x.com/undefined/status/1815965520396706094","844713752868147201",
"1815908140493463617","Wed Jul 24 00:33:33 +0000 2024","195","Aku tgk replies dgn QTs byk hentam TZ Aku tak paham kenapa. Well aku bukan lah nak backup dia even zaman dia jadi MoF byk yg aku hentam dia kott Soal EV ni harap semua dpt fikir kedepan dan mohon jgn menggelabah nak hentam tak tentu hala Kenapa govt beria push EV? Well ada","1815908140493463617","","","in","","16","32","71","https://x.com/undefined/status/1815908140493463617","470078388",
"1815714869787902235","Tue Jul 23 11:45:33 +0000 2024","4","sedang menunggu thread dari nazribiztalk GDP Malaysia meroket sebanyak 48% dengan penjualan EV yg berharga B40 (RM 30 900) dan penjimatan subsidi petrol yg ditarik dapat membina infrastruktur LRT dari Paya Jaras sehingga Alor Pongsu","1815714869787902235","","","in","","0","0","0","https://x.com/undefined/status/1815714869787902235","797704333",
"1812846833561223191","Mon Jul 15 18:35:31 +0000 2024","251","@pedoqpop budak2 yang lambat angkat baju ni lagi 5-10 tahun dioranglah pengguna EV yang tak reti nak cabut charger bila dah full charge bateri sidai kereta sampai malam pastu block orang lain dari nak guna charger. Pastu still makan subsidi.","1812918935186252228","","pedoqpop","in","","0","2","30","https://x.com/undefined/status/1812918935186252228","13231002",
"1810588511646720047","Tue Jul 09 11:10:47 +0000 2024","33","@innovacommunity Mending ini apa subsidi EV?","1810632687306281018","","innovacommunity","in","","0","2","0","https://x.com/undefined/status/1810632687306281018","1484423320632438789",
"1810562954674462849","Tue Jul 09 06:33:41 +0000 2024","13","Ayo siapa yg mau beli EV Cina? Sedang diskon nih. Banyak bonusnya! Bebas pajak subsidi asuransi. @_Banyoe @StopPlandemit @ThatSun510 @nic04722 @mamakchayank @clairvoyant_cl @wongWedokBakoh Harusnya ada bonus asuransi jiwa️ APAR dan Genset Padahal itu penting. https://t.co/4EgyD76CWJ","1810562954674462849","https://pbs.twimg.com/media/GSBpaWCbkAA82X2.jpg","","in","","1","12","2","https://x.com/undefined/status/1810562954674462849","1254035776322453506",
"1809553246987645040","Sat Jul 06 16:06:17 +0000 2024","3","@heiapeni @La_FarEast Disagree antara bnyk2 yg you mention ni diesel je yg ada problem utk segelintir tp ramai ke budak2 skrg pakai diesel sampai takut sgt subsidi ditarik ni? Ron95 bincang pun tak medical insurance cuba baca balik benda full EV tu dah confirm ke? Bila masa BN bebas rasuah?","1809619889805787444","","heiapeni","in","","0","0","0","https://x.com/undefined/status/1809619889805787444","840188880691253248",
"1809403905987735615","Sat Jul 06 06:20:34 +0000 2024","39","@StiltskinMan Taknak subsidi mahakaya bagi tax exemption utk EV.","1809472488843227619","","StiltskinMan","in","","0","0","6","https://x.com/undefined/status/1809472488843227619","40764602",
"1808874951187050560","Sat Jul 06 04:13:19 +0000 2024","6","@ismail_mslm @pidotburn orang kaya boleh beli byk kete. tukar kete ikut angin. EV lepas dh ramai guna tarik subsidi dorang can easily switch back to gas guzzlers. so i tak faham what is the goal here. rich will just get rid of or don't drive their EVs when policy change again so knp nk encourage dorang","1809440467177873658","","m2bimslm","in","","0","0","0","https://x.com/undefined/status/1809440467177873658","979695213613494272",
"1809419082338562182","Sat Jul 06 02:48:21 +0000 2024","13","Dengan menetapkan harga lantai Kerajaan Madani hanya benarkan kereta EV dengan harga RM100k ke atas dijual di Malaysia. Kerajaan Madani juga mahu beri subsidi FREE PARKING kepada kereta EV bagi menggalakkan pembelian kereta EV. https://t.co/FhtUbtkxO1","1809419082338562182","https://pbs.twimg.com/media/GRxZDRWbkAANfls.jpg","","in","","1","3","7","https://x.com/undefined/status/1809419082338562182","995676205914378242",
"1809361618419294435","Sat Jul 06 00:26:47 +0000 2024","0","Kenapa maha kaya disubsidi? Tapi kalau pakai logik dalam hal kenderaan elektrik (EV) ini yang untung adalah golongan mahakaya. - Awang #SinarHarian #subsidi https://t.co/VqUSScc5rx","1809383457572921591","","SinarOnline","in","","1","2","0","https://x.com/undefined/status/1809383457572921591","331383958",
"1809030105156760038","Fri Jul 05 07:28:05 +0000 2024","62","@NabilErsyad Yg kaya (T10) gelak pakai EV. yg miskin (B40) dapat diesel subsidi. yg tersepit (M40) kerja bagai nak mati xdapat apa pun kene lagi ada la.","1809127091700707356","","NabilErsyad","in","","0","1","10","https://x.com/undefined/status/1809127091700707356","1304834303398785024",
"1809088566913609984","Fri Jul 05 04:55:00 +0000 2024","4","Kesatuan Eropah akan mengenakan tambahan duti sehingga 37.6% kepada kereta-kereta elektrik import buatan China Tambahan duti ini dilaksanakan setelah Suruhanjaya Eropah mendapati pentadbiran Beijing memberi subsidi terhadap pengeluar kereta EV tempatan https://t.co/LmhKBRI98j","1809088566913609984","https://pbs.twimg.com/media/GRqJjOoaUAMvBvT.jpg","","in","","1","0","4","https://x.com/undefined/status/1809088566913609984","1213807317419880450",
"1808874951187050560","Fri Jul 05 02:36:38 +0000 2024","6","@pidotburn lol diorang dah akan start bayar roadtax dah negara maju lain pun buat benda sama untuk galakkan rakyat beli ev. daripada org kaya ni semua beli ICE lepastu sauk semua subsidi minyak baikla kerajaan buat macam ni kalau thailand siap bagi rebate lagi dkt kereta ev","1809053748054143339","","pidotburn","in","","0","2","1","https://x.com/undefined/status/1809053748054143339","378964901",
"1808656594705789282","Thu Jul 04 00:18:30 +0000 2024","3","Ulang-ulang dia kata. Mahakaya yang guna subsidi akan dituntas habis-habisan Mahakaya jugak beli kereta ev dapat macam-macam tax rebate Pindah office ke TRX dpat tax rebate Make it make sense? Bab bawahan laju je buat cukai itu ini","1808656594705789282","","","in","","0","1","0","https://x.com/undefined/status/1808656594705789282","1735598659",
"1808150688553488772","Wed Jul 03 05:31:19 +0000 2024","10","@sarinizainal Kereta hanyalah medium untuk ke Point B dari Point A vice versa Yg pakai EV/hybrid atau diesel ada kelebihan pinjamatan walaupun pakai Diesel tanpa Subsidi Dan environmental friendly Diesel moden kurang pencemaran ya Ketimbang petrol skrg Padan Muka dia Sis ","1808372933271904362","","sarinizainal","in","","0","0","0","https://x.com/undefined/status/1808372933271904362","1717937148907966464",
"1807629731535462638","Mon Jul 01 04:18:06 +0000 2024","2","Katanya walaupun permulaan rasionalisasi subsidi baru-baru ini boleh jadi halangan kepada jumlah jualan kenderaan inisiatif pembaharuan kerajaan boleh mempercepatkan penggunaan EV. #AWANInews #AWANI745 https://t.co/vQ5GqLQ9Jy","1807629731535462638","","","in","","0","0","1","https://x.com/undefined/status/1807629731535462638","497665754",
"1807021446495162482","Sat Jun 29 17:58:13 +0000 2024","4","@EkonomiRakyatMY pros &amp; cons kena tengok mmg cukai ev xde tp kemampuan membeli ev ni lebih kpd yg income tinggi &amp; mampu ini sedikit sebanyak akan mengurangkan pengunaan petrol apabila harganya diapungkan kelak dan golongan B80 boleh menerima manfaat tunai dari budget subsidi petrol negara ","1807111341628604754","","EkonomiRakyatMY","in","","0","0","0","https://x.com/undefined/status/1807111341628604754","280074238",
"1807021446495162482","Sat Jun 29 12:01:00 +0000 2024","1666","Kita Banyak Beri Subsidi Kepada Orang Kaya Bantuan Tunai Kepada Golongan Susah Perlu Dipertingkatkan Katakan beli Mercedes EV berharga RM300 000-RM400 000. Senang-senang cukai yang (golongan kaya) tak perlu bayar adalah minimum RM200 000 https://t.co/pXPXuyAxJS","1807021446495162482","https://pbs.twimg.com/ext_tw_video_thumb/1804860174974554112/pu/img/709L1-aovTzEhmIY.jpg","","in","","57","45","1170","https://x.com/undefined/status/1807021446495162482","1213807317419880450",
"1806675537701875925","Fri Jun 28 13:06:29 +0000 2024","4","Penyasaran subsidi diesel: Pemintaan jualan EV dijangka meningkat Malaysia MADANI : Tekad Perpaduan Penuhi Harapan 'Yang sahih di Berita RTM' #RTM #BeritaRTM #MalaysiaMadani https://t.co/od7fUCudUl","1806675537701875925","https://pbs.twimg.com/ext_tw_video_thumb/1806675124697051137/pu/img/SdpiaNj3RoZmPytD.jpg","","in","","0","0","1","https://x.com/undefined/status/1806675537701875925","704725700",
"1802950133367328923","Wed Jun 19 02:58:50 +0000 2024","4","@niwseir @piotrj Komparasi pengaruh subsidi untuk kendaraan ev pribadi vs public ev terhadap pengurangan polusi udara berbeda dengan kendaraan bermotor punya porsi kecil terhadap polusi udara Menurutku enggak kontradiktif sih. Yg satu komparasi yg satunya proporsi terhadap polusi.","1803261126177866143","","niwseir","in","","0","0","0","https://x.com/undefined/status/1803261126177866143","996353191573839872",
"1802950133367328923","Tue Jun 18 23:43:36 +0000 2024","4","@niwseir @piotrj Gk tau tweet sblmnya kayak gmn tp kalo dr pernyataannya gk salah kok karena *cuma* bandingin subsidi ev utk transport publik atau utk pribadi","1803211994524426360","","niwseir","in","","0","1","0","https://x.com/undefined/status/1803211994524426360","109568933",
"1802899703895626074","Tue Jun 18 03:02:40 +0000 2024","1","Subsidi bersasar bahan api mampu lonjak jualan kereta elektrik #BHbisnes #BHAuto EV alternatif lebih menarik dari segi ekonomi kos operasi lebih rendah: Penganalisis automotif https://t.co/lIL9RO2ZDt","1802899703895626074","","","in","","0","0","1","https://x.com/undefined/status/1802899703895626074","63070483",
"1801843593881260330","Sat Jun 15 10:58:24 +0000 2024","4","@Marchfoward Eropah ni kalau nak menang dorang akan main kotor..tgk je laa EV china kena..EU tetapkan tarif smp 38% dgn alasan china bg subsidi kpd pengeluar EV tempatan..alasan paling bangang aku penah dgr..US lg byk bg subsidi kat Ford &amp; GM!!!","1801932264357695799","","Marchfoward","in","","0","0","0","https://x.com/undefined/status/1801932264357695799","1772455875556573184",
"1801170288220225700","Thu Jun 13 08:30:35 +0000 2024","0","Uni Eropa (UE) akan menaikkan tarif kendaraan listrik (EV) Tiongkok pada 4 Juli kecuali jika Beijing menyetujui solusi subsidi yang menurut blok ters... https://t.co/xXLNWDaMG7","1801170288220225700","","","in","","0","0","0","https://x.com/undefined/status/1801170288220225700","46693036",
"1800755765931839902","Wed Jun 12 05:03:25 +0000 2024","22","Kemampuan kamu membeli kenderaan berdiesel saja-saja dah cukup menjadi dalil yang kamu tak layak diberikan subsidi. Begitu juga yang memakai EV. Sudah boleh beli EV lagi mahu subsidi untuk beli EV. Keluhan maha kaya ini tidak masuk akal.","1800755765931839902","","","in","","0","0","2","https://x.com/undefined/status/1800755765931839902","4495287014",
"1800207237107048911","Tue Jun 11 00:06:06 +0000 2024","5","@lontonggorengz Kalau dah sblm ni org kaya tekan ron 95 dpt rm 100 lebih seminggu Bila dieorg lagi ramai opted for EV tak ke petrol tu dieorg dah tak guna? Letih la kalau analogi org kereta besar isi minyak 40-50 litre dpt lagi tinggi subsidi berbanding org naik motor isi minyak 7-8 litre pun","1800318556619612291","","lontonggorengz","in","","0","2","2","https://x.com/undefined/status/1800318556619612291","470078388",
"1800048722862309866","Mon Jun 10 20:42:23 +0000 2024","5","@RidhuanSazuki Pdpt aku dieorg bagi gula2 extra ke EV sbb nk suruh lagi ramai org2 kaya tukar ke EV Bila dah ramai org2 kaya tukar ke EV maka kurang lah dieorg enjoy subsidi petrol yg selama ni org dok canang dieorg isi minyak full tank 30-40 litre org biasa motor kapcai 7-8 litre lagi satu","1800267286487638491","","RidhuanSazuki","in","","0","2","2","https://x.com/undefined/status/1800267286487638491","470078388",
"1800048722862309866","Mon Jun 10 17:19:24 +0000 2024","5","@abahlubna Paling aku menyampah sebab diorang utamakan EV siap bagi subsidi..padahal ramai orang nak public transport bagi solid..lepas tu nak naik kan harga minyak tak faham la aku kerajaan lonie..","1800216203702698211","","abahlubna","in","","0","1","0","https://x.com/undefined/status/1800216203702698211","980091224437661696",
"1800124907709432264","Mon Jun 10 15:30:10 +0000 2024","83","@RazmanZakaria60 Dia ckp je minyak naik 1.20 terus aku tutup video. Ternyata dh tua2 pun bodoh. Kenapa tk ckp psl subsidi bersasar? Haritu masa kerajaan bagi pelepasan utk roadtax kenderaan EV bising gak. Ckp kerajaan bela golongan T20. Ni bila tk bagi golongan T20 subsidi minyak korg bising","1800188716734201922","","RazmanZakaria60","in","","0","9","2","https://x.com/undefined/status/1800188716734201922","1001149440",
"1800032477630873724","Mon Jun 10 05:09:20 +0000 2024","56","Cukai barangan murah terus kena. Subsidi diesel kena apung naik terus sampai RM1.20. Cukai barangan mewah boleh pulak tangguh. Subsidi EV boleh pulak buat. Dasar ekonomi neolibedal.","1800032477630873724","","","in","","1","1","60","https://x.com/undefined/status/1800032477630873724","580717077",
"1799677456166883496","Sun Jun 09 09:29:28 +0000 2024","16","@DrDzul Saya nampak sebab utama masalah KKM ni datangnya dari kekurangan staff yang datangnya dari kekurangan dana. Mintak la PMX salurkan dana lebih ke KKM instead of pergi benda bodoh macam pengecualian cukai beli EV untuk T20. Sama jugak untuk $ lebihan dari subsidi bersasar nanti.","1799735553891750011","","DrDzul","in","","0","0","7","https://x.com/undefined/status/1799735553891750011","103853714",
"1798587987737125128","Thu Jun 06 05:29:27 +0000 2024","43","️ Golongan B40 M40 dapat subsidi diesel. ️ Golongan T20 and above dapat subsidi EV. For me it's fair enough. Why? 1. Diesel ni kena isi at least 2 kali seminggu bg yg mmg gunakan utk keperluan harian mereka. Lagi banyak minyak diisi lagi tinggi subsidi yg digunakan.","1798587987737125128","","","in","","1","1","17","https://x.com/undefined/status/1798587987737125128","1369505570521149440",
"1798394812036686153","Wed Jun 05 16:41:50 +0000 2024","62","Kita tarik subsidi diesel dan petrol golongan T20 T20 bayar cukai barang mewah tinggi dan kena bayar lebih bill eletrik sebab duduk rumah besar dan peralatan elektrik banyak Bila bagi roadtax murah untuk EV Pas kata kerajaan nak tolong T20 Apa punya bengap","1798394812036686153","","","in","","1","23","10","https://x.com/undefined/status/1798394812036686153","1358995588067454977",
"1798151966658601416","Wed Jun 05 13:08:00 +0000 2024","2","@Solisidtor Roadtax kereta EV disubsidi? Ini bukan subsidi... https://t.co/UBiM3KgXP2","1798341000190136576","https://pbs.twimg.com/media/GPT9m_XbsAEKWt4.jpg","Solisidtor","in","","0","0","0","https://x.com/undefined/status/1798341000190136576","405519719",
"1798339004523557014","Wed Jun 05 13:04:04 +0000 2024","4","@_JANGAN_DIAM Tarik subsidi utk T20 kau marah... Bagi murah ev utk T20 kau marah.. Pukimak haram jadah apa yg kau nak ni sekarang? Apa sial malaysia dpt rakyat minda kelas ke 3 mcm kau ni.. Betul2 bala","1798340008761548854","","_GEMAMEDIA","in","","0","2","1","https://x.com/undefined/status/1798340008761548854","1626456350",
"1798197484780736975","Wed Jun 05 13:00:15 +0000 2024","46","@ahmadazarul_ Tolong T20 (Bagi rebat EV): Kerajaan zalim tak tolong B40/M40 Buli T20 (Tarik subsidi minyak) Kerajaan zalim tolong B40/M40 saja Ignore T20 (Bantuan byk kpd B40/M40): Kerajaan zalim tolong B40/M40 saja","1798339047670300783","","ahmadazarul_","in","","1","0","12","https://x.com/undefined/status/1798339047670300783","884596384149590016",
"1798287737981944113","Wed Jun 05 11:25:44 +0000 2024","3","@ybperpaduan Awak mahakarya tak patut dpt subsidi Pakailah EV tuihh hahaha","1798315261696893235","","infodemik","in","","0","1","0","https://x.com/undefined/status/1798315261696893235","470078388",
"1798197374730584211","Wed Jun 05 10:42:32 +0000 2024","113","@druglordfxdl Roadtax axia RM20 je tu kalau setahun pun tak mampu bayar RM20 macam mana boleh mampu pakai kereta? Discount roadtax EV ni tujuannya nak galakkan orang kaya pakai EV instead of pakai kereta petrol enjin besar tank besar sedap sedut subsidi minyak banyak2","1798304390870454465","","druglordfxdl","in","","3","1","12","https://x.com/undefined/status/1798304390870454465","554368761",
"1798197374730584211","Wed Jun 05 10:36:20 +0000 2024","9","@druglordfxdl Axia roadtax berapa?.. ang nk galakkan green energy.. guna EV b40 xmampu beli lg.. org kaya ja.. tarik subsidi minyak slow2 depa beralih ke EV sbb tank depa besar minyak mahal.. nk suruh beli EV kna la bg benefit jgk nk tukar kereta.. guna elektrik dpt jgk hasil lain.. dr sana","1798302831633707338","","druglordfxdl","in","","0","0","1","https://x.com/undefined/status/1798302831633707338","1599306085",
"1798181594806862330","Wed Jun 05 05:53:32 +0000 2024","53","@Solisidtor Kadang aku kesian tgok geng2 PN kau ni sid. Bila kerajaan buat subsidi bersasar yang mana merugikan golongan T20 kau kemain backup ckp dorg dh kene potong mcm2 cukai then subsidi tk dpt sama bnyk mcm geng B40. Ni bila kerajaan buat subsidi utk roadtax kenderaan EV demi","1798231660565262822","","Solisidtor","in","","2","5","7","https://x.com/undefined/status/1798231660565262822","1001149440",
"1797901697198784596","Wed Jun 05 05:51:04 +0000 2024","2","@azraeimuhamad Mcm saya pernah katakan x semua mampu beli kereta EV. Yg import brand begini lglah. Boleh lg tu cukai dikurangkan..mmg subsidi minyak diesel ditarik tp org kaya dpt pula diskaun besar cukai beli kereta mewah. Apa kes ni?","1798231042828169509","","azraeimuhamad","in","","0","0","0","https://x.com/undefined/status/1798231042828169509","916524116",
"1798151966658601416","Wed Jun 05 05:40:05 +0000 2024","25","@Solisidtor Kenapa lah kau di lahirkn? Masa zaman abah cirit kau tk nk ckp ke cukai kenderaan EV free?? Subsidi ni std lah sbb menggalakkn org beli kenderaan EV. And subsidi ni jalan kejap je dlm 1-3 tahun je. Then tkde dh subsidi.","1798228276911260057","","Solisidtor","in","","0","3","1","https://x.com/undefined/status/1798228276911260057","1001149440",
"1798223400789553167","Wed Jun 05 05:20:42 +0000 2024","26","Kerajaan buat subsidi bersasar diesel hanya utk B40/M40. - Walaun bising kata T20 byr cukai patut dpt subsidi gak. Kerajaan bg diskaun cukai jalan utk EV kebanyakannya T20 yang guna - Walaun bising kata kerajaan hanya bantu mahakaya. Mana nak bantu B40 pun. Kesan Pajak Otak","1798223400789553167","","","in","","0","4","8","https://x.com/undefined/status/1798223400789553167","584081102",
"1798181594806862330","Wed Jun 05 04:49:52 +0000 2024","8","@Solisidtor Axia Rahmah RM22K? Roadtax EV murah sebab kerajaan guna cukai dia utk subsidi M40 &amp; B40 so win win lah kan mereka kurang guna kereta petrol &amp; Disel","1798215642245713966","","Solisidtor","in","","0","0","1","https://x.com/undefined/status/1798215642245713966","55125301",
"1798182663674904652","Wed Jun 05 04:31:49 +0000 2024","239","@_c_zar Dan Eric juga membayar cukai 3 kali ganda dari Makcik Kiah. Dengan menggunakan EV Eric juga tidak lagi bergantung kepada subsidi Minyak yg memang disediakan untuk golongan seperti Makcik Kiah.","1798211099382415609","","_c_zar","in","","1","2","40","https://x.com/undefined/status/1798211099382415609","1681837301280952320",
"1798180576694051057","Wed Jun 05 04:28:37 +0000 2024","1","@Solisidtor Parti paknon mmg nak menyenangkan geng Mahakaya je..tarik subsidi..pastu yg kaya tukar la kete EV..selesai pening pala org Mahakaya..org bawahan gak yang pening..nak beli kete EV..belum ada yg keluarkan harga marhaen..kalau kesenangan utk semua golongan okla.","1798210292645855344","","Solisidtor","in","","0","0","0","https://x.com/undefined/status/1798210292645855344","1286118449811341313",
"1797894674969153844","Wed Jun 05 04:12:21 +0000 2024","5","@fareezakmal @anwaribrahim Bodohnya ko ni. Yg penting hak kita kn dapat klu kita layak subsidi bersasar pastikn dpt subsidi bersasar. Tp bl org lain dpt kemudahan tu rezeki dia la. Jgn dengki. Yg penting bukan ambik drpd hak ko. Nnt Perodua kluar EV besok ko beli la blh la dpt road tax rendah. Bodoh.","1798206197788803227","","fareezakmal","in","","0","0","0","https://x.com/undefined/status/1798206197788803227","1888948562",
"1798013546401591379","Wed Jun 05 03:51:37 +0000 2024","2","@amer7211 @kloppopedia Tarik subsidi maha kaya di marah . Bila bagi murah fi tukar ke EV pon dia marah . Dia ingat Mahakarya ada sebijik je Keta macam dia agaknya . Org nak galak Mahakaya tukar ke Keta EV . So Keta petrol ada Keta EV ada . Sesuai lah dgn peralihan tenaga negara . Benak betul","1798200979634192410","","amer7211","in","","0","0","1","https://x.com/undefined/status/1798200979634192410","561135477",
"1798199068923236822","Wed Jun 05 03:44:01 +0000 2024","13","Aku sokong T20 pakai EV sebab lepas ni dah takde alasan nak complaint takde subsidi minyak. Biarlah B40-M40 ni yang tak mampu beli EV pakai kenderaan petrol je lah.","1798199068923236822","","","in","","0","1","5","https://x.com/undefined/status/1798199068923236822","270994792",
"1798191451878355319","Wed Jun 05 03:13:46 +0000 2024","1","Bukan tambah lane kereta bukan potong tax kenderaan bukan bagi subsidi EV. Negara yang mesra pejalan kaki dan pengangkutan awam automatik akan menjadi Negara yang sihat.","1798191454231331191","","sinach_z","in","","0","0","1","https://x.com/undefined/status/1798191454231331191","213982721",
"1798151966658601416","Wed Jun 05 03:13:40 +0000 2024","6","@Solisidtor Tk fhm aku lawyer buruk ni. Bila trk subsidi diesel utk mahakaya dia kt kejam. Bila bg subsidi utk krt EV yg mahakaya ja mmpu beli dia meroyan plk knp bagi subsidi pd mahakaya. Stkt membangkang tnp solusi baik tk pyh. Ptt la org gelar pembangkang skrg paling trk dlm sejarah. ","1798191430890123766","","Solisidtor","in","","0","2","0","https://x.com/undefined/status/1798191430890123766","109223185",
"1798182663674904652","Wed Jun 05 02:48:35 +0000 2024","114","@_c_zar untung jadi orang kaya kat malaysia. subsidi minyak tarik? takpa pakai EV dapat discount gilababi. padan la muka miskin pakai minyak kessah pulak zafrul","1798185117283975245","","_c_zar","in","","0","2","25","https://x.com/undefined/status/1798185117283975245","1339039845289611264",
"1797978853144735776","Wed Jun 05 02:02:12 +0000 2024","9","@CheteDofficial Walatok tetap bongok. T20 bakal tiada subsidi petrol &amp; diesel diorg beralih ke EV","1798173444250784212","","CheteDofficial","in","","0","0","1","https://x.com/undefined/status/1798173444250784212","1386701268",
"1798167318218039411","Wed Jun 05 01:42:55 +0000 2024","3","Kalau range gaji dah lebih RM100K setahun and niat nak tukar kereta boleh seriously consider EV Tu sbb tahun depan Perodua akan launch first Malaysian EV and diorang dpt govt grant for this Kerajaan jimat puluh billion subsidi minyak T20 ada option EV nk jimat duit minyak","1798168591306727802","","Firdausi_Fauzi","in","","0","0","0","https://x.com/undefined/status/1798168591306727802","2826474560",
"1798167318218039411","Wed Jun 05 01:37:51 +0000 2024","10","Masa Najib float harga minyak business yg meletup adalah bengkel yg retrofit NGV system sbb NGV jauh murah Kerajaan kurg income roadtax EV tp jimat jauh berpuluh bilion bila subsidi tarik dari T20 T20 ada jalan utk jimat belanja minyak dgn beli EV mcm mana NGV dlu jd alternatif https://t.co/IPoyvJY7Qc","1798167318218039411","https://pbs.twimg.com/media/GPRfpDubQAAf44Y.jpg","","in","","2","1","3","https://x.com/undefined/status/1798167318218039411","2826474560",
"1791663546176307668","Sat May 18 03:19:01 +0000 2024","3","@Saham_fess Konon toyota memang ga konsen ke full ev. Lebih ke hybrid. Kl pemerintah jadi bikin subsidi utk kendaraan hybrid dijamin penjualan meningkat. Full ev saat ini lebih utk kendaraan ke 2 bukan pertama/satu2nya","1791669796389728472","","Saham_fess","in","","0","1","0","https://x.com/undefined/status/1791669796389728472","83037325",
"1791025619918315581","Thu May 16 23:55:00 +0000 2024","2","@FreeMsian Bila dah pakai EV dan tak pam petrol maka tak ada subsidi petrol lagi utk these T20. Also satu incentive pada T20 buat switching manusia tak ada incentive tak buat. Tengok time kerajaan abolish SST utk cars sementara sebab nak jaga local manufacturers jualan kereta naik mendadak.","1791256063016411338","","FreeMsian","in","","0","0","1","https://x.com/undefined/status/1791256063016411338","1398486252102459393",
"1790727047884796361","Wed May 15 13:47:03 +0000 2024","0","@fahmieabdoel @komunitaswevi oh logikanya bukan subsidi silang demi tetap tercapainya pendapatan negara dari pajak? misal seharusnya pajak kendaraan penyumbang 30% pajak mobil 20% motor 10% krn mobil didiskon menjadj 15% sisa 5% nya dibebankan ke motor dgn embel2 dinaikkan pajaknya demi pindah ev?","1790740680383574310","","fahmieabdoel","in","","0","2","0","https://x.com/undefined/status/1790740680383574310","54485242",
"1790551637955924437","Wed May 15 01:15:51 +0000 2024","24","Dalam posisi geopolitik energi Tiongkok fokus ke new three : EV baterai (Li-ion) panel surya. Insentif jor-joran untuk produsen Subsidi gede untuk konsumen Dukungan jumbo untuk R&amp;D Jadi yaaa memang PR besar 'menumbangkan' dominasi mereka. AS juga kasih insentif jumbo","1790551637955924437","","","in","","0","1","3","https://x.com/undefined/status/1790551637955924437","69806285",
"1789526188886802646","Sun May 12 05:25:34 +0000 2024","5","Yg gk tepat sasaran itu subsidi EV buat orang kaya. 3 3T pemakaian personal. Yahh pak ini 1 6T doang untuk ribuan publik masih diributin sama Kemenhub? malu2in pemerintah doang Mending mah layanan cakep lah iniaja jadwal masih awur2an","1789527317620146405","","diviowin","in","","1","1","0","https://x.com/undefined/status/1789527317620146405","1295259252",
"1789526188886802646","Sun May 12 05:21:05 +0000 2024","25","Teruntuk @kemenhub151 Yg kalian sebut penumpang KRL mampu ini kelas menengah mepet juga. Gaji lebih dari 4 juta plg 6-7jt Jadi pesan saya negara gk usah medit2 amat sm kelas menengah. Masa subsidi 1 6T doang untuk ribuan user KRL masih diributin. Itu subsidi EV aja 3 3T ‍️ https://t.co/GNWLMODfmZ","1789526188886802646","https://pbs.twimg.com/media/GNWslUPaMAAG_AL.jpg","","in","","0","1","7","https://x.com/undefined/status/1789526188886802646","1295259252",
"1789024213183197361","Fri May 10 20:30:09 +0000 2024","13","@NOTASLIMBOY EV udh bnyk case batre error bang daripada ga jln mumpung dpt subsidi jg","1789030186144722960","","NOTASLIMBOY","in","","0","2","3","https://x.com/undefined/status/1789030186144722960","1649941132980416514",
"1787081376476622916","Sun May 05 11:26:17 +0000 2024","4","Takdak subsidi petrol mungkin buat rakyat reconsider beli kereta.. mungkin EV akan jadi pilhan ? Tapi EV still mahal dan still dlm proses pemerhatian lagi. Sapa ada kereta tngh loan lagi mmg sakit ah yang belum beli ni still ada chance nk observe keperluan nk beli.","1787081376476622916","","","in","","0","1","0","https://x.com/undefined/status/1787081376476622916","1031529499731476480",
"1787029465362571497","Sun May 05 08:00:00 +0000 2024","13","Memiliki mobil listrik seperti Wuling EV di Indonesia dapat menjadi investasi cerdas untuk masa depan yang lebih hijau dan hemat biaya karena adanya subsidi yang diberikan. #WulingMotors #DriveForABetterLife https://t.co/P6eglZbHNl","1787029465362571497","","","in","","0","0","3","https://x.com/undefined/status/1787029465362571497","757798365933383680",
"1785547457344213178","Wed May 01 05:51:02 +0000 2024","46","Gw kasi 3: 1. Masalah re-charging 2. Belum percaya sama sistem kelistrikan EV yg udah rilis 3. Gamau kasi makan subsidi buat geng rezim","1785547457344213178","","","in","","0","2","9","https://x.com/undefined/status/1785547457344213178","371261655",
"1783488208069886267","Thu Apr 25 14:40:48 +0000 2024","2","@xopch Iya lagi diminta untuk permanent ban alasannya ancaman keamanan nasional. Hahahaha Emang ga pernah ngasih peluang ke EV China sih tariff-nya udah tinggi. Paling lucu ya tuduhan subsidi Eropa ke China saat US cetak duit 3000 triliun buat subsidi 'green'.","1783506451597754423","","xopch","in","","0","1","1","https://x.com/undefined/status/1783506451597754423","185320244",
"1783323314070687765","Thu Apr 25 02:33:05 +0000 2024","0","Polytron EV sudah menjual mtor listrik sebanyak lebih dari 10.000 unit paling banyak setelah ada perubahan syarat penerima subsidi https://t.co/UD7zXTfQJX","1783323314070687765","","","in","","0","0","0","https://x.com/undefined/status/1783323314070687765","23343960",
"1783308474128150717","Thu Apr 25 01:34:07 +0000 2024","2","Polytron EV sudah menjual mtor listrik sebanyak lebih dari 10.000 unit paling banyak setelah ada perubahan syarat penerima subsidi https://t.co/ZzpJxbXgDc","1783308474128150717","","","in","","0","0","0","https://x.com/undefined/status/1783308474128150717","23343960",
"1782023090920435967","Sun Apr 21 12:26:27 +0000 2024","4","Bila fikir balik patutlah beria galakkan EV sebabnya subsidi petrol ditarik... #TakipSiEkonomis","1782023090920435967","","","in","","0","1","0","https://x.com/undefined/status/1782023090920435967","1080540035869331456",
"1781891494582116386","Sun Apr 21 04:41:02 +0000 2024","5","@govoes Klu elon mau bikin pabrik di indo padahal unitnya bakal laku banget. Harga pajak TKDM kecil ditambah subsidi mobil listrik ditambah lagi tren ketertarikan masyarakat EV makin meningkat. Btw ada penggantinya BYD ama Hyundai masuk indo siap2 bakal ada banyak unit di indo.","1781905963722965409","","govoes","in","","0","1","0","https://x.com/undefined/status/1781905963722965409","1528209145736085504",
"1781291445644857792","Fri Apr 19 11:59:10 +0000 2024","18","Hmm pajak kendaraan bermotor kan kewenangan Provinsi termasuk jenis pajak daerah. Bagaimana logikanya menaikan pajak bermotor se Indonesia lantas digunakan subsidi LRT? Provinsi transfer ke pusat? Pakai UU apa? Btw: itu wacana Kung agar orang beralih ke EV. Bukan u/","1781291445644857792","","","in","","0","2","4","https://x.com/undefined/status/1781291445644857792","24893875",
"1780504047675732236","Wed Apr 17 08:16:51 +0000 2024","4","@naim__x sebab tak efficient dan mahal la takde orang beli hydrogen cell. Bagila subsidi banyak mana pun market will adjust to cost and efficency. Kos buat green hydrogen is too expensive. EV charge kat rumah je dah cukup jimat saing2 minyak. harga reta pun ada bawah 200k.","1780510724428808367","","naim__x","in","","0","1","0","https://x.com/undefined/status/1780510724428808367","964200320413794304",
"1779119845256450301","Sat Apr 13 12:10:00 +0000 2024","15","Kerajaan China dilaporkan menyalurkan subsidi sebanyak $3.7 bilion kepada syarikat pengeluar kenderaan elektrik BYD bagi memperkukuhkan penguasaan pasaran syarikat berkenaan BYD menjadi pengeluar terbesar kenderaan EV dengan pengeluaran sebanyak 41 000 unit pada suku ke-4 2023 https://t.co/ZZ8Dh4Qxh4","1779119845256450301","https://pbs.twimg.com/media/GLCXbrdbIAAAffx.jpg","","in","","0","0","3","https://x.com/undefined/status/1779119845256450301","1213807317419880450",
"1778253027905819130","Thu Apr 11 02:45:34 +0000 2024","9","BYD Co menerima sekurang-kurangnya €3.4 bilion dalam bentuk subsidi daripada kerajaan China bagi menguasai industri EV dan teknologi bersih yg lain menurut Kiel Institute for the World Economy BYD memiliki 17.1% bahagian pasaran global pada tahun 2023 kedua di belakang Tesla https://t.co/nHsyR4q9MK","1778253027905819130","https://pbs.twimg.com/media/GK2fswdWsAAMP-I.jpg","","in","","0","0","1","https://x.com/undefined/status/1778253027905819130","1213807317419880450",
"1776840133398126639","Sun Apr 07 05:11:14 +0000 2024","16","Kerajaan cadang bawa masuk kereta EV mampu milik. Beli kereta EV untuk jimatkan kos last2 bil letrik pun melambung sebab subsidi kena tarik. Fuh gg","1776840133398126639","","","in","","0","0","5","https://x.com/undefined/status/1776840133398126639","386080007",
"1776509365459312695","Sat Apr 06 07:16:53 +0000 2024","18","Skuter EV laju macam pelesit . dah kalis air!!? Bukan macam RXZ banjir je terus kong. Lepastu sparepart jual macam harga Israel dah boleh buang dah RXZ tu. Dah la laju waterproof murah pulak tu Murah weh harga dia https://t.co/XRSwNnQ48h Sambil2 fikir tu cuci mata https://t.co/8O7uaxpEGl","1776509365459312695","https://pbs.twimg.com/media/GKdt2TvbAAA9NSB.jpg","","in","","0","0","18","https://x.com/undefined/status/1776509365459312695","1450478574843023363",
"1773638960889380995","Fri Mar 29 17:19:33 +0000 2024","6","@nazribiztalk Alternatif minyak petrol sangat limited. EV &amp; Public Transport. Kerajaan tak mampu tanggung subsidi rakyat pun penat tanggung eksais duti kenderaan. Bayar 2x ganda harga sebenar kereta. Kekal subsidi &amp; perkenal VAT (nama lain GST) Atau Tiada subsidi &amp; hapuskan eksais duti","1773761929166889056","","nazribiztalk","in","","0","0","3","https://x.com/undefined/status/1773761929166889056","1047821226",
"1772762702638928090","Wed Mar 27 16:48:21 +0000 2024","4","@aaaaariffff Biasalaa. Bila tiada subsidi petrol lagi. Geng2 depa t20 t10 semua pergi ev. Yg untung dan jimat tetap geng2 depa. Beli ev dpt subsidy. Charging pun masih murah rate. Semua bagi senang t10t20","1773029303527129403","","aaaaariffff","in","","0","0","0","https://x.com/undefined/status/1773029303527129403","251641019",
"1772612552800846040","Tue Mar 26 13:12:20 +0000 2024","3","China mulakan prosiding penyelesaian pertikaian terhadap AS di WTO berhubung kepentingannya dalam industri kenderaan elektrik (EV) China dakwa subsidi di bawah Akta Pengurangan Inflasi AS bersifat diskriminasi sehingga berlaku pengecualian barangan dari China dan negara WTO lain https://t.co/ozUuFBDwIz","1772612552800846040","https://pbs.twimg.com/media/GJmVuCHWMAAqUb-.jpg","","in","","0","0","0","https://x.com/undefined/status/1772612552800846040","1213807317419880450",
"1772521470729875868","Tue Mar 26 07:10:25 +0000 2024","2","Ada potongan cukai yang besar untuk kereta EV. Dalam masa yang sama ada subsidi tunai untuk motosikal elektrik sebanyak RM2400. Insentif ini kenapa ramai M40 tak ambil ya? Untuk orang yang biasa bawak motor la. Lagi berbaloi kot berbanding beli motor biasa loan kedai","1772521470729875868","","","in","","0","2","1","https://x.com/undefined/status/1772521470729875868","110937828",
"1771920279180386770","Sun Mar 24 15:24:15 +0000 2024","2","Kalau T20 nak sangat dapat subsidi sambil bawa lambo ramai politicians patut bising lawan PADU ni dari awal lagi. Ni berapa kerat je tentang. Lagi syok tolong T20 beli ev adalah.","1771920971789971598","","zarith4real","in","","0","1","0","https://x.com/undefined/status/1771920971789971598","1170921374",
"1771588672196067629","Sun Mar 24 10:03:08 +0000 2024","2","@pendapatmy @rafiziramli I dun mind nk kasi subsidi sunsidi ke apa..but bole tak nanti jual.kete EV dgn harga murah sikit?? Not smpai 100k? Dan juga tax kete lain reduce la sikit..kurgla beban kami dahla tk dpt bantuan apa at least hrga kete tu kurg kurg la membantu juge..boleh yer?...","1771840163653497245","","pendapatmy","in","","0","0","0","https://x.com/undefined/status/1771840163653497245","1637766008944603137",
"1770960464710947007","Fri Mar 22 00:56:21 +0000 2024","0","@moneymaseDd Bagus lah sebab ini tindakan jangka masa panjang. Kerajaan boleh spend pada benda yang lebih kritikal. Berjuta subsidi petrol kita habis kat traffic jam je. +1 alasan kenapa beli kena beli EV untuk alik KL Seremban.","1770977783713583524","","gfbenzeema","in","","0","0","1","https://x.com/undefined/status/1770977783713583524","42173607",
"1770022067867668512","Tue Mar 19 10:44:21 +0000 2024","3","@reyhan2ff Itu gara gara ada orang brengseknya mau jualan EV dan ngelobby subsidi pembelian EV di Indonesia.","1770038596780646848","","reyhan2ff","in","","0","0","0","https://x.com/undefined/status/1770038596780646848","1338309661",
"1768722076276518982","Fri Mar 15 19:32:58 +0000 2024","28","BBM Pertalite ini untuk Apa dan Siapa? BBM digunakan masyarakat umum utamanya dalam hal mobilisasi sisanya untuk industri produktif dan pembangkitan listrik. Tahun 2020 konsumsi BBM Indonesia sempat turun sedikit tapi melesat tinggi di tahun-tahun setelahnya hingga mencetak https://t.co/CHg6YGRmZF","1768722076276518982","https://pbs.twimg.com/media/GIu-zjtaEAAu7MT.png","","in","","0","1","8","https://x.com/undefined/status/1768722076276518982","1976991588",
"1764977747590627468","Tue Mar 05 18:39:45 +0000 2024","2","@gtafrihi Beliau ini kan kontra subsidi EV yg mestinya dialihkan ke tranportasi umum jadi mungkin agak keki dengan reviewers yg disebutnya tak paham/ngerti mobil","1765084802708074683","","gtafrihi","in","","0","1","1","https://x.com/undefined/status/1765084802708074683","63976714",
"1764279264739004599","Sun Mar 03 13:18:50 +0000 2024","44","Beli axia kena tax beli ev boleh dapat subsidi.","1764279264739004599","","","in","","3","0","53","https://x.com/undefined/status/1764279264739004599","468432710",
"1763402797486313817","Fri Mar 01 03:16:04 +0000 2024","2","Kerajaan kata nak bantu orang miskin tapi orang miskin tersepit sepit dah ni tahu la ada kabel besar tapi jangan la zalim sangat. Nak bantu orang miskin apa kalau subsidi benda penting semua tarik tapi bagi subsidi kereta EV? Orang kaya je pakai EV bang.","1763402797486313817","","","in","","0","0","1","https://x.com/undefined/status/1763402797486313817","1645276856709677056",
"1763177906342400099","Thu Feb 29 16:52:05 +0000 2024","2","@naimbrundage Kerajaan bagi subsidi kepada T20 agar puak ni ramai2 beralih kepada EV sebab depa berduit utk guna EV. Maka subsidi bersasar ie minyak petrol akan dapat kepada marhaen + kurang beban kewangan negara. Selain drp mengurangkan penggunaan karbon/ dasar go green.","1763245767534546948","","naimbrundage","in","","0","1","0","https://x.com/undefined/status/1763245767534546948","329405619",
"1763177906342400099","Thu Feb 29 15:47:07 +0000 2024","1","@naimbrundage Walaun gila. Bila bagi subsidi dekat kereta EV kereta EV jadi laku. Kereta EV akan buka kilang. Jadi orang yang kerja Foodpanda atau Grab boleh bekerja dengan syarikat kereta EV. Silap silap diorang sendiri nanti boleh pakai EV.","1763229418473111569","","naimbrundage","in","","0","0","0","https://x.com/undefined/status/1763229418473111569","710327485",
"1763177906342400099","Thu Feb 29 12:22:25 +0000 2024","159","Tak mampu beli EV? Tak dapatlah subsidi https://t.co/dj3pJWGtKs","1763177906342400099","https://pbs.twimg.com/ext_tw_video_thumb/1763177840873443328/pu/img/BsPDtj6X0cDyPXQv.jpg","","in","","11","50","57","https://x.com/undefined/status/1763177906342400099","328994879",
"1763137349230448962","Thu Feb 29 09:41:16 +0000 2024","352","Bil elektrik aku gerenti akan naik mencanak. Sama dgn bil minyak aku nanti. Ginilah dah berzaman kita tahu subsidi ni akan berhenti. Dunia lain dah lama ke arah tu. Samada aku kena cari jalan tambah income atau jimatkan perbelanjaan. Ramai jugak bertanya pakai EV jimat tak?","1763137349230448962","","","in","","6","13","139","https://x.com/undefined/status/1763137349230448962","456568207",
"1763120125472031125","Thu Feb 29 08:32:49 +0000 2024","1","Bayangkan beriya buat sistem padu untuk potong subsidi marhaen. Hasil potongan dan penjimatan tersebut disumbangkan pulak untuk t20. yang terus tersepit macam biasa ialah golongan pertengahan. Subsidi minyak tak dapat subsidi EV pun tak dapat.","1763120125472031125","","","in","","0","0","0","https://x.com/undefined/status/1763120125472031125","1483163318642933760",
"1762818885420789820","Thu Feb 29 04:40:10 +0000 2024","8","@RMalanjum_ Apabila subsidi minyak ditarik...yg byk kena adalah golongan in. Jd kerajaan beri ruang utk mereka kurangkan penggunaan minyak dan kembangkan industry EV. Cuba tgk polisi secara menyeluruh...ni ashik cari isu2 remeh. PT di dpt berbillion dgn pembinaan LRT/ MRT improve bus.","1763061575085338767","","","in","","0","1","0","https://x.com/undefined/status/1763061575085338767","800943073622507520",
"1762818885420789820","Thu Feb 29 04:38:27 +0000 2024","1","@RMalanjum_ ada motor EV...subsidi...untuk marhaen...","1763061142157684933","","","in","","0","0","0","https://x.com/undefined/status/1763061142157684933","1613115273820921858",
"1763055681438126535","Thu Feb 29 04:16:45 +0000 2024","3","Dari bagi subsidi utk EV baik subsidi utk EEV sub RM100k. Yang mampu beli kereta above RM100k nak bagi subsidi pe kejadah?","1763055681438126535","","","in","","0","2","3","https://x.com/undefined/status/1763055681438126535","1016139543987118083",
"1762772137322914203","Thu Feb 29 04:15:34 +0000 2024","2","@paultan Bana kau yang mampu kenederaan EV ni yang kaya saja nak subsidi apa lagi.","1763055385458741664","","paultan","in","","0","0","4","https://x.com/undefined/status/1763055385458741664","2541486961",
"1762772137322914203","Thu Feb 29 01:46:01 +0000 2024","3","@paultan Dhla ev ni xde cukai....nk bg subsidi lg???? Pastu yg beli semua org2 kaya ja...hoiii sudah2la","1763017751759827368","","paultan","in","","0","1","2","https://x.com/undefined/status/1763017751759827368","1341053629982097409",
"1762279411322356018","Tue Feb 27 00:52:07 +0000 2024","3","Mau ngalahin EV di Indonesia? Nunggu 2-3 thn lagi. Nunggu para pemilik EV shock pas mrk hrs ganti baterai yg sdh usang atau pemakaian krg benar. Skrg EV msh terlena dgn harga murah subsidi &amp; trending. Nanti kaget pas ganti baterai dgn quote yg hampir sama dgn harga mobil baru.","1762279411322356018","","","in","","0","1","4","https://x.com/undefined/status/1762279411322356018","16945033",
"1761313472090948037","Sat Feb 24 08:53:50 +0000 2024","3","stop subsidi mobil-mobil LCGC tambah subsidi EV","1761313472090948037","","","in","","0","1","1","https://x.com/undefined/status/1761313472090948037","94043919",
"1760857291400909196","Fri Feb 23 02:48:18 +0000 2024","1","@innovacommunity tp saya punya pertanyaan om oke baru2 ini regulasi EV dipermudah dpt subsidi pembelian mobil EV baru SPKLU sedang dikembangkan. ditambah lg skrg pajak tahunan moblis bisa setara motor Tp apakah let's say 5 tahun kedepan subsidi akan terus ada ? *cont*","1760859095404544163","","innovacommunity","in","","0","1","0","https://x.com/undefined/status/1760859095404544163","1019541603050926081",
"1758298686852104655","Fri Feb 16 18:35:03 +0000 2024","3","@ameethica @Alvans407 Subsidi EV ini ada plus minusnya plus karena memang membantu mengurangi konsumsi BBM minus karena pembangkit masih pakai batu bara harusnya pakai nuklir","1758560639709278492","","JSTrikukuh","in","","0","0","0","https://x.com/undefined/status/1758560639709278492","80493203",
"1758298686852104655","Fri Feb 16 18:30:01 +0000 2024","3","@JSTrikukuh @Alvans407 iya sih tapi dananya dari mana? kudu bangun ikn+pemerataan transum sampe ke pelosok bersamaan. kayaknya emang pemerintah kita kurang concern ke transum alih2 pemerataan transum mereka prefer buat kereta cepat dan subsidi ev. :(","1758559374300332434","","JSTrikukuh","in","","0","1","0","https://x.com/undefined/status/1758559374300332434","1109153570660605952",
"1758550159351255442","Fri Feb 16 17:53:24 +0000 2024","2","Anyways makan siang cuma siang doang dan gw ngerti ni org dua mangkas subsidi bbm biar org pada beralih ke kendaraan ev terus mobil ev pembuatan nya pake nikel dan yang punya perusahaan nikel lu tau lah siapa wow","1758550159351255442","","","in","","0","1","0","https://x.com/undefined/status/1758550159351255442","1625475547295023104",
"1758453372297118206","Fri Feb 16 11:28:49 +0000 2024","5","Subsidi bio fuel harusnya dihentikan. Itu aja dulu sekalian jadi bagian program transisi energi. Kalau bbm dibuat mahal lalu diguyur subsidi buat EV dan bio fuel yg ada memang makan gratis ini menunya cuma kerikil micin.","1758453372297118206","","","in","","0","1","2","https://x.com/undefined/status/1758453372297118206","753553855",
"1758448744864063903","Fri Feb 16 11:10:25 +0000 2024","2","OHH i just connected the dots subsidi bbm dinaikin buat jualan EV kan pasti... makanya trus hilirisasi nikel ","1758448744864063903","","","in","","0","1","0","https://x.com/undefined/status/1758448744864063903","2995396842",
"1758433299322839346","Fri Feb 16 10:09:03 +0000 2024","828","Maaf sebelum soal maksi gratis dan kejauhan ke memaksa orang ganti ke EV subsidi energi Indonesia memang udah lama diwaspadai dan perlu direformasi. Beban ke APBN berat banget - ini untuk listrik LPG dan BBM. Kelemahan subsidi barang itu gampang disalahgunakan pertalite https://t.co/6vs3O1obkM","1758433299322839346","https://pbs.twimg.com/media/GGc1v83aUAA3Qpe.jpg","","in","","69","83","277","https://x.com/undefined/status/1758433299322839346","69806285",
"1758417890687308102","Fri Feb 16 09:32:49 +0000 2024","25","@antikatanya @UGM_FESS eh tulil masih berkelit aja lu yee lu tau ga klo subsidi bbm dicabut itu artinya bakal naek dan itu efeknya kemana mana? ekonomi lemah sembako mahal lu kira distribusi sembako pake wuling air ev? solar lah ege dan solar itu bbm jgn2 lu ga paham apa maksud gue nulis pnjg gini","1758424179609846261","","antikatanya","in","","0","1","1","https://x.com/undefined/status/1758424179609846261","2898061285",
"1758423634367144091","Fri Feb 16 09:30:39 +0000 2024","58","betapa beratnya dulu mendorong pencabutan subsidi BBM karena sifatnya yg regresif dan mendorong pemborosan/pencemaran lingkungan .. skrg enteng krn 2 alasan: untuk kepentingan industri EV dan makan siang gratis. logikanya sudah benar pertanyaannya pengalihan kemana yg optimal?","1758423634367144091","","","in","","3","5","19","https://x.com/undefined/status/1758423634367144091","124798254",
"1758398925185351802","Fri Feb 16 07:52:27 +0000 2024","2","Potong subsidi BBM buat biaya makanan gratis kamp konsentrasi Auschwitz --&gt; BBM naik anjing banget --&gt; Masyarakat beralih ke EV tapi yang diimpor perusahaan punya YTTA --&gt; Aku bercumbu dengan dakimakura Prabowo dan 9 naga dengan latar lagu oke gas yang diputar lewat spotify","1758398925185351802","","","in","","0","0","0","https://x.com/undefined/status/1758398925185351802","1032895160428843008",
"1758395927537303899","Fri Feb 16 07:40:33 +0000 2024","16362","Ini emang udah sistematis plan 02. Alesan pangkas subsidi BBM biar masyarakat dapet makan gratis. Padahal BBM naik = semua naik. Masyarakat kelas bawah dibuat tergantung pemerintah biar lebih gampang dikontrol. Karena semua harga naik dan gak mampu beli otomatis makan gratis","1758395927537303899","","","in","","1172","356","6473","https://x.com/undefined/status/1758395927537303899","59987088",
"1757805233093083214","Wed Feb 14 16:33:20 +0000 2024","0","Prancis memangkas 20% subsidi mobil hibrida dan mobil listrik (EV) untuk pembeli berpenghasilan tinggi. https://t.co/oG0bwPAtmx","1757805233093083214","","","in","","0","0","0","https://x.com/undefined/status/1757805233093083214","135795460",
"1757185739648008442","Mon Feb 12 23:31:48 +0000 2024","1","makin ke sini pusat makin liar.. berlindung di balik UU untuk melancarkan bisnisnya yg berbisnis dgn rakyat. ga ada UU-nya bikin baru.. legalis ekstrim. . apa itu subsidi EV.. gila2 food estate.. ditipu tesla.. kan gila . ga takut dosa apa itu pada gerombolan? naudzubillah","1757185765312983385","","Pak_Dimas","in","","0","1","1","https://x.com/undefined/status/1757185765312983385","65870480",
"1755912568856785024","Fri Feb 09 11:12:34 +0000 2024","10","Jalanraya pendidikan kesihatan subsidi bermacam-macam tu T20 pon enjoy. In fact yg paling banyak enjoy subsidi minyak yg bermillion-million tu korang lah. Not to mention free tax EV. Dan bermacam tax exclusive lain lagi. Butoh betul","1755912568856785024","","","in","","0","1","6","https://x.com/undefined/status/1755912568856785024","213982721",
"1755810684280156589","Fri Feb 09 04:27:46 +0000 2024","10","- ⁠Free Charging Device* (Air ev Long Range &amp; Semua BinguoEV) - ⁠New Almaz RS Trade In untuk dapatkan tambahan subsidi sebesar Rp5juta* - ⁠Dapatkan GRATIS biaya service berkala s.d 4 Tahun/50.000 Km* di setiap pembelian Alvez Almaz &amp; New Almaz RS #WulingMotors","1755810697521565937","","WulingMotorsID","in","","0","1","0","https://x.com/undefined/status/1755810697521565937","757798365933383680",
"1754715162446344686","Tue Feb 06 11:49:30 +0000 2024","54","@redsskyyyyy @coolnodoubt94 @itnaivra @rifalelf Kan dsini BBM mba....dan biasanya u/ BBM subsidi yg kelas menengah ke bawah. Klo kendaraan EV mungkin itu u/ kota2 besar tlebih dahulu. Coba dibaca &amp; dipahami dlu aja...","1754834702517838261","","redsskyyyyy","in","","0","3","1","https://x.com/undefined/status/1754834702517838261","1207481250581078016",
"1754715162446344686","Tue Feb 06 10:51:23 +0000 2024","28","@itnaivra @rifalelf dgn menambah volume impor BBM agar tercukupi dan bisa di subsidi bbm. dibarengi mau bangun transportasi umum di 40 kota biar pke kendaraan umum EV. bagus tp realisasinya entar gmn? itu biaya jg gede. pemerintahan skrg aje impor bbm udh gila gilaan klo nmbh volume impor lg gmn tu?","1754820073829888202","","itnaivra","in","","3","1","1","https://x.com/undefined/status/1754820073829888202","1724826569490006016",
"1754294888303341952","Mon Feb 05 00:04:29 +0000 2024","4","di RRT EV disubsidi besar2an akibatnya terjadi pemborosan korupsi kelebihan kapasitas perang harga dan profitabilitas rendah. tapi setelahnya keluar lebijakan survival of the fittest yg kejam perang harga didorong terus dan subsidi dicabut hingga hanya the best yg survive","1754294888303341952","","","in","","1","0","1","https://x.com/undefined/status/1754294888303341952","124798254",
"1753987208518975653","Sun Feb 04 03:41:52 +0000 2024","7","Subsidi nya mending buat yg lebih membutuhkan aja.. Drpd dipakai buat EV.","1753987208518975653","","","in","","0","0","1","https://x.com/undefined/status/1753987208518975653","1466179188096913412",
"1750749131369554264","Fri Jan 26 06:29:05 +0000 2024","3","@QimLee1 @501Awani Let EV compete in the free market without any backup or support dari kerajaan. Subsidi tu bole guna untuk tempat lain.","1750767797473587407","","QimLee1","in","","0","1","0","https://x.com/undefined/status/1750767797473587407","844713752868147201",
"1750749131369554264","Fri Jan 26 05:41:43 +0000 2024","81","@501Awani Elaun dengan pencen ahli politik patut disingkirkan serta merta berserta dengan subsidi EV(Electric Vehicle). Letakkan subsidi pada tempat yang sepatutnya.","1750755878175936814","","501Awani","in","","0","1","13","https://x.com/undefined/status/1750755878175936814","844713752868147201",
"1749968550595563549","Wed Jan 24 01:33:09 +0000 2024","56","Pengurangan bahkan penghapusan subsidi BBM konsumtif itu bagus. Apalagi kalo duitnya dipindah buat program yg tepat guna. Cuman kita semua tau tujuannya kali ini bukan realokasi melainkan dagang EV :)","1749968550595563549","","","in","","0","0","39","https://x.com/undefined/status/1749968550595563549","371261655",
"1747944575660880049","Fri Jan 19 01:49:08 +0000 2024","2","@kumparan lebih baik tingkatkan mutu transportasi umum&amp; perbanyak armadanya. sekalian sama alokasi anggaran subsidi tarif. beralih ke EV cuma solusi jangka pendek.","1748160629796733246","","kumparan","in","","0","0","0","https://x.com/undefined/status/1748160629796733246","94209863",
"1747935558289203230","Thu Jan 18 10:54:46 +0000 2024","3","gw no komen sama yg lain tp karna gw pernah ngerjain kajian kecil2an di bidang NZE transport gw rasa ni org gapaham ttg subsidi mobil listrik. di otaknya itu merugikan negara padahal tujuannya supaya org indo berpindah ke EV target indo NZE di 2060. https://t.co/4xHKT8mS3i","1747935558289203230","https://pbs.twimg.com/media/GEHptVJasAAP0a2.jpg","","in","","0","1","0","https://x.com/undefined/status/1747935558289203230","606465189",
"1746789595822571948","Mon Jan 15 07:01:08 +0000 2024","0","Daftar Harga Lengkap Wuling BInguo EV Setelah Dapat Subsidi Pemerintah Termurah Rp300 Jutaan? https://t.co/84T5le4imv","1746789595822571948","","","in","","0","0","0","https://x.com/undefined/status/1746789595822571948","58880688",
"1746748556269261078","Mon Jan 15 04:18:03 +0000 2024","0","Wuling Binguo EV dapat Subsidi Pangkas Harga hingga Rp30 Jutaan https://t.co/TKBihUmkrw","1746748556269261078","","","in","","0","0","0","https://x.com/undefined/status/1746748556269261078","58880688",
"1746360584491479495","Sun Jan 14 02:36:23 +0000 2024","0","Volvo harap cukai barang nilai tinggi tidak jejas penggunaan EV #BHBisnes Pengenalan subsidi bahan api bersasar juga dijangka menyebabkan pengguna beralih kepada kenderaan elektrik (EV) https://t.co/Ua2dykPp9I","1746360584491479495","","","in","","0","0","1","https://x.com/undefined/status/1746360584491479495","63070483",
"1746318399607902362","Sun Jan 14 00:47:45 +0000 2024","26","@jesswjk Thanks infonya. Soalnya Menperin sendiri yg bilang hilirisasi nikel itu untuk menopang target kendaraan listrik dalam negeri yang jutaan unit. https://t.co/oePEF7F63u Makanya Kemenperin juga yang ngasih subsidi kendaraan listrik triliunan agar masyarakat beralih dari ICE ke EV.","1746333245548253691","","jesswjk","in","","0","1","2","https://x.com/undefined/status/1746333245548253691","92804304",
"1745714238554046791","Fri Jan 12 11:20:27 +0000 2024","1","@HezeriSamsuri Kalau dah tak dapat subsidi nanti atau untuk yang selama ni dah biasa terpaksa guna RON97 atau RON100 memang EV la yang terpaling jimat nampaknya. Huhuhu","1745767694803386389","","HezeriSamsuri","in","","0","0","1","https://x.com/undefined/status/1745767694803386389","17107079",
"1745406527035576794","Thu Jan 11 11:25:18 +0000 2024","3","Subsidi minyak untuk orang kaya akan dihapuskan lepas ni. Kau rasa orang kaya akan isi minyak harga RM3.50 seliter atau beralih beli kereta ev? Mungkin sebab tu lah banyak brand &amp; model kereta ev start masuk Malaysia tahun ni.","1745406527035576794","","","in","","0","0","1","https://x.com/undefined/status/1745406527035576794","74401052",
"1745026862437515520","Thu Jan 11 05:22:43 +0000 2024","1","@innovacommunity Dapet subsidi besar2an dari CCP. Tapi coba lihat video liputan EV China di YT China Insihgth serpentza China Observer menghawatirkan.","1745315276982563272","","innovacommunity","in","","0","1","0","https://x.com/undefined/status/1745315276982563272","968338763834429440",
"1743754746618634658","Sun Jan 07 01:09:22 +0000 2024","257","@mansorgoonerz @nazribiztalk Sebab nak galakkan t20 migrate to EV pastu charge higher tariff for letrik baru boleh jimat subsidi minyak","1743801970820096357","","mansorgoonerz","in","","8","6","58","https://x.com/undefined/status/1743801970820096357","269337159",
"1743562080148717711","Sat Jan 06 11:15:25 +0000 2024","2","@nazribiztalk Ya. Aku mungkin antara orang yang risau jugak kalau lepas ni dah tak dapat subsidi atau ditarik sebahagian. Tapi aku tak pernah lari dari cukai. Cuma lepas ni kalau aku kena beli petrol seliter RM5 mungkin aku akan consider EV. Kapcai pun silap haribulan rabak poket. Ha3","1743592097519960555","","nazribiztalk","in","","0","1","0","https://x.com/undefined/status/1743592097519960555","953982584",
"1741424529875128394","Sun Dec 31 15:56:15 +0000 2023","9","@fuadbinothman @ShahHafiz3103 @HezeriSamsuri Kerajaan bagi subsidi bro untuk EV no wonder la lol apologist at its finest ","1741488444088737828","","satanjahaynum","in","","0","0","0","https://x.com/undefined/status/1741488444088737828","844713752868147201",
"1740604584404656491","Fri Dec 29 05:24:06 +0000 2023","0","Tahun ini pemerintah mengeluarkan beragam kebijakan untuk mendorong EV mulai dari hadirnya insentif subsidi sampai pembebasan tarif impor https://t.co/jcq055uhej","1740604584404656491","","","in","","0","0","0","https://x.com/undefined/status/1740604584404656491","23343960",
"1739675267717791915","Tue Dec 26 17:23:36 +0000 2023","1","@AdamVelcro Di satu sisi EV bakalan digenjot pakai subsidi.. penjahat besar penggagasnya","1739698489670705218","","AdamVelcro","in","","0","1","0","https://x.com/undefined/status/1739698489670705218","2908675710",
"1738224970021695577","Fri Dec 22 15:48:22 +0000 2023","14","Bulan 5 announce tarik subsidi untuk T20 bulan ni naik plak 6%. Ini yang kita nak. Orang kaya jaa bayar elektrik lebih 220 sebulan sebab caj kereta ev bebas cukai dekat rumah. Lanjut 3 penggal! https://t.co/f7wzG63FT4","1738224970021695577","https://pbs.twimg.com/media/GB9qZO4b0AAmAzH.jpg","","in","","0","0","13","https://x.com/undefined/status/1738224970021695577","468432710",
"1738195982402404631","Fri Dec 22 13:53:10 +0000 2023","17","Bila kerajaan berjimat taraf kebajikan rakyat akan merosot. Kerajaan yg cekap mampu agihkan semula pendapatan pada rakyat termiskin tetapi polisi ini perlu jelas dan effective bukan retorik. Isu: 1)subsidi/pelepasan cukai EV 2)Golongan kaya sahaja bil melebihi RM220?","1738195982402404631","","","in","","1","4","6","https://x.com/undefined/status/1738195982402404631","1238791624211062785",
"1735674088180347263","Fri Dec 15 14:52:04 +0000 2023","2","Gatau ya padahal kalo dana subsidi ev dialihkan ke transportasi umum JAUH LEBIH berguna 1. Mengurangi polusi asap kendaraan bermotor INDEED 2. Mengurangi polusi limbah pembakaran batubara sbg pembangkit listrik","1735674088180347263","","","in","","0","0","0","https://x.com/undefined/status/1735674088180347263","1219867280676286464",
"1731647747072373111","Tue Dec 05 04:22:15 +0000 2023","7","@sarinizainal In china diorang prioritise siapa yang nak beli EV car. Dan ada subsidi. In terms of stock pun lagi banyak stock ev car dah petrol car. Waiting list pun sama lagi cepat dapat ev car. Ev charger pun dah banyak kat sana. Malaysia tersangat slow dan kebelakang dalam hal ni","1731891710706475025","","sarinizainal","in","","0","0","0","https://x.com/undefined/status/1731891710706475025","1167108488587202560",
"1730451048165445873","Fri Dec 01 04:57:34 +0000 2023","0","Subsidi Motor Listrik Minim Diserap Apa Kabar Saham EV? https://t.co/h4A9JUINDm","1730451048165445873","","","in","","0","0","0","https://x.com/undefined/status/1730451048165445873","118646322",
"1729753204655841400","Wed Nov 29 06:44:35 +0000 2023","0","Berbagai macam jenis dan harga motor listrik yang mendapat subsidi dipamerkan di Inabuyer EV Expo 2023. https://t.co/AEuTBDY6NT","1729753204655841400","","","in","","0","0","0","https://x.com/undefined/status/1729753204655841400","759692754985242625",
"1729694067934548382","Wed Nov 29 02:49:36 +0000 2023","6","Dengan jangkaan kenaikan harga petrol ekoran pemansuhan subsidi pukal apakah perancangan kalian menuju tahun depan? Tukar kereta EV? Beli motor? Naik pengangkutan awam?","1729694067934548382","","","in","","6","4","2","https://x.com/undefined/status/1729694067934548382","1026808095974907904",
"1725904123667824641","Sat Nov 18 18:28:33 +0000 2023","10","@HezeriSamsuri Agak jimat kalau nak banding petrol 95 memang xcomparable sebab subsidi. Tapi tulah jalan tak boleh pilih ikut suka kena plan mana wajib berhenti. Masalah ni mungkin berkurang bila ada penambahan ev charger","1725944096974622886","","HezeriSamsuri","in","","0","0","0","https://x.com/undefined/status/1725944096974622886","3372551173",
"1725752934988943497","Sat Nov 18 05:48:57 +0000 2023","2","Waduh. Jadi buat apa subsidi EV klo penjualan ga ngangkat? https://t.co/4Ck9qooOqO","1725752934988943497","","","in","","0","0","0","https://x.com/undefined/status/1725752934988943497","453931027",
"1725558339873186079","Fri Nov 17 16:55:47 +0000 2023","1","Selain mengurangi emisi penggunaan EV juga dapat mengurangi impor minyak dan subsidi yang dikeluarkan dapat dialokasikan untuk mendukung kendaraan listrik. Daur ulang dan ekonomi sirkuler komponen EV akan mendorong keberlanjutan serta diversifikasi ekonomi. https://t.co/2F6Ql9ydxd","1725558361847116064","https://pbs.twimg.com/media/F_JqLotaoAIwAzY.jpg","KemenkoInfra","in","","0","0","0","https://x.com/undefined/status/1725558361847116064","2989211223",
"1724590893729194404","Wed Nov 15 00:51:25 +0000 2023","18","Bertemu Presiden Biden Presiden Jokowi Paparkan Sejumlah _Comprehensive Strategic Partnership_ Antarkedua Negara Presiden Joko Widodo melakukan pertemuan bilateral dengan Presiden Amerika Serikat Joe Biden yang digelar di Gedung Putih Washington DC Amerika Serikat pada https://t.co/BXUzpe60Bd","1724590893729194404","https://pbs.twimg.com/media/F-76RFNaMAAzj2b.jpg","","in","","0","3","6","https://x.com/undefined/status/1724590893729194404","235931838",
"1721156766409609648","Sun Nov 05 13:25:25 +0000 2023","77","Well basically bil elektrik aku sekarang naik RM8-RM12 sehari kalau aku charge penuh EV yang aku test. Bergantung pada besar bateri tu dan banyak mana aku caj. Zaman aku pakai Zoe EV aku selama 4 tahun dulu bil elektrik aku sebulan dalam RM70 ke RM130 lebih dari biasa. https://t.co/UzUgBWsp8l","1721156766409609648","https://pbs.twimg.com/media/F-LG9BlbcAA4mk0.jpg","","in","","3","3","12","https://x.com/undefined/status/1721156766409609648","456568207",
"1720776201479086181","Sat Nov 04 16:16:04 +0000 2023","8","@pian_cyberpunK @Iqtodabal I d preferred EV buses dimulakan dahulu. Ramai assume public transport ni rail transport. Rail transport ni ada fiasco dia seperti maintenance. Bas merupakan public transport paling penting. Bas EV step pertama untuk menjimatkan subsidi diesel.","1720837322772758975","","pian_cyberpunK","in","","1","1","1","https://x.com/undefined/status/1720837322772758975","524136687",
"1720251447248621929","Fri Nov 03 02:16:55 +0000 2023","2","@SumandoGaek Subsidi kendaraan EV itu ibarat melihat tulisan diskon 50% tp harganya telah di mark-up sebelum dijual uang negara akan masuk ke kantong pengusaha berkedok subsidi.","1720263758709506464","","FaiNomady","in","","0","1","0","https://x.com/undefined/status/1720263758709506464","80366659",
"1720251447248621929","Fri Nov 03 01:28:00 +0000 2023","5","Indonesia juga kasih subsidi tapi utk EV dan duit nya pun dari hutang LN. BBM sering naik diam2. Hebatnya NKRI dead rice.","1720251447248621929","","","in","","0","2","0","https://x.com/undefined/status/1720251447248621929","1254035776322453506",
"1719381987348418890","Tue Oct 31 15:53:05 +0000 2023","2","Belom kepikiran nih. Karena banyak subsidi dan insentif untuk EV perjalanan pake mobil jadi lebih murah daripada transportasi massal di Norway.","1719381987348418890","","","in","","0","1","0","https://x.com/undefined/status/1719381987348418890","50849040",
"1717387935711162718","Thu Oct 26 03:58:31 +0000 2023","3","Teks Ucapan Penuh - Belanjawan 2024 Pembangungan Kenderaan Elektrik (EV) 1. Dalam belanjawan ini kerajaan telah mengumumkan 3 inisiatif baru iaitu Galakan Penggunaan Motosikal Elektrik; perolehan 150 bas elektrik serta insentif cukai ke atas perbelanjaan pengecasan EV dan kos","1717390222550573244","","yeobeeyin","in","","0","0","0","https://x.com/undefined/status/1717390222550573244","135951084",
"1717119762650759297","Thu Oct 26 03:52:09 +0000 2023","6","Teks Ucapan Penuh. 1. Puchong ingin memberi pandangan tentang pengumuman PMX berkenaan dengan Prasarana akan memperoleh 150 bas elektrik dan membina 3 depoh dengan kos RM600 juta. 2. Langkah untuk mengelektrifikasi pengangkutan awam adalah baik kerana ia bukan sahaja boleh","1717388622390034693","","yeobeeyin","in","","1","0","0","https://x.com/undefined/status/1717388622390034693","135951084",
"1715236940759634134","Fri Oct 20 05:22:08 +0000 2023","3","subsidi bersasar petrol tapi kalu beli EV dapat tax exemption ni gomen untuk orang kaya2 aje ke?","1715236940759634134","","","in","","0","0","2","https://x.com/undefined/status/1715236940759634134","14505531",
"1715183294638370896","Fri Oct 20 01:48:58 +0000 2023","0","#ICYMI #BuletinBernama : Pelaksanaan subsidi bersasar dapat menarik minat pemilikan kenderaan elektrik (EV) di seluruh negara. https://t.co/O3KGanRCzr","1715183294638370896","","","in","","0","0","0","https://x.com/undefined/status/1715183294638370896","196460981",
"1714951712212144434","Thu Oct 19 10:28:45 +0000 2023","8","Subsidi bersasar tarik pengguna beli kereta elektrik #BHbisnes #BHAuto Bila ada subsidi bersasar berdasarkan pendapatan isi rumah pengguna terpaksa membayar kos sebenar bahan api dan kemungkinan ramai akan beralih kepada EV. https://t.co/zXHXkqzeFH","1714951712212144434","","","in","","0","0","0","https://x.com/undefined/status/1714951712212144434","63070483",
"1714892790919053560","Thu Oct 19 06:34:37 +0000 2023","0","MGNews: Subsidi Bersasar Untuk Pengguna EV #malaysiagazette https://t.co/BkOS7koXfS","1714892790919053560","","","in","","0","0","0","https://x.com/undefined/status/1714892790919053560","1600369057",
"1714892687495561707","Thu Oct 19 06:34:12 +0000 2023","1","Subsidi Bersasar Untuk Pengguna EV Menteri Sumber Asli Alam Sekitar dan Perubahan Iklim Nik Nazmi Nik Ahmad berkata langkah itu akan membantu kenderaan elektrik (EV) berkembang dengan cepat. #DewanRakyat #ParlimenMalaysia #EV Video : Airulrezal https://t.co/HJv6nJCiz2","1714892687495561707","https://pbs.twimg.com/ext_tw_video_thumb/1714892572240527360/pu/img/YDzxeS-L9oXQxGS1.jpg","","in","","0","0","1","https://x.com/undefined/status/1714892687495561707","1600369057",
"1714889076976017853","Thu Oct 19 06:19:51 +0000 2023","2","Subsidi bersasar bantu tarik minat pemilikan EV - Nik Nazmi Pelaksanaan subsidi bersasar dapat menarik minat pemilikan kenderaan elektrik (EV) di seluruh negara. - Nik Nazmi https://t.co/DiSqKfQUgQ","1714889076976017853","","","in","","0","0","0","https://x.com/undefined/status/1714889076976017853","331383958",
"1714888085375504645","Thu Oct 19 06:15:55 +0000 2023","1","Subsidi bersasar bantu tarik minat pemilikan EV - @niknazmi #BernamaNews @nreccmalaysia https://t.co/OhCbchZ8Dm https://t.co/X7qrNJH6qQ","1714888085375504645","https://pbs.twimg.com/media/F8yBn08bQAAdclw.jpg","","in","","0","0","0","https://x.com/undefined/status/1714888085375504645","106669711",
"1714878249015402884","Thu Oct 19 05:36:50 +0000 2023","0","Pelaksanan subsidi bersasar dapat menarik minat pemilikan kenderaan elektrik (EV) di seluruh negara kata Menteri Sumber Asli Alam Sekitar dan Perubahan Iklim (NRECC) Nik Nazmi Nik Ahmad. https://t.co/MMNzgkePja","1714878249015402884","","","in","","0","1","0","https://x.com/undefined/status/1714878249015402884","196460981",
"1714866031184027872","Thu Oct 19 04:48:17 +0000 2023","10","Pelaksanaan subsidi bersasar berdasarkan pendapatan isi rumah berupaya menggalakkan penggunaan kenderaan EV di Malaysia - Nik Nazmi #AWANInews #SisiTVParlimen https://t.co/ZQmyPlJa4a","1714866031184027872","https://pbs.twimg.com/media/F8xth_HakAAxVBn.jpg","","in","","2","7","4","https://x.com/undefined/status/1714866031184027872","497665754",
"1714844425598427146","Thu Oct 19 03:22:25 +0000 2023","91","#TERKINI : Menteri Sumber Asli Alam Sekitar dan Perubahan Iklim Nik Nazmi Nik Ahmad menjangka lebih ramai pemandu akan beralih menggunakan kenderaan elektrik (EV) setelah subsidi bersasar dilaksanakan kerana mereka perlu membayar kos sebenar untuk minyak. Beliau berkata https://t.co/6DZav31Up0","1714844425598427146","https://pbs.twimg.com/media/F8xZ5C6bwAAZONN.jpg","","in","","26","25","16","https://x.com/undefined/status/1714844425598427146","1600369057",
"1713013398655607269","Sat Oct 14 04:44:44 +0000 2023","1","@kungzapps @Solisidtor EV less costing than petrol car. Subsidi dari petrol tu tinggi and also for transition kita nk tukar ke arah EV mesti starting from govt. Baru dia tahu apa elok nya EV utk diceritakan ke rakyat. Dia umpama kau suruh orang pakai proton tapi kau sendiri pakai merc. Kan tak kena tu","1713053200138588484","","kungzapps","in","","0","1","1","https://x.com/undefined/status/1713053200138588484","503221711",
"1712990140208197860","Sat Oct 14 00:34:09 +0000 2023","3","Patutnya bagi subsidi harga lesen je. Auto dapat vote banyak. Ni pi bagi untuk ev. Orang kaya jelah untung.","1712990140208197860","","","in","","0","0","0","https://x.com/undefined/status/1712990140208197860","1078291350074798080",
"1712764209677930750","Fri Oct 13 09:36:23 +0000 2023","1","Aku rasa tujuan utama kerajaan nak push EV adalah untuk kurangkan subsidi petrol. Subsidi ni paling susah kerajaan nak hapuskan.","1712764209677930750","","","in","","0","0","0","https://x.com/undefined/status/1712764209677930750","184621954",
"1712283341410717858","Thu Oct 12 01:45:35 +0000 2023","4","Subsidi utk EV Invest utk EV public transport Kerajaan menjaga T20 ","1712283341410717858","","","in","","0","0","1","https://x.com/undefined/status/1712283341410717858","409890261",
"1712083570758730064","Wed Oct 11 12:31:46 +0000 2023","5","Buang subsidi EV biar je lah orang yg byk duit beli EV. Takde EV pun takde masalah pun. Zaman Jepun dulu oraaa elok je naik basikal!","1712083570758730064","","","in","","0","0","0","https://x.com/undefined/status/1712083570758730064","91702730",
"1712076956685258855","Wed Oct 11 12:05:29 +0000 2023","134","Pengangkutan awam tapi kena tengok pada untung rugi. Tengkusikal promote EV tapi Anthony kata pengangkutan awam tak boleh beli EV sebab mahal. Dalam pada masa sama kenderaan peribadi orang kaya boleh diberi subsidi. Formula madani formula tengkulani formula anthony.","1712076956685258855","","","in","","3","1","204","https://x.com/undefined/status/1712076956685258855","580717077",
"1711957968579953054","Wed Oct 11 11:55:50 +0000 2023","61","@NewsBFM Tp bagi subsidi pembelian kereta EV boleh pula. Tau pulak EV tu mahal. EV mahal maknanya org kaya aje yg mampu beli. Tp kerajaan cerdik sgt bagi duty free kt org kaya. Yg miskin lg dia cukai suruh bayar fi denda sana sini. Sohai","1712074525607956659","","NewsBFM","in","","0","2","30","https://x.com/undefined/status/1712074525607956659","2461160882",
"1711542767170826261","Tue Oct 10 01:18:51 +0000 2023","2","@doktermarket aturan terkait: sepeda motor listrik tidak akan terkena aturan ganjil genap sama seperti mobil listrik masyarakat: ev ev itu mahal pemerintah: kita subsidi! https://t.co/4uecsWMqO1","1711551837718065632","https://pbs.twimg.com/tweet_video_thumb/F8CnUOYbEAAKWjq.jpg","doktermarket","in","","0","0","0","https://x.com/undefined/status/1711551837718065632","926208028923240448",
"1711379791797199307","Mon Oct 09 15:14:24 +0000 2023","57","@Ronnie_Rusli Coba ditanya ke temannya prof di sana nemu anomali macam di sini? Misal harga beras mahal tapi mau subsidi Rice Cookers Pupuk mahal bibit beli lahan kena pajak hasil panen pun dipajaki.. giliran panen pemerintah import dari luar negeri BBM ganti harga EV &amp; KC disubsidi","1711399721489908219","","","in","","1","4","8","https://x.com/undefined/status/1711399721489908219","2908675710",
"1710539584940253656","Sat Oct 07 06:16:31 +0000 2023","41","Aku nampak cubaan kerajaan untuk tukar trend ke arah EV ni takde kena mengena dengan isu isu transportation pun. Probably (ikut palatao aku) kerajaan rasa subsidi petrol ni tak sustainable dah. In a way membantu trend peralihan tenaga juga.","1710539584940253656","","","in","","2","7","11","https://x.com/undefined/status/1710539584940253656","137342127",
"1710151426805264632","Fri Oct 06 04:34:07 +0000 2023","3","Utamakan pengangkutan awam berbanding subsidi EV Zafrul diberitahu #FMTNews #FMTBerita https://t.co/wAj9awZOtg","1710151426805264632","","","in","","0","0","0","https://x.com/undefined/status/1710151426805264632","102098902",
"1709960219135275028","Thu Oct 05 15:54:20 +0000 2023","37","PM ni sedar tak dia tak konsisten? PM tak nak beri subsidi minyak sbb tak nak golongan kaya dapat manfaat paling byk. Pada masa sama dia beri pelepasan cukai import &amp; eksais utk kereta EV CBU. Ni orang kaya yg beli Rolls-Royce Spectre &amp; Merc EQS paling banyak dapat manfaat","1709960219135275028","","","in","","0","4","22","https://x.com/undefined/status/1709960219135275028","1488911067350663169",
"1709884785630613697","Thu Oct 05 12:48:33 +0000 2023","2","@twt_bajet Nanti subsidi takde laku je org tukar ev nanti.. Sbb tu dia nak slow2 tarik subsidi t20 n upper m40. Utk push tukar ev.","1709913463919935819","","twt_bajet","in","","0","1","0","https://x.com/undefined/status/1709913463919935819","347729263",
"1709720158258737362","Thu Oct 05 00:00:25 +0000 2023","2","Menteri Pelaburan Perdagangan dan Industri (MITI) Tengku Datuk Seri Zafrul Tengku Abdul Aziz berkata Kerajaan subsidi bersasar dan bantuan kewangan Ia bagi memastikan pemilikan kenderaan elektrik (EV) adalah tersedia untuk semua kumpulan berpendapatan di negara ini https://t.co/K44YySSJrG","1709720158258737362","https://pbs.twimg.com/media/F7ola4hWYAAQIkS.jpg","","in","","1","0","0","https://x.com/undefined/status/1709720158258737362","1213807317419880450",
"1709601688821367054","Wed Oct 04 16:09:40 +0000 2023","8","Tak kisah nak cut subsidies tapi boleh tak cut pada golongan yg betul? Ni cut subsidi rakyat tapi bagi subsidi untuk kereta EV. Apoooo","1709601688821367054","","","in","","0","1","3","https://x.com/undefined/status/1709601688821367054","75551388",
"1709216424563216649","Tue Oct 03 14:38:45 +0000 2023","5","Govt ni kalau dia blh buat esok esok dia nak tarik subsidi ron95 nak sasarkan Thats why beria nak EV bagai Yes golongan mahakaya yg byk reap the benefit of subsidi Ron95 But to focus everything on EV making it affordable 0 tax blablabla doesn t solve other fundamental problem","1709216424563216649","","","in","","0","1","0","https://x.com/undefined/status/1709216424563216649","470078388",
"1709195541555679288","Tue Oct 03 13:15:47 +0000 2023","30","Second Subsidi EV ni guna duit rakyat. Dan semua ni memakan kos yang mahal hanya untuk selesaikan satu masalah yg kecil berbanding masalah2 besar yg timbul akibat kebergantungan kepada kereta seperti kemalangan jalan raya yg kesudah.","1709195541555679288","","","in","","2","2","13","https://x.com/undefined/status/1709195541555679288","1667230598",
"1709103453115453441","Tue Oct 03 07:09:51 +0000 2023","88","Haha betul la kot. Orang kaya guna EV dapat subsidi kereta EV dapat subsidi guna letrik pun dapat subsidi gamaknya. Orang pertengahan dan bawahan guna kenderaan enjin petrol dan diesel kena bayar lebih sebab harga minyak ditarik subsidi. Hahaha ke guane?","1709103453115453441","","","in","","5","0","111","https://x.com/undefined/status/1709103453115453441","580717077",
"1709034196382241228","Tue Oct 03 02:34:39 +0000 2023","61","*BERITA PORTAL MEDIA PERPADUAN 2 OKTOBER (ISNIN)* DAP sokong saya lupus hutang Felda marah pasal apa PM https://t.co/7qobGgaJeH RM400 juta subsidi kepada premis kerajaan guna beras import https://t.co/KZsKhL83G8 Semai menabung pemahaman saham di peringkat sekolah PM","1709034196382241228","","","in","","1","1","15","https://x.com/undefined/status/1709034196382241228","125402342",
"1709020869807468712","Tue Oct 03 01:41:42 +0000 2023","19","Menteri: Kita akan galakkan rakyat pakai EV untuk kurangkan pencemaran Rakyat: Bas dan keretapi macamana? Menteri: Ok kita bagi subsidi supaya rakyat boleh beli EV","1709020869807468712","","","in","","1","1","32","https://x.com/undefined/status/1709020869807468712","58061936",
"1708848758564552797","Mon Oct 02 14:17:47 +0000 2023","30","Nak tarik subsidi minyak tapi boleh bagi subsidi ev plak. Harap next cabinet reshuffle ni mamat ni gone la alang alang nk pass baton nnt. Unless ","1708848758564552797","","","in","","0","0","53","https://x.com/undefined/status/1708848758564552797","468432710",
"1708786203687002536","Mon Oct 02 10:09:13 +0000 2023","14","Kenderaan EV boleh dimiliki semua menerusi subsidi bersasar bantuan kewangan https://t.co/NJTSDQmPcz","1708786203687002536","","","in","","0","2","3","https://x.com/undefined/status/1708786203687002536","1607546835220172800",
"1708784863250358610","Mon Oct 02 10:03:53 +0000 2023","3","Kerajaan akan memastikan pemilikan kenderaan elektrik (EV) adalah tersedia untuk semua kumpulan berpendapatan menerusi subsidi bersasar dan bantuan kewangan kata Menteri Pelaburan Perdagangan dan Industri (MITI) Tengku Zafrul Abdul Aziz. Berita penuh: https://t.co/MgmSE1GYBo https://t.co/lLVTJ3cBmr","1708784863250358610","https://pbs.twimg.com/media/F7bSxd9aEAAMNp0.jpg","","in","","0","1","1","https://x.com/undefined/status/1708784863250358610","18714463",
"1707927159669768402","Sat Sep 30 01:21:06 +0000 2023","2","@RadioElshinta Tekan tombol NO buat EV apalagi sepeda motor. Sudahlah habiskan uang negara buat subsidi tidak mengurangi polusi berbahaya lagi...","1707928525523890207","","RadioElshinta","in","","0","0","0","https://x.com/undefined/status/1707928525523890207","77692092",
"1707642578064257113","Fri Sep 29 06:24:51 +0000 2023","1","Sekarang petrol sebulan purata rm500-600. Kalau kata la tak dapat subsidi ni maksudnya sebulan petrol akan naik sampai rm1000-1200. Baik tukar EV kalau macam ni. ","1707642578064257113","","","in","","0","1","0","https://x.com/undefined/status/1707642578064257113","9287162",
"1705038471721877985","Fri Sep 22 01:57:04 +0000 2023","85","Hambatan RI utk membangun baterai EV - kekurangan supply lithium - pasar US: RI tidak punya FTA dg US sehingga tidak dapat subsidi EV dr US. Apalagi jika pasokan Nikel RI terkait dg perusahaan RRT - pasar EU: EU akan menerapkan tarif tambahan utk produk dg emisi tinggi","1705038471721877985","","","in","","1","3","39","https://x.com/undefined/status/1705038471721877985","124798254",
"1703268341744537779","Sun Sep 17 04:43:12 +0000 2023","100","Masalah Abg Non adalah inconsistency dan carca marba dlm pembuatan polisi. contoh: tarik subsidi bahan api yg berimpak tinggi pada golongan rentan tapi beri subsidi besar pada EV yg pasarannya utk golongan berpendapatan tinggi. Itu belum lagi bab cukai. Takkan tak nampak?","1703268341744537779","","","in","","1","8","85","https://x.com/undefined/status/1703268341744537779","1238791624211062785",
"1703030382936183059","Sat Sep 16 22:40:57 +0000 2023","12","@jalur5_ Sementara ev buat pejabatnya di subsidi kan????","1703177179704803481","","jalur5_","in","","0","1","0","https://x.com/undefined/status/1703177179704803481","1604260308092358656",
"1702684892298203371","Fri Sep 15 14:19:51 +0000 2023","20","@nazribiztalk Sebab tu lori dan bas perlu dialih kepada EV secepat mungkin. Bila bas EV makin banyak subsidi diesel dapat dikurangkan serta bebas pencemaran asap diesel. Lagi murah tambang bas bila bas EV meluas.","1702688685857411460","","nazribiztalk","in","","0","5","1","https://x.com/undefined/status/1702688685857411460","524136687",
"1702232645827232185","Fri Sep 15 06:07:28 +0000 2023","3","@mkhairulazri EV tak perlu subsidi petrol EV juga guna Electric pada kadar komersial.. Gov dapat lebih sebab kurang subsidi untuk EV car. Selain nak menggalakkan penggunaan EV nak capai SDG","1702564771328082290","","mkhairulazri","in","","0","0","0","https://x.com/undefined/status/1702564771328082290","1061889705636114432",
"1702224708333404583","Thu Sep 14 07:36:10 +0000 2023","138","Tapi bagi subsidi untuk beli EV. EV harga beratus ribu ni bulan2 dah beribu bayar. Mana ada orang miskin pakai ev. Pelik pelik depa ni.","1702224708333404583","","","in","","5","8","155","https://x.com/undefined/status/1702224708333404583","468432710",
"1702119822258270328","Thu Sep 14 00:39:24 +0000 2023","5","Takkan PM tak tahu apa yg menteri-menteri dia buat? Sembang kurang subsidi ongkaya tapi subsidi EV kemain lagi. Sekolah SBP MRSM masih ada kuota alumni - siap solusi pi buka sekolah asing utk orgmiskin. Belum cerita subsidi minyak yang mostly utilised by Top 40.","1702119822258270328","","","in","","0","2","7","https://x.com/undefined/status/1702119822258270328","213982721",
"1701088617635139766","Mon Sep 11 04:53:57 +0000 2023","42","Seres E1 Brand baru under DFSK belum dapet subsidi ppnbm tapi harganya 189 juta. Range lebih pendek cuma 180 km dibanding Wuling. Kabin sedikit lebih sempit tapi fitur lebih banyak dibanding air ev lite. Udah punya pabrik disini tunggu dapet subsidi kalau tkdn udah masuk https://t.co/X94lOt4PvI","1701096719877067105","https://pbs.twimg.com/media/F5uCc5RagAAuwgY.jpg","ridwanhr","in","","7","6","3","https://x.com/undefined/status/1701096719877067105","43922847",
"1700042668397470031","Fri Sep 08 07:05:32 +0000 2023","10","Takleh panggil GST boleh dipanggil VAT. Memang kena dah buat cukai baharu. Tapi cukai tu kena pastikan semua rakyat Malaysia kena bayar. Bukan hanya untuk orang kaya je. Marhaen B40 kena faham orang kaya nijam pun hidup susah sebab tu beli kereta EV pun kena subsidi.","1700042668397470031","","","in","","0","0","15","https://x.com/undefined/status/1700042668397470031","580717077",
"1699460431243550965","Thu Sep 07 01:52:21 +0000 2023","2","@Uncle_Gober324 Lapor ke Luhut nanti di beri saran utk suntik booster dan diberi subsidi beli EV.","1699601465793532145","","uncle_gober324","in","","0","1","0","https://x.com/undefined/status/1699601465793532145","1254035776322453506",
"1697783902155461093","Sun Sep 03 01:54:44 +0000 2023","1","@budiyonow Belum ada selengkap itu dan kalau ada pun kebanyakan relawan. Duitnya ga besar. Buktinya: lihat isu polusi udara saat NGO gugat pemerintah. Informasi menyebar baik tp tdk viral2 amat. Giliran dipegang yg mau jualan EV dan akan keluarkan kebijakan subsidi motor listrik... Wow.","1698152513525219498","","budiyonow","in","","0","0","1","https://x.com/undefined/status/1698152513525219498","122019148",
"1696786781176574065","Wed Aug 30 08:08:19 +0000 2023","6","@Outstandjing Nanti ijonya barengan sama rilis hasil implementasi subsidi EV","1696796978494222792","","Outstandjing","in","","0","0","0","https://x.com/undefined/status/1696796978494222792","1696096251782336514",
"1696370047042892051","Tue Aug 29 03:51:50 +0000 2023","2","smoga subsidi EV naek lagi ","1696370047042892051","","","in","","0","1","1","https://x.com/undefined/status/1696370047042892051","1192094510076923905",
"1696070407126970393","Mon Aug 28 08:01:11 +0000 2023","3","Benci betui netizen kat Orang kaya beli EV hangpa tak tau yang orang kaya ni yg pakai subsidi minyak paling banyak! EV memang mahai skarang ni so Eloklah depa beli EV pasai mampu kuranglah subsidi minyak tu untuk T20. Look at the brighter side.","1696070407126970393","","","in","","0","0","0","https://x.com/undefined/status/1696070407126970393","40243245",
"1694677940880179337","Thu Aug 24 11:48:01 +0000 2023","34","Rezim baik hati. Berkat polusi udara ini Ring 1 dapat tambang beterai &amp; EV Pengusaha (ponakan ring 1) dapat subsidi tambahan buat konversi lebih green Pemda dapat pengadaan EV &amp; sensor polusi Wercok dapat dari plat-STNK EV razia emisi &amp; proyek semprot-semprot","1694677940880179337","","","in","","0","1","0","https://x.com/undefined/status/1694677940880179337","371261655",
"1694578641316028550","Thu Aug 24 05:13:26 +0000 2023","30","Real culprit: - Industri nakal &amp; PLTU kurang modern Yang disalahin: - Kendaraan bermotor pribadi - Bakar sampah/nabun Solusi pemerintah: - Suruh beli EV - Kasi subsidi buat EV - Larang impor KRL - WFH 50% buat ASN Pemprov - Razia emisi - Pengadaan detektor pencemaran udara","1694578641316028550","","","in","","0","1","0","https://x.com/undefined/status/1694578641316028550","371261655",
"1694152622977278062","Wed Aug 23 01:03:18 +0000 2023","16","Dan setelah push and pull utk beralih ke transportasi publik jalan kaki dan sepeda sudah ada dan terprioritaskan; barulah sibuk2 dengan transisi kend pribadi ke EV. Bisa barengan tp bedakan prioritas dan arah subsidi. Jangan kebalik.","1694153305604407470","","elisa_jkt","in","","0","1","1","https://x.com/undefined/status/1694153305604407470","44556194",
"1694005164460626050","Tue Aug 22 15:14:38 +0000 2023","2","𝐃𝐢𝐬𝐰𝐚𝐲 𝐄𝐕 Kementerian ESDM memperbesar nilai subsidi konversi motor BBM ke motor listrik. Dari yang sebelumnya Rp 7 juta menjadi Rp 10 juta per unit. https://t.co/wY90nPSJ9d #HarianDisway #ElectricVehicle","1694005164460626050","","","in","","0","0","0","https://x.com/undefined/status/1694005164460626050","1279248910276419585",
"1693822720990118374","Tue Aug 22 03:09:41 +0000 2023","60","China kasih subsidi kendaraan listrik (EV) untuk mengembangkan industri EV. Industri sudah terbangun subsidi dihentikan. Permintaan turun tajam: hingga Mei -20%. Indonesia diberdayakan APBN kasih subsidi EV: dari China? Untuk menopang industri China? https://t.co/8rgTjeICxj https://t.co/pLpa4UP55u","1693822720990118374","https://pbs.twimg.com/media/F4GqyGPa0AATP-b.jpg","","in","","1","2","33","https://x.com/undefined/status/1693822720990118374","1256945510",
"1693623191929786866","Mon Aug 21 16:24:00 +0000 2023","2","@AnkerTwiter Mending subsidi ini ketimbang EV harusnya aneh banget ","1693660232520704187","","AnkerTwiter","in","","0","0","1","https://x.com/undefined/status/1693660232520704187","1647384187",
"1693614418930913709","Mon Aug 21 16:16:30 +0000 2023","12","@CNNIndonesia .. kerugian ini akan berasal dari penggenangan pesisir kelangkaan air kecelakaan kapal penurunan produktivitas beras peningkatan kasus penyakit sensitif.. dia (mereka) tau lho masalah yang akan (sudah) timbul tapi (solusinya) subsidi EV &amp; bangun IKN gass terooss","1693658342538055765","","CNNIndonesia","in","","0","0","1","https://x.com/undefined/status/1693658342538055765","87319138",
"1692750651531632935","Sat Aug 19 04:09:39 +0000 2023","2","misal motor ev 20 jt nih dapet subsidi 10 jt kalau harga baterai sekarang per kWh itu sekitar $150an maka harganya jadi 8.5jt untuk 3.7 kWh.... susbidinya cuma habis buat beli baterai thok","1692750651531632935","","","in","","0","1","0","https://x.com/undefined/status/1692750651531632935","67281504",
"1692185646587314351","Thu Aug 17 14:44:32 +0000 2023","4","Ngeliat EV di Gias harga nya gila gila jadii yg dpt Subsidi dr Pemerintah itu yg CKD atau yg perakitan nya di Indo kalo built up CBU gak dapet Subsidi Contoh Nissan Leaf Klo mau yg diatas Wuling paling Affordable dan model nya bagus itu Nissan Leaf","1692185646587314351","","","in","","0","2","0","https://x.com/undefined/status/1692185646587314351","383298309",
"1692127171895246907","Thu Aug 17 10:52:10 +0000 2023","5","Emang sebenernya masyarakat jakarta lah penyebabnya pdhl Heru udah tanem pohon tiap wiken Luhut udah ngasi subsidi EV kurang apa lagi coba? Sampe rumput JIS mau diganti oleh Erik demi menyerap Co2 kota Jkt big thanks to Jkw pindahin ibukota ke IKn babat hutan dgn hutang https://t.co/o7yYFEDsPv","1692127171895246907","https://pbs.twimg.com/media/F3uksWiaUAArw-1.jpg","","in","","0","2","1","https://x.com/undefined/status/1692127171895246907","1192094510076923905",
"1691643960010363290","Wed Aug 16 02:52:03 +0000 2023","0","MG Motor Indonesia memberikan subsidi PPN hingga 10 persen bagi pengunjung GIIAS 2023 yang memesan MG4 EV. https://t.co/4RZfMsGyxf","1691643960010363290","","","in","","0","0","0","https://x.com/undefined/status/1691643960010363290","23343960",
"1691584452399652892","Tue Aug 15 22:55:36 +0000 2023","280","2015 langit Beijing seperti Jakarta saat ini Fast forward PLTNnya skrg sudah 50an 2022 bangun 10 2023 (baru saja approved) bangun 6 Tp tidak lupa desa-desanya di daratan masif pada pakai PLTS dan Biogas PLTN Indonesia baru 2045~~ Padahal dah punya Batan 58 Bapeten 98~~","1691584452399652892","","","in","","11","5","74","https://x.com/undefined/status/1691584452399652892","353985663",
