"conversation_id_str","created_at","favorite_count","full_text","id_str","image_url","in_reply_to_screen_name","lang","location","quote_count","reply_count","retweet_count","tweet_url","user_id_str","username"
"2066915929519423750","Tue Jun 16 16:13:24 +0000 2026","0","@jnanajiva Gak bisa nge-charge soalnya spklu nya buat parkir Agya ","2066917063684489408","","jnanajiva","in","","0","0","0","https://x.com/undefined/status/2066917063684489408","2051631465340055552",
"2066915929519423750","Tue Jun 16 16:08:53 +0000 2026","0","Kalo battery-nya low kubawa ke spklu yang fast charging","2066915929519423750","","","in","","0","1","0","https://x.com/undefined/status/2066915929519423750","2012854666288312321",
"2066880271325278495","Tue Jun 16 13:57:16 +0000 2026","0","Refund 12K karena sudah full. Total biaya akhir untuk 500K pakai EV hanya Rp118K. Kalau isi daya di SPKLU KWh kita bayarkan sesuai yang terisi. Kelebihan pembayaran direfund. https://t.co/6CE5UOlh78","2066882806421287381","https://pbs.twimg.com/media/HK8K9LSawAAiIpd.jpg","jusdalle","in","","0","0","0","https://x.com/undefined/status/2066882806421287381","79690781",
"2066796240646627732","Tue Jun 16 08:13:17 +0000 2026","3","Jangan lupa transaksi pakai MyPertamina bisa bikin poinmu makin cepat terkumpul: ​ Senin Jumat: Double Points untuk Pertamax Turbo &amp; Pertamina Dex. Sabtu Minggu: ​Triple Points: Pertamax Turbo &amp; Pertamina Dex. Double Points: Pertamax Green 95 Pertamax Dexlite Bright https://t.co/fog6GxaS09","2066796240646627732","https://pbs.twimg.com/media/HK68OWabMAAYUi8.jpg","","in","","0","0","0","https://x.com/undefined/status/2066796240646627732","788714108245774338",
"2066745284580037030","Tue Jun 16 06:24:21 +0000 2026","0","@Rzrmno Sdh banyak SPKLU dimana-mana bang. Beberapa brand bahkan gratis ngecas. 1 bulan pertama pakai EV gw juga srg afgak was was urusan baterai ","2066768825669058746","","Rzrmno","in","","0","0","0","https://x.com/undefined/status/2066768825669058746","79690781",
"2066401011200376866","Mon Jun 15 18:53:29 +0000 2026","0","@KapudS640 gua klo punya modal punya tanah pinggir jalan yang luas mau buka spklu 100 colokan ","2066594963845267823","","KapudS640","in","","0","0","0","https://x.com/undefined/status/2066594963845267823","936324644667195392",
"2066539137952555272","Mon Jun 15 15:11:39 +0000 2026","0","PLN UP3 Bulukumba melalui ULP Jeneponto resmi menghadirkan SPKLU Fast Charging 60 kW pertama di Kabupaten Jeneponto. Langkah nyata mendukung ekosistem kendaraan listrik dan transisi energi bersih menuju masa depan yang lebih hijau dan berkelanjutan. #PLN #SPKLU https://t.co/VcR0BOkpQI","2066539137952555272","https://pbs.twimg.com/media/HK3SYcsboAANh-0.jpg","","in","","0","0","0","https://x.com/undefined/status/2066539137952555272","1229923328942428160",
"2066401011200376866","Mon Jun 15 11:48:47 +0000 2026","0","@KapudS640 True bgtt punya mobil sm motor listrik kalo mau pergi jauh2 mesti cek maps SPKLU terdekat","2066488086276854133","","KapudS640","in","","0","0","0","https://x.com/undefined/status/2066488086276854133","761403339154141185",
"2066426198092390506","Mon Jun 15 07:42:52 +0000 2026","0","️ PLN UP3 Cirebon melepas peserta Riding Nusantara 2026 yang menempuh perjalanan 1.200 km dari Cilegon menuju Bali. Bukti bahwa kendaraan listrik semakin siap digunakan untuk perjalanan jauh dengan dukungan jaringan SPKLU PLN yang terus berkembang. https://t.co/36sWDFg12k","2066426198092390506","https://pbs.twimg.com/media/HK1rolLbsAAuWoE.jpg","","in","","0","1","0","https://x.com/undefined/status/2066426198092390506","1916776599397232640",
"2066401011200376866","Mon Jun 15 07:35:28 +0000 2026","0","@gocanz @KapudS640 Di kantor cabang PLN di semua kota/kab sudah tersedia SPKLU. Tinggal dipastikan berfungsi atau tidak. Selama masih di pulau Jawa rasanya aman. Pun di pulau besar lainnya pun harusnya sudah ada jg.","2066424336496648552","","gocanz","in","","0","0","0","https://x.com/undefined/status/2066424336496648552","1346305256762720256",
"2066418797049991670","Mon Jun 15 07:13:28 +0000 2026","0","Dukung ekosistem kendaraan listrik PLN siagakan puluhan SPKLU 24 jam #spklu #PLNUntukSemua #PLNUntukIndonesia @plndisjatim https://t.co/FUdm9kKepn","2066418797049991670","https://pbs.twimg.com/amplify_video_thumb/2066417784415031296/img/K9rLnmDIPvgErMQe.jpg","","in","","0","0","0","https://x.com/undefined/status/2066418797049991670","1371191090",
"2066401011200376866","Mon Jun 15 06:36:01 +0000 2026","4","@KapudS640 Selama yang punya EV menganggap SPKLU tempat parkir gratisan malas pakainya. Bulan kemarin pinjem M6 teman ke jogja ngecharge di rest area penuh dan sudah banyak yg full tapi ga langsung dipindahin. Nunggu 30 menit datang cengar cengir ky kunyuk. Ditanya nanggung lagi makan","2066409374579560736","","KapudS640","in","","0","1","0","https://x.com/undefined/status/2066409374579560736","68180062",
"2066405090626326620","Mon Jun 15 06:19:00 +0000 2026","0","PLN Purwokerto terus dorong pertumbuhan kendaraan listrik dengan menerapkan strategi demand-driven untuk SPKLU. Terbanyak di Banyumas dengan Alun-alun Purwokerto jadi primadona! Potensi omzet hingga puluhan juta. Mari dukung energi bersih! #KendaraanListrik #PLN #InovasiEnergi https://t.co/2ADrE8HlTO","2066405090626326620","https://pbs.twimg.com/media/HK0vZLBbgAAS0TU.jpg","","in","","0","0","0","https://x.com/undefined/status/2066405090626326620","3245882905",
"2066401011200376866","Mon Jun 15 06:02:47 +0000 2026","563","Jangan beli mobil listrik kalau kamu termasuk kategori ini. Serius. Setelah hampir 6 bulan dan 3.400 km pakai BYD Atto 1 saya justru merasa mobil listrik tidak cocok untuk semua orang. Jangan beli mobil listrik kalau kamu sering melakukan perjalanan jauh dadakan dan tidak suka https://t.co/awhzyNgeS4","2066401011200376866","https://pbs.twimg.com/media/HK1UwwNbUAAyV1x.jpg","","in","","9","89","83","https://x.com/undefined/status/2066401011200376866","2045731527086989312",
"2065608858001915993","Mon Jun 15 04:17:11 +0000 2026","1","@Benoe_Adja Menarik ini! Oversuply yg gak terserap di jaringan PLN bisa dimanfaatkan u/ sektor kendaraan listrik (EV) melalui SPKLU program elektrifikasi kawasan industri atau pompanisasi (pumped hydro) u/ dukung sektor pertanian di pedesaan. Subsidi ke alat penyimpan energi spt","2066374437084217468","","Benoe_Adja","in","","0","0","0","https://x.com/undefined/status/2066374437084217468","325599485",
"2066364736284053855","Mon Jun 15 03:38:38 +0000 2026","11","MALANG Kenaikan harga BBM jenis Pertamax mendorong Pemkot Malang mengkaji penggunaan kendaraan listrik (electric vehicle/EV) sebagai kendaraan dinas untuk menekan biaya operasional pemerintah daerah. Sekretaris Daerah Kota Malang Erik Setyo Santoso mengatakan kajian tersebut https://t.co/nIxe15FYwl","2066364736284053855","https://pbs.twimg.com/amplify_video_thumb/2066364566158852096/img/YikChFT45hRQk22F.jpg","","in","","1","8","2","https://x.com/undefined/status/2066364736284053855","1068381082381299713",
"2066364418448109591","Mon Jun 15 03:37:23 +0000 2026","0","Menunggu di SPKLU lebih nyaman. Dengan fitur AntreEV di PLN Mobile Electrizen bisa cek antrean SPKLU dan estimasi waktu tunggu secara real-time. Jadi bisa atur waktu lebih baik atau bahkan ngopi dulu sambil nunggu! Yuk manfaatkan fitur AntreEV di PLN Mobile! https://t.co/Laazxq3mqN","2066364418448109591","https://pbs.twimg.com/media/HK0zYOobwAAOVz2.jpg","","in","","0","1","0","https://x.com/undefined/status/2066364418448109591","1247046796653690880",
"2066354864477938175","Mon Jun 15 02:59:25 +0000 2026","0","susah bgt sih cari spklu di jogja ","2066354864477938175","","","in","","0","0","0","https://x.com/undefined/status/2066354864477938175","1576447243598860288",
"2066332361911128423","Mon Jun 15 01:30:00 +0000 2026","0","Rest Area Km 10 Cibubur Square hadir sebagai salah satu titik singgah strategis bagi pengguna Tol Jagorawi arah Bogor. Dengan konsep modern layaknya pusat perbelanjaan rest area ini menyediakan berbagai fasilitas untuk mendukung kenyamanan perjalanan mulai dari tenant makanan https://t.co/ZYIXFJ3d4t","2066332361911128423","https://pbs.twimg.com/amplify_video_thumb/2065362616051228672/img/D_EHtaAhfeqNPpVC.jpg","","in","","0","0","0","https://x.com/undefined/status/2066332361911128423","775978911662428160",
"2066329009089294808","Mon Jun 15 01:16:40 +0000 2026","0","Electrizen sekarang ngecas EV semakin mudah. 5.000 SPKLU telah hadir di seluruh wilayah Indonesia. Memperingati Hari Kebangkitan Nasional SPKLU ke-5000 diresmikan di Tanjung Priok Jakarta Utara. SPKLU ini merupakan SPKLU Center dengan tempat charging yang banyak dan https://t.co/oBh9fq1Q0w","2066329009089294808","https://pbs.twimg.com/media/HK0TQ_KaoAEuyrJ.jpg","","in","","0","0","0","https://x.com/undefined/status/2066329009089294808","1328229878",
"2066316793283764245","Mon Jun 15 00:28:08 +0000 2026","0","Dengan fitur AntreEV di PLN Mobile Electrizen bisa cek antrean SPKLU dan estimasi waktu tunggu secara real-time. Jadi bisa atur waktu lebih baik atau bahkan ngopi dulu sambil nunggu! Yuk manfaatkan fitur AntreEV di PLN Mobile! #PLNUntukSemua #SPKLUPLN #PLNMobile https://t.co/GQZsSW5Khn","2066316793283764245","https://pbs.twimg.com/media/HK0IK3PbkAAPApM.jpg","","in","","0","0","0","https://x.com/undefined/status/2066316793283764245","801641041145184256",
"2066316587624464785","Mon Jun 15 00:27:19 +0000 2026","0","Dengan fitur AntreEV di PLN Mobile Electrizen bisa cek antrean SPKLU dan estimasi waktu tunggu secara real-time. Jadi bisa atur waktu lebih baik atau bahkan ngopi dulu sambil nunggu! Yuk manfaatkan fitur AntreEV di PLN Mobile! #PLNUntukSemua #SPKLUPLN #PLNMobile https://t.co/dvjx4CYKBl","2066316587624464785","https://pbs.twimg.com/media/HK0H9q3agAAS5g9.jpg","","in","","1","0","0","https://x.com/undefined/status/2066316587624464785","801641041145184256",
"2066313994315698584","Mon Jun 15 00:17:01 +0000 2026","0","mowning pagi ini gue kerja pake mobil listrik ke daerah terpencil yg ga ada spklu pusing ntr ngecas dimana ya","2066313994315698584","","","in","","0","0","0","https://x.com/undefined/status/2066313994315698584","1213697138573447169",
"2066194026387423632","Sun Jun 14 16:20:18 +0000 2026","0","Malah susah cariii spklu di hutan bunaaaa","2066194026387423632","","","in","","0","0","0","https://x.com/undefined/status/2066194026387423632","2616611678",
"2066136691132256709","Sun Jun 14 12:32:28 +0000 2026","0","Menunggu di SPKLU lebih nyaman Dengan fitur AntreEV di PLN Mobile Electrizen bisa cek antrean SPKLU dan estimasi waktu tunggu secara real-time. Jadi bisa atur waktu lebih baik atau bahkan ngopi dulu sambil nunggu! Yuk manfaatkan fitur AntreEV di PLN Mobile! #PLNUntukSemua https://t.co/RaHKydbwBk","2066136691132256709","https://pbs.twimg.com/media/HKxkV1fbUAAMfR7.jpg","","in","","0","0","0","https://x.com/undefined/status/2066136691132256709","1928381664969035776",
"2066136039836766604","Sun Jun 14 12:29:53 +0000 2026","1","Menunggu di SPKLU lebih nyaman Dengan fitur AntreEV di PLN Mobile Electrizen bisa cek antrean SPKLU dan estimasi waktu tunggu secara real-time. Jadi bisa atur waktu lebih baik atau bahkan ngopi dulu sambil nunggu! https://t.co/chdOKdIXAt","2066136039836766604","https://pbs.twimg.com/media/HKxjxE7acAAJeTo.jpg","","in","","0","1","0","https://x.com/undefined/status/2066136039836766604","1479299908700192768",
"2066060888537485783","Sun Jun 14 07:31:16 +0000 2026","0","Menunggu di SPKLU lebih nyaman. Dengan fitur AntreEV di PLN Mobile Electrizen bisa cek antrean SPKLU dan estimasi waktu tunggu secara real-time. Jadi bisa atur waktu lebih baik atau bahkan ngopi dulu sambil nunggu! https://t.co/yXBD2yblpC","2066060888537485783","https://pbs.twimg.com/media/HKwfbBOaoAAfBWr.jpg","","in","","0","1","0","https://x.com/undefined/status/2066060888537485783","1894241872593522691",
"2066031440618287299","Sun Jun 14 05:34:15 +0000 2026","8","Karena sekarang ada promo Extra Points MyPertamina setiap hari bikin isi BBM jalan tambahan poin juga jalan! ​ Senin Jumat: Double Points untuk Pertamax Turbo &amp; Pertamina Dex. Sabtu Minggu: ​Triple Points: Pertamax Turbo &amp; Pertamina Dex. ​Double Points: Pertamax Green 95 https://t.co/6QwwTgxt9V","2066031440618287299","https://pbs.twimg.com/amplify_video_thumb/2066031354685644800/img/AoW2P3wWIR95Hl4J.jpg","","in","","0","1","2","https://x.com/undefined/status/2066031440618287299","788714108245774338",
"2066025075707650370","Sun Jun 14 05:08:57 +0000 2026","5","Jam istirahat gaiiss.. Ini SPKLU gede bgt sumpah baru ini nemu SPKLU kyk pom bensin cuma ada di tangerang please jakarta bekasi adain dong.. Toilet bersih ada cofi anak Genji juga.. Kereeeeennnnn.. Kalian suka ke sini gak.. Comen dong klo suka ke sini Siapa tau bisa ngopi https://t.co/lGy4A6e437","2066025075707650370","https://pbs.twimg.com/media/HKv-1tpbEAAcEJ_.jpg","","in","","0","1","3","https://x.com/undefined/status/2066025075707650370","2047267040390742016",
"2065974401481445649","Sun Jun 14 04:45:20 +0000 2026","2","@Mukminus_ ngecas mobil di spklu mana pak","2066019132848357841","","Mukminus_","in","","0","0","0","https://x.com/undefined/status/2066019132848357841","1976991588",
"2066003221731320021","Sun Jun 14 03:42:10 +0000 2026","0","Yuk mulai kenali kendaraan listrik dan temukan lokasi SPKLU terdekat melalui PLN Mobile. #EnergiBijak #TransisiEnergi #PLNPeduli #PLNKaltimra #MelayaniSepenuhHati https://t.co/PE1mXmHrzj","2066003237375967705","https://pbs.twimg.com/media/HKvq_ajbIAEH18t.jpg","PLNKaltimra","in","","0","0","0","https://x.com/undefined/status/2066003237375967705","990317023",
"2065744942891425926","Sat Jun 13 14:42:27 +0000 2026","0","@BukanPegawaiJP Jkt antrinya ga gitu hu Sobat SPKLU mah ditinggal kerja aja hu tau2 full. Klo udah full jangan lupa dicabut aja klo ga kena biaya tambahan.","2065807014199181382","","BukanPegawaiJP","in","","0","1","0","https://x.com/undefined/status/2065807014199181382","1981490042649665537",
"2065757067600933035","Sat Jun 13 11:23:59 +0000 2026","0","PLN Batam Tambah 3 SPKLU Ultra Fast Charging di Kantor Batam Center https://t.co/v7s6z5ya97","2065757067600933035","","","in","","0","0","0","https://x.com/undefined/status/2065757067600933035","4401199034",
"2065681208705724675","Sat Jun 13 06:22:33 +0000 2026","0","Dalam rangka mendukung ekosistem EV di Batam PLN Batam menyediakan 3 unit SPKLU Ultra Fast Charging baru di Kantor PLN Batam. Saat ini telah tersedia 26 SPKLU yang siap melayani kebutuhan kendaraan listrik di Batam. #PLN #PLNBatam #PLNUntukIndonesia https://t.co/HfVluuNdmP","2065681208705724675","https://pbs.twimg.com/amplify_video_thumb/2065681121241907200/img/fU9F83fECc4OIddr.jpg","","in","","0","1","0","https://x.com/undefined/status/2065681208705724675","382065654",
"2065623017775067505","Sat Jun 13 02:31:25 +0000 2026","1","Intinya beralih ke mobil listrik itu langkah bagus asal konsisten! Jangan sampai beli/sewa molis cuma buat pajangan karena fasilitas SPKLU belum siap atau kebijakannya tumpang tindih lagi. Semoga kebijakan transportasi Pemkot Malang makin sinkron terintegrasi dan beneran","2065623041451999250","","yusufgunawan","in","","0","0","0","https://x.com/undefined/status/2065623041451999250","78619866",
"2064933175198122133","Thu Jun 11 04:50:08 +0000 2026","2","Tiap hari ngecharge kurleb 30 menit - 40 menit Kadang merasa males krn harus cari SPKLU Tp klo inget harga BBM pertamax yg naiknya gk ngotaks ya diniatin2 aja dah Toh klo isi daya utk mobil bisa sambil udud dan bersihin mobil juga Drpd klo isi bbm klo pas antri panjang kan?? https://t.co/8z6cBcQDK7","2064933175198122133","https://pbs.twimg.com/ext_tw_video_thumb/2064933115232198656/pu/img/ix4zKVH6MAC6uLNd.jpg","","in","","0","2","0","https://x.com/undefined/status/2064933175198122133","3323283601",
"2064868948940894342","Thu Jun 11 00:34:55 +0000 2026","2","BBM naik saatnya ganti ke EV? Shifting total ke EV di Indonesia = perlu kombinasi insentif kebijakan jangka panjang pembangunan infrastruktur dan perubahan perilaku. Permendagri terbaru April 2026 memberlakukan pajak normak namun daerah diminta pertahankan insentif","2064868948940894342","","","in","","1","1","1","https://x.com/undefined/status/2064868948940894342","72763910",
"2064750433307173330","Wed Jun 10 16:43:59 +0000 2026","12"," kamu kmrn bilangnya mau ngecas mobil di SPKLU? kok malah orang PLNnya yang kamu colok?!?!? enggak loh ini semua salah paham salah paham apaan aku tuh capeeek aku mau nyolokin cas mobil tapi penuh semua akhirnya boolku yg dicolok orang PLNnya *patahin keyboard pemda*","2064750433307173330","","","in","","0","4","0","https://x.com/undefined/status/2064750433307173330","1278269892882337792",
"2064733923675099326","Wed Jun 10 16:08:42 +0000 2026","16","@ardianpancaa Hahaha aku paling ga mau charge semaleman ditinggal Enak ke spklu.","2064741554766684258","","ardianpancaa","in","","0","2","0","https://x.com/undefined/status/2064741554766684258","116632682",
"2064733923675099326","Wed Jun 10 16:00:37 +0000 2026","53","@ardianpancaa Karena lebh stable d spklu pak. Di rumah males dibiarin semaleman jujur Takut","2064739521380728887","","ardianpancaa","in","","0","2","2","https://x.com/undefined/status/2064739521380728887","116632682",
"2064727570562900022","Wed Jun 10 15:13:08 +0000 2026","441","Paksa shifting ke ev? Kayanya sulit. Pajaknya dah normal setauku. Trus jumlah spklu juga belum sebanyak itu. Lagipula efek domino ga mngkin harga listrik ga naik kan? Lalu banyak warga yang msh krisis trust sma ev. Jadi shifting ke ev total di Indonesia sepertinya sulit","2064727570562900022","","","in","","6","23","44","https://x.com/undefined/status/2064727570562900022","116632682",
"2064553791811403950","Wed Jun 10 12:17:03 +0000 2026","2","@AdhityaFachri gue mau beli tapi masih dilema nih anjing kampung gue belom ada spklu","2064683259414634815","","AdhityaFachri","in","","0","0","0","https://x.com/undefined/status/2064683259414634815","4834948053",
"2064180817837064568","Tue Jun 09 14:07:33 +0000 2026","3","@ardibhironx 10 taun lalu ane pake innova konversi CNG. Mau konsisten pake CNG tapi SPBG nya jauh dan terbatas. Harus jalan 20km dulu buat isi. Diset ke mode bensin eh jadi boros karena setingan ECU nya nggk bisa dapet efisien 22nya. Harus milih salah satu. Terus mesin jadi panas dan","2064348678337556901","","ardibhironx","in","","0","0","2","https://x.com/undefined/status/2064348678337556901","1987760103530123266",
"2064159145096343616","Tue Jun 09 01:34:25 +0000 2026","1","Hematnya biaya kepemilikan mobil listrik tak sebanding dengan keterbatasan infrastrukturnya seperti SPKLU dan kualitas tegangan listrik di luar Jabodetabek. #Ekonomi #AdadiKompas https://t.co/blhurnfZTb","2064159145096343616","","","in","","0","0","0","https://x.com/undefined/status/2064159145096343616","255866913",
"2063942397869097046","Mon Jun 08 11:13:08 +0000 2026","5"," BYD jadikan Indonesia pasar ekspor terbesar dunia (Jan Apr 2026): 69.995 unit (+664% YoY)! Angka ini menandakan akselerasi EV di Indonesia sangat nyata. Tapi peluang ini jangan disia-siakan: infrastruktur SPKLU TKDN dan investasi pabrik lokal harus berlari jauh lebih","2063942397869097046","","","in","","0","1","0","https://x.com/undefined/status/2063942397869097046","72763910",
"2063834955696967905","Mon Jun 08 04:06:24 +0000 2026","0","Meski demikian jumlah SPKLU belum tersebar merata di setiap gugus pulau. Sebanyak 73 9 persen atau 3.629 unit dari total SPKLU tercatat berada di Jawa. Setelah itu 11 3 persen atau 555 unit dibangun di Sumatera Bali-Nusa (283 unit) Kalimantan (226 unit) Sulawesi (162 unit) https://t.co/R7WDXkqxRw","2063835006569738733","https://pbs.twimg.com/media/HKQ1OSJbQAE289C.jpg","hariankompas","in","","0","1","0","https://x.com/undefined/status/2063835006569738733","255866913",
"2063834955696967905","Mon Jun 08 04:06:23 +0000 2026","0","Hingga saat ini pembangunan stasiun pengisian kendaraan listrik umum atau SPKLU terus digenjot PLN dan mitra untuk memperkuat pengembangan ekosistem mobil listrik. Hingga Maret 2026 tercatat 4.911 SPKLU yang beroperasi di 3.156 lokasi di seluruh Indonesia. #JurnalismeData","2063835002304090388","","hariankompas","in","","0","1","0","https://x.com/undefined/status/2063835002304090388","255866913",
"2063834955696967905","Mon Jun 08 04:06:13 +0000 2026","0","Namun biaya kepemilikan mobil listrik menjadi lebih mahal dari mobil bensin saat memasuki tahun keenam hingga kesepuluh dengan skenario tanpa insentif pajak dan mengisi daya di stasiun pengisian kendaraan listrik untuk umum (SPKLU). #JurnalismeData #MobilListrik #AdadiKompas","2063834959010492489","","hariankompas","in","","0","1","0","https://x.com/undefined/status/2063834959010492489","255866913",
"2063153404201824375","Sat Jun 06 15:42:15 +0000 2026","281","@jr2703192 MBG &amp; KMP di stop dan fokus bangun: 1. Kereta Api Commuter &amp; LRT di 8 Kota Metropolitan paling besar di Indo 2. Kereta antar kota diperbanyak rel kereta trans sumatera trans kalimantan dan trans sulawesi 3. Kabel listrik bawah laut antar pulau dan pembangun SPKLU besar2an Itu","2063285346482417755","","jr2703192","in","","1","2","10","https://x.com/undefined/status/2063285346482417755","1676426426768318464",
"2063264897212072230","Sat Jun 06 14:20:59 +0000 2026","114","53 detik membangun cikal bakal pembangkit listrik tenaga naksir. naksir joo ina senaksir-naksirnya. kalo ketauan PLN udah direkrut jadi SPKLU fast charging tenaga naksir. gw ga peduli pokoknya gw naksir https://t.co/ERJLq7u8Jh","2063264897212072230","https://pbs.twimg.com/amplify_video_thumb/2063209605854011392/img/gmk_A-c7YbIp9Z84.jpg","","in","","1","1","23","https://x.com/undefined/status/2063264897212072230","1252246188247531520",
"2062978125945037121","Sat Jun 06 03:23:29 +0000 2026","8","@oxpeckter @SelebtwitMobil @lutfithe13th Itulah heran pdhl pake innova tuh udh nyaman trus yg tinggal di kabupaten dgn medan cukup terjal naik kayak sumatra kalimantan sulawesi barulah pakai pajero atau hilux. Khusus jkt yg udah gampang SPKLU bolehla ioniq suka bingung sm pejabat yg minta mobil dinas milyaran","2063099431512375650","","oxpeckter","in","","0","0","0","https://x.com/undefined/status/2063099431512375650","933704425",
"2062765361599303880","Fri Jun 05 05:16:01 +0000 2026","22","Mulai sering kena mobil kayak gini. Yg terbaru semalem di daerah jaksel bukannya charging slot SPKLU malah dipakai parkir. Mana battery sdh sekarat.","2062765361599303880","","","in","","0","1","3","https://x.com/undefined/status/2062765361599303880","853206219611185152",
"2062535094708158783","Thu Jun 04 14:55:50 +0000 2026","0","@redoceanox @redoceanox Hai Kakak admin informasikan untuk converternya nanti bisa menyesuaikan dengan SPKLU yang ada di sana ya Kak. Apabila terdapat kendala dalam pengecasan bisa menghubungi Hotline SPKLU di Nomor WA 0877 7111 2123. Agar semua makin mudah ayo download","2062548889983758404","","redoceanox","in","","1","0","0","https://x.com/undefined/status/2062548889983758404","558516132",
"2062391145444106574","Thu Jun 04 04:29:01 +0000 2026","0","Charging Rate Kecil: Antrean Mobil Listrik di SPKLU Bakal Mengular ~NA Klik untuk baca: https://t.co/ucBrqUyXBw","2062391145444106574","","","in","","0","1","0","https://x.com/undefined/status/2062391145444106574","23343960",
"2062326717599928812","Thu Jun 04 00:13:00 +0000 2026","30","Ratusan massa yang tergabung dalam Aliansi Gerakan Cipayung Plus Sumatera Utara menggelar aksi unjuk rasa di depan kantor PLN Unit Induk Distribusi (UID) Sumatera Utara Selasa (2/6/2026). Aksi yang diikuti kader GMNI GMKI IMM dan KAMMI Sumut itu berlangsung memanas hingga https://t.co/MnsAazlWv3","2062326717599928812","https://pbs.twimg.com/amplify_video_thumb/2062251303926169600/img/GrzjYvNnyXexvJgj.jpg","","in","","0","1","10","https://x.com/undefined/status/2062326717599928812","1745265761416056832",
"2062057032908435724","Wed Jun 03 06:21:22 +0000 2026","1","Komuniitas Koleksi menilai kondisi SPKLU di lapangan justru sudah jauh lebih baik dibanding beberapa tahun lalu. https://t.co/TWaVZsfada","2062057032908435724","","","in","","0","0","0","https://x.com/undefined/status/2062057032908435724","23343960",
"2062006646742884744","Wed Jun 03 03:01:09 +0000 2026","3","Sudah tau belum sekarang Stasiun Slawi sudah memiliki fasilitas charger mobil listrik/ SPKLU. Meski area parkirnya tidak terlalu luas pengguna kendaraan listrik kini bisa memanfaatkan fasilitas pengisian daya yang tersedia di area stasiun. https://t.co/ItlWRh67zm","2062006646742884744","https://pbs.twimg.com/media/HJ24GiYakAA7Qw5.jpg","","in","","0","0","0","https://x.com/undefined/status/2062006646742884744","183897108",
"2061699081962193160","Tue Jun 02 19:21:26 +0000 2026","11","@ertigaid Yup ini baru berapa persen yg punya ev. Bayangin kalo udah separo yg pake ev. Tiap hari isinya rebutan spklu. Wkwkwk.","2061890955440177555","","ertigaid","in","","0","0","0","https://x.com/undefined/status/2061890955440177555","1720459107583565824",
"2061275816210887161","Mon Jun 01 06:24:07 +0000 2026","1","@PecintaSejarah2 otaknya kpk mungkin abis baca berita ini langsung pegang kepala. lo mau izin gak hadir rapat mbg tapi caranya temui gubernur tengah malam? gak ada hp? video call aja takut ketauan sama siapa? terus pilihannya ngaku bareng gubernur biar kasusnya seolah-olah gak sendiri tapi","2061332948369228265","","PecintaSejarah2","in","","0","0","0","https://x.com/undefined/status/2061332948369228265","3716097493",
"2061275816210887161","Mon Jun 01 02:37:05 +0000 2026","844","Fadia Rafiq Bupati Pekalongan yang ditangkap KPK mengaku bahwa dirinya ditangkap saat bersama Ahmad Luthfi di rumah pribadi Gubernur Jateng tersebut. Ahmad Luthfi statusnya tidak memiliki istri. Fadia Rafiq adalah wanita yang berparas cantik. KPK menepis statement Fadia https://t.co/NvzwAu0um9","2061275816210887161","https://pbs.twimg.com/media/HJsfbkabwAA04iv.jpg","","in","","3","43","119","https://x.com/undefined/status/2061275816210887161","1376458830175870976",
"2061057134696239229","Sun May 31 13:46:15 +0000 2026","0","@Senjapagimalam @Senjapagimalam Hi Kak admin siap melayani sepenuh hati. Admin informasikan untuk terkait SPKLU akan dikenakan biaya ya Kak. Agar semua makin mudah ayo download aplikasi New PLN Mobile. Sehat selalu. Trims -Lutfi","2061081828614971702","","Senjapagimalam","in","","0","0","0","https://x.com/undefined/status/2061081828614971702","558516132",
"2060686741493920088","Sat May 30 14:50:46 +0000 2026","11","@Ardaffaf Yang paling ga masuk akal dari vinfas itu doi bikin spklu diseluruh cabang kantor pos yg ada di tiap kecamatan.","2060735677986418921","","Ardaffaf","in","","0","0","0","https://x.com/undefined/status/2060735677986418921","1192292306742693888",
"2060732509244305864","Sat May 30 14:44:32 +0000 2026","4","Relevan di Indonesia Kondisi SPKLU 2026: * ±2.500 SPKLU nasional * ±800 fast charger DC * 70% terkonsentrasi di Jawa Efektivitas: Sangat efektif untuk: - Pengguna perkotaan - Komuter harian - Perjalanan antarkota utama ️ Masih terbatas untuk: - Perjalanan jarak jauh luar Jawa","2060734107634790888","","Rahadi0816","in","","0","0","4","https://x.com/undefined/status/2060734107634790888","1611567480992043008",
"2060532005272703174","Sat May 30 01:40:37 +0000 2026","3","Tips Transisi‼️ Sebelum memutuskan hitung kembali rute harian dan jarak tempuh Anda. Jika Anda lebih sering bepergian jarak jauh antar kota Hybrid adalah opsi paling fleksibel. Sebaliknya jika wilayah Anda memiliki banyak SPKLU (Stasiun Pengisian Kendaraan Listrik Umum) dan","2060536828747563032","","sharpandshark","in","","0","0","0","https://x.com/undefined/status/2060536828747563032","1628338800362672128",
"2059285571449799108","Tue May 26 15:18:37 +0000 2026","0","@bukanomar_ @bukanomar_ Hai Kakak Mhn maaf atas perihal tersebut. akan mimin tindaklanjuti. Untuk itu dapat menginformasikan Alamat SPKLU dan No. Telepon melalui DM. Mimin tunggu ya Kak. Tks -Rian","2059293133809332652","","bukanomar_","in","","0","0","0","https://x.com/undefined/status/2059293133809332652","558516132",
"2059148814507036709","Tue May 26 05:45:09 +0000 2026","0","Launching Tera SPKLU Komitmen Jaga Kepercayaan Masyarakat #BacadiBJ #beritajakarta #dkijakarta #jaki #welovejakarta https://t.co/y3TER75Npq","2059148814507036709","","","in","","0","0","0","https://x.com/undefined/status/2059148814507036709","213204035",
"2059056319538356501","Tue May 26 02:01:50 +0000 2026","4","@innovacommunity Sejauh ini masih asik2 aja om kerjaan diluar kota (masih dalam jangkauan kapasitas batre untuk PP) Spklu masih belum antri.","2059092617020019034","","innovacommunity","in","","0","1","0","https://x.com/undefined/status/2059092617020019034","79547046",
"2058830546567041468","Mon May 25 09:33:03 +0000 2026","8","@nyidamendhog @txttransportasi Kalo tj kan dalam kota doang sedangkan bus akap itu risiko soal ketersediaan spklu di daerah.","2058843782091800872","","nyidamendhog","in","","0","0","0","https://x.com/undefined/status/2058843782091800872","916314380",
"2058798685748703382","Mon May 25 06:33:51 +0000 2026","0","Kemendag Luncurkan Alat Ukur SPKLU untuk Lindungi Konsumen EV https://t.co/IOAEOkngTm","2058798685748703382","","","in","","0","0","0","https://x.com/undefined/status/2058798685748703382","118371948",
"2058797713815155149","Mon May 25 06:30:00 +0000 2026","0","Kemendag Targetkan Uji 5.000 SPKLU Tahun Depan https://t.co/KQfOdbLhLE","2058797713815155149","","","in","","0","0","0","https://x.com/undefined/status/2058797713815155149","4187275698",
"2058492709837668691","Sun May 24 10:18:01 +0000 2026","1","Wajib Tahu Etika Mengecas Mobil Listrik di SPKLU https://t.co/Zd9hDM2Ybf","2058492709837668691","","","in","","0","0","1","https://x.com/undefined/status/2058492709837668691","41730943",
"2058140236958577026","Sat May 23 14:42:35 +0000 2026","2","@disc8785885 @jawapos Saya bukan orang sana aja jg kesel kok. Tau gmn keselnya pengemudi mobil listrik seperti itu. Di aplikasi kan bisa cek SPKLU mana yg kosong. Pas sampe lokasi tempatnya bukan dipake buat charge tapi malah buat parkir. Belum lagi baterai mobilnya udah sekarat.. Ga heran ngamuk.","2058196899984007313","","disc8785885","in","","0","1","0","https://x.com/undefined/status/2058196899984007313","42585625",
"2057748304918913522","Fri May 22 09:00:01 +0000 2026","0","PLN kenalkan inovasi SPKLU mobile emergency untuk pengguna EV https://t.co/L6hdVaz04o","2057748304918913522","","","in","","0","0","0","https://x.com/undefined/status/2057748304918913522","121640063",
"2057398457330229745","Thu May 21 09:49:51 +0000 2026","1","PLN Resmikan SPKLU ke-5.000 di Tanjung Priok Jakarta Utara https://t.co/nniRS0h6pt","2057398457330229745","","","in","","0","0","1","https://x.com/undefined/status/2057398457330229745","68930552",
"2057018145521766793","Wed May 20 22:54:42 +0000 2026","20","@liputan6dotcom @prabowo khayalan tingkat dewa. Inggris sejak tahun 2016 isi ulang mobil listrik udah pake tiang pju. Kita 2026 isi ulang masih spklu. Tahun brp kita bisa isi ulang mobil listrik di tiang pju? Samain itu aja dlu wo sebelum salip ekonomi. Biar ga trlalu keliatan omon² https://t.co/qYh4ru6GZH","2057233585158160413","https://pbs.twimg.com/media/HIzDCvwbMAABYqZ.jpg","liputan6dotcom","in","","0","0","1","https://x.com/undefined/status/2057233585158160413","1751219493819555840",
"2055872383249158635","Sun May 17 04:45:47 +0000 2026","2","Apes di SPKLU! Kabel Tersangkut di Towing Bar Mesin Fast Charging 200 KW di Bantul Ikut Tertarik #spklu #mobillistrik #ev #bantul #yogyakarta #viral #indonesia #trending #fyp #charger #teknologi #otomotif #update https://t.co/8I6SpQEOyv","2055872383249158635","https://pbs.twimg.com/amplify_video_thumb/2055872130382974976/img/T0_cN4yYdf7XImpx.jpg","","in","","0","0","0","https://x.com/undefined/status/2055872383249158635","1886262460149346304",
"2055655639607828596","Sat May 16 14:24:31 +0000 2026","12","Saat ini Borneo Trans mulai membangun SPKLU di depan kantor pemasarannya di Pontianak (Kubu Raya). Diperlukan kesiapan infrastruktur sebelum bus listrik ini dapat beroperasi. https://t.co/9sNazmshB9","2055655639607828596","https://pbs.twimg.com/media/HIcn5t7bQAATRtT.jpg","","in","","0","0","2","https://x.com/undefined/status/2055655639607828596","900999973075996672",
"2055587951166492742","Sat May 16 09:55:33 +0000 2026","5","Penambahan populasi EV belum diimbangi dengan penambahan jumlah SPKLU. 6 mobil memperebutkan dua SPKLU di rest area Karang Tengah https://t.co/w4RdCMqXhP","2055587951166492742","https://pbs.twimg.com/ext_tw_video_thumb/2055587921793785856/pu/img/vCUfaC2jDqkC4Qjp.jpg","","in","","2","1","1","https://x.com/undefined/status/2055587951166492742","119741295",
"2055534036488196273","Sat May 16 09:21:30 +0000 2026","8","@RadioElshinta Aduh mesin SPKLU Ultra Fast Charging dengan daya 200 kW 2 nozzle konektor CCS2 data ESDM investnya 700-800jt. Belum integrasi n deploymentnya","2055579383310811325","","RadioElshinta","in","","0","0","0","https://x.com/undefined/status/2055579383310811325","286731815",
"2055557357636333704","Sat May 16 07:53:59 +0000 2026","7","Waduh... Buat semua pengguna SPKLU sebelum jalan pastiin kabel SPKLU nya nggak nyangkut/kelindes ban. Kronologi: Chery J5 kena sangkut kabel charging station 200 kW akhirnya roboh dan nimpa J6. https://t.co/h7JeafRd0P","2055557357636333704","https://pbs.twimg.com/ext_tw_video_thumb/2055557218230210560/pu/img/ZGcm9DO8V0zw1_8T.jpg","","in","","0","2","0","https://x.com/undefined/status/2055557357636333704","1194220651155873793",
"2055534036488196273","Sat May 16 06:21:18 +0000 2026","118","Kabel Charger Diduga Tersangkut di Mobil Mesin Fast Charging SPKLU Di Bantul Ikut Tertarik Sebuah insiden di stasiun pengisian kendaraan listrik (SPKLU) menjadi perhatian warganet setelah video yang beredar di media sosial memperlihatkan kabel charger diduga masih tersangkut https://t.co/f1Y2SkINBf","2055534036488196273","https://pbs.twimg.com/amplify_video_thumb/2055533729326739456/img/swRYjp2A6ZkT6drV.jpg","","in","","3","26","39","https://x.com/undefined/status/2055534036488196273","121640063",
"2055171569929040117","Fri May 15 06:21:00 +0000 2026","1","Shm! Buat pengguna mobil listrik Yuk share pengalamanmu mengenai SPKLU Insentif pemerintah dan Kepuasan thd EV Klik barcode berikut ya https://t.co/yWEC2oVJCV","2055171569929040117","https://pbs.twimg.com/media/HIVvpj_bcAAkU5t.png","","in","","0","1","0","https://x.com/undefined/status/2055171569929040117","1336580251493646343",
"2055111096386936929","Fri May 15 06:11:02 +0000 2026","3","@ertigaid Kira2 apa mungkin nanti ada drama spklu ya min? Misal rebutan charger sama driver grabcar ","2055169064172196062","","ertigaid","in","","0","1","0","https://x.com/undefined/status/2055169064172196062","220035649",
"2054926250838544852","Thu May 14 14:06:11 +0000 2026","3","afaik SPKLU yang layoutnya cocok buat kendaraan besar se-jakarta (mungkin se-indonesia) cuma di perintis kemerdekaan yang 2 pulau SPBBG-nya beneran disulap buat EV yang ngecas dengan durasi singkat. dateng ngecas cabut. gak ada parkir maju mundur dulu https://t.co/UOf8xs6U7K","2054926250838544852","https://pbs.twimg.com/media/HISQXVPbIAAymmj.jpg","","in","","0","0","0","https://x.com/undefined/status/2054926250838544852","266506059",
"2054899838156943573","Thu May 14 14:01:43 +0000 2026","2","@SAASH1MI Bener Ca.. Insentif 2025 keluar pas rasio EV/SPKLU dibawah 15.. insentifnya siap infranya amburadul ","2054925125770957132","","SAASH1MI","in","","0","1","0","https://x.com/undefined/status/2054925125770957132","1886290407501557760",
"2054899838156943573","Thu May 14 12:21:14 +0000 2026","5","i think we need more spklu deh.... antrinya lumayan yah","2054899838156943573","","","in","","0","4","0","https://x.com/undefined/status/2054899838156943573","1180796981322469376",
"2054140043800047931","Tue May 12 10:15:26 +0000 2026","0","@YusikakisuY @YusikakisuY Halo Kak admin siap melayani sepenuh hati. Perihal kendala tsb Kk dapat menghubungi via Chat WA ke Hotline SPKLU dinomor 0877 7111 2123 ya Kak. Agar semua makin mudah ayo download aplikasi New PLN Mobile. Sehat selalu. Tks -Aji","2054143404683276357","","YusikakisuY","in","","0","0","0","https://x.com/undefined/status/2054143404683276357","558516132",
"2053720621847351348","Mon May 11 06:15:27 +0000 2026","0","Perang yang meletus pada 28 Februari 2026 telah mengguncang pasar energi global. Kenaikan harga diesel yang mencapai 27% memicu percepatan transisi dari truk konvensional ke kendaraan listrik (EV) khususnya di China dan Indonesia. Baca Selengkapnya di https://t.co/tjznh1DGG7 https://t.co/OSq1lf6o74","2053720621847351348","https://pbs.twimg.com/media/HIBIAu5aQAAZXKZ.jpg","","in","","0","0","0","https://x.com/undefined/status/2053720621847351348","231355136",
"2053673947208790045","Mon May 11 03:09:59 +0000 2026","4","jujur kepala ini gak sanggup nanggung kontrak B2B bilingual legal opinion SPKLU sertifikat standar klinik pratama ngurusin amdal pabrik outsourcing secara bersamaan fix gue ️","2053673947208790045","","","in","","0","1","0","https://x.com/undefined/status/2053673947208790045","1679090790390460416",
"2053650826338750809","Mon May 11 01:38:06 +0000 2026","159","Bacanya pelan-pelan jangan emosi di depan :) Sebagai orang yang tertarik menggunakan EV bagiku kebijakan yang berubah-ubah itu malesin sih. Semacam udah mendekati yakin karena bensin dkk harganya volatil EV ada insentif SPKLU mulai banyak; trus mendadak ada 1 aturan penting https://t.co/wTXmCfNLjb","2053650826338750809","https://pbs.twimg.com/media/HIAG5gda0AE-KwT.jpg","","in","","2","5","52","https://x.com/undefined/status/2053650826338750809","69806285",
"2053095600925933826","Sat May 09 12:51:50 +0000 2026","0","SPKLU Center Jadi Magnet Baru Aloha PIK2 Targetkan 1 4 Juta Pengunjung https://t.co/GB4m29fTs4","2053095600925933826","","","in","","0","0","0","https://x.com/undefined/status/2053095600925933826","1415953428",
"2052267946110804259","Thu May 07 06:03:02 +0000 2026","0","PT Perusahaan Listrik Negara resmikan SPKLU Center di Bantul dengan fasilitas ultra fast charger dan lounge modern memperkuat ekosistem kendaraan listrik di Indonesia. Langkah ini jadi dorongan nyata menuju transportasi rendah emisi sekaligus mendukung target Net Zero 2060. Baca","2052267946110804259","","","in","","0","0","0","https://x.com/undefined/status/2052267946110804259","23343960",
"2052232688514556240","Thu May 07 03:42:56 +0000 2026","0","Masyarakat Indonesia memiliki antusiasme tinggi untuk beralih ke kendaraan listrik. Namun laju adopsi terhambat oleh daya beli dan minimnya infrastruktur SPKLU. #UntukIndonesia https://t.co/BKMArKKgHu","2052232688514556240","","","in","","0","0","0","https://x.com/undefined/status/2052232688514556240","255866913",
"2052147472877723708","Wed May 06 22:04:19 +0000 2026","0","Masyarakat Indonesia memiliki antusiasme tinggi untuk beralih ke kendaraan listrik. Namun laju adopsi terhambat oleh daya beli dan minimnya infrastruktur SPKLU. #Ekonomi #AdadiKompas https://t.co/snkaKitzqQ","2052147472877723708","","","in","","1","0","0","https://x.com/undefined/status/2052147472877723708","255866913",
"2052044120714326034","Wed May 06 15:13:38 +0000 2026","1","SEBARAN SPKLU &amp; SPBKLU DI SEKITAR KITA! #SobatEnergi sudah tahu belum lokasi-lokasi SPKLU &amp; SPBKLU? Nih Minergi bocorin ya. Hingga Maret 2026 tercatat 4.892 unit SPKLU telah beroperasi di 3.163 titik. https://t.co/kHKVCitLRB","2052044120714326034","https://pbs.twimg.com/media/HHpTQAabcAAUzGH.jpg","","in","","0","1","1","https://x.com/undefined/status/2052044120714326034","1138467176",
"2052006447907787159","Wed May 06 12:43:56 +0000 2026","37","Kapolda Sumatera Utara meresmikan Stasiun Pengisian Kendaraan Listrik Umum (SPKLU) di Mako Polda Sumut dan melaksanakan penandatanganan MOU dengan PT. PLN (Persero). #poldasumut #polriuntukmasyarakat #presisi https://t.co/Mjg7FTXru0","2052006447907787159","https://pbs.twimg.com/amplify_video_thumb/2052006309730680832/img/rZJR1zEOJt3D6JtL.jpg","","in","","0","19","0","https://x.com/undefined/status/2052006447907787159","1540532249124253696",
"2051924670182777159","Wed May 06 08:22:11 +0000 2026","1","@MyPertaminaID @MyPertamina Jawabannya 1. Warna background tulisan SPKLU 2. Warna mobil 3. Bentuk mata ikon my pertamina #MyPertamina #MelayaniSepenuhHati #EnergizingIndonesia Sukses selalu @MyPertaminaID","2051940577579848141","","MyPertaminaID","in","","0","0","0","https://x.com/undefined/status/2051940577579848141","1997895507847622656",
"2051609772764602733","Tue May 05 10:27:41 +0000 2026","0","Surabaya Hadirkan 5 SPKLU Ultra Fast Charging Ini Lokasinya https://t.co/sBgzKkWiZa","2051609772764602733","","","in","","0","0","0","https://x.com/undefined/status/2051609772764602733","848614550",
"2051183180187848786","Mon May 04 06:12:33 +0000 2026","21","SPKLU bisa cepat berkembang krn lebih gampang bikinnya drpd SPBU. Modalnya jg lebih murah. Diluar tanah bikin SPBU minimal 5M sekelas pertashop atau SPBU mobil minimal 250jt. Bikin SPKLU sekitar 360jt. Perizinan SPKLU jg gk seribet SPBU.","2051183180187848786","","","in","","0","1","6","https://x.com/undefined/status/2051183180187848786","853206219611185152",
"2051177045582139619","Mon May 04 05:48:11 +0000 2026","16","Pertanyaan ayam dan telur: EV dulu atau infrastruktur charging dulu? Menurut beberapa survei keraguan utama calon pengguna EV adalah 'range anxiety' alias cemas soal ketahanan baterai dan di mana ngisinya. Pertumbuhan tempat charging (SPKLU) dan nuker baterai (motor &gt;&gt; SPBKLU) https://t.co/UgplBqZS15","2051177045582139619","https://pbs.twimg.com/media/HHc82H5acAAuGTs.jpg","","in","","1","3","6","https://x.com/undefined/status/2051177045582139619","69806285",
"2050846460850426362","Sun May 03 11:55:27 +0000 2026","12","@vajar4111 Iya om musti cek rute yg dipilih ada SPKLU gk dan apakah battery nya cukup.","2050907085173617021","","vajar4111","in","","0","0","0","https://x.com/undefined/status/2050907085173617021","853206219611185152",
"2050846460850426362","Sun May 03 10:40:54 +0000 2026","2","@SmwGwOto Beberapa kali ke Bdg malah gak pernah charging ulang PP plus jalan2 udah cukup. Kecuali lebih dari dua hari mungkin ya baru cari spklu","2050888323993055681","","SmwGwOto","in","","0","0","0","https://x.com/undefined/status/2050888323993055681","18448193",
"1740966229563830545","Sat May 02 14:32:00 +0000 2026","0","@Harischandraa33 @Harischandraa33 Baik Kak Haris untuk perihal pengaduannya Kakak dapat menghubungi hotline SPKLU di nomor 087771112123 ya Kak. Agar semua makin mudah ayo download aplikasi New PLN Mobile. Sehat selalu. Tks -Cahyo","2050584092174152188","","Harischandraa33","in","","0","0","0","https://x.com/undefined/status/2050584092174152188","558516132",
"1740966229563830545","Sat May 02 13:57:27 +0000 2026","0","@Harischandraa33 @Harischandraa33 Hai Kak admin siap melayani sepenuh hati. Untuk pelaporan gangguan terkait SPKLU bisa menghubungi nomor WhatsApp yang tertera ya Kak. Agar semua makin mudah ayo download aplikasi New PLN Mobile. Sehat selalu. Thanks -Yusril","2050575396652146696","","Harischandraa33","in","","0","1","0","https://x.com/undefined/status/2050575396652146696","558516132",
"2049832346854326334","Thu Apr 30 12:44:50 +0000 2026","4","Fasilitas umum rasa pribadi. Inget guys SPKLU itu milik bersama jangan serakah. https://t.co/wHvu6hFhPL","2049832346854326334","https://pbs.twimg.com/media/HHJ3om8bEAALXcl.jpg","","in","","0","1","0","https://x.com/undefined/status/2049832346854326334","1194220651155873793",
"2049029627818148128","Tue Apr 28 07:35:07 +0000 2026","14","Minggu lalu naik Green SM driver sendiri pun kesulitan cari lokasi SPKLU khusus VinFast dan kalau mogok harus pakai derek/towing resmi faktanya lg ketika saya bayar 158 ribu argo yg diterima drivernya hanya 70 ribu potongannya lebih dari 50% bukan.","2049029627818148128","","","in","","0","0","2","https://x.com/undefined/status/2049029627818148128","1968646358531026944",
"2048806103610482870","Tue Apr 28 01:15:24 +0000 2026","0","@ekawidyapur @ekawidyapur Hai Kak mimin siap melayani sepenuh hati. Mohon maaf kendalanya ya perihal SPKLU sering padam agar dpt mimin tindaklanjuti Kakak bs info alamat lengkap dan No. Tlp melalui DM ke mimin. Mimin tunggu konfirmasinya lebih lanjut y. Tks-Herni","2048934069740999166","","ekawidyapur","in","","0","0","0","https://x.com/undefined/status/2048934069740999166","558516132",
"2048742872955207748","Mon Apr 27 12:35:39 +0000 2026","0","Indonesia Ditargetkan Punya 192 Ribu SPKLU pada 2034 https://t.co/VZXdFFqHdr","2048742872955207748","","","in","","0","0","0","https://x.com/undefined/status/2048742872955207748","80543284",
"2048633973824458805","Mon Apr 27 05:22:55 +0000 2026","0","Populasi Mobil Listrik di RI 119 Ribu Unit SPKLU-nya Cuma Ada 4 Ribu https://t.co/qOzUmk2K9h","2048633973824458805","","","in","","1","0","0","https://x.com/undefined/status/2048633973824458805","80543284",
"2047741445264773230","Sat Apr 25 04:54:53 +0000 2026","39","@fajarnugros Bless in disguise. Berita soal BBM ini apalagi insentif EV bikin akselerasi penjualan makin kenceng. Apalagi ekosistem SPKLU sdh ramai di pulau Jawa tinggal aftersales yg pasti mengikuti. Follow the market and money.","2047902141751447855","","fajarnugros","in","","0","1","0","https://x.com/undefined/status/2047902141751447855","136499246",
"2047298104874164627","Thu Apr 23 12:54:39 +0000 2026","0","Pakai Mobil Listrik Sudah Aman 4.892 Unit SPKLU Sudah Tersebar di RI https://t.co/w1a0leE7oi","2047298104874164627","","","in","","0","0","0","https://x.com/undefined/status/2047298104874164627","847372542830444544",
"2047281280975601787","Thu Apr 23 11:47:48 +0000 2026","5","Aprisiasi terhadap Pemprov DKI yg sdh menginisiasi kajian Manajemen Risiko Kendaraan Listrik. Kendaraan Bermotor Listrik Berbasis Baterai (KBLBB) banyak bagusnya tp harus banyak persiapan biar tdk menjadi bahaya dikemudian hari. Dimulai Infrastruktur pendukungnya s/d https://t.co/5nm58KPfjq","2047281280975601787","https://pbs.twimg.com/media/HGlneaGbEAAVRm8.jpg","","in","","0","0","0","https://x.com/undefined/status/2047281280975601787","187667135",
"2047147648969519425","Thu Apr 23 02:56:48 +0000 2026","1","Adopsi kendaraan listrik di China tidak hanya bertumpu pada SPKLU atau pengisian di rumah. Negeri Tirai Bambu juga mengembangkan battery swap sebagai alternatif yang lebih cepat dan efisien. Baca Selengkapnya https://t.co/hFohIrz4OA ~NA #MobilListrik #BatterySwap #SPKLU https://t.co/GZP8LgwrLB","2047147648969519425","https://pbs.twimg.com/media/HGjt6t2aoAApeZK.jpg","","in","","0","0","0","https://x.com/undefined/status/2047147648969519425","23343960",
"2046464409753809230","Tue Apr 21 05:41:51 +0000 2026","0","Masih Ragu Beli Mobil Listrik? Ini 5 Alasan Hybrid Lebih Masuk Akal saat SPKLU Belum Merata https://t.co/3I1Y4q5UMg","2046464409753809230","","","in","","0","0","0","https://x.com/undefined/status/2046464409753809230","2392460208",
"2046384954981138827","Tue Apr 21 00:38:08 +0000 2026","0","@rullysardjan @rullysardjan Hi Kakak admin siap melayani sepenuh hati. Mohon maaf Kk untuk kendalanya dapat menghubungi ke hotline SPKLU di nomor 087771112123 ya Kk. Agar semua makin mudah ayo download aplikasi New PLN mobile di Play Store atau Apps Store. Stay safe -Weli","2046387976402583623","","rullysardjan","in","","0","0","0","https://x.com/undefined/status/2046387976402583623","558516132",
"2046140970409091406","Mon Apr 20 08:16:37 +0000 2026","5","Mungkin salah satu Brand dengan Service Tersebar dan banyak di Indonesia yakni @polytronmobile Ketika kami benerin Dispenser. Disana ada jualan motor SPKLU nya Mobil juga ada TV dan Mesin Cuci juga ada. Bisa dipertimbangkan terutama kaya Motor Listrik nya Keliatannya akan https://t.co/ZARLMOmTRP","2046140970409091406","https://pbs.twimg.com/ext_tw_video_thumb/2046140951178117120/pu/img/WhDyYGMQBidawZRs.jpg","","in","","0","1","0","https://x.com/undefined/status/2046140970409091406","1034308064",
"2045329045450322057","Sat Apr 18 04:59:52 +0000 2026","3","@poetralr13 @dwiputro89 @ezash Makin ngelantur. Awalnya sok debat makro subsidi APBN krn kalah telak skrg geser tiang gawang ngeluhin aftersales bengkel mobil? PLN lg masif bangun ribuan SPKLU. Transisi ekosistem itu butuh waktu. Kalo negara ngikutin mental cengeng lu selamanya kita dijajah impor BBM","2045366680046682255","","poetralr13","in","","0","1","0","https://x.com/undefined/status/2045366680046682255","78272180",
"2044970164383256579","Fri Apr 17 02:44:15 +0000 2026","1","Lonjakan penggunaan SPKLU selama RAFI menjadi indikator meningkatnya kepercayaan masyarakat terhadap kendaraan listrik. #Taja #AdadiKompas https://t.co/9DACYkf6wg","2044970164383256579","","","in","","0","0","0","https://x.com/undefined/status/2044970164383256579","255866913",
"2044782319362560239","Thu Apr 16 14:17:49 +0000 2026","0","Kadis Nakertransgi Resmikan SPKLU di Cipayung #BacadiBJ #BeritaJakarta #DKIJakarta #JAKI #WeLoveJakarta https://t.co/2C7LEasLub","2044782319362560239","","","in","","0","0","0","https://x.com/undefined/status/2044782319362560239","213204035",
"2044760217406308433","Thu Apr 16 12:50:00 +0000 2026","0","Ekosistem kendaraan listrik di Indonesia terus menguat. Hingga Maret 2026 tercatat 4.911 SPKLU tersebar di 3.156 lokasi dengan populasi kendaraan listrik mencapai sekitar 200 ribu unit. Hal ini disampaikan oleh General Manager PLN UID Jakarta Raya Moch. Andy Adchaminoerdin https://t.co/f1PNXHCgSz","2044760217406308433","https://pbs.twimg.com/media/HGBrUJ_b0AAatJa.jpg","","in","","0","0","0","https://x.com/undefined/status/2044760217406308433","121640063",
"2044708332574015699","Thu Apr 16 09:40:15 +0000 2026","0","@zams_nurjaman @zams_nurjaman Hi Kak Zams mimin siap melayani sepenuh hati. Dengan senang hati mimin informasikan terkait kerjasama dengan SPKLU yang bersifat bisnis (bermitra bekerjasama invetasi). Kakak dapat mengakses website https://t.co/T1R2GUdQBf ya Kak. Agar semua makin mudah ayo","2044712468061327397","","zams_nurjaman","in","","0","1","0","https://x.com/undefined/status/2044712468061327397","558516132",
"2044619947058597997","Thu Apr 16 03:49:51 +0000 2026","0","@Shinigamii_33 @Shinigamii_33 Hai Kak admin siap melayani sepenuh hati mohon maaf atas ketidaknyamanannya. Perihal keluhannya akan admin tindak lanjuti dibantu informasikan nama pelapor alamat SPKLU dan nomor tlp via DM. Admin tunggu ya. Tks-Cita","2044624283641733259","","Shinigamii_33","in","","0","1","0","https://x.com/undefined/status/2044624283641733259","558516132",
"2044400652307333239","Wed Apr 15 13:02:17 +0000 2026","3","HEV (hybrid): Depresiasi stabil 10 15%/tahun Resale value paling kuat &amp; praktis PHEV: Solusi tengah (fleksibel listrik + BBM) cocok jarak jauh Infrastruktur: SPKLU masih terkonsentrasi di Jawa → home charging jadi kunci BEV 2. Entry Level (&lt; Rp350 juta) Target: city car/komuter https://t.co/n32G0BJfyC","2044400921208401955","https://pbs.twimg.com/media/HF8ryYyaUAEOu78.jpg","Rahadi0816","in","","0","0","3","https://x.com/undefined/status/2044400921208401955","1611567480992043008",
"2044359967688269900","Wed Apr 15 10:19:33 +0000 2026","0","Semakin banyaknya SPKLU pemerintah yang dikembangkan PLN kehadiran SPKLU swasta turut menunjang pertumbuhan pengguna kendaraan listrik di Tanah Air. #Ekonomi #AdadiKompas https://t.co/LZbRpFY7DO","2044359967688269900","","","in","","0","0","0","https://x.com/undefined/status/2044359967688269900","255866913",
"2044245026377740590","Wed Apr 15 02:42:58 +0000 2026","2","1. Harga beli lebih mahal di awal selisihnya bisa Rp50 100 juta dibanding bensin sekelas. 2. Waktu isi daya lama butuh 30 menit hingga beberapa jam. Bensin cukup 5 10 menit. 3. SPKLU masih terbatas cocok buat kota besar tapi perjalanan luar kota masih bikin was-was.","2044245066454315335","","13_iwaN","in","","0","1","0","https://x.com/undefined/status/2044245066454315335","78260254",
"2044245026377740590","Wed Apr 15 02:42:55 +0000 2026","2","Buat yang 40 km sehari: Mobil bensin butuh sekitar Rp20.000/hari. Mobil listrik (isi di SPKLU)? Rp14.400/hari. Kalau isi di rumah? Cuma Rp7.900/hari. Selisih Rp12.100/hari kelihatan kecil. Tapi dalam setahun = Rp4 4 juta. Dalam 5 tahun = Rp22 juta cuma dari bensin vs listrik.","2044245054378914218","","13_iwaN","in","","0","1","0","https://x.com/undefined/status/2044245054378914218","78260254",
"2042756850895196652","Sat Apr 11 16:05:48 +0000 2026","3","@jo_arsy SPKLU daerah gw sih ga pernah kosong. Malah kita antri klo mau pake fast charging. Issue battery drop gw rasa perusahaan ev punya R&amp;D sendiri buat cegah Hal itu sebelom fast charging release dan compatible dengan Mobil mereka. ","2042997552195473428","","jo_arsy","in","","0","1","0","https://x.com/undefined/status/2042997552195473428","902005561675227136",
"2042756850895196652","Sat Apr 11 15:17:21 +0000 2026","10","@warungdegen Bro phase 3 di China katanya beberapa menit full. Tapi di Indo? SPKLU masih sepi colokan rusak dan fast charging yang ada aja bikin baterai cepet drop umur. Lo ganti semua mobil rumah ke EV respect. Tapi buat mayoritas yang daily commute macet &amp; keluar kota random tetep","2042985360091943072","","warungdegen","in","","1","3","0","https://x.com/undefined/status/2042985360091943072","1621239711229698050",
"2042964924394266625","Sat Apr 11 13:56:09 +0000 2026","4","Nekat bawa Ev sampai ke Jember ternyata seru dan udah gak takut lagi kehabisan listrik karna SPKLU udah hampir merata di PLN setiap kota https://t.co/Ny1G0Ssh8O","2042964924394266625","https://pbs.twimg.com/media/HFoRbSQakAIoKlM.jpg","","in","","0","0","0","https://x.com/undefined/status/2042964924394266625","1519955319564423168",
"2042529777312239984","Fri Apr 10 10:43:06 +0000 2026","5","@picscjiwoo Walaupun dikata Tom and Jerry tetapi Leehoon mode SPKLU tidak bisa dibantah","2042553955100823708","","picscjiwoo","in","","0","1","1","https://x.com/undefined/status/2042553955100823708","3224131358",
"2042185753535336777","Thu Apr 09 10:20:00 +0000 2026","0","Penggunaan SPKLU di Bali naik 9 kali lipat saat Libur Nyepi-Idul Fitri https://t.co/QmaOejXO8y","2042185753535336777","","","in","","0","0","0","https://x.com/undefined/status/2042185753535336777","121640063",
"2042159268762427758","Thu Apr 09 10:01:32 +0000 2026","14","@Strategi_Bisnis EV itu masa depan.Dlm konteks Indonesia EV adl harapan kemandirian energi (batubara LNG panas bumi melimpah). Pemerintah jor2an beri insentif. Beberapa kelemahan EV yg sdh bersaing dg ICE: Harga awal Jarak tempuh Infrastruktur SPKLU Yg belum diatasi: 1Harga baterai msh mahal","2042181108952142251","","Strategi_Bisnis","in","","0","2","0","https://x.com/undefined/status/2042181108952142251","4601087533",
"2041370380825407627","Tue Apr 07 04:20:00 +0000 2026","0","Stasiun Pengisian Kendaraan Listrik Umum (SPKLU) Signature berkapasitas 2 7 MVA yang terbesar dan pertama di Indonesia kini bisa dijumpai di Summarecon Mall Bekasi (SMB). https://t.co/gQnq2XnlE7","2041370380825407627","","","in","","0","0","0","https://x.com/undefined/status/2041370380825407627","106745550",
"2041049106966323320","Mon Apr 06 10:33:01 +0000 2026","0","@DeepDiveSeek @ertigaid Tapi kan lemot watt nya g segede spklu","2041101866407469415","","DeepDiveSeek","in","","0","1","0","https://x.com/undefined/status/2041101866407469415","267097201",
"2041098754737225820","Mon Apr 06 10:20:39 +0000 2026","2","Era sudah berbeda Pak JK. Pemerintah #prabowogibran dituntut kerja ekstra persiapkan kebutuhan rakyat di masa depan. Terutama Gibran calon pemimpin bangsa kelak. #spklu #spbu Langkah ini bahkan sudah dirintis sejak 2019 oleh Jokowi 🇮🇩 untuk Indonesia. #legacy #Jokowilegacy 🇮🇩 https://t.co/pKh0LueSLj","2041098754737225820","https://pbs.twimg.com/media/HFNweMOaMAE2pUZ.jpg","","in","","1","0","0","https://x.com/undefined/status/2041098754737225820","1405723264710709248",
"2041049106966323320","Mon Apr 06 09:59:57 +0000 2026","7","@ertigaid Cas dirumah aman dan nyaman padahal ke spklu kalo keluar kota aja","2041093544019128366","","ertigaid","in","","0","0","0","https://x.com/undefined/status/2041093544019128366","116962548",
"2040940034501554228","Sun Apr 05 23:49:57 +0000 2026","0","Rekor Transaksi Harian SPKLU PLN Tembus 18.088 Selama Lebaran 2026 https://t.co/Pt2uJQvHh9 https://t.co/lwKp6icHUf","2040940034501554228","https://pbs.twimg.com/media/HFLgJVuXkAAhtqD.jpg","","in","","0","0","0","https://x.com/undefined/status/2040940034501554228","118371948",
"2040437418906747084","Sun Apr 05 08:53:20 +0000 2026","2","@bardanslm Alasan macam apa... Pdhl kl saatnya kelemahan utama (baterai mahal) moblis sdh teratasi pembuatan SPKLU itu gampang banget. Investasi satu SPBU itu bisa buat puluhan SPKLU","2040714393084965057","","bardanslm","in","","0","1","0","https://x.com/undefined/status/2040714393084965057","4601087533",
"2040437418906747084","Sat Apr 04 14:37:15 +0000 2026","3","@bardanslm Tapi lebih cocok hybrid sih di lingkungan Indonesia. Soalnya kalau ke lokasi yg masih pelosok belum ada SPKLU-nya. Kecuali kalau buat kota besar ya udah banyak SPKLU","2040438553679970482","","bardanslm","in","","0","0","0","https://x.com/undefined/status/2040438553679970482","1791649066369355776",
"2039960219183370355","Sat Apr 04 09:44:07 +0000 2026","3","@kedamaianalam @KangManto123 Izin jawab. Sudah bang itu memang biaya listriknya. Angka Rp 21-47 ribu per 100 km itu dihitung dari konsumsi daya Atto 1 sekitar 14 kWh per 100 km dikalikan tarif listrik. Kenapa rentangnya lebar? Karena tergantung di mana ngecasnya. Kalau cas di rumah atau kantor pakai tarif","2040364783418196477","","kedamaianalam","in","","0","0","0","https://x.com/undefined/status/2040364783418196477","36319232",
"2040283231170572461","Sat Apr 04 04:20:03 +0000 2026","3","Gak ada ceritanya transaksi biasa aja di hari Sabtu dan Minggu karena MyPertamina kasih Dobel Poin! Mau isi Pertamax Series Dex Series beli Bright Gas jajan di Bright Store sampai ganti oli Fastron atau Enduro semua poinnya dapet dobel. Bahkan isi daya EV di SPKLU juga https://t.co/MJcCgMc4AJ","2040283231170572461","https://pbs.twimg.com/amplify_video_thumb/2040283150983847936/img/z0YzjH-g3fxf0hUB.jpg","","in","","0","0","0","https://x.com/undefined/status/2040283231170572461","788714108245774338",
"2040117750451052608","Fri Apr 03 17:39:24 +0000 2026","0","@kepegang @kepegang Hai Kak admin siap melayani sepenuh hati mohon maaf atas kendala yang dialami perihal kendala tersebut agar segera dilakukan pengecekan dan penanganan segera Kakak dapat menghubungi ke Hotline layanan SPKLU melalui nomor telepon WA 0877 7111 2123. Agar semua","2040122007074086925","","brokenribs2099","in","","0","0","0","https://x.com/undefined/status/2040122007074086925","558516132",
"2040037690994028914","Fri Apr 03 12:04:22 +0000 2026","7","sebaiknya benerin SPKLU kalian ngescan QR code aja gak bisa (touch screennya mati) padahal di showroom chargernya belom lagi ngeden 3/10 kapasitas https://t.co/du3sMZmX87","2040037690994028914","https://pbs.twimg.com/media/HE-rHcaaAAEm0kt.png","","in","","0","0","1","https://x.com/undefined/status/2040037690994028914","266506059",
"2039726310596190230","Thu Apr 02 15:27:03 +0000 2026","2","PLN Catat Penggunaan SPKLU Naik 4 Kali Lipat di Mudik Lebaran 2026 https://t.co/WkjqDH2KKt","2039726310596190230","","","in","","0","2","1","https://x.com/undefined/status/2039726310596190230","17128975",
"2039655442046222483","Thu Apr 02 10:45:27 +0000 2026","0","Mudik Usai PLN Catat Lonjakan Penggunaan SPKLU Lebih dari 4 Kali Lipat https://t.co/ttj3kPmWSV","2039655442046222483","","","in","","0","0","0","https://x.com/undefined/status/2039655442046222483","990237626",
"2039628003840590196","Thu Apr 02 08:56:25 +0000 2026","0","SPKLU Berkapasitas 2 7 MVA Resmi Beroperasi di Summarecon Mall Bekasi https://t.co/I30VPWuMq2","2039628003840590196","","","in","","0","0","0","https://x.com/undefined/status/2039628003840590196","135795460",
"2038838998668550499","Wed Apr 01 00:56:24 +0000 2026","0","@EduKunts81850 @EduKunts81850 Hai Kakak mimin siap melayani sepenuh hati. Mohon maaf atas kendala yg dialami. Agar laporannya dapat ditindaklanjuti mohon diinfokan no. telepon dan alamat lengkap lokasi SPKLU (Jalan Kelurahan Kota/Provinsi). Responnya mimin tunggu di DM ya Kak. Tks -Zulla","2039144817633186220","","EduKunts81850","in","","0","0","0","https://x.com/undefined/status/2039144817633186220","558516132",
"2038838998668550499","Tue Mar 31 04:50:07 +0000 2026","0","@EduKunts81850 @EduKunts81850 Hai Kak atas kendala yang dialami admin mohon maaf. Agar laporannya dapat ditindaklanjuti mohon melengkapi data berikut: 1. Nama pelapor? 2. Alamat lokasi SPKLU? (Jalan No. Bangunan Kelurahan Kecamatan Kota/Provinsi &amp; Acuan Lokasi) 3. Nomor telepon yang","2038841245766943011","","EduKunts81850","in","","0","1","0","https://x.com/undefined/status/2038841245766943011","558516132",
"2038830690641551371","Tue Mar 31 04:08:10 +0000 2026","77","Pas bener ini masjid deket rumah pasang SPKLU wkwk https://t.co/uceXi34i5S","2038830690641551371","https://pbs.twimg.com/media/HEthtIWbEAA6fDP.jpg","","in","","0","4","1","https://x.com/undefined/status/2038830690641551371","76652780",
"2038547926574915681","Mon Mar 30 09:24:34 +0000 2026","0","PLN Tambah SPKLU Sepanjang Periode Mudik https://t.co/OxPeYbW2Bj","2038547926574915681","","","in","","0","0","0","https://x.com/undefined/status/2038547926574915681","2392460208",
"2038514994749309051","Mon Mar 30 07:13:43 +0000 2026","0","SPKLU Makin Padat PLN Tambah Layanan di Jalur Mudik https://t.co/wSNutwwtj6 https://t.co/zwovfTrLIg","2038514994749309051","https://pbs.twimg.com/media/HEpClYiWwAAodX7.jpg","","in","","0","0","0","https://x.com/undefined/status/2038514994749309051","118371948",
"2038244559222677930","Sun Mar 29 13:19:09 +0000 2026","0","Saat ini PLN telah menghadirkan 4.769 unit SPKLU di 3.097 titik di seluruh Indonesia termasuk 1.681 unit di jalur mudik utama Trans Sumatra Jawa dan Bali. Dukungan teknologi seperti fast charging hingga ultra fast charging serta fitur digital di aplikasi PLN Mobile mulai https://t.co/Gmp2vgZTUg","2038244574007787827","https://pbs.twimg.com/media/HElMohubsAA1az3.jpg","inilahdotcom","in","","0","0","0","https://x.com/undefined/status/2038244574007787827","46693036",
"2038244559222677930","Sun Mar 29 13:19:06 +0000 2026","3","Minat masyarakat terhadap kendaraan listrik (EV) terus meningkat terutama saat arus mudik Idulfitri 1447 H. PT PLN (Persero) mencatat rekor transaksi harian SPKLU mencapai 18.088 kali dengan konsumsi energi 427.980 kWh pada H+2 Lebaran. Angka ini melonjak hingga 4 15 kali lipat https://t.co/Nh1Y3iLy3s","2038244559222677930","https://pbs.twimg.com/media/HElMnu_bUAAvOYU.jpg","","in","","0","1","0","https://x.com/undefined/status/2038244559222677930","46693036",
"2038126039273214341","Sun Mar 29 05:28:08 +0000 2026","1","Sebaran SPKLU di Tol Trans Jawa https://t.co/3nzKrrrMIh","2038126039273214341","","","in","","0","0","0","https://x.com/undefined/status/2038126039273214341","17128975",
"2037813294455529850","Sat Mar 28 08:45:24 +0000 2026","0","SPKLU Diserbu Pemudik PLN Perkuat Layanan di Jalur Utama https://t.co/RuaNFo6CqB https://t.co/8AiZmyE0mF","2037813294455529850","https://pbs.twimg.com/media/HEfEZG4W0AANTY-.jpg","","in","","0","0","0","https://x.com/undefined/status/2037813294455529850","118371948",
"2037370208500019236","Fri Mar 27 03:24:44 +0000 2026","2","Perjalanan ratusan kilometer kini bisa terasa lebih tenang. Soalnya SPKLU sudah tersedia di banyak titik terutama di jalur arus mudik. Masih ragu mudik pakai mobil listrik? Yuk simak cerita Electrizen tentang pengalaman perjalanan jauh mereka. #PLNUntukSemua https://t.co/hVeYct0N4B","2037370208500019236","https://pbs.twimg.com/amplify_video_thumb/2037368942227083264/img/UWxqVjhPLaKEoBcm.jpg","","in","","0","0","0","https://x.com/undefined/status/2037370208500019236","1229946661759148032",
"2037336303738691712","Fri Mar 27 01:10:01 +0000 2026","2","Presiden gak punya daya juang buat rakyat .Bisanya cuma perintah tanpa mikir efeknya . Heh Prabowo emang motor listrik tu murah ?? Terus gimana dengan SPKLU nya ?? Benahi dulu SPKLU nya supaya motor listrik GK mogok di jalan . @prabowo @DPR_RI https://t.co/f4V53gjykG","2037336303738691712","https://pbs.twimg.com/media/HEYSkmJagAALYOt.jpg","","in","","0","1","0","https://x.com/undefined/status/2037336303738691712","1977711632127315968",
"2037007607932871088","Thu Mar 26 09:29:23 +0000 2026","1","@insidefolkative kendaraan ev elit spklu sulit https://t.co/17SAD6RcYH","2037099585735450904","https://pbs.twimg.com/tweet_video_thumb/HEU7RaKbMAAa71e.jpg","insidefolkative","in","","0","0","0","https://x.com/undefined/status/2037099585735450904","2021771451440009216",
"2036729142679577077","Wed Mar 25 13:18:25 +0000 2026","0","@iwalanwar @CNNIndonesia @prabowo @setkabgoid @KemensetnegRI @KSPgoid @iwalanwar Hai Kak admin siap melayani sepenuh hati. Atas ketidaknyamanannya admin mohon maaf. Terkait permasalahan SPKLU tidak dapat digunakan agar segera teratasi mohon menginformasikan alamat lengkap dan no telepon yang dapat diberikan melalui DM. Admin menunggu","2036794835433365694","","iwalanwar","in","","0","1","0","https://x.com/undefined/status/2036794835433365694","558516132",
"2036664670397046817","Wed Mar 25 12:32:52 +0000 2026","3","@vctrkmng Di Indonesia maksudnya. Kalo global mereka emang mengurangi bisnis SPBU pindah ke SPKLU.","2036783373558186196","","adhams","in","","0","0","0","https://x.com/undefined/status/2036783373558186196","14284867",
"2036741940126060573","Wed Mar 25 09:48:14 +0000 2026","0","Padahal hingga 31 Januari 2026 sudah tersedia 4.791 SPKLU di 3.114 lokasi serta 1.907 SPBKLU di 1.907 lokasi yang siap mendukung perjalanan mudik maupun arus mudik.","2036741943972245793","","KementerianESDM","in","","0","1","1","https://x.com/undefined/status/2036741943972245793","1138467176",
"2036728607243169922","Wed Mar 25 09:09:10 +0000 2026","0","@Riosupergrande @Riosupergrande Hai Kakak admin siap melayani sepenuh hati baik Kakak terimakasih ya atas masukannya untuk melihat antrean SPKLU Kakak dapat melihat pada fitur antrian SPKLU di aplikasi PLN mobile ya Kak. Agar semua makin mudah ayo download aplikasi New PLN Mobile. Sehat","2036732110640468343","","Riosupergrande","in","","0","0","0","https://x.com/undefined/status/2036732110640468343","558516132",
"2036671351256236300","Wed Mar 25 05:07:44 +0000 2026","45","Ada yang tau cara masuk ke dalem pad! ga? sender perlu ngecas mobil di spklu tapi gerbang atas sama bawah ditutup semua","2036671351256236300","","","in","","0","4","0","https://x.com/undefined/status/2036671351256236300","1734036638605733888",
"2036666457220849971","Wed Mar 25 04:48:17 +0000 2026","1","Lokasi SPKLU untuk Ngecas Mobil Listrik di Sepanjang Tol Trans Jawa ~NA Klik untuk baca: https://t.co/RC7wMSkIH1","2036666457220849971","","","in","","0","0","0","https://x.com/undefined/status/2036666457220849971","23343960",
"2036599283634545069","Wed Mar 25 01:24:30 +0000 2026","3","@doktermarket Transisi gradual klu pake nalar. Mo cara cepet ga masuk akal SPKLU nya blom pada siap. Paling tambah insentif yg skrg bisa dilakukan","2036615175361663092","","doktermarket","in","","0","0","0","https://x.com/undefined/status/2036615175361663092","2902302176",
"2036599283634545069","Wed Mar 25 01:14:33 +0000 2026","15","@doktermarket Org miskin brati pake listrik Meanwhile harga mobil listrik lbh mahal dr bensin lcgc. Gimana tuh Tuh kl smua listrik mudik rest area mbz aja uda kyk neraka jahanam macetnya. Baru cmn istirahat. Gimana kl skalian spklu? Mau jadi apa? ","2036612668174610872","","doktermarket","in","","0","1","0","https://x.com/undefined/status/2036612668174610872","875108656483782656",
"2036576868485439619","Tue Mar 24 22:52:17 +0000 2026","8","Kemarin sore milih merapat di Pekalongan karena jalur Pantura semakin macet dan tidak bs diprediksi. Apakah ada yg share pengalaman via Selatan? Jam 3an jalan dr pekalongan sholat subuh di Krapyak Semarang. Dapat SPKLU besar dan fasilitas baik juga. https://t.co/60IdB3Qyt0","2036576868485439619","https://pbs.twimg.com/media/HENfFS5aIAEfGpZ.jpg","","in","","0","2","0","https://x.com/undefined/status/2036576868485439619","79154216",
"2036241481850343584","Tue Mar 24 14:29:40 +0000 2026","2","@jeremynathanael @innovacommunity Turn over sedikit karena lokasi di perkantoran otomatis weekend pada libur dan office hour hanya sampe sore walaupun SPKLU nya open 24H sm aja mayoritas yg pake jg org kantoran disitu. lalu pengecasan type AC yg lambat butuh waktu sejaman bahkan lebih utk mencapai minimum 80%","2036450378909401402","","jeremynathanael","in","","0","0","0","https://x.com/undefined/status/2036450378909401402","55125402",
"2036367455874908405","Tue Mar 24 09:00:10 +0000 2026","7","PT PLN (Persero) memastikan tetap siaga menjaga keandalan pasokan listrik di seluruh Indonesia di momen libur Lebaran saat ini. Sebanyak 72 ribu personel diterjunkan untuk memastikan sistem kelistrikan tetap andal dari hulu hingga hilir. PLN menegaskan komitmennya dalam https://t.co/ctCoXTpdDk","2036367455874908405","https://pbs.twimg.com/media/HEKhaMJWIAA3XgI.jpg","","in","","0","1","0","https://x.com/undefined/status/2036367455874908405","41730943",
"2036241481850343584","Tue Mar 24 07:37:45 +0000 2026","20","@innovacommunity saya kerjasama dgn salahsatu vendor SPKLU terkenal di jakarta yg paling byk SPKLU nya 3 tahun yg lalu invest almost 150 jt untuk 2 mesin type AC penghasilan perbulan hanya mendapatkan keuntungan bersih under sejuta. Kalah di waktu pengisian jd turn over nya ga byk","2036346715243159659","","innovacommunity","in","","0","2","5","https://x.com/undefined/status/2036346715243159659","55125402",
"2036241481850343584","Tue Mar 24 05:34:46 +0000 2026","4","@innovacommunity SPKLU marginnya tipis banget. Sifatnya add-on aja supaya attract orang datang ngecas -&gt; nunggu sambil makan/minum/belanja jadi kalau ga dikonsep begitu BEPnya lama banget","2036315768133243023","","innovacommunity","in","","0","0","0","https://x.com/undefined/status/2036315768133243023","76652780",
"2036262730261201064","Tue Mar 24 05:05:55 +0000 2026","2","@iPoopBased Next content beli SPKLU pake PEPE COIN $PEPE . Nunggu UU terbaru P2SK @ojkindonesia","2036308506966630895","","TheKerupuk","in","","0","0","0","https://x.com/undefined/status/2036308506966630895","2035356612454731776",
"2036266072287092884","Tue Mar 24 03:17:38 +0000 2026","4","@GNFI Jaringan distribusi buat SPKLU nya sudah siap belum? Insentif buat produsen dan konsumennya ada gak? After servicenya gimana?","2036281258662314105","","GNFI","in","","0","0","0","https://x.com/undefined/status/2036281258662314105","183271016",
"2036241481850343584","Tue Mar 24 02:42:02 +0000 2026","4","@innovacommunity kalo mau jadi primary bisnis ya skalian bikin SPKLU signature tapi ya harus traffic tinggi memang sih. Dan kalau ngeliat trend harga minyak tinggi terus bukan tidak mungkin orang beralih ke EV. Potensi msh luas. Semakin banyak SPKLU semakin tenang. Ayo yang punya modal wkwk https://t.co/a7KpgjQKda","2036272295665414378","https://pbs.twimg.com/media/HEJK3BrbgAA2xtG.jpg","ekaciken","in","","0","0","0","https://x.com/undefined/status/2036272295665414378","368785475",
"2036241481850343584","Tue Mar 24 02:24:44 +0000 2026","3","@innovacommunity penyedia lahan hanya menyediakan lahan mitra spklu investasi pada mesin instalasi &amp; design dan Biaya Penyambungan kwh meter. PLN sebagai wadah dan operasional maintenance. Untuk SPKLU pun kwh nya termurah dibanding swasta (kecuali bbrp brand ngasih free charge di bbrp tempat)","2036267943206723930","","ekaciken","in","","0","1","0","https://x.com/undefined/status/2036267943206723930","368785475",
"2036241481850343584","Tue Mar 24 02:20:41 +0000 2026","10","@innovacommunity Kalau SPKLU nya udah ultra fast charging harusnya perputarannya cepat kalo masih AC ya sulit karena org ngecas bisa 6 jam utk full. Saat ini tersedia skema 3 dimana Penyedia lahan Mitra Penyedia SPKLU dan PLN. Mesinnya ultracharge penarikan dana punbisa dilakukan setiap hari.","2036266925521772624","","innovacommunity","in","","0","1","0","https://x.com/undefined/status/2036266925521772624","368785475",
"2036241481850343584","Tue Mar 24 01:42:55 +0000 2026","2","@innovacommunity SPKLU relatif sepi apalagi yang cuma ada 1 unit dan gak strategis. Harusnya SPBU/SPBG combine dengan SPKLU. Contoh SPBG di JL. Perintis Kemerdekaan SPKLU selalu ramai dan ada antrean","2036257422160044100","","innovacommunity","in","","0","0","2","https://x.com/undefined/status/2036257422160044100","1707659882089103360",
"2036241481850343584","Tue Mar 24 01:21:38 +0000 2026","6","@innovacommunity Di kotaku ada 1 min carwash + spklu. Tp berhubung spesies EV di sini langka jd spklu nya nganggur wkwk. Kalau carwash udah hampir jaminan rame sih.","2036252063085334583","","innovacommunity","in","","0","0","2","https://x.com/undefined/status/2036252063085334583","1963611322681368576",
"2036241481850343584","Tue Mar 24 01:20:30 +0000 2026","1","@innovacommunity Bisnis spbu aja margin setipis kondom apalagi spklu ","2036251778937921742","","innovacommunity","in","","0","0","0","https://x.com/undefined/status/2036251778937921742","1623531571801374721",
"2036241481850343584","Tue Mar 24 00:39:35 +0000 2026","268","Ada yg bisnis SPKLU? Apakah mmg prospek nya bagus? Bbrp teman yg udah terjun kok ceritanya sedih yah. Akhirnya cuma jadi added value dr Bisnis utama yg sdh ada.","2036241481850343584","","","in","","1","39","20","https://x.com/undefined/status/2036241481850343584","1466179188096913412",
"2036057373442548070","Mon Mar 23 12:28:00 +0000 2026","10","Rest area jalan tol dengan SPKLU (Stasiun Pengisian Kendaraan Listrik Umum) di Pulau Jawa Sumber: Kompas 28-2-2026 https://t.co/1E0g9GKMIr","2036057373442548070","https://pbs.twimg.com/media/HEGG358awAA2Hb5.jpg","","in","","0","1","1","https://x.com/undefined/status/2036057373442548070","200448287",
"2035983053005431015","Mon Mar 23 09:03:44 +0000 2026","2","@biasalahanakmud Ini SPKLU Sukamiskin ya? Tempatnya memang nyaman dengan kedai mini untuk menyantap kopi dan kudapan.","2036005968761495932","","biasalahanakmud","in","","0","0","0","https://x.com/undefined/status/2036005968761495932","41499765",
"2035983053005431015","Mon Mar 23 07:32:41 +0000 2026","549","kalau dikasih modal gede terus ditanya mau usaha apa aku jawab ini sekarang: spklu dengan carwash sambil nunggu bisa isoma plus tambahin landscaping bagus buat taman/hutan kota https://t.co/kl7O8NkQyO","2035983053005431015","https://pbs.twimg.com/media/HEFDylFaAAAHnFu.jpg","","in","","8","20","51","https://x.com/undefined/status/2035983053005431015","1482225970350530561",
"2035911901549678779","Mon Mar 23 02:49:57 +0000 2026","2","Tm Info Arus Balik Elshinta 2026 akan memulai peliputan memantau kesiapan infrastruktur serta monitr arus lalu lintas khususnya dalam arus balik H+1 Lebaran 2026 pada Senin (23/3) pagi. Tim langsung menuju ruas tol Joglo untuk menuju ruas tol Jakarta-Tangerang lalu menuju ke https://t.co/wRvvfeVQnf","2035911901549678779","https://pbs.twimg.com/amplify_video_thumb/2035911216934383616/img/jtMt7tsYJMTWeAJC.jpg","","in","","0","0","0","https://x.com/undefined/status/2035911901549678779","121640063",
"2035700492261827050","Sun Mar 22 13:18:27 +0000 2026","1","@KangManto123 Listrik nya kudu naik jadi golongan kaya dulu SPKLU nya ngantri berderet ","2035707681709973993","","KangManto123","in","","0","0","0","https://x.com/undefined/status/2035707681709973993","450008734",
"2035399725604827444","Sat Mar 21 16:54:45 +0000 2026","2","Jadi tadi ngecas mobil di spklu. Ada bule afrika dtg. Pas dia ngecas error terus. Mau gak mau nanya kenapa masalahnya pake bahasa inggris. Tau sendiri inggrisnya aksen afrika gimana. W gak mudeng dikit. Trus dia ngasih aplikasi PLN nya ke w ternyata pake bahasa indo tuh app.","2035399725604827444","","","in","","0","0","0","https://x.com/undefined/status/2035399725604827444","81623106",
"2034856542697398702","Fri Mar 20 04:56:20 +0000 2026","0","PLN: Ada SPKLU Tiap Jarak 22 Km https://t.co/NpSxRXL1Bo","2034856542697398702","","","in","","0","0","0","https://x.com/undefined/status/2034856542697398702","41730943",
"2034563025345073391","Thu Mar 19 09:30:00 +0000 2026","0","Cara Cek Antrean SPKLU di Rest Area Tol Trans Jawa saat Mudik Lebaran 2026 https://t.co/gjGyMizarZ","2034563025345073391","","","in","","0","0","0","https://x.com/undefined/status/2034563025345073391","71436318",
"2034496719640265077","Thu Mar 19 09:02:36 +0000 2026","2","@petrux_92 @fajarnugros @thedufresne Iya bbrp kali nyetir ke yogya non tol pemandangannya seru. Gak bikin cepet ngantuk. Buat yg pake mobil listrik jg udah bnyk SPKLU/charging station di jalur non tol. Bisa mampir di jl. Tuparev Cirebon bisa sblm Alas Roban atau Purwokerto dan Kebumen.","2034556129309811156","","petrux_92","in","","0","0","0","https://x.com/undefined/status/2034556129309811156","359453372",
"2034545933141074233","Thu Mar 19 08:22:05 +0000 2026","1","Puncak Arus Mudik Kementerian ESDM dan PLN Cek Operasional SPKLU https://t.co/LQHkkffUPW https://t.co/9O79HiSgTd","2034545933141074233","https://pbs.twimg.com/media/HDwovn_XMAA4rZ1.jpg","","in","","0","0","0","https://x.com/undefined/status/2034545933141074233","118371948",
"2034529748941197522","Thu Mar 19 07:17:46 +0000 2026","2","Mudik pakai kendaraan listrik? Tenang aja! Sekarang Stasiun Pengisian Kendaraan Listrik Umum (SPKLU) sudah tersebar di berbagai jalur mudik jadi pemudik nggak perlu khawatir kehabisan daya di perjalanan. Saat ini telah tersedia 4.791 SPKLU di 3.114 lokasi di seluruh https://t.co/eyS4xBUB7a","2034529748941197522","https://pbs.twimg.com/amplify_video_thumb/2034529546238881793/img/TiJwGRTugsfgjtGP.jpg","","in","","0","0","0","https://x.com/undefined/status/2034529748941197522","881756855583637504",
"2034178374038634500","Thu Mar 19 05:54:57 +0000 2026","6","@seratbuah Yg dikhawatirkan sie itu. Makanya management perjalanannya harus bener. Rute harus jelas biar bisa tentukan titik2 SPKLU mana harus charging.","2034508906962235582","","seratbuah","in","","0","0","0","https://x.com/undefined/status/2034508906962235582","1466179188096913412",
"2034491040942760156","Thu Mar 19 04:43:57 +0000 2026","1","11.40 #LiputanSonora #MudikSonora Suasana siang ini di rest area km 57 ramai sekali lahan parkir masih tersedia BBM SPKLU dan pengecekan angin juga tersedia . @HeriWiy https://t.co/J0m6WJdNOZ","2034491040942760156","https://pbs.twimg.com/ext_tw_video_thumb/2034491015047041024/pu/img/BhvbpW51j2Hz9nBW.jpg","","in","","0","0","0","https://x.com/undefined/status/2034491040942760156","180696019",
"2034488570396934630","Thu Mar 19 04:34:08 +0000 2026","1","Rata-rata 50 kendaraan mobil listrik mengisi listrik di SPKLU di KM 57A ruas tol Jakarta Cikampek. @lilieksetyo78 https://t.co/FMyNWK4ciw","2034488570396934630","https://pbs.twimg.com/amplify_video_thumb/2034488483423944704/img/2WiIOrb1hivM6OQ7.jpg","","in","","0","0","0","https://x.com/undefined/status/2034488570396934630","180696019",
"2034459159119470864","Thu Mar 19 02:37:16 +0000 2026","1","#SSInfo: Kementerian Pekerjaan Umum (PU) bersama Badan Usaha Jalan Tol (BUJT) sediakan 189 Stasiun Pengisian Kendaraan Listrik Umum (SPKLU) di berbagai rest area jalan tol. Dody Hanggodo Menteri PU mengatakan SPKLU tersedia 152 unit yang terpasang dari ruas Tol","2034459159119470864","","","in","","0","0","0","https://x.com/undefined/status/2034459159119470864","848614550",
"2034178374038634500","Wed Mar 18 09:46:54 +0000 2026","37","@innovacommunity SPKLU rest Area 227 trans jawa kosong blong malah buat parkir mobil bensin Mungkin kebanyakan pemilik EV kokoh2 tionghoa nggak ikut mudik https://t.co/sMAig3kNnD","2034204891418394890","https://pbs.twimg.com/media/HDryj6WbYAA2K5C.jpg","innovacommunity","in","","0","5","2","https://x.com/undefined/status/2034204891418394890","302646982",
"2034204573343314307","Wed Mar 18 09:45:38 +0000 2026","0","Segini Tarif Cas Mobil Listrik di SPKLU Tol untuk Mudik Lebaran 2026 https://t.co/OHa0rJz1XQ","2034204573343314307","","","in","","0","0","0","https://x.com/undefined/status/2034204573343314307","47274731",
"2034200660640735495","Wed Mar 18 09:30:05 +0000 2026","0","Lengkap! Daftar SPKLU di Tol Jawa untuk Mudik Lebaran 2026 https://t.co/yLOPPoPGkl","2034200660640735495","","","in","","0","0","0","https://x.com/undefined/status/2034200660640735495","41730943",
"2034197445085909476","Wed Mar 18 09:17:19 +0000 2026","0","Wakil Ketua Komisi XII DPR RI Sugeng Suparwoto memastikan ketersediaan energi seperti BBM gas serta pasokan listrik dari PLN termasuk fasilitas Stasiun Pengisian Kendaraan Listrik Umum (SPKLU) di jalur lintas Sumatra dalam kondisi siap. https://t.co/KWtQOBK4iI","2034197445085909476","https://pbs.twimg.com/media/HDrrsB1b0AAdgwt.jpg","","in","","0","1","0","https://x.com/undefined/status/2034197445085909476","109149190",
"2034178374038634500","Wed Mar 18 08:01:32 +0000 2026","414","Belum ada drama rebutan SPKLU yah?","2034178374038634500","","","in","","1","41","21","https://x.com/undefined/status/2034178374038634500","1466179188096913412",
"2034157970842677489","Wed Mar 18 06:40:27 +0000 2026","0","Daftar Titik SPKLU Tersebar di Pulau Jawa https://t.co/zzqoN7BcDY","2034157970842677489","","","in","","0","0","1","https://x.com/undefined/status/2034157970842677489","17128975",
"2034129843605148149","Wed Mar 18 04:48:41 +0000 2026","5","Mudik makin santai persiapan juga harus makin niat Gaes kumparan bersama Telkomsel Siaga merilis Panduan Mudik 2026 (pdf) yang super lengkap! Mulai dari kalender mudik tarif tol daftar rest area yang memiliki SPKLU sampai prediksi cuaca. Langsung download di sini ya: https://t.co/zfPR4hT0GI","2034129843605148149","https://pbs.twimg.com/media/HDquCluboAA_7Vh.jpg","","in","","0","1","3","https://x.com/undefined/status/2034129843605148149","759692754985242625",
"2034110508866146633","Wed Mar 18 03:31:51 +0000 2026","0","Video: Mudik Menggunakan EV PLN Siapkan SPKLU Ultra Fast https://t.co/HSeXvVCFOB","2034110508866146633","","","in","","0","0","0","https://x.com/undefined/status/2034110508866146633","847372542830444544",
"2033944965563486705","Tue Mar 17 16:34:03 +0000 2026","2","Kawan JM siapa nih yang mau mudik nyaman bersama dengan mobil listrik tanpa harus panik? Tenang aja karena Jasa Marga sudah menyediakan SPKLU di 57 titik rest area Jasa Marga Group yang siap bikin mudik semakin asik di perjalanan loh. https://t.co/0CgxD41GON","2033944965563486705","https://pbs.twimg.com/media/HDoGKKxbEAMGNTO.jpg","","in","","0","1","0","https://x.com/undefined/status/2033944965563486705","873399092398800896",
"2033944395855392986","Tue Mar 17 16:31:47 +0000 2026","2","Kawan JM siapa nih yang mau mudik nyaman bersama dengan mobil listrik tanpa harus panik? Tenang aja karena Jasa Marga sudah menyediakan SPKLU di 57 titik rest area Jasa Marga Group yang siap bikin mudik semakin asik di perjalanan loh. https://t.co/YaAuiz6r7q","2033944395855392986","https://pbs.twimg.com/media/HDoFpSzbEAUzyer.jpg","","in","","0","0","0","https://x.com/undefined/status/2033944395855392986","873399092398800896",
"2033876002284441953","Tue Mar 17 12:00:01 +0000 2026","0","Mudik pakai mobil listrik kini makin tenang. Jarak tempuh makin jauh dan SPKLU sudah tersebar luas bahkan hingga rest area di Tol Trans Sumatera. Yuk cek daftar rest area dengan SPKLU di Trans Sumatera! #detikoto #mudikaman #SPKLU #TolTransSumatera https://t.co/qzjW58O8V6","2033876002284441953","https://pbs.twimg.com/media/HDmKo1kasAAoYrO.jpg","","in","","0","0","1","https://x.com/undefined/status/2033876002284441953","80543284",
"2033815606664040520","Tue Mar 17 08:00:01 +0000 2026","1","Mudik Lebaran 2026 sudah di depan mata! Diprediksi lebih dari 50% penduduk Indonesia akan melakukan perjalanan mudik dan peningkatan arus mudik diperkirakan mulai terjadi pada 14-19 Maret 2026. Buat kamu yang akan mudik kumparan bersama Telkomsel Siaga telah menerbitkan https://t.co/MBHx4PX5Vi","2033815606664040520","https://pbs.twimg.com/media/HDle0cjaIAAWnJG.jpg","","in","","0","1","0","https://x.com/undefined/status/2033815606664040520","759692754985242625",
"2033760290828128463","Tue Mar 17 04:20:13 +0000 2026","8","Klaim spek Exion PHEV tembus 1.100 km. Kalau ini realistis bisa jadi mobil elektrifikasi paling worry free buat mudik. Tanpa drama cari SPKLU. [Thread] https://t.co/jCIqsqKBYq","2033760290828128463","https://pbs.twimg.com/media/HDleM2iawAAKhlx.jpg","","in","","0","1","8","https://x.com/undefined/status/2033760290828128463","1278766828735524864",
"2033747732238897425","Tue Mar 17 03:30:44 +0000 2026","0","Simak postingan ini untuk tahu apa saja yang perlu disiapkan termasuk lokasi SPKLU-nya. Bagikan juga ke keluarga atau teman yang mau mudik pakai mobil listrik yaa! #NyamanBersama #MenghubungkanIndonesia","2033747839575330933","","kemenhub151","in","","0","0","0","https://x.com/undefined/status/2033747839575330933","2915401872",
"2033681875685019916","Mon Mar 16 23:08:37 +0000 2026","0","Kementerian Komunikasi dan Digital atau Kemkomdigi menghadirkan MudikPedia Lebaran 2026 atau Idul Fitri 1447 Hijriah. Ini adalah panduan digital yang memudahkan masyarakat memperoleh berbagai informasi penting seputar perjalanan arus mudik maupun balik. Direktur Jenderal https://t.co/X4pTHEGLiZ","2033681875685019916","https://pbs.twimg.com/media/HDkW4p3bEAAXbjP.jpg","","in","","0","0","1","https://x.com/undefined/status/2033681875685019916","41730943",
"2033654529737298137","Mon Mar 16 21:19:58 +0000 2026","0","Mudik Naik Mobil Listrik ke Sumatera Catat Lokasi SPKLU-nya! https://t.co/U73MCzpBmg","2033654529737298137","","","in","","0","0","0","https://x.com/undefined/status/2033654529737298137","80543284",
"2033558251992982000","Mon Mar 16 14:57:23 +0000 2026","3","Fasilitas SPKLU kini tersedia di puluhan rest area di sepanjang jalur tol dengan berbagai jenis pengisian mulai dari AC hingga DC fast charging. Baca Selengkapnya https://t.co/AhXW7OBIvX ~NA #MobilListrik #SPKLU #Mudik2026 #RestArea https://t.co/kpk1aFn6CL","2033558251992982000","https://pbs.twimg.com/media/HDimboAagAAxfqA.jpg","","in","","0","0","0","https://x.com/undefined/status/2033558251992982000","23343960",
"2033553595275321798","Mon Mar 16 14:38:53 +0000 2026","0","ASTRA Infra menyediakan SPKLU di sejumlah rest area pada ruas tol yang dikelola seperti Tol Tangerang Merak Cikopo Palimanan (Cipali) hingga Jombang Mojokerto. Baca Selengkapnya https://t.co/Fri6OTyA6l ~NA #MobilListrik #SPKLU #Mudik2026 #TolTransJawa https://t.co/cp9xTRhkVA","2033553595275321798","https://pbs.twimg.com/media/HDiiLkebwAEdmv7.jpg","","in","","0","0","1","https://x.com/undefined/status/2033553595275321798","23343960",
"2033427183038009548","Mon Mar 16 06:16:34 +0000 2026","3","SPONTAN Mudik Pakai Mobil Listrik Kini saatnya lebih berani bawa EV melaju lebih jauh di momen mudik.Dengan SPKLU PLN yang tersedia di berbagai titik perjalanan jarak jauh jadi makin nyaman dan praktis Yuk cek info lengkapnya di PLN Mobile #SpontanMudikPakaiMobilListrik https://t.co/V8HWsPXNPW","2033427183038009548","https://pbs.twimg.com/amplify_video_thumb/2033427013713920000/img/iD2lGh2T9lMYIy3-.jpg","","in","","0","0","0","https://x.com/undefined/status/2033427183038009548","1934445005122543616",
"2033176557146210619","Sun Mar 15 13:40:40 +0000 2026","1","2 bulan pakai mobil listrik sekaligus mobil pertama hemat banget bjir konsumsi dayanya 12.2 kWh per 100 km artinya 1 kwh 2500 x 12.2 = 30.500 bisa nempuh 100 km Mana ini si jaecoo ngecash bisa nerima 130 kW ini nyoba di SPKLU Ultra fast charging 180 kW masuk 98 kW https://t.co/zbphgpUic1","2033176557146210619","https://pbs.twimg.com/media/HDdLTW_bgAAJljX.jpg","","in","","0","1","0","https://x.com/undefined/status/2033176557146210619","1735693779204808704",
"2032803095240130689","Sat Mar 14 13:33:29 +0000 2026","0","@bukanomar_ @bukanomar_ Halo Kak admin siap melayani sepenuh hati terima kasih untuk masukkan yang diberikan ya. Agar dapat ditindaklanjuti bisa infokan alamat SPKLU tersebut &amp; no. telepon Kakak via DM ya. Admin tunggu konfirmasinya. Tks -Fida","2032812360701026442","","bukanomar_","in","","0","0","0","https://x.com/undefined/status/2032812360701026442","558516132",
"2032804827244474812","Sat Mar 14 13:03:33 +0000 2026","2","Seberapa banyak SPKLU dengan jumlah mobil listrik yang dipakai mudik? Dengan range (misal) waktu 45 menit untuk 1 mobil (maks) sesuaikah atau sebandingkah?","2032804827244474812","","","in","","0","0","1","https://x.com/undefined/status/2032804827244474812","1418311652462579713",
"2032769539654692993","Sat Mar 14 10:43:19 +0000 2026","4","PLN Siagakan Posko 24 Jam dan SPKLU di Jalur Mudik Jawa-Bali https://t.co/tUndgA5eae","2032769539654692993","","","in","","1","2","0","https://x.com/undefined/status/2032769539654692993","17128975",
"2032763357250674932","Sat Mar 14 10:18:45 +0000 2026","4","PLN menekankan pentingnya edukasi bagi pengguna EV untuk memahami jenis pengisian daya agar proses pengisian lebih optimal aman dan nyaman. Secara umum terdapat empat kategori pengisian. Berikut adalah perbedaan tipe pengisian daya kendaraan listrik (EV) berdasarkan kapasitas https://t.co/gJmubUXD7Z","2032763357250674932","https://pbs.twimg.com/media/HDXQ1wqaMAMZHpN.jpg","","in","","0","0","1","https://x.com/undefined/status/2032763357250674932","41730943",
"2032740930802082268","Sat Mar 14 08:49:39 +0000 2026","2","Ragam fasilitas di jalur Pantai Selatan Jalur Pantai Selatan (Pansela) Jawa merupakan rute alternatif untuk mudik yang menawarkan keindahan alam dan dilengkapi beragam fasilitas seperti stasiun pengisian kendaraan listrik umum (SPKLU) untuk kenyamanan pelaku perjalanan. Laman https://t.co/YYIq0X6UzV","2032740930802082268","https://pbs.twimg.com/media/HDW_GnRasAANZol.jpg","","in","","0","0","0","https://x.com/undefined/status/2032740930802082268","18071520",
"2032672347396927799","Sat Mar 14 04:17:07 +0000 2026","1","Rest area KM 57 ruas tol Jakarta-Cikampek menyediakan SPKLU bagi pengguna mobil listrik. @lilieksetyo78 https://t.co/CpgrxJDvtF","2032672347396927799","https://pbs.twimg.com/amplify_video_thumb/2032672228723302400/img/aavy72mm0QTMeSIX.jpg","","in","","0","0","1","https://x.com/undefined/status/2032672347396927799","180696019",
"2032622744202846269","Sat Mar 14 01:00:01 +0000 2026","1","Di Tol Trans Jawa sudah tersedia sekitar 60 titik SPKLU dari Banten hingga Jawa Timur bahkan sebagian sudah ultra fast charging 200 kW. Sebelum berangkat cek lokasi SPKLU lewat PLN Mobile Travoy atau Google Maps agar perjalanan tetap lancar. #Mudik2026 #MobilListrik #SPKLU https://t.co/bfkr81ycC4","2032622744202846269","https://pbs.twimg.com/amplify_video_thumb/2032357977089589248/img/6HwFQmt5QzWIwGUY.jpg","","in","","0","0","1","https://x.com/undefined/status/2032622744202846269","80543284",
"2032431938959732813","Fri Mar 13 12:30:01 +0000 2026","0","Posko Nasional ESDM resmi beroperasi! PLN siap amankan lebaran dengan: Daya Mampu: 51 61 GW (Cadangan Aman). Personel: 72.000 Petugas Siaga. Infrastruktur: 1.681 SPKLU Jalur Mudik &amp; 4.769 SPKLU Nasional. Layanan: Siaga 24 Jam via PLN Mobile &amp; Hotline WA. https://t.co/Qb84fOhcTb","2032433999851962613","https://pbs.twimg.com/media/HDSn8meaUAAIh22.jpg","inilahdotcom","in","","0","1","0","https://x.com/undefined/status/2032433999851962613","46693036",
"2032431938959732813","Fri Mar 13 12:21:49 +0000 2026","1","Mudik Pakai Mobil Listrik? Tenang SPKLU Kini 1 7 Kali Lipat Lebih Banyak! Tren mudik EV meningkat tajam! Tahun ini diproyeksikan lebih dari 23 ribu pemudik akan menggunakan kendaraan listrik. Guna mendukung mobilitas ini PLN telah menyiagakan 1.681 unit SPKLU di sepanjang https://t.co/7a1GGqmens","2032431938959732813","https://pbs.twimg.com/media/HDSmEgMaoAIb3Tj.jpg","","in","","0","2","0","https://x.com/undefined/status/2032431938959732813","46693036",
"2032383483742498951","Fri Mar 13 09:09:18 +0000 2026","0","Dalam melakukan perjalanan jauh dengan mobil listrik pengendara perlu memperhatikan titik lokasi stasiun pengisian kendaraan listrik umum (SPKLU) agar ada persiapan kapan dan di mana mobil listrik perlu diisi ulang dayanya mengingat mobil listrik tidak seperti kendaraan dengan https://t.co/6Rji2VgcT3","2032383490201895237","https://pbs.twimg.com/media/HDR5_hxagAAZOGg.jpg","hariankompas","in","","0","0","0","https://x.com/undefined/status/2032383490201895237","255866913",
"2032383483742498951","Fri Mar 13 09:09:17 +0000 2026","0","Penggunaan mobil listrik dapat menjadi pertimbangan bagi pemudik untuk mudik lebaran tahun ini. Namun ada hal yang perlu menjadi perhatian bagi penggunanya saat mudik. Simak infografik rest area jalan tol dengan SPKLU selengkapnya dalam tautan ini. ️ https://t.co/tXU3To0g0b https://t.co/6dxGSNA0Jr","2032383483742498951","https://pbs.twimg.com/media/HDR55jZbEAEy75j.jpg","","in","","1","1","0","https://x.com/undefined/status/2032383483742498951","255866913",
"2032346165673673210","Fri Mar 13 06:40:59 +0000 2026","0","PLN memproyeksikan jumlah pemudik yang menggunakan kendaraan listrik pada Lebaran 2026 akan mencapai sekitar 23 ribu kendaraan. Angka tersebut meningkat sekitar 1 6 kali lipat dibandingkan periode mudik tahun sebelumnya seiring meningkatnya minat masyarakat terhadap penggunaan https://t.co/Q6qSbftM0F","2032346165673673210","https://pbs.twimg.com/media/HDRYDqfbQAQ5Mh0.jpg","","in","","0","1","0","https://x.com/undefined/status/2032346165673673210","121640063",
"2032337216765333803","Fri Mar 13 06:05:26 +0000 2026","0","Jangan Khawatir Mudik Pakai Mobil Listrik PLN Nambah SPKLU 2x Lipat https://t.co/Ht01Aajy5g","2032337216765333803","","","in","","0","1","0","https://x.com/undefined/status/2032337216765333803","847372542830444544",
"2032033144992661902","Thu Mar 12 09:57:58 +0000 2026","0","Mobil listrik juga mulai dilirik untuk perjalanan jarak jauh termasuk mudik Lebaran karena biaya energi lebih hemat. Penambahan SPKLU di berbagai wilayah turut meningkatkan kepercayaan pengguna untuk perjalanan antarkota. #RamadandiTikTok #MobilListrik #Gaikindo","2032033347862741023","","alineadotid","in","","0","0","0","https://x.com/undefined/status/2032033347862741023","354168059",
"2032022729239507139","Thu Mar 12 09:15:46 +0000 2026","0","Rest Area Km 19 Tol Jogja-Solo Sediakan SPKLU untuk Pemudik https://t.co/5JMsg1Mfol https://t.co/8v2cYosgCL","2032022729239507139","https://pbs.twimg.com/media/HDMx51hW0AAFH1G.jpg","","in","","0","0","0","https://x.com/undefined/status/2032022729239507139","118371948",
"2031970429867548688","Thu Mar 12 05:47:57 +0000 2026","1","Jelang Mudik Lebaran 2026 PLN Cek Kesiapan SPKLU Jalur Surabaya-Bali https://t.co/CzJotTynAk","2031970429867548688","","","in","","0","1","1","https://x.com/undefined/status/2031970429867548688","17128975",
"2031963715135029283","Thu Mar 12 05:21:16 +0000 2026","0","Berapa Banyak Mobil Listrik Bisa Isi Daya SPKLU di Tol Saat Mudik? ~NA Klik untuk baca: https://t.co/a6bhIAEk1r","2031963715135029283","","","in","","0","0","0","https://x.com/undefined/status/2031963715135029283","23343960",
"2031613010691948932","Wed Mar 11 06:07:41 +0000 2026","1","Cara Cek Lokasi SPKLU Terdekat saat Mudik Nanti Bisa Gunakan PLN Mobile hingga Google Maps https://t.co/Z4V5ehZNyT","2031613010691948932","","","in","","0","0","0","https://x.com/undefined/status/2031613010691948932","2392460208",
"2031568292306145508","Wed Mar 11 03:10:00 +0000 2026","0","Penjualan Mobil Listrik Meningkat SPKLU di Rest Area Tol Diperbanyak saat Mudik https://t.co/OCWpUk30i5","2031568292306145508","","","in","","0","0","0","https://x.com/undefined/status/2031568292306145508","71436318",
"2031339288018006141","Tue Mar 10 12:00:01 +0000 2026","1","Mudik pakai mobil listrik? Tenang! Sekarang makin banyak SPKLU di rest area Tol Trans Jawa jadi detikers bisa isi daya dengan lebih mudah selama perjalanan. Yuk catat dulu rest area yang sudah punya SPKLU! #detikoto #SPKLU #restarea #toltransjawa https://t.co/sQXnhW2GMM","2031339288018006141","https://pbs.twimg.com/media/HDCjv0Ya4AAOS6X.jpg","","in","","0","1","0","https://x.com/undefined/status/2031339288018006141","80543284",
"2031247159451120026","Tue Mar 10 05:53:56 +0000 2026","0","Ini Daftar Rest Area Tol Trans Jawa yang Ada SPKLU https://t.co/2t6SbATpn5","2031247159451120026","","","in","","0","0","0","https://x.com/undefined/status/2031247159451120026","80543284",
"2031237092353929533","Tue Mar 10 05:13:56 +0000 2026","0","Persiapan mudik Lebaran 2026 tidak hanya soal kondisi kendaraan dan fisik pengemudi. Bagi pengguna mobil listrik perencanaan lokasi pengisian daya juga penting sebelum melakukan perjalanan jarak jauh. Baca Selengkapnya https://t.co/RaEJRWoxJl ~NA #Mudik2026 #MobilListrik https://t.co/d8jrPYBZO7","2031237092353929533","https://pbs.twimg.com/media/HDBnXURaMAILxDm.jpg","","in","","0","0","0","https://x.com/undefined/status/2031237092353929533","23343960",
"2030994574009909652","Mon Mar 09 13:49:49 +0000 2026","0","@JC_Frappuccino @JC_Frappuccino Hai Kak mimin siap melayani sepenuh hati. Kakak terkait perihal tersebut dapat menghubungi No.Hotline SPKLU ke No. 0877 7111 2123. Agar semua makin mudah ayo download aplikasi New PLN Mobile. Sehat selalu. Tks- Nisa","2031004530700382502","","JC_Frappuccino","in","","0","0","0","https://x.com/undefined/status/2031004530700382502","558516132",
"2030961307730563524","Mon Mar 09 10:58:03 +0000 2026","0","Daftar SPKLU di Tol Trans Jawa kini semakin lengkap untuk mendukung perjalanan kendaraan listrik jarak jauh. Informasi lokasi pengisian daya ini penting untuk memastikan perjalanan tetap efisien aman dan nyaman. Simak daftar lengkapnya! #SPKLU #TolTransJawa https://t.co/bqYrexiAyo","2030961307730563524","https://pbs.twimg.com/media/HC9sikYaIAEElla.jpg","","in","","0","0","0","https://x.com/undefined/status/2030961307730563524","58880688",
"2030959731955949688","Mon Mar 09 10:51:48 +0000 2026","2","Mudik Lebaran dengan mobil listrik semakin populer. Sebelum perjalanan penting untuk mengetahui lokasi SPKLU terdekat terutama di jalur tol seperti Tangerang Merak. Baca Selengkapnya https://t.co/k9kZ7NNENh ~NA #SPKLU #TolTangerangMerak #Mudik2026 #KendaraanListrik https://t.co/XqZY6DGClg","2030959731955949688","https://pbs.twimg.com/media/HC9rG0HacAAcJ_2.jpg","","in","","0","0","0","https://x.com/undefined/status/2030959731955949688","23343960",
"2030954200939802915","Mon Mar 09 10:29:49 +0000 2026","0","PT PLN siagakan1.681 unit SPKLU di 994 lokasi sepanjang jalur mudik : ANTARA FOTO/Dedi Suwidiantoro/nz. Lihat Selengkapnya: https://t.co/Snh4NWvQHD https://t.co/ST4tVk1aNk","2030954200939802915","https://pbs.twimg.com/media/HC9mFSJaMAAX6fh.jpg","","in","","0","0","0","https://x.com/undefined/status/2030954200939802915","18071520",
"2030903773871378590","Mon Mar 09 08:17:07 +0000 2026","0","@non_goodlooking @non_goodlooking Baik Kakak atas kendalanya admin mohon maaf setelah admin lakukan pengecekan perihal gangguan pada aplikasi PLN mobile untuk melakukan charger kakak dapat melaporkan via whastapp ke Hotline SPKLU di Nomor 0877 7111 2123 dan mohon kesediannya dapat mencoba","2030920805660672048","","non_goodlooking","in","","0","1","0","https://x.com/undefined/status/2030920805660672048","558516132",
"2030812841125769721","Mon Mar 09 06:15:15 +0000 2026","0","@ndarvianp @ndarvianp Halo Kakak admin siap melayani sepenuh hati. Admin mohon maaf atas kendalanya ya Kak. Admin sarankan dapat dilakukan pengecekan berkala pada Aplikasi PLN Mobile dan Kakak dapat menghubungi via Whatsapp (WA) ke Hotline SPKLU di Nomor 0877 7111 2123. Agar semua makin","2030890136612053471","","ndarvianp","in","","0","0","0","https://x.com/undefined/status/2030890136612053471","558516132",
"2030871203309593026","Mon Mar 09 05:00:01 +0000 2026","0","Pemerintah melalui PT PLN (Persero) telah mengoperasikan lebih dari 1.500 unit Stasiun Pengisian Kendaraan Listrik Umum (SPKLU) yang tersebar di sepanjang jalur mudik utama khususnya di koridor Trans Jawa dan Trans Sumatera. https://t.co/B42QCOFFDf","2030871203309593026","","","in","","0","0","0","https://x.com/undefined/status/2030871203309593026","68930552",
"2030329021968658715","Sun Mar 08 12:06:36 +0000 2026","3","@2026akukayaraya asal jangan pake pas weekend. gue malah stres pake EV. jkt - bdg semua SPKLU penuh mana banyak yang rusak wkwk. untung pake ioniq gaperlu rebutan wall charging umum cukup pake punya khusus Hyundai","2030616167858282811","","2026akukayaraya","in","","0","0","0","https://x.com/undefined/status/2030616167858282811","1632556453",
"2030540827752333752","Sun Mar 08 07:07:13 +0000 2026","14","Peresmian SPKLU di Gedung Kementrian Perdagangan https://t.co/yYvaP8eN2B","2030540827752333752","https://pbs.twimg.com/ext_tw_video_thumb/2030540716427083776/pu/img/dsvrruJ_EuFI4Zj9.jpg","","in","","0","1","1","https://x.com/undefined/status/2030540827752333752","785145642",
"2030195663955517567","Sat Mar 07 10:27:52 +0000 2026","3","@Kudabajingan Klo sekedar commuting sehari-hari gass aja apalagi tinggal di Jakarta yang udah banyak SPKLU Tapi klo rencananya buat turing atau jalan jauh mending jangan","2030228935678828548","","Kudabajingan","in","","0","1","0","https://x.com/undefined/status/2030228935678828548","1647369447525711872",
"2029857268133499135","Fri Mar 06 09:51:00 +0000 2026","24684","&gt; jadi fadia arafiq &gt; mantan penyanyi dangdut &gt; jadi bupati pekalongan 2 periode &gt; nggak paham hukum serahin urusan ke sekda cuma ngurus seremonial &gt; kena ott kpk 24 miliar dari total proyek 46 miliar maret 2026 &gt; mobil listrik abis batre pas lagi pelarian &gt; diciduk kpk pas https://t.co/szRaVy5WR9","2029857268133499135","https://pbs.twimg.com/media/HCte82vaYAAet-2.png","","in","","1310","1396","8495","https://x.com/undefined/status/2029857268133499135","3169172777",
"2029823672375201826","Fri Mar 06 07:37:30 +0000 2026","3","PLN berkolaborasi dengan Kementerian Perdagangan RI menghadirkan Stasiun Pengisian Kendaraan Listrik Umum (SPKLU) Ultra Fast Charging di lingkungan kantor Kementerian Perdagangan Jakarta Pusat.Peresmian SPKLU dilaksanakan oleh Menteri Perdagangan RI Budi Santoso bersama Wakil https://t.co/4WfiJ0Fhdm","2029823672375201826","https://pbs.twimg.com/media/HCth3wZaQAEIPe7.jpg","","in","","0","1","1","https://x.com/undefined/status/2029823672375201826","2180179573",
"2029770567889678553","Fri Mar 06 04:06:29 +0000 2026","0","PLN Bangun 3 SPKLU Fast Charging di Kemendag https://t.co/ZET15lTJiW","2029770567889678553","","","in","","0","0","0","https://x.com/undefined/status/2029770567889678553","847372542830444544",
"2029747565726683319","Fri Mar 06 02:35:05 +0000 2026","1","55 Daftar SPKLU di Tol Trans Jawa Mudik Lebaran 2026 Pakai Mobil Listrik Makin Tanpa Was-was https://t.co/CtB3qbq8tv","2029747565726683319","","","in","","0","0","0","https://x.com/undefined/status/2029747565726683319","124171593",
"2029685889136468323","Thu Mar 05 22:30:00 +0000 2026","1","Peresmian SPKLU Kemendag kolaborasi PLN dukung ekosistem kendaraan listrik nasional https://t.co/YhF2p8f0u1","2029685889136468323","","","in","","0","0","0","https://x.com/undefined/status/2029685889136468323","121640063",
"2029551332856861146","Thu Mar 05 13:35:19 +0000 2026","0","KPK Cerita Pengejaran Bupati Pekalongan Fadia Arafiq: Hampir Kehilangan Jejak Ditemukan di SPKLU https://t.co/4ZoUt2ugHu","2029551332856861146","","","in","","0","0","0","https://x.com/undefined/status/2029551332856861146","71436318",
"2029514761386201522","Thu Mar 05 11:10:00 +0000 2026","1","Menteri Perdagangan Budi Santoso meresmikan Stasiun Pengisian Kendaraan Listrik Umum (SPKLU) Kementerian Perdagangan guna memperkuat infrastruktur kendaraan listrik di Kementerian Perdagangan Kamis (5/3). Ria @Kemendag #MenteriPerdagangan #SPKLU #Kendaraan #Listrik https://t.co/VkrvPFcTaR","2029514761386201522","https://pbs.twimg.com/media/HCpBSVSaQAAl8c3.jpg","","in","","0","0","1","https://x.com/undefined/status/2029514761386201522","121640063",
"2029468182864629968","Thu Mar 05 08:04:55 +0000 2026","2","Komisi Pemberantasan Korupsi (KPK) mengungkap lokasi penangkapan Bupati Pekalongan Fadia Arafiq (FAR) dalam rangkaian operasi tangkap tangan (OTT) pada 2 3 Maret 2026. Deputi Bidang Penindakan dan Eksekusi KPK Asep Guntur Rahayu menyebut Fadia diamankan saat sedang mengisi https://t.co/a037tgjPPm","2029468182864629968","https://pbs.twimg.com/amplify_video_thumb/2029468014706606083/img/TW4DT0I-H3BCpHXh.jpg","","in","","0","1","1","https://x.com/undefined/status/2029468182864629968","58880688",
"2029311695857033314","Wed Mar 04 21:43:05 +0000 2026","0","Drama Penangkapan Bupati Pekalongan Fadia Arafiq Diamankan Saat Cas Mobil Listrik di SPKLU Semarang https://t.co/5jcVhSS64x via @tribunnews","2029311695857033314","","","in","","0","0","0","https://x.com/undefined/status/2029311695857033314","124171593",
"2029230387118088542","Wed Mar 04 16:20:00 +0000 2026","1","KPK tangkap Fadia Arafiq di SPKLU meski sempat kehilangan jejak https://t.co/G5XNRVBFkP","2029230387118088542","","","in","","0","0","1","https://x.com/undefined/status/2029230387118088542","121640063",
"2029196267038101798","Wed Mar 04 14:04:25 +0000 2026","2","KPK Ungkap Pengejaran Bupati Pekalongan saat OTT: Kehilangan Jejak Akhirnya Ditemukan di SPKLU https://t.co/t6wwBDpsYh","2029196267038101798","","","in","","0","1","1","https://x.com/undefined/status/2029196267038101798","71436318",
"2029186122841309230","Wed Mar 04 13:24:06 +0000 2026","3","KPK Tangkap Bupati Pekalongan Fadia Saat Ngecas Mobil Listrik di SPKLU https://t.co/Y12Ed2Udc6","2029186122841309230","","","in","","0","0","2","https://x.com/undefined/status/2029186122841309230","17128975",
"2029152947381178399","Wed Mar 04 11:12:17 +0000 2026","0","Drama OTT Bupati Pekalongan KPK Tangkap Fadia Arafiq di SPKLU https://t.co/tuAAWahmOI https://t.co/3Rx736l1pR","2029152947381178399","https://pbs.twimg.com/media/HCj_2jmWsAAlo4R.jpg","","in","","0","0","0","https://x.com/undefined/status/2029152947381178399","118371948",
"2029148119775183233","Wed Mar 04 10:53:06 +0000 2026","2","Deputi Penindakan dan Eksekusi KPK Asep Guntur Rahayu mengatakan bahwa tersangka kasus dugaan korupsi jasa outsourcing Bupati Pekalongan Fadia Arafiq terjaring operasi tangkap tangan (OTT) saat berada di stasiun pengisian kendaraan listrik umum (SPKLU). ~RS https://t.co/w9zM0z3net","2029148119775183233","https://pbs.twimg.com/amplify_video_thumb/2029147765616590850/img/wdwhscsgWUu7NFun.jpg","","in","","0","0","2","https://x.com/undefined/status/2029148119775183233","23343960",
"2029113914798354943","Wed Mar 04 08:37:11 +0000 2026","0","Panduan Lengkap Mudik Mobil Listrik: SPKLU Colokan dan Tarif ~NA Klik untuk baca: https://t.co/jusy87g83r","2029113914798354943","","","in","","0","1","0","https://x.com/undefined/status/2029113914798354943","23343960",
"2029039864910581946","Wed Mar 04 03:42:56 +0000 2026","0","PT PLN Persero bersama mitra mempermudah mobilitas pengguna kendaraan listrik di Indonesia dengan mengoperasikan 4.655 Stasiun Pengisian Kendaraan Listrik Umum sepanjang tahun 2025. Infrastruktur tersebut tersebar di 3.007 titik di berbagai wilayah dan meningkat sekitar 44 persen https://t.co/n6FZyFMspU","2029039864910581946","https://pbs.twimg.com/media/HCiY_TaawAMdNth.jpg","","in","","0","0","0","https://x.com/undefined/status/2029039864910581946","71436318",
"2028930055100088681","Tue Mar 03 20:26:35 +0000 2026","0","Mudik Lebaran pakai mobil listrik butuh perencanaan matang! Pelajari tips penting soal lokasi SPKLU manajemen baterai dan strategi rute https://t.co/HFXjn9u5ec","2028930055100088681","","","in","","0","1","0","https://x.com/undefined/status/2028930055100088681","23343960",
"2028541443615453368","Mon Mar 02 18:42:23 +0000 2026","0","Rest area KM 20 dan KM 49 ruas Tol Lampung dari Bakauheni ke Kota Baru Lampung menyediakan fasilitas SPKLU untuk kendaraan pemudik. https://t.co/kXJE6LoRQC","2028541443615453368","https://pbs.twimg.com/amplify_video_thumb/2028541371951542272/img/A8eFbiOwMgCwJw2Z.jpg","","in","","0","0","0","https://x.com/undefined/status/2028541443615453368","180696019",
"2028461663515725865","Mon Mar 02 14:51:07 +0000 2026","21","@txtdaritaxpayer Gila2 kalo beneran ini kelangkaan BBM sencrowd pake kendaran listrik rebutan spklu yg dalam satu waktu gak mungkin bebarengan fast charger. BBM dan listrik emang harusnya jalan bersama","2028483242295263382","","txtdaritaxpayer","in","","0","0","0","https://x.com/undefined/status/2028483242295263382","83053301",
"2028373414281670662","Mon Mar 02 07:34:41 +0000 2026","0","Persiapan Mudik Lebaran 2026 Simak Daftar SPKLU di Tol Trans Jawa ~AM Klik untuk baca: https://t.co/9fhClLusBm","2028373414281670662","","","in","","0","0","0","https://x.com/undefined/status/2028373414281670662","23343960",
"2027394601020248463","Fri Feb 27 14:45:14 +0000 2026","10","RAPAT KOORDINASI LINTAS SEKTORAL OPERASI KETUPAT KRAKATAU 2026 DALAM RANGKA PENGAMANAN IDUL FITRI 1447 H / 2026 M Pada hari Jumat 27 Februari 2026 bertempat di Siger Lounge Polda Lampung dilaksanakan kegiatan Rapat Koordinasi Lintas Sektoral terkait pelaksanaan Operasi https://t.co/KXhBL0YyGu","2027394601020248463","https://pbs.twimg.com/ext_tw_video_thumb/2027393130484609024/pu/img/NlzMqVt6tHCPrzqr.jpg","","in","","0","0","0","https://x.com/undefined/status/2027394601020248463","843124411",
"2027287821099417993","Fri Feb 27 07:40:56 +0000 2026","10","RAPAT KOORDINASI LINTAS SEKTORAL OPERASI KETUPAT KRAKATAU 2026 DALAM RANGKA PENGAMANAN IDUL FITRI 1447 H / 2026 M Pada hari jum'at 27 Februari 2026 bertempat di Siger Lounge Polda Lampung dilaksanakan kegiatan Rapat Koordinasi Lintas Sektoral terkait pelaksanaan Operasi https://t.co/6ZJWIgayEZ","2027287821099417993","https://pbs.twimg.com/media/HCJdnz5b0AAqogg.jpg","","in","","0","0","0","https://x.com/undefined/status/2027287821099417993","843124411",
"2026987137783243236","Thu Feb 26 11:46:07 +0000 2026","0","Travoy Rest Area KM 88B Tol Cipularang menuju Purwakarta menyediakan berbagai fasilitas pendukung bagi pemudik di masa libur Lebaran 2026. Area parkir luas Taman Bermain Lalu Lintas SPBU SPKLU toilet gratis ruang laktasi dan restoran dengan variasi menu. https://t.co/EGrrCDGCDg","2026987137783243236","https://pbs.twimg.com/amplify_video_thumb/2026987066861699072/img/FDPJDWlNgyBWGJnH.jpg","","in","","0","0","0","https://x.com/undefined/status/2026987137783243236","180696019",
"2026876951286395145","Thu Feb 26 04:28:17 +0000 2026","2","29 tahun menghadirkan energi untuk negeri Pertamina Patra Niaga melalui MyPertamina berikan apresiasi kepada konsumen setia HANYA SATU HARI! Jadi jangan sampai terlewat untuk transaksi Pertamax Series Dex Series pembelian tabung perdana atau isi ulang Bright Gas https://t.co/FH16TUIKIR","2026876951286395145","https://pbs.twimg.com/media/HCDp1Sia8AAB7-H.jpg","","in","","0","0","0","https://x.com/undefined/status/2026876951286395145","788714108245774338",
"2026714609152045372","Wed Feb 25 17:43:12 +0000 2026","1","Sejumlah Stasiun Pengisian Kendaraan Listrik Umum (SPKLU) tersedia bagi pengguna jalan di Tol Jakarta Cikampek hingga Tol Cipali. Diantaranya di KM 57 KM 86 dan KM 102 arah Cirebon. Para calon pemudik Lebaran 2026 dengan kendaraan listrik bisa memanfaatkan fasilitas tersebut. https://t.co/mp8ukjNGNW","2026714609152045372","https://pbs.twimg.com/amplify_video_thumb/2026714542844293122/img/w1kJbXV3X_JmuvJJ.jpg","","in","","0","0","0","https://x.com/undefined/status/2026714609152045372","180696019",
"2026527158471196904","Wed Feb 25 06:22:43 +0000 2026","2","EV mempunyai Bottleck 1. Refining &amp; processing (hilirisasi) 2. Integrasi Ke Software 3. Electeiciry Grid (SPKLU) 4. Resale Value Ketidakpastian setelah 5 tahun terhadap baterai nya. 3 poin ini saja sudah membutuhkan Basic Material (timah copper alumunium lithium dan https://t.co/rLK3wEJZrp","2026543360085995637","https://pbs.twimg.com/media/HB-6cinaMAUCmnm.jpg","Gieehad","in","","0","1","0","https://x.com/undefined/status/2026543360085995637","1034308064",
"2026203123803718098","Tue Feb 24 07:50:44 +0000 2026","0","PLN MEBI dan HUAWEI Resmikan SPKLU Signature dengan Ultra-Fast Charging dan Split Charging Pertama di Indonesia Sinergi lintas sektor dalam mempercepat pengembangan infrastruktur kendaraan listrik (Electric Vehicle/EV) terus mencatatkan hasil positif. Teranyar PT PLN https://t.co/oswNZqL11G","2026203123803718098","https://pbs.twimg.com/media/HB6E_PoboAAbLgf.jpg","","in","","0","1","0","https://x.com/undefined/status/2026203123803718098","71436318",
"2026149969393242122","Tue Feb 24 04:19:31 +0000 2026","1","RX6000 Tembus Batas: Motor Listrik Adventure Pertama dengan Charging SPKLU Euro Type 2 https://t.co/IM7vDLjhUK","2026149969393242122","","","in","","0","0","0","https://x.com/undefined/status/2026149969393242122","2392460208",
"2026057860136972362","Mon Feb 23 22:13:30 +0000 2026","23","Mobil hybrid dirasa masih jadi alternative paling cocok di Indonesia karna penyebaran SPKLU yang belum merata. Seandainya harga mobil hybrid bisa lebih terjangkau apakah teman2 mau ganti/nambah mobil nya? https://t.co/ExKM6icAaA","2026057860136972362","https://pbs.twimg.com/media/HB4A4zBbgAAsXey.jpg","","in","","0","5","1","https://x.com/undefined/status/2026057860136972362","853206219611185152",
"2025395019440697455","Sun Feb 22 02:19:37 +0000 2026","0","Rest area KM 57 Tol Jakarta Cikampek menjadi lokasi favorit pemberhentian pertama pemudik di Tol Jakarta Cikampek. Sejumlah fasiltas tersedia lengkap mulai dari SPBU SPKLU masjid toilet restoran dan berbagai fasilitas lainnya. : Reporter Sonora/@SaortuaMarbun https://t.co/7RFCzonE4r","2025395019440697455","https://pbs.twimg.com/amplify_video_thumb/2025394925202968576/img/TQ2TIvboyC5pk9rs.jpg","","in","","0","0","0","https://x.com/undefined/status/2025395019440697455","180696019",
"2025146957308846087","Sat Feb 21 09:53:54 +0000 2026","0","Sejumlah Stasiun Pengisian Kendaraan Listrik Umum (SPKLU) tersedia bagi pengguna jalan di Tol Jakarta Cikampek hingga Tol Cipali di antaranya di KM 57 KM 86 dan KM 102 arah Cirebon. #EkspedisiMudik2026 https://t.co/Nthkl6fXQT","2025146957308846087","https://pbs.twimg.com/amplify_video_thumb/2025146887532339200/img/VPCJZMPhM_TWvtmG.jpg","","in","","0","0","0","https://x.com/undefined/status/2025146957308846087","180696019",
"2024963816828928402","Sat Feb 21 09:02:13 +0000 2026","20","@VIVAcoid Diketawain PLN. Di PLN Mobile kalau kita charging di SPKLU misal kita melakukan pembelian 100rb kemudian melakukan charging kendaraan. Ketika baru terpakai 50rb dan kita hentikan maka sisa yang tidak terpakai akan kembali menjadi saldo. tidak hangus","2025133948620460511","","VIVAcoid","in","","0","2","4","https://x.com/undefined/status/2025133948620460511","1089712773280362496",
"2025121487070621849","Sat Feb 21 08:12:42 +0000 2026","1","Rest area KM 57 Tol Jakarta Cikampek menjadi lokasi favorit pemberhentian pertama pemudik di Tol Jakarta Cikampek. Sejumlah fasiltas tersedia lengkap mulai dari SPBU SPKLU masjid toilet restoran dan berbagai fasilitas lainnya. : Reporter Sonora/@saortuamarbun https://t.co/E56jtUXU2V","2025121487070621849","https://pbs.twimg.com/amplify_video_thumb/2025121379365081088/img/etC3cohY_-2v10V8.jpg","","in","","0","0","0","https://x.com/undefined/status/2025121487070621849","180696019",
"2025049632729186513","Sat Feb 21 03:27:10 +0000 2026","3","Sebenernya ga salah sih kalau jawabnya biasa aja yang salah itu kalau lewatin Weekend Promo Dobel Poin dari MyPertamina Transaksi produk - produk unggulan Pertamina mulai dari isi Pertamax Series Dex Series beli Bright Gas jajan di Bright Store Bright Cafe atau isi oli https://t.co/796SalOsQT","2025049632729186513","https://pbs.twimg.com/amplify_video_thumb/2025049504937115653/img/ddePSeLrXFC9b2pR.jpg","","in","","0","0","2","https://x.com/undefined/status/2025049632729186513","788714108245774338",
"2024440893819015293","Thu Feb 19 11:18:06 +0000 2026","0","@vemmy_n @vemmy_n Hai Kak Vemmy admin siap melayani sepenuh hati mohon maaf perihal tsb Kakak dapat melakukan pengecekan lokasi SPKLU dilokasi lain dapat dilakukan pada aplikasi PLN Mobile berikut langkah-langkah melakukan pengecekan mandiri melalui aplikasi PLN Mobile dengan cara -","2024443371100790854","","vemmy_n","in","","0","1","0","https://x.com/undefined/status/2024443371100790854","558516132",
"2024395145698037997","Thu Feb 19 08:06:28 +0000 2026","4","SPKLU Ultra Fast Charging di Tangsel Isi hingga 80 Persen Enggak Lama https://t.co/ptllmJwKLP","2024395145698037997","","","in","","0","0","0","https://x.com/undefined/status/2024395145698037997","17128975",
"2024338147073806777","Thu Feb 19 04:19:59 +0000 2026","0","PLN MEBI &amp; Huawei Hadirkan SPKLU Zora Ultra Fast Charging https://t.co/jMktyLU0lA","2024338147073806777","","","in","","0","0","0","https://x.com/undefined/status/2024338147073806777","847372542830444544",
"2023925655357059526","Wed Feb 18 01:00:53 +0000 2026","763","Kesuksesan BYD ini kombinasi visionernya Wang Chuanfu (founder &amp; CEO BYD) dan Wan Gang (Menteri Saintek Tiongkok 2007-2018). Wan Gang itu disebut Bapak EV negara panda :) ️ Wang Chuanfu adalah chemist dengan keahlian di baterai; makanya dia kemudian mendirikan pabrik baterai","2023925655357059526","","","in","","22","25","191","https://x.com/undefined/status/2023925655357059526","69806285",
"2023701123597808023","Tue Feb 17 10:08:41 +0000 2026","0","Naik Level! Ini SPKLU 400 kW Pertama di Indonesia https://t.co/PiMZsTyVEp","2023701123597808023","","","in","","0","0","0","https://x.com/undefined/status/2023701123597808023","80543284",
"2023689737723318449","Tue Feb 17 09:23:26 +0000 2026","0","Gandeng MEBI &amp; HUAWEI PLN Resmikan SPKLU Ultra-Fast 480 kW https://t.co/wMN2sHy4bi","2023689737723318449","","","in","","0","0","0","https://x.com/undefined/status/2023689737723318449","847372542830444544",
"2023645875772551625","Tue Feb 17 06:29:08 +0000 2026","0","SPKLU 480 kW dengan Liquid Cooling Resmi Beroperasi di Gading Serpong Isi Daya 20 Menit Bisa Tembus 80 Persen https://t.co/CqKTg1ZXgQ","2023645875772551625","","","in","","0","0","0","https://x.com/undefined/status/2023645875772551625","2392460208",
"2023351666972709342","Mon Feb 16 11:00:04 +0000 2026","0","Sinergi Global untuk Dekarbonisasi Transportasi Indonesia PLN bersama MEBI dan Huawei Digital Power resmi mengoperasikan SPKLU Signature ZORA. Inovasi ini adalah langkah nyata untuk mendukung target pemerintah dalam memperluas infrastruktur EV nasional yang kini telah mencapai https://t.co/SAocUsuH4D","2023351666972709342","https://pbs.twimg.com/media/HBRjnjvaMAAZhov.jpg","","in","","0","1","0","https://x.com/undefined/status/2023351666972709342","46693036",
"2023256166550450660","Mon Feb 16 04:40:35 +0000 2026","2","Liburan jadi lebih seru ketika semuanya sudah terencana dengan baik. Mau liburan pakai kendaraan listrik? Pastikan kamu gunakan fitur Trip Planner di PLNMobile. Kamu bisa lihat rute perjalanan sekaligus lokasi SPKLU terdekat. Mulai dari cek ketersediaan charger estimasi jarak https://t.co/BOWaNyCmHg","2023256166550450660","https://pbs.twimg.com/amplify_video_thumb/2023256102767673344/img/ao4GBPj7cFN7teSu.jpg","","in","","0","0","0","https://x.com/undefined/status/2023256166550450660","1260833363411128321",
"2023217717336273303","Mon Feb 16 02:07:48 +0000 2026","2","Siap charge mobil listrik tanpa tunggu lama Electrizen? SPKLU Signature ZORA kini hadir di Gading Serpong dengan Ultra Fast Charging hingga 400 kA dan fasilitas premium. https://t.co/sHwWWqVjuD","2023217717336273303","https://pbs.twimg.com/media/HBPpycCaoAAhF0G.jpg","","in","","0","0","0","https://x.com/undefined/status/2023217717336273303","1260833363411128321",
"2023214648787636487","Mon Feb 16 01:55:36 +0000 2026","2","Charge mobil listrik di SPKLU ribet nggak sih? Yuk tanya langsung ke Electrizen yang hadir di IIMS 2026. #PLNUntukSemua #PLNUntuklndonesia https://t.co/voj9kfRlwY","2023214648787636487","https://pbs.twimg.com/amplify_video_thumb/2023214563337109504/img/WKJashoBKNy1pE-o.jpg","","in","","0","0","0","https://x.com/undefined/status/2023214648787636487","1260833363411128321",
"2022610515479110000","Sun Feb 15 03:20:05 +0000 2026","2","@rasjawa Mau komen ini UTAS dan jawaban pembuat UTAS cenderung asal dan tendensius. 1. Tidak secara langsung bertanya penyebabnya lalu menyimpulkan. 2. Setiap ada yang menyampaikan alternatif solusi di rest area ada SPKLu selalu menyanggah dengan bilang SPKLU penuh dan antri. Jadi maksud","2022873521714819185","","rasjawa","in","","0","1","0","https://x.com/undefined/status/2022873521714819185","399901511",
"2022610515479110000","Sat Feb 14 14:53:55 +0000 2026","8","@rasjawa Apa iya driver EV sebego itu? Kalo gw ya akan cek batere estimasi jarak tempuh cek traffic di maps pas di rest area yg ada SPKLU nya kalo itung2an nya sampe tujuan ya lanjut kalo enggak ya antri ngecas. Lain hal kalo ada force majeure (macet efek kecelakaan atau bencana).","2022685743194542193","","rasjawa","in","","0","2","0","https://x.com/undefined/status/2022685743194542193","64716682",
"2022610515479110000","Sat Feb 14 11:14:33 +0000 2026","3","@ramdanichan @arisw89 @rasjawa tp tar di SPKLU nya pasti penuh jg kali ya","2022630535630327816","","ramdanichan","in","","0","0","0","https://x.com/undefined/status/2022630535630327816","948881269399592960",
"2022623461836042568","Sat Feb 14 10:46:26 +0000 2026","206","Seorang netizen dengan gobloknya nyolokin mobil ke SPKLU tapi gak nyalain start charging. Udah kayak kisah rice cooker versi EV","2022623461836042568","","","in","","3","13","20","https://x.com/undefined/status/2022623461836042568","56070794",
"2022610515479110000","Sat Feb 14 10:44:21 +0000 2026","29","@arisw89 @rasjawa @Isnasson di area tol gratis sampai pintu tol. di rest area banyak SPKLU jadi gak perlu bayar towing","2022622937292083392","","arisw89","in","","0","1","0","https://x.com/undefined/status/2022622937292083392","200837792",
"2021907859819372974","Fri Feb 13 03:47:32 +0000 2026","5","@Naufaldaakbar @SmwGwOto SPKLU U nya UMUM . Di apps ada keterangannya kalo charging station tsb bukan untuk umum https://t.co/LBCePEg1IA","2022155652597264548","https://pbs.twimg.com/media/HBAj2MkbsAIH8G4.jpg","Naufaldaakbar","in","","0","0","0","https://x.com/undefined/status/2022155652597264548","167700093",
"2021907859819372974","Fri Feb 13 00:45:08 +0000 2026","4","@speedjunkiez @SmwGwOto Oh ini berarti umum gk ada keterangan SPKLU nya untuk karyawan. Kalo area khusus emang udh di blok bahkan ada keterangan nya di app nya .","2022109751929450748","","speedjunkiez","in","","0","0","0","https://x.com/undefined/status/2022109751929450748","1169238012",
"2021907859819372974","Thu Feb 12 22:05:44 +0000 2026","42","@SmwGwOto Kayaknya itu SPKLU. Ada di aplikasi PLN. https://t.co/j9YwhZe48F","2022069638209974282","https://pbs.twimg.com/media/HA_VnsibcAA0NRs.jpg","SmwGwOto","in","","0","1","2","https://x.com/undefined/status/2022069638209974282","1534020422978502658",
"2021907859819372974","Thu Feb 12 17:57:23 +0000 2026","6","@SmwGwOto SPKLU = Stasiun Pengisian Kendaraan Listrik Uistri Pejabat","2022007140005937488","","SmwGwOto","in","","0","0","1","https://x.com/undefined/status/2022007140005937488","566229882",
"2021907859819372974","Thu Feb 12 15:17:35 +0000 2026","4","@SmwGwOto Kalau memang spklu punya pln laporkan aja di pln mobile. Kapan hari pernah mau ngecas di spklu pln di parkiran resto. Katanya motor nggak bisa. Padahal udah dijelasin kalo aku pake adaptor. Langsung lapor gak sampe seminggu akhirnya dibolehin malah ada colokan khusus motor ","2021966923303727162","","die9sym","in","","0","0","0","https://x.com/undefined/status/2021966923303727162","167700093",
"2021907859819372974","Thu Feb 12 15:13:21 +0000 2026","2","@SmwGwOto Jangankan SPKLU yg simple aja spt slot parkir khusus di perkantoran yang sudah ada usernya jg ga ada yg boleh pake kecuali ybs.","2021965857912701058","","SmwGwOto","in","","0","2","0","https://x.com/undefined/status/2021965857912701058","1469991641951862784",
"2021907859819372974","Thu Feb 12 15:10:28 +0000 2026","18","@SmwGwOto SPKLU - nya buat umum tapi areanya itu mungkin itu areanya di parkiran khusus pekerja/staff jadi gak boleh Ibarat SPBU - untuk umum tapi kalo SPBU nya di rest area tol kemungkinan pengendara motor ngak boleh akses","2021965131622822220","","SmwGwOto","in","","0","2","0","https://x.com/undefined/status/2021965131622822220","1696196671464767490",
"2021960826018845068","Thu Feb 12 14:53:21 +0000 2026","18","Apakah Mobil Listrik Benar2 Ramah Lingkungan? Mobil listrik ternyata tidak selistrik (maksudnya seramah lingkungan ) seperti yang kita pikirkan selama ini? Mungkin jarang yang bertanya: saat nge-charge mobil listrik entah di rumah atau SPKLU dari manakah sumber listriknya? https://t.co/4TzGTOC0zX","2021960826018845068","https://pbs.twimg.com/media/HA9ypoqbsAIHURG.jpg","","in","","2","17","3","https://x.com/undefined/status/2021960826018845068","18359715",
"2021907859819372974","Thu Feb 12 14:18:01 +0000 2026","9","@SmwGwOto Biasanya yg dikantor kantor bukan spklu..dan gak pake aplikasi tapi pakai kartu yg di pegang member atau satpam","2021951934568313341","","SmwGwOto","in","","0","1","0","https://x.com/undefined/status/2021951934568313341","1716660496475246592",
"2021907859819372974","Thu Feb 12 13:56:07 +0000 2026","50","@SmwGwOto SPKLU U nya itu UMUM; bukan Usus pejabat","2021946422132875611","","SmwGwOto","in","","0","0","0","https://x.com/undefined/status/2021946422132875611","1084466844054913024",
"2021923231331164570","Thu Feb 12 12:23:58 +0000 2026","3","Mudik Aman 2026 Korlantas Polri Google dan Jasa Marga Integrasikan Informasi Lalu Lintas Korlantas Polri bersama Google Indonesia dan Jasa Marga kembali memperkuat kolaborasi untuk memastikan informasi arus mudik dapat diakses masyarakat secara cepat dan real time. Mulai dari https://t.co/z3hfAXXPv3","2021923231331164570","https://pbs.twimg.com/media/HA9QdpybsAUPCrL.jpg","","in","","0","0","1","https://x.com/undefined/status/2021923231331164570","130169009",
"2021920700454645815","Thu Feb 12 12:13:55 +0000 2026","0","United Rilis Motor Listrik yang Bisa Dicas di SPKLU Segini Harganya https://t.co/FlQfC1XmyU","2021920700454645815","","","in","","0","0","0","https://x.com/undefined/status/2021920700454645815","80543284",
"2021907859819372974","Thu Feb 12 11:22:53 +0000 2026","1115","Apakah itu SPKLU atau charging station utk internal? Biasanya klo perkantoran suka bikin charging station khusus karyawan atau pelanggan. https://t.co/pEQimETJjk","2021907859819372974","https://pbs.twimg.com/media/HA9Ce3SbsAIeM0Y.jpg","","in","","9","61","63","https://x.com/undefined/status/2021907859819372974","853206219611185152",
"2021737782222500059","Thu Feb 12 00:07:04 +0000 2026","2","At least EV editions! Electrizen setuju nggak? #PLNUntukSemua #PLNUntuklndonesia #SPKLU #PLNMobile https://t.co/qIfOJga8Cy","2021737782222500059","https://pbs.twimg.com/media/HA6nyseaUAAET_L.jpg","","in","","0","0","0","https://x.com/undefined/status/2021737782222500059","1260833363411128321",
"2019643858741784810","Fri Feb 06 05:26:33 +0000 2026","1","Kakorlantas Polri Irjen Pol Drs. Agus Suryonugroho meninjau langsung Rest Area KM 66 Tol Pandaan Malang sebagai bagian dari kesiapan pengamanan mudik Lebaran 2026. ️ Pengecekan dilakukan mulai dari jalur tol jalan arteri hingga fasilitas pendukung demi memastikan keamanan https://t.co/ux9mhVEJGP","2019643858741784810","https://pbs.twimg.com/media/HAc3Yqub0AAx0zo.jpg","","in","","0","0","1","https://x.com/undefined/status/2019643858741784810","130169009",
"2019349358848917618","Thu Feb 05 09:56:19 +0000 2026","0","Kolaborasi PLN UCI dan Grand Aston Resmikan SPKLU Ultra Fast Puncak https://t.co/EV1Wg6xsu4","2019349358848917618","","","in","","0","0","0","https://x.com/undefined/status/2019349358848917618","135795460",
"2019030063824687259","Wed Feb 04 12:47:33 +0000 2026","2","Sobat Gatrik Kendaraan listrik atau Electric Vehicle (EV) merupakan salah satu pilar utama transisi energi Indonesia untuk mencapai Net Zero Emission di tahun 2060. Untuk menekan emisi karbon dan polusi udara sekaligus mendukung mobilitas ramah lingkungan pemerintah terus https://t.co/HGllCuDFMn","2019030063824687259","https://pbs.twimg.com/media/HAUJIiCXIAEJOH9.jpg","","in","","0","0","0","https://x.com/undefined/status/2019030063824687259","881756855583637504",
"2018679685803327870","Tue Feb 03 13:35:17 +0000 2026","0","Indonesia Punya 4.778 SPKLU Saat Ini Ditargetkan 192 Ribu pada 2034 https://t.co/6KIuQoBqoW","2018679685803327870","","","in","","0","0","0","https://x.com/undefined/status/2018679685803327870","17128975",
"2018652348915282137","Tue Feb 03 11:46:39 +0000 2026","0","Road Trip Naik EV Aletra L8 ke Sumatera Cek Tarif Kapal Tol dan Lokasi SPKLU https://t.co/zy3Yz0oQfs","2018652348915282137","","","in","","0","0","0","https://x.com/undefined/status/2018652348915282137","80543284",
"2018247668854878289","Mon Feb 02 08:58:36 +0000 2026","2","China Punya Jutaan SPKLU Terbanyak di Dunia ~NA Klik untuk baca: https://t.co/IANJs1Trvy","2018247668854878289","","","in","","0","0","0","https://x.com/undefined/status/2018247668854878289","23343960",
"2017857170780696805","Sun Feb 01 09:03:24 +0000 2026","0","@elkhanzz @Mingchu_Ang @elkhanzz Hi Kakak mimin siap melayani sepenuh hati terkait kendala SPKLU saat ini sudah normal kembali mohon di coba kembali ya kak. Agar semua makin mudah ayo download aplikasi New PLN Mobile. Sehat selalu Trims - Yaka","2017886492358840726","","elkhanzz","in","","0","1","0","https://x.com/undefined/status/2017886492358840726","558516132",
"2015259614401454145","Sun Jan 25 05:25:40 +0000 2026","5","@tanyakanrl Mobil listrik bekas. Hemat pajak hemat BBM kalo jarak 30. Kemungkinan sehari bensin habis 60 -70 ribu belum tol. Kalo mobil listrik sekitar 20 ribu cas di rumah 35-40 ribu di SPKLU","2015294980504596916","","tanyakanrl","in","","0","2","0","https://x.com/undefined/status/2015294980504596916","89871368",
"2015077912433852482","Sat Jan 24 15:03:07 +0000 2026","7","Ini sih masih mending Bang pernah liat di spklu PLN habis ada yang ngerecharge kabel charging digeletakkin aja di tanah kayak selang air... https://t.co/WWHERlyNJ4","2015077912433852482","https://pbs.twimg.com/media/G_b-rpdaYAARXSH.jpg","","in","","0","3","2","https://x.com/undefined/status/2015077912433852482","10024342",
"2014590943778025562","Fri Jan 23 06:48:04 +0000 2026","2","MALANG PLN Unit Pelaksana Pelayanan Pelanggan (UP3) Malang menegaskan komitmennya mendukung transisi energi nasional melalui penguatan ekosistem kendaraan listrik. Salah satunya dengan menghadirkan Stasiun Pengisian Kendaraan Listrik Umum (SPKLU) terbanyak di Jawa Timur yang https://t.co/5fEkiZgpFD","2014590943778025562","https://pbs.twimg.com/amplify_video_thumb/2014590760868528129/img/-oG6nzxf-dN3bqj1.jpg","","in","","0","2","0","https://x.com/undefined/status/2014590943778025562","1068381082381299713",
"2014263939018936572","Thu Jan 22 09:08:40 +0000 2026","6","MALANG Program bantuan becak listrik dari Presiden RI Prabowo Subianto ditargetkan rampung pada 2027 dengan total sasaran sekitar 80.000 pengemudi becak di seluruh Indonesia. Program ini merupakan pengadaan nasional yang dimulai sejak 2025 dan dilanjutkan hingga 2027. Ketua https://t.co/LKK3kuoqed","2014263939018936572","https://pbs.twimg.com/amplify_video_thumb/2014263744424247297/img/_8aCZHt2IP1ATK31.jpg","","in","","1","2","0","https://x.com/undefined/status/2014263939018936572","1068381082381299713",
"2011616521840361684","Wed Jan 21 01:24:50 +0000 2026","0","@Suryafasten @Suryafasten Hi Kak admin siap melayani sepenuh hati. Kak mohon maaf atas kendalanya apakah terkait kendala pada home Chargernya? Jika benar terkait perihal tersebut kk dapat menghubungi Via Wa ke Hotline SPKLU di nomor telpon 087771112123. Agar semua makin mudah ayo","2013784821542330865","","Suryafasten","in","","0","1","0","https://x.com/undefined/status/2013784821542330865","558516132",
"2013143057248448758","Mon Jan 19 06:54:41 +0000 2026","2","Enyak Babeh roadtrip ke Bali pakai EV Enyak deg degan takut kehabisan daya di jalan Padahal di PLN Mobile ada menu Electric Vehicle. Bisa cek lokasi SPKLU terdekat kapan pun dibutuhkan. Cek langsung ceritanya di video ini ya #PLNDisjaya #PLNMobile #EnyakBabeh #Ceban https://t.co/wwQR9FceX3","2013143057248448758","https://pbs.twimg.com/ext_tw_video_thumb/2013142719774826497/pu/img/vJCFF5R9Q2vRxFTg.jpg","","in","","0","0","0","https://x.com/undefined/status/2013143057248448758","1767827116132007936",
"2013061624777801926","Mon Jan 19 01:31:06 +0000 2026","3","Enyak Babeh roadtrip ke Bali pakai EV Enyak deg degan takut kehabisan daya di jalan Padahal di PLN Mobile ada menu Electric Vehicle. Bisa cek lokasi SPKLU terdekat kapan pun dibutuhkan. Cek langsung ceritanya di video ini ya #PLNDisjaya #PLNMobile #EnyakBabeh #Ceban https://t.co/ox8nlaQgKe","2013061624777801926","https://pbs.twimg.com/ext_tw_video_thumb/2013061461896011776/pu/img/IdAZrc8DYx1gqX9f.jpg","","in","","0","0","0","https://x.com/undefined/status/2013061624777801926","1633377901419831296",
"2012873623581642774","Sun Jan 18 13:04:03 +0000 2026","3","Enyak Babeh roadtrip ke Bali pakai EV Enyak deg degan takut kehabisan daya di jalan Padahal di PLN Mobile ada menu Electric Vehicle. Bisa cek lokasi SPKLU terdekat kapan pun dibutuhkan. Cek langsung ceritanya di video ini ya #PLNDisjaya #PLNMobile #EnyakBabeh #Ceban https://t.co/nJBLun1A1o","2012873623581642774","https://pbs.twimg.com/ext_tw_video_thumb/2012873444300328961/pu/img/Ehk3ZgeMJmv1eRCL.jpg","","in","","0","0","0","https://x.com/undefined/status/2012873623581642774","1633378998989512705",
"2012832733878219064","Sun Jan 18 10:21:35 +0000 2026","2","Enyak Babeh roadtrip ke Bali pakai EV Enyak deg degan takut kehabisan daya di jalan Padahal di PLN Mobile ada menu Electric Vehicle. Bisa cek lokasi SPKLU terdekat kapan pun dibutuhkan. Cek langsung ceritanya di video ini ya #PLNDisjaya #PLNMobile #EnyakBabeh #Ceban https://t.co/CvXYjtUnUb","2012832733878219064","https://pbs.twimg.com/ext_tw_video_thumb/2012832568362614784/pu/img/piZwvK29NQM7GwDM.jpg","","in","","0","0","0","https://x.com/undefined/status/2012832733878219064","1830465750127296512",
"2012825036688691567","Sun Jan 18 09:50:59 +0000 2026","3","Enyak Babeh roadtrip ke Bali pakai EV Enyak deg degan takut kehabisan daya di jalan Padahal di PLN Mobile ada menu Electric Vehicle. Bisa cek lokasi SPKLU terdekat kapan pun dibutuhkan. Cek langsung ceritanya di video ini ya #PLNDisjaya #PLNMobile #EnyakBabeh #Ceban https://t.co/B6oAGcAwRO","2012825036688691567","https://pbs.twimg.com/ext_tw_video_thumb/2012824715694329856/pu/img/Y0CSCth-9IVcD-xG.jpg","","in","","0","0","0","https://x.com/undefined/status/2012825036688691567","1830457875636047872",
"2012809405088104564","Sun Jan 18 08:48:53 +0000 2026","3","saatnya piknik di SPKLU lagi","2012809405088104564","","","in","","0","0","0","https://x.com/undefined/status/2012809405088104564","1230388253573840896",
"2012100982763860412","Fri Jan 16 09:53:51 +0000 2026","2","Desember D-nya apa? Dibikin tenang saat liburan karena semuanya bisa dilakukan lewat PLN Mobile! Mulai dari bayar tagihan dan beli token listrik cari SPKLU terdekat sampai pakai trip planner untuk perjalanan liburan. #PLNUntukSemua #PLNUntukIndonesia #PLNMobile #PLN https://t.co/AZOl6kt01d","2012100982763860412","https://pbs.twimg.com/media/G-xrJ_YbcAA2rMC.jpg","","in","","0","0","0","https://x.com/undefined/status/2012100982763860412","1769164803191541760",
"2011618025091580233","Thu Jan 15 01:54:45 +0000 2026","0","BYD Punya SPKLU Super Ngebut: Cas 5 Menit Mobil Bisa Jalan 400 Km! https://t.co/GHiommED3T","2011618025091580233","","","in","","0","0","0","https://x.com/undefined/status/2011618025091580233","80543284",
"2009908990952779907","Sat Jan 10 20:28:12 +0000 2026","3","@hanux_ @AldhitamaR ditambah ngecas mobil pula ttp 1-2jam full charge di spklu. blm lg klo spklu-nya antri juga. waktu nunggu nya jd dobel. masih kurang praktis.","2010086293867557039","","hanux_","in","","0","1","0","https://x.com/undefined/status/2010086293867557039","127182239",
"2009908990952779907","Sat Jan 10 14:16:33 +0000 2026","2","@ulyfikri @AldhitamaR tapi tetap tidak praktis. Fill and go untuk mesin bensin bahkan bisa beli eceran. sedangkan untuk charge harus menyediakan waktu minimal 30mnt - 1 jam untuk full charge belum lg jika spklu-nya antri juga. tidak ada juga listrik eceran.","2009992765913079870","","ulyfikri","in","","0","2","0","https://x.com/undefined/status/2009992765913079870","127182239",
"2009603158251885050","Fri Jan 09 13:22:51 +0000 2026","0","@rullysardjan @rullysardjan Hai Kakak mimin siap melayani sepenuh hati. Perihal informasi tersebut silahkan dapat menghubungi WhatsApp Hotline SPKLU 0877 7111 2123. Agar semua makin mudah ayo download aplikasi New PLN Mobile. Sehat selalu. Terima kasih -Pradana","2009616861009441010","","rullysardjan","in","","0","0","0","https://x.com/undefined/status/2009616861009441010","558516132",
"2009451409306231217","Fri Jan 09 02:25:24 +0000 2026","2","Didukung ribuan SPKLU dan fitur Trip Planner di PLN Mobile mudik pakai mobil listrik kini bukan lagi wacana tapi kebiasaan baru. #PLNUntukSemua #PLNUntukIndonesia #PLNMobile https://t.co/5dE6eCAZAc","2009451409306231217","https://pbs.twimg.com/amplify_video_thumb/2009451350527188992/img/tumWr9OkSAhggTVz.jpg","","in","","0","0","0","https://x.com/undefined/status/2009451409306231217","1260833363411128321",
"2009206483276402740","Thu Jan 08 21:49:07 +0000 2026","9","@innovacommunity Harusnya pemerintahnya yg didorong upgrade. Pemerintah dorong kendaraan ev tapi kendaraan operasi pemerintah masih jarang ev. Sarana prasaranan penunjang ev juga jarang bngt entah spklu atau alat pemadam. ","2009381879967780984","","innovacommunity","in","","0","0","1","https://x.com/undefined/status/2009381879967780984","330385024",
"2009339320012779828","Thu Jan 08 19:00:00 +0000 2026","0","Pengguna EV Naik saat Libur Nataru Konsumsi Listrik SPKLU Melonjak 479 Persen https://t.co/DqdX9Hs3oC","2009339320012779828","","","in","","0","0","0","https://x.com/undefined/status/2009339320012779828","132078023",
"2009067330039631979","Thu Jan 08 10:43:51 +0000 2026","2","@MUSUHKHAWARIJ @ertigaid Selain ketersedian SPKLU kelemahan terbesar EV tuh ya baterai. Harga ganti baru mahal dn jika teknologi baterai baru dipasarkan kemungkinan besar mobil yg skrg ga kompatibel dgn baterai baru tsb. Kalaupun bisa pasti pergantian hardware di mobil lama rsb yg pasti nambah cost.","2009214458770677814","","MUSUHKHAWARIJ","in","","0","0","0","https://x.com/undefined/status/2009214458770677814","1664857818309234690",
"2009173554932404669","Thu Jan 08 08:01:18 +0000 2026","14","Tidak hanya di Jakarta saja penggunaan kendaraan listrik di Provinsi Aceh juga mulai diadopsi Loopers ️ Yuk kita simak perkembangannya... 1⃣ Peresmian SPKLU pertama di Aceh dilakukan di kantor PLN wilayah Banda Aceh pada Maret 2022 sebagai langkah awal dukungan terhadap https://t.co/y31FAB3SnE","2009173554932404669","https://pbs.twimg.com/media/G-IByrxbsAAomOL.jpg","","in","","0","1","0","https://x.com/undefined/status/2009173554932404669","1982645752016044033",
"2009170579740631108","Thu Jan 08 07:49:29 +0000 2026","2","Menyambut Natal 2025 dan Tahun Baru 2026 PLN UID Jakarta Raya melakukan inspeksi kesiapan kelistrikan di gereja dan SPKLU. #PLNDisjaya #PLNSiaga #Nataru #SPKLU https://t.co/JrEMLlkURt","2009170579740631108","https://pbs.twimg.com/amplify_video_thumb/2009170196226035714/img/47ci18V3A3QmynJ0.jpg","","in","","0","0","0","https://x.com/undefined/status/2009170579740631108","1767827116132007936",
"2009119553633362359","Thu Jan 08 04:26:43 +0000 2026","2","𝑷𝒂𝒈𝒊 𝒑𝒂𝒈𝒊 𝒌𝒆 𝒓𝒖𝒎𝒂𝒉 𝑳𝒖𝒍𝒖 𝑷𝒆𝒓𝒈𝒊 𝒏𝒈𝒐𝒑𝒊 𝒔𝒂𝒎𝒂 𝒃𝒖 𝑺𝒊𝒕𝒊 𝑺𝒊𝒎𝒂𝒌 𝒕𝒆𝒔𝒕𝒊𝒎𝒐𝒏𝒊 𝒑𝒆𝒍𝒂𝒏𝒈𝒈𝒂𝒏 𝑺𝑷𝑲𝑳𝑼 𝑲𝒂𝒎𝒊 𝑺𝒊𝒂𝒑 𝑴𝒆𝒍𝒂𝒚𝒂𝒏𝒊 𝑺𝒆𝒑𝒆𝒏𝒖𝒉 𝑯𝒂𝒕𝒊 Hay PLNers https://t.co/4dulvMDA7O","2009119553633362359","https://pbs.twimg.com/ext_tw_video_thumb/2009119482200121344/pu/img/VUgnayHdj7P6MvGu.jpg","","in","","0","1","0","https://x.com/undefined/status/2009119553633362359","475624418",
"2009119131266896253","Thu Jan 08 04:25:03 +0000 2026","0","Liburan Akhir Tahun Pakai EV Konsumsi Listrik SPKLU Naik 479% https://t.co/UCxe1nh50d","2009119131266896253","","","in","","0","0","0","https://x.com/undefined/status/2009119131266896253","847372542830444544",
"2008913100460954062","Wed Jan 07 14:46:21 +0000 2026","1","Ramai Liburan Akhir Tahun Pakai EV Konsumsi Listrik SPKLU Naik 479%! https://t.co/GrXLabMxnY","2008913100460954062","","","in","","0","0","0","https://x.com/undefined/status/2008913100460954062","847372542830444544",
"2008836035447488532","Wed Jan 07 09:40:07 +0000 2026","0","PT PLN (Persero) mencatat konsumsi energi listrik sepanjang periode Siaga Nataru di SPKLU melonjak 479 persen dari periode yang sama tahun sebelumnya. https://t.co/cRqvk5KyWX","2008836035447488532","","","in","","0","0","0","https://x.com/undefined/status/2008836035447488532","18071520",
"2008802987075117330","Wed Jan 07 07:28:48 +0000 2026","2","Menyambut Natal 2025 dan Tahun Baru 2026 PLN UID Jakarta Raya melakukan inspeksi kesiapan kelistrikan di gereja dan SPKLU. #PLNDisjaya #PLNSiaga #Nataru #SPKLU https://t.co/ctqm6nseoH","2008802987075117330","https://pbs.twimg.com/amplify_video_thumb/2008802667129434121/img/pJ_0t_NzLY7hvh0J.jpg","","in","","0","0","0","https://x.com/undefined/status/2008802987075117330","1633377901419831296",
"2008785754202534212","Wed Jan 07 06:20:19 +0000 2026","3","Menyambut Natal 2025 dan Tahun Baru 2026 PLN UID Jakarta Raya melakukan inspeksi kesiapan kelistrikan di gereja dan SPKLU. #PLNDisjaya #PLNSiaga #Nataru #SPKLU https://t.co/w7lckyYNbS","2008785754202534212","https://pbs.twimg.com/amplify_video_thumb/2008785489080578054/img/A0Yq6AO-8xAuD6ch.jpg","","in","","0","0","0","https://x.com/undefined/status/2008785754202534212","1633378998989512705",
"2008690041439351250","Wed Jan 07 00:00:00 +0000 2026","0","SPKLU Center Fast Charging hadir di Jakarta Selatan https://t.co/66OmwLMfNk","2008690041439351250","","","in","","0","0","0","https://x.com/undefined/status/2008690041439351250","121640063",
"2008551246890951079","Tue Jan 06 14:48:33 +0000 2026","3","Hadir dengan unit ultra fast charging SPKLU Center ini memberikan pengalaman pengisian daya lebih cepat efisien dan nyaman bagi pengguna kendaraan listrik. PLN berkomitmen mendukung transisi energi bersih dan mewujudkan Jakarta yang lebih hijau dan berkelanjutan. https://t.co/zildkEO05K","2008551265501085717","https://pbs.twimg.com/media/G9_OuQ-bcAESJyK.jpg","SahabatPLNJkt","in","","0","0","0","https://x.com/undefined/status/2008551265501085717","475624418",
"2008522950375600420","Tue Jan 06 12:56:02 +0000 2026","2","Menyambut Natal 2025 dan Tahun Baru 2026 PLN UID Jakarta Raya melakukan inspeksi kesiapan kelistrikan di gereja dan SPKLU. #PLNDisjaya #PLNSiaga #Nataru #SPKLU https://t.co/zedfq3GHkl","2008522950375600420","https://pbs.twimg.com/amplify_video_thumb/2008522778971172864/img/vYT1ktS7QdbKCPf9.jpg","","in","","0","0","0","https://x.com/undefined/status/2008522950375600420","2000926864156880896",
"2008412354401448135","Tue Jan 06 05:36:34 +0000 2026","1","PLN terus memperkuat infrastruktur kendaraan listrik dengan mengoperasikan 4.500 SPKLU di seluruh Indonesia hingga Januari 2026. Baca Selengkapnya https://t.co/e0YtHsN3q2 ~NA #SPKLU #PLN #MobilListrik https://t.co/XAjNPlqTR2","2008412354401448135","https://pbs.twimg.com/media/G99QYevaMAAZnIY.jpg","","in","","0","1","0","https://x.com/undefined/status/2008412354401448135","23343960",
"2007028121351131281","Fri Jan 02 13:22:49 +0000 2026","12","@innovacommunity Sama rajin rajin pantau kondisi traffic juga plus cari tau ketersediaan spklu kalo mau long trip min.","2007080139788886381","","innovacommunity","in","","0","0","0","https://x.com/undefined/status/2007080139788886381","1935326942552801282",
"2007011044699635897","Fri Jan 02 08:48:16 +0000 2026","1","Mesti dipahami bahwa area SPKLU bukan tempat parkir sehingga usai proses pengisian daya selesai langsung pindahkan mobil. https://t.co/OWlCx7cEvp","2007011044699635897","","","in","","0","0","0","https://x.com/undefined/status/2007011044699635897","23343960",
"2006372340582719706","Wed Dec 31 14:30:17 +0000 2025","2","Pemerintah memastikan pasokan energi nasional berada dalam kondisi aman menjelang libur Natal 2025 dan Tahun Baru 2026. Menteri Energi dan Sumber Daya Mineral (ESDM) Bahlil Lahadalia menegaskan ketersediaan BBM LPG dan listrik berada di atas batas cadangan minimum nasional https://t.co/p2GFET9ykQ","2006372340582719706","https://pbs.twimg.com/media/G9gRAQaagAAXjh2.jpg","","in","","1","1","0","https://x.com/undefined/status/2006372340582719706","17128975",
"2005944507125170548","Tue Dec 30 10:10:13 +0000 2025","2","Mulai dari bayar tagihan &amp; beli token listrik cari SPKLU terdekat sampai pakai trip planner untuk perjalanan liburan. Semua bisa &amp; cukup dari ponsel kamu. Simple cepat &amp; bikin liburan makin nyaman. Yuk pakai PLN Mobile sekarang. #PLNUntukSemua #PLNUntukIndonesia #PLNMobile https://t.co/kotHjniAXp","2005944507125170548","https://pbs.twimg.com/media/G9aL4ZyboAAf3OL.jpg","","in","","0","0","1","https://x.com/undefined/status/2005944507125170548","1260833363411128321",
"2005837112080249195","Tue Dec 30 03:03:28 +0000 2025","7","PT PLN (Persero) mencatat peningkatan signifikan pada aktivitas pengisian daya kendaraan listrik selama masa siaga Natal 2025 dan Tahun Baru 2026. Baca Selengkapnya https://t.co/3eM9EyeqT6 ~NA #MobilListrik #SPKLU #PLN https://t.co/Dp4Ev8FWG1","2005837112080249195","https://pbs.twimg.com/media/G9YqNZQaYAEYOGS.jpg","","in","","0","0","1","https://x.com/undefined/status/2005837112080249195","23343960",
"2005646375770558861","Mon Dec 29 14:25:33 +0000 2025","0","PLN Sumut tambah SPKLU tingkatkan layanan libur Tahun Baru 2026 https://t.co/EfEyQHJ36i","2005646375770558861","","","in","","0","0","0","https://x.com/undefined/status/2005646375770558861","18071520",
"2005504926299136272","Mon Dec 29 05:03:29 +0000 2025","2","make mobil listrik + nya itu emang irit bgt tp - nya harus aware sama battery dan jarak SPKLU terdekat️","2005504926299136272","","","in","","0","1","0","https://x.com/undefined/status/2005504926299136272","1470645037",
"2005167581129236986","Sun Dec 28 06:43:00 +0000 2025","1","Isi mobil listrik SPKLU Pertamina gampang di aplikasi MyPertamina dan jangan lupa bayar dengtan LinkAja. Cek informasi lainnya di https://t.co/m0Ut5l6dZa Customer Service: https://t.co/WVrOoo35o0 https://t.co/zODCaw7CN2","2005167581129236986","https://pbs.twimg.com/media/G9E2QD3aYAA0DWX.jpg","","in","","0","0","1","https://x.com/undefined/status/2005167581129236986","3195998996",
"2004518806480117834","Fri Dec 26 11:45:00 +0000 2025","0","Pengguna EV andalkan SPKLU PLN Lampung saat Nataru https://t.co/ycBxvezsG4","2004518806480117834","","","in","","0","0","0","https://x.com/undefined/status/2004518806480117834","121640063",
"2004114391424192646","Thu Dec 25 08:58:00 +0000 2025","0","PLN Siagakan 4.516 SPKLU di 2.935 Titik untuk Mudik Natal 2025 dan Tahun Baru 2026 https://t.co/OlibSKbaXA","2004114391424192646","","","in","","0","0","0","https://x.com/undefined/status/2004114391424192646","71436318",
"2004054402311860359","Thu Dec 25 04:59:37 +0000 2025","2","Electrizen penasaran nggak sih gimana rasanya road trip pakai EV? Mulai dari perjalanan jauh sensasi berkendara yang nyaman sampai pengalaman charging di SPKLU PLN. https://t.co/juS8DMCNt1","2004054402311860359","https://pbs.twimg.com/amplify_video_thumb/2004054306908262401/img/M2xiZW1HTDWqz_Ql.jpg","","in","","0","0","0","https://x.com/undefined/status/2004054402311860359","1260833363411128321",
"2004054231876358294","Thu Dec 25 04:58:57 +0000 2025","2","Yuk dengerin langsung cerita mereka yang sudah ngerasain serunya road trip pakai EV. Buktikan sendiri perjalanan makin praktis aman dan ramah lingkungan! #PLNUntukSemua #PLNUntukIndonesia #SPKLU","2004054231876358294","","","in","","0","0","0","https://x.com/undefined/status/2004054231876358294","1260833363411128321",
"2003888404317028601","Wed Dec 24 18:00:00 +0000 2025","0","PLN siagakan 4.516 unit SPKLU untuk Natal 2025-Tahun Baru 2026 https://t.co/h62rrg5Pqd","2003888404317028601","","","in","","0","0","0","https://x.com/undefined/status/2003888404317028601","121640063",
"2003838696760746398","Wed Dec 24 14:42:29 +0000 2025","0","Dirut PLN Tinjau Langsung Kesiagaan SPKLU di Titik Krusial https://t.co/QOzYq2eWg4","2003838696760746398","","","in","","0","0","0","https://x.com/undefined/status/2003838696760746398","990237626",
"2003795238092173353","Wed Dec 24 11:49:48 +0000 2025","2","Demi memastikan kesiapan SPKLU melayani pengguna EV saat libur Nataru 2026 Direktur Utama PLN Darmawan Prasodjo turun langsung mengecek SPKLU di Rest Area km 228A Tol Trans Jawa Cirebon pada Selasa (23/12) tengah malam. https://t.co/GiqzrzuhpT","2003795238092173353","https://pbs.twimg.com/amplify_video_thumb/2003795081833443328/img/SJWv6c1ZIm_S13jk.jpg","","in","","0","0","0","https://x.com/undefined/status/2003795238092173353","1260833363411128321",
"2003794928976224559","Wed Dec 24 11:48:34 +0000 2025","2","SPKLU di rest area km 228A Cirebon menjadi salah satu titik vital untuk melayani pengguna EV yang berasal dari Jawa bagian barat menuju Jawa bagian tengah dan timur. #PLNUntukSemua #PLNUntukIndonesia #PLNSiagaNataru #SPKLU","2003794928976224559","","","in","","0","0","0","https://x.com/undefined/status/2003794928976224559","1260833363411128321",
"2003794345594675611","Wed Dec 24 11:46:15 +0000 2025","2","Untuk melayani pemudik di jalur Trans Sumatra - Jawa - Bali yang menjadi pusat mobilitas PLN menyiapkan 1.515 unit SPKLU tersebar di 865 titik. Semua dilakukan PLN agar Mudik Pakai Kendaraan Listrik Semakin Asik! #PLNUntukSemua #PLNUntukIndonesia #PLNSiagaNataru #SPKLU","2003794345594675611","","","in","","0","0","0","https://x.com/undefined/status/2003794345594675611","1260833363411128321",
"2003748543904022939","Wed Dec 24 08:44:15 +0000 2025","0","PT PLN (Persero) menyiagakan 4.516 unit SPKLU yang tersebar di 2.935 titik strategis di berbagai wilayah pada periode libur Natal 2025 dan Tahun Baru 2026. https://t.co/jmRDprlBhM","2003748543904022939","","","in","","0","0","0","https://x.com/undefined/status/2003748543904022939","18071520",
"2003648584928186746","Wed Dec 24 05:55:17 +0000 2025","0","@naddior @naddior Baik Kak untuk pengisian daya mobil listrik masih bisa ya kak menggunakan listrik berdasarkan tarif per kWh. Sebagai informasi: -Tarif SPKLU sebesar Rp2.466/kWh (melalui https://t.co/2hGGFn3ROT &amp; PLN Mobile) -Tarif SPBKLU sebesar Rp8.000 per","2003706024172355957","","naddior","in","","0","0","0","https://x.com/undefined/status/2003706024172355957","558516132",
"2003648584928186746","Wed Dec 24 02:16:05 +0000 2025","0","@naddior @naddior Hai Kak admin siap melayani sepenuh hati. Kakak berdasarkan tarif per kWh masih bisa ya kak digunakan untuk charge mobil. Sebagai informasi Tarif SPKLU = Rp. 2.466 (https://t.co/2hGGFn3ROT &amp; PLN Mobile) Tarif SPBKLU = Rp. 8000/swab (PLN Mobile) Agar semua makin","2003650860417724760","","naddior","in","","0","2","0","https://x.com/undefined/status/2003650860417724760","558516132",
"2003323254413705372","Tue Dec 23 04:34:18 +0000 2025","0","11.00 WIB Rest Area KM 130 arah Cirebon - Lalu lintas lancar kedua arah. Cuaca terpantau cerah berawan. Parkir rest area masih tersedia adapun SPBU modular dan SPKLU yang dapat diakses di rest area. Utamakan keselamatan dan hati-hati berkendara. @ASTRATolCipali https://t.co/m7xuWxJaL5","2003323254413705372","https://pbs.twimg.com/ext_tw_video_thumb/2003323211816271872/pu/img/R5yif42QjNcvZy76.jpg","","in","","0","0","0","https://x.com/undefined/status/2003323254413705372","180696019",
"2003317232810754307","Tue Dec 23 04:10:22 +0000 2025","1","11.10: rt@ASTRATolCipali: Rest Area KM 130 arah Cirebon - Lalu lintas lancar kedua arah. Cuaca terpantau cerah berawan. Parkir rest area masih tersedia adapun SPBU modular dan SPKLU yang dapat diakses di rest area. https://t.co/dU0GDV49fH","2003317232810754307","https://pbs.twimg.com/ext_tw_video_thumb/2003316364518522883/pu/img/gJoY-BqzMTWWeDTA.jpg","","in","","0","0","0","https://x.com/undefined/status/2003317232810754307","121640063",
"2003269325806096752","Tue Dec 23 01:00:00 +0000 2025","0","PT PLN (Persero) turut berempati pada peristiwa bencana alam yang melanda Sumatra dan Aceh. Di tengah rangkaian kegiatan uji kesiapan Stasiun Pengisian Kendaraan Listrik Umum (SPKLU) jelang libur Natal dan Tahun Baru (Nataru) 2025-2026 yang bertajuk PLN Mobile EVenture Siaga https://t.co/DGjUsAJwgH","2003269325806096752","https://pbs.twimg.com/media/G8yAYpZbQAABFSR.jpg","","in","","0","0","0","https://x.com/undefined/status/2003269325806096752","231355136",
"2003126503660519496","Mon Dec 22 15:32:29 +0000 2025","2","Udah ke SPKLU tiba-tiba penuh? Sebel gak sih? Makanya download PLN Mobile semua makin mudah mau ngecek status SPKLU Lihat Antrean dan atur waktu untuk pengisian juga bisa. https://t.co/1mxo5f1ens","2003126503660519496","https://pbs.twimg.com/media/G8yI7_tbAAAE-dS.jpg","","in","","0","0","0","https://x.com/undefined/status/2003126503660519496","1260833363411128321",
"2003126362153029721","Mon Dec 22 15:31:55 +0000 2025","2","Jadi gak ada drama lagi pas cari-cari ke SPKLU cuma pakai aplikasi PLN Mobile semua makin mudah. Yuk download sekarang #pInmobile #semuamakinmudah #pInmobileyourevpartners https://t.co/Fz6LnN9Jua","2003126362153029721","https://pbs.twimg.com/media/G8yIzt7aMAAmOD8.jpg","","in","","0","0","0","https://x.com/undefined/status/2003126362153029721","1260833363411128321",
"2002742189730988526","Sun Dec 21 14:05:21 +0000 2025","2","Electrizen Mudik &amp; Wisata di momen Natal dan Tahun Baru 2026 makin tenang dengan kendaraan listrik PLN UID Sulselrabar menyiagakan 65 unit SPKLU di 52 lokasi yang tersebar di Sulawesi Selatan Sulawesi Tenggara dan Sulawesi Barat. https://t.co/MnbIePj67L","2002742189730988526","https://pbs.twimg.com/media/G8srVRsbIAAh0_i.jpg","","in","","0","1","0","https://x.com/undefined/status/2002742189730988526","1247046796653690880",
"2002724412634898728","Sun Dec 21 12:54:43 +0000 2025","0","PLN Mobile EVenture pastikan kesiapan SPKLU saat Natal dan Tahun Baru. https://t.co/44UwExNtCh","2002724412634898728","","","in","","0","0","0","https://x.com/undefined/status/2002724412634898728","18071520",
"2002695551410712586","Sun Dec 21 11:00:02 +0000 2025","23","Mobil Listrik Laris Pembangunan SPKLU Sulit Pertumbuhan penjualan mobil listrik di Tanah Air belum dibarengi dengan pemerataan pembangunan stasiun pengisian kendaraan listrik umum (SPKLU). Pengusaha masih menghadapi banyak kendala di lapangan. Simak selengkapnya di program https://t.co/0cspb89TLG","2002695551410712586","https://pbs.twimg.com/media/G8rbJ0Za8AA686h.jpg","","in","","0","1","2","https://x.com/undefined/status/2002695551410712586","18129942",
"2002659247084220455","Sun Dec 21 08:35:46 +0000 2025","0","Libur Nataru 2025/2026 Catat Daftar SPKLU Mobil Listrik di 57 Rest Area Tol Trans Jawa https://t.co/alMTfw29Hy lewat @tribunnews","2002659247084220455","","","in","","0","0","1","https://x.com/undefined/status/2002659247084220455","124171593",
"2002578526709649767","Sun Dec 21 03:15:01 +0000 2025","0","Libur Natar Bawa Mobil Listrik? Catat! Ini Daftar SPKLU di Tol Trans Jawa https://t.co/6nDwwmAnyF","2002578526709649767","","","in","","0","0","0","https://x.com/undefined/status/2002578526709649767","80543284",
"2001893401462231320","Fri Dec 19 05:52:34 +0000 2025","0","Penggunaan mobil listrik di Indonesia terus meningkat didukung bertambahnya pilihan model serta infrastruktur pengisian daya publik (SPKLU). Baca Selengkapnya https://t.co/KJDymKh2cw ~NA #MobilListrik #KendaraanListrik #SPKLU https://t.co/Pgto8NRdkd","2001893401462231320","https://pbs.twimg.com/media/G8gmxcNaUAALARY.jpg","","in","","0","0","0","https://x.com/undefined/status/2001893401462231320","23343960",
"2001866145696256008","Fri Dec 19 04:04:16 +0000 2025","0","Hindari Antrean Pengisian Kendaraan Listrik PLN Siapkan 315 SPKLU di Jateng dan DIY saat Libur Natal Tahun Baru https://t.co/pNAEWF14F0","2001866145696256008","","","in","","0","0","0","https://x.com/undefined/status/2001866145696256008","219527452",
"2001198608281166135","Wed Dec 17 07:51:43 +0000 2025","0","Mobil listrik kini mulai digunakan untuk perjalanan jarak jauh. Untuk mengakomodasi kebutuhan tersebut terutama saat libur Nataru SPKLU telah tersedia di berbagai titik strategis termasuk sepanjang Tol Trans Jawa. Baca Selengkapnya https://t.co/no1hSGScKv ~NA https://t.co/uNqCkA9NRa","2001198608281166135","https://pbs.twimg.com/media/G8WvIukakAADFtg.jpg","","in","","0","1","0","https://x.com/undefined/status/2001198608281166135","23343960",
"2001173721579708647","Wed Dec 17 06:12:49 +0000 2025","0","PLN pastikan kesiapan SPKLU di UP3 Yogyakarta hadapi siaga Nataru https://t.co/dqO8jSORdB","2001173721579708647","","","in","","0","0","0","https://x.com/undefined/status/2001173721579708647","18071520",
"2001154503190761724","Wed Dec 17 04:56:27 +0000 2025","2","Punya mobil listrik tapi masih bingung cara ngecasnya? Tinggal buka PLN Mobile kamu bisa langsung ngerti cara isi daya di SPKLU dalam hitungan menit! Karena teknologi udah makin maju cara ngecas mobil juga harus ikut praktis. Cobain sendiri fitur SPKLU di PLN Mobile. Praktis https://t.co/6sCbchbSlX","2001154503190761724","https://pbs.twimg.com/media/G8WHafxa4AEhRzU.jpg","","in","","0","0","0","https://x.com/undefined/status/2001154503190761724","154102750",
"2001121068220920024","Wed Dec 17 02:43:36 +0000 2025","6","Belajar dulu biar bisa menguji charging station undertest di SPKLU biar mobil listrikmu aman selalu ️ https://t.co/5giXe9WGdJ","2001121068220920024","https://pbs.twimg.com/media/G8Vo9r8bUAAqWhD.jpg","","in","","0","0","0","https://x.com/undefined/status/2001121068220920024","86558489",
"2000473643441360961","Tue Dec 16 13:32:42 +0000 2025","2","@ridwanhr Pernah gak sih pak gub tiba tiba gak bisa ngecas. Hal tak terduga gini bikin panik kemarin kejadian di rest area 319 B pemalang dan 294 B tegal udah coba berkali-kali gagal terus. Akhirnya putusin lanjut keluar exit tol tegal dan charge di SPKLU Hotel bisa. https://t.co/ukq9lRd8vI","2000922034164130049","https://pbs.twimg.com/media/G8Sz--ya4AAOq38.jpg","ridwanhr","in","","0","0","0","https://x.com/undefined/status/2000922034164130049","482981683",
"2000910963038617826","Tue Dec 16 12:48:43 +0000 2025","0","PLN optimalkan SPKLU di Cirebon dukung kelancaran Natal dan tahun baru https://t.co/O3RGaTFgn2","2000910963038617826","","","in","","0","0","0","https://x.com/undefined/status/2000910963038617826","18071520",
"2000822171489513560","Tue Dec 16 06:55:53 +0000 2025","0","Untuk Kendaraan Listrik di Momen Nataru Ini Cara Cek SPKLU Terdekat https://t.co/QsODmOHfIQ","2000822171489513560","","","in","","0","1","0","https://x.com/undefined/status/2000822171489513560","847372542830444544",
"2000473643441360961","Mon Dec 15 08:04:07 +0000 2025","24","@ridwanhr Ini musti dipikirin pas musim lebaran pada mudik pake mobil listrik. Rebutan spklu.","2000476952793424089","","ridwanhr","in","","0","3","0","https://x.com/undefined/status/2000476952793424089","79647454",
"2000473643441360961","Mon Dec 15 07:50:58 +0000 2025","577","Kalau charging station sudah merata dan banyak betapa nikmatnya ke Surabaya dari Klaten cuma 150rb doang Pas bukan musim liburan enak sepi spklu rest area https://t.co/njtDpdu14W","2000473643441360961","https://pbs.twimg.com/media/G8McKrzboAA_Pki.jpg","","in","","3","23","35","https://x.com/undefined/status/2000473643441360961","43922847",
"2000214757073162691","Mon Dec 15 03:37:50 +0000 2025","1","@lanesraaaaa @lanesraaaaa Baik Kak admin informasikan Stasiun Pengisian Listrik Umum (SPLU) sebuah fasilitas dari PLN yang menyediakan sumber listrik umum berbasis kWh meter untuk berbagai keperluan seperti untuk mengisi daya perangkat elektronik ya Kak. Dan untuk pengisian atau Charging","2000409942420013259","","lanesraaaaa","in","","0","0","0","https://x.com/undefined/status/2000409942420013259","558516132",
"2000023856309006805","Sun Dec 14 02:03:40 +0000 2025","2","Isi Daya Kendaraan Listrik Kini Makin Gampang! Sobat listrik cukup ikuti step by step di SPKLU dan kendaraanmu siap melaju lagi. Scan pilih daya sambungkan dan start charging semua serba praktis lewat PLN Mobile! https://t.co/89CdLN0Zlo","2000023856309006805","https://pbs.twimg.com/ext_tw_video_thumb/2000023726826602496/pu/img/eER3wmAMDhp2IKBP.jpg","","in","","0","1","0","https://x.com/undefined/status/2000023856309006805","475624418",
"1998199373772345567","Tue Dec 09 01:13:50 +0000 2025","8","Ajaib emang dulu gak bikin regulasi kewajiban jual 100 mobil listrik wajib bikin 1 SPKLU.","1998199373772345567","","","in","","0","1","0","https://x.com/undefined/status/1998199373772345567","6689892",
"1998048389024604361","Mon Dec 08 23:18:43 +0000 2025","3","@rgoestama Alasan untuk ga buru2 punya mobil listrik sih apalagi ini banyak harga molis yg terjangkau bakalan makin banyak. Antrian mudik nanti pindah dr jalan jd antrian SPKLU ","1998170406768062739","","rgoestama","in","","0","1","0","https://x.com/undefined/status/1998170406768062739","1175357460468490251",
"1998048389024604361","Mon Dec 08 15:13:52 +0000 2025","46","Rasio jumlah SPKLU vs pertumbuhan jumlah mobil listrik ini emang diprediksi bakal jd masalah sih.","1998048389024604361","","","in","","2","4","8","https://x.com/undefined/status/1998048389024604361","53322619",
"1998026275831877916","Mon Dec 08 13:46:00 +0000 2025","12","Punya mobil listrik yang jarak tempuh maksnya hanya 300km emang PR banget. Agak susah klo ada jadwal ke beberapa tempat. Ngisi di SPKLU pada penuh mulu. Kadang sialnya malah suka ada mesin yg rusak. Di Mall? Jangan harap deh bisa. Mobcin nya tumbuh jauh lebih cepat dari SPKLU https://t.co/grm3ZFHMMv","1998026275831877916","https://pbs.twimg.com/media/G7ppfn3aAAEXZbv.jpg","","in","","0","3","5","https://x.com/undefined/status/1998026275831877916","108168017",
"1998025380469358627","Mon Dec 08 13:42:26 +0000 2025","51","Punya mobil listrik yang jarak tempuh maksnya hanya 300km emang PR banget. Agak susah klo ada jadwal ke beberapa tempat. Ngisi di SPKLU pada penuh mulu. Kadang sialnya malah suka ada mesin yg rusak. Di Mall? Jangan harap deh bisa. Mobcin nya tumbuh jauh lebih cepat dari SPKLU https://t.co/uec6XYvBsN","1998025380469358627","https://pbs.twimg.com/media/G7ppfn3aAAEXZbv.jpg","","in","","6","15","14","https://x.com/undefined/status/1998025380469358627","108168017",
"1996976628300485020","Fri Dec 05 16:15:04 +0000 2025","1","Dukung Ekosistem EV Nasional Kemendag Gandeng Korsel Pastikan Ketepatan Pengukuran Energi Listrik di SPKLU https://t.co/2hXo2tq4bn","1996976628300485020","","","in","","0","0","0","https://x.com/undefined/status/1996976628300485020","2392460208",
"1996756407836975602","Fri Dec 05 01:40:00 +0000 2025","0","PLN UID Jakarta Raya bagikan tips isi daya molis di SPKLU R2 https://t.co/1xfXj6CnqJ","1996756407836975602","","","in","","0","0","0","https://x.com/undefined/status/1996756407836975602","121640063",
"1996550058582691889","Thu Dec 04 12:00:02 +0000 2025","1","PLN UID Jakarta Raya terus menambah fasilitas SPKLU R2 https://t.co/Ny8BOKdz9z","1996550058582691889","","","in","","0","0","0","https://x.com/undefined/status/1996550058582691889","121640063",
"1996450999620530360","Thu Dec 04 11:13:02 +0000 2025","49","@rodadotco apakah intensitas perkelahian di spklu akan meningkat? ","1996538229378740496","","rodadotco","in","","1","0","0","https://x.com/undefined/status/1996538229378740496","378500610",
"1995110880175124547","Sun Nov 30 12:41:15 +0000 2025","0","ANTARA - ANTARA - Telkom Property-VinFast perluas pengembangan SPKLU Indonesia https://t.co/h3Ull6ufF6 https://t.co/krshp7DXlQ","1995110880175124547","https://pbs.twimg.com/media/G7AOxePbIAANevj.jpg","","in","","1","0","0","https://x.com/undefined/status/1995110880175124547","18071520",
"1994754398552310015","Sat Nov 29 13:04:44 +0000 2025","2","Telkom Property Jalin Sinergi dengan VinFast Lakukan Ekspansi SPKLU Nasional https://t.co/5Bxorm2nYs lewat @Keuangan News https://t.co/hrJnOEYFJk","1994754398552310015","https://pbs.twimg.com/media/G67KjSkbQAAtBY7.jpg","","in","","0","0","1","https://x.com/undefined/status/1994754398552310015","1226436091617505281",
"1993904091538575770","Thu Nov 27 04:45:55 +0000 2025","2","Gandeng Indosat Business PLN percepat ekosistem EV lewat digitalisasi SPKLU dan transformasi layanan energi Baca Selengkapnya: https://t.co/yNSA6ddqKA","1993904091538575770","","","in","","0","1","0","https://x.com/undefined/status/1993904091538575770","57261519",
"1993118223190180090","Tue Nov 25 00:43:09 +0000 2025","2","Hai Electrizen.. Kendaraan listrik makin ngetren dan jadi solusi masa depan! Isi daya aman di rumah dengan instalasi sesuai standar atau gunakan SPKLU resmi PLN saat bepergian ya! #PLN #PLNUntukIndonesia #P2BTips #TipsKelistrikan lebih sedikit https://t.co/iojBeCqFHT","1993118223190180090","https://pbs.twimg.com/ext_tw_video_thumb/1993118185005236226/pu/img/LOFyR3OqZgyhEhsq.jpg","","in","","0","0","0","https://x.com/undefined/status/1993118223190180090","1631484142679625730",
"1989568536088563771","Sat Nov 15 05:37:58 +0000 2025","0","PLN Targetkan Punya 63 Ribu SPKLU Hingga 2030 https://t.co/GQ7SuYxKLk","1989568536088563771","","","in","","0","1","0","https://x.com/undefined/status/1989568536088563771","80543284",
"1989315552998035600","Fri Nov 14 12:52:42 +0000 2025","0","PLN Ajak Swasta Ramai-ramai Bangun SPKLU di Indonesia https://t.co/7q7XFfYKYy","1989315552998035600","","","in","","0","0","0","https://x.com/undefined/status/1989315552998035600","80543284",
"1989266052430413891","Fri Nov 14 09:36:00 +0000 2025","0","Bicara kendaraan listrik infrastruktur penunjang seperti Stasiun Pengisian Kendaraan Listrik Umum (SPKLU) menjadi penting untuk dikembangkan. https://t.co/e7V0ZsHr1G","1989266052430413891","","","in","","0","0","0","https://x.com/undefined/status/1989266052430413891","135795460",
"1989260965033185724","Fri Nov 14 09:15:47 +0000 2025","0","PLN Dorong Swasta-Pemda Ikut Bangun SPKLU Begini Cara Daftarnya https://t.co/AFtuJftuYB","1989260965033185724","","","in","","0","0","0","https://x.com/undefined/status/1989260965033185724","135795460",
"1989151299686768779","Fri Nov 14 02:00:01 +0000 2025","0","Membangun banyak SPKLU mungkin tampak seperti langkah maju tapi jika tidak diimbangi pemahaman yang benar justru memperkuat persepsi yang salah. #Headline https://t.co/jYyVuhnrmT","1989151299686768779","","","in","","0","0","0","https://x.com/undefined/status/1989151299686768779","23786106",
"1988897716634575161","Thu Nov 13 09:12:22 +0000 2025","0","Pemerintah menargetkan rasio kendaraan listrik dan SPKLU mencapai 17:1 pada 2027 dan meningkat menjadi 15:1 pada 2030. Baca Selengkapnya https://t.co/6fEHduBi8D ~NA #KendaraanListrik #SPKLU #TransisiEnergi https://t.co/bUVhpdPVR6","1988897716634575161","https://pbs.twimg.com/media/G5n77N3acAAP476.jpg","","in","","0","0","0","https://x.com/undefined/status/1988897716634575161","23343960",
"1988543729674965341","Wed Nov 12 10:02:43 +0000 2025","2","@IESR Tapi pemerintah berencana mencabut subsidi pembelian kendaraan listrik pada akhir tahun. Ini pasti menghambat adopsi kendaraan listrik karena harga jualnya gak bakalan kompetitif dibandingkan kendaraan ICE. Hilanglah salah satu insentif bagi konsumen. Siapa yg berani invest di","1988548000915038209","","IESR","in","","0","0","1","https://x.com/undefined/status/1988548000915038209","325599485",
"1988543729674965341","Wed Nov 12 09:45:45 +0000 2025","5","Yeay! Infrastruktur pengisian kendaraan listrik yang mudah diakses jadi kunci percepatan adopsi EV. Tidak sabar agar SPKLU semakin diperluas ke jalur antarkota dan rest area utama supaya pengguna EV nggak was-was lagi buat perjalanan jauh . Jaringan SPKLU yang merata bakal","1988543729674965341","","","in","","0","1","1","https://x.com/undefined/status/1988543729674965341","72763910",
"1988446343896199313","Wed Nov 12 03:56:22 +0000 2025","0","4.400 unit SPKLU telah beroperasi di 2.700 lokasi di seluruh Indonesia hingga November 2025 namun jangkauan masih harus diperluas hingga ke daerah terpencil. Infrastruktur dan adopsi kendaraan listrik oleh masyarakat masih butuh insentif dan edukasi.","1988455805222613106","","txtangkringan","in","","0","1","0","https://x.com/undefined/status/1988455805222613106","1489658156989190144",
"1988446343896199313","Wed Nov 12 03:52:34 +0000 2025","0","PLN berperan penting dalam strategi transformasi energi hijau (green transformation). Infrastruktur SPKLU Center di Yogyakarta menunjukkan bahwa Indonesia serius melakukan transisi menuju energi bersih.","1988454849256825317","","txtangkringan","in","","0","1","0","https://x.com/undefined/status/1988454849256825317","1489658156989190144",
"1988446343896199313","Wed Nov 12 03:25:51 +0000 2025","0","Pada 6 November 2025 Perusahaan Listrik Negara (PLN) resmi membuka Stasiun Pengisian Kendaraan Listrik Umum (SPKLU) Center Yogyakarta yang berskala besar berbasis energi baru terbarukan (EBT) dan sistem kelistrikan yang cerdas (smart grid).","1988448127851057203","","txtangkringan","in","","0","1","0","https://x.com/undefined/status/1988448127851057203","1489658156989190144",
"1988179979029623042","Tue Nov 11 09:40:20 +0000 2025","4","Modifikasi Chery J6 The Helios dengan panel surya menarik minat penggemar otomotif karena membuat mobil tidak harus bergantung pada SPKLU atau colokan rumah saat bepergian. Baca Selengkapnya https://t.co/TSujLDmg97 ~NA #CheryJ6 #PanelSurya #ModifikasiMobil https://t.co/qyFggGO8tj","1988179979029623042","https://pbs.twimg.com/media/G5dvJf7bcAQqQi9.jpg","","in","","0","0","0","https://x.com/undefined/status/1988179979029623042","23343960",
"1987708236758466602","Mon Nov 10 02:25:48 +0000 2025","2","PLN UID Jakarta Raya meresmikan SPKLU Center Pertama di Jakarta! Yuk electrizen cobain ngecharge kendaraan listrikmu disana dan share pengalaman kamu yaaa! #PLNDisjaya #SPKLUCemterPertama #MobilListrik #SPKLUPLN https://t.co/CJDyISVkrN","1987708236758466602","https://pbs.twimg.com/amplify_video_thumb/1987707688298618880/img/dNZsd3TBzzzMJcxW.jpg","","in","","0","0","0","https://x.com/undefined/status/1987708236758466602","1830465750127296512",
"1987705090908762154","Mon Nov 10 02:13:18 +0000 2025","3","PLN UID Jakarta Raya meresmikan SPKLU Center Pertama di Jakarta! Yuk electrizen cobain ngecharge kendaraan listrikmu disana dan share pengalaman kamu yaaa! #PLNDisjaya #SPKLUCemterPertama #MobilListrik #SPKLUPLN https://t.co/wzg0wJnCxY","1987705090908762154","https://pbs.twimg.com/amplify_video_thumb/1987704311078666240/img/yW_A9G3O0aIIG8vg.jpg","","in","","0","0","0","https://x.com/undefined/status/1987705090908762154","1830457875636047872",
"1987685695859884117","Mon Nov 10 00:56:13 +0000 2025","2"," Daya Baterai Mobil Listrikmu Hampir Habis? Jangan Panik! Kini kamu bisa dengan mudah menemukan lokasi SPKLU (Stasiun Pengisian Kendaraan Listrik Umum) terdekat lewat fitur Electric Vehicle di aplikasi PLN Mobile! Download PLN Mobile sekarang! #PLNUIDSulselrabar https://t.co/TQmI8mjS54","1987685695859884117","https://pbs.twimg.com/media/G5WtmUGbsAASWAS.jpg","","in","","0","0","0","https://x.com/undefined/status/1987685695859884117","1229946661759148032",
"1987534817328763121","Sun Nov 09 14:56:41 +0000 2025","2","PLN meresmikan SPKLU Center pertama di Yogyakarta. Dengan fasilitas ultra fast charger langkah strategis ini memperkuat infrastruktur kendaraan listrik dan mendukung percepatan transisi energi bersih nasional. https://t.co/qLIcpXdQKn","1987534817328763121","https://pbs.twimg.com/media/G5UkYQVbQAEX7kI.jpg","","in","","0","0","0","https://x.com/undefined/status/1987534817328763121","1260833363411128321",
"1987508128414597485","Sun Nov 09 13:10:38 +0000 2025","18","PLN meresmikan SPKLU Center pertama di Yogyakarta. Dengan fasilitas ultra fast charger langkah strategis ini memperkuat infrastruktur kendaraan listrik dan mendukung percepatan transisi energi bersih nasional. https://t.co/vTC5dQfE2e","1987508128414597485","https://pbs.twimg.com/media/G5UL3-laQAAX3DF.jpg","","in","","0","2","2","https://x.com/undefined/status/1987508128414597485","3171520362",
"1987417201297510911","Sun Nov 09 07:09:19 +0000 2025","0","PT PLN (Persero) kembali memberikan kemudahan bagi para pengguna kendaraan listrik (electric vehicle/EV) dengan meresmikan Stasiun Pengisian Kendaraan Listrik Umum (SPKLU) Center di Kantor PLN Unit Pelaksana Pelayanan Pelanggan (UP3) Yogyakarta Bantul Daerah Istimewa Yogyakarta https://t.co/iVZyt4YSGX","1987417201297510911","https://pbs.twimg.com/media/G5S5aQEXoAAqEpB.jpg","","in","","0","0","0","https://x.com/undefined/status/1987417201297510911","46693036",
"1986739538757365803","Fri Nov 07 10:16:32 +0000 2025","2","Jakarta resmi punya SPKLU Center pertama di dua lokasi! PLN juga terus kembangkan SPKLU Center di kota lain untuk memudahkan pengguna. #PLNUntukSemua #PLNUntukIndonesia #SPKLUCenter https://t.co/YIn8ULMkyC","1986739538757365803","https://pbs.twimg.com/media/G5JRD9dakAAggV2.jpg","","in","","0","0","0","https://x.com/undefined/status/1986739538757365803","1260833363411128321",
"1986670942685438329","Fri Nov 07 05:43:57 +0000 2025","1","Surabaya Kini Punya SPKLU Center Charge Kendaraan Listrik Lebih Mudah dan Cepat Kurangi Antrean https://t.co/a1KmZkZ8i9","1986670942685438329","","","in","","0","0","0","https://x.com/undefined/status/1986670942685438329","2392460208",
"1986581156549046358","Thu Nov 06 23:47:11 +0000 2025","0","PLN Resmikan SPKLU Center Pertama dan terbesar di Yogyakarta https://t.co/hfzJk9f4rV https://t.co/Beb6SfAgGG","1986581156549046358","https://pbs.twimg.com/media/G5HBCMHX0AAdE3M.jpg","","in","","0","0","0","https://x.com/undefined/status/1986581156549046358","118371948",
"1986328613034336592","Thu Nov 06 07:03:40 +0000 2025","28","Jakarta resmi punya SPKLU Center pertama di dua lokasi! PLN juga terus kembangkan SPKLU Center di kota lain untuk memudahkan pengguna. #PLNUntukSemua #PLNUntukIndonesia #SPKLUCenter https://t.co/zZkOghSliV","1986328613034336592","https://pbs.twimg.com/media/G5DbWFhbIAIHs8e.jpg","","in","","1","5","4","https://x.com/undefined/status/1986328613034336592","3171520362",
"1986088808702681314","Wed Nov 05 17:18:26 +0000 2025","4","@rodadotco Maap sudah berdamai dengan CCS2 charging GBT masih tercapai (woy PLN kapan SPKLU klean bisa available di GBT??? regulasi tinggal jalanin aja)","1986120937113330157","","rodadotco","in","","0","2","0","https://x.com/undefined/status/1986120937113330157","98070699",
"1985943366350356571","Wed Nov 05 06:41:14 +0000 2025","3","@tariksenars Bukannya spklu sudah banyak? Hampir tiap kabupaten sdh ada sepertinya","1985960582538018870","","eskopihitams","in","","0","2","0","https://x.com/undefined/status/1985960582538018870","1350402723171110913",
"1985911535328510239","Wed Nov 05 03:26:21 +0000 2025","0","PLN Resmikan 2 SPKLU Center Pertama di Jakarta https://t.co/ssPeMlXPOe","1985911535328510239","","","in","","0","0","0","https://x.com/undefined/status/1985911535328510239","847372542830444544",
"1985539280782213151","Tue Nov 04 02:47:08 +0000 2025","0","PLN Siagakan Lebih dari 4.400 SPKLU Tetap dan Bergerak pada libur Nataru https://t.co/ER4OxdlFUc","1985539280782213151","","","in","","0","0","0","https://x.com/undefined/status/1985539280782213151","118646322",
"1985531082524278914","Tue Nov 04 02:14:34 +0000 2025","0","ANTARA - ANTARA - PLN siagakan SPKLU bergerak pada libur Natal-Tahun Baru https://t.co/wEbbeALvrS https://t.co/aqtNH8yuoS","1985531082524278914","https://pbs.twimg.com/media/G44F_4sbQAcmNWX.jpg","","in","","0","0","0","https://x.com/undefined/status/1985531082524278914","18071520",
"1985280162666336378","Mon Nov 03 09:37:30 +0000 2025","0","Wakil Walkot Jaktim Resmikan SPKLU di Rest Area KM 10 6 Jagorawi #BacadiBJ #beritajakarta #dkijakarta #JAKI #WeLoveJakarta https://t.co/dAspsBsbGe","1985280162666336378","","","in","","0","0","0","https://x.com/undefined/status/1985280162666336378","213204035",
"1985256967695384843","Mon Nov 03 08:05:20 +0000 2025","0","PLN Resmikan Dua SPKLU Center di Jakarta Dorong Percepatan Ekosistem Kendaraan Listrik https://t.co/lq7Hpan6ce #Bisnis","1985256967695384843","","","in","","0","0","0","https://x.com/undefined/status/1985256967695384843","47596019",
"1984974539886121195","Sun Nov 02 13:23:04 +0000 2025","2","bdg-bekasi sisa 21% maksa ke rest area 88 nyampe juga ngecas d spklu pln lama bgttt https://t.co/vGIhzgXsII","1984974539886121195","https://pbs.twimg.com/media/G4wLz60asAAC9mY.jpg","","in","","0","2","0","https://x.com/undefined/status/1984974539886121195","152389792",
"1984225132660101333","Sat Nov 01 00:08:28 +0000 2025","4","@toe_giman IMHO air (nikuba) tidak memiliki energi yg cukup utk bisa menjadi pilihan bahan bakar. Utk memecah air jadi hidrogen butuh energi tambahan. Jepang masuk dg H2 tp infrastruktur utk prosesnya mahal. Solusi paling tepat buat kita ya Plug-in Hybrid krn jumlah SPKLU blm banyak.","1984412186874368228","","toe_giman","in","","0","1","1","https://x.com/undefined/status/1984412186874368228","3235224685",
"1692878787829260357","Tue Oct 21 14:48:28 +0000 2025","0","@gookerja @gookerja Halo Kakak untuk informasi lengkapnya Kakak bisa mengakses website PLN : https://t.co/yG1E21Se3F disana akan tersedia skema kemitraan teknologi SPKLU syarat &amp; ketentuan serta alur pendaftarannya. Semoga informasinya bisa membantu ya Kak. Jika ada gangguan dan","1980647378085638352","","gookerja","in","","0","0","0","https://x.com/undefined/status/1980647378085638352","558516132",
"1980548359086583849","Tue Oct 21 08:15:00 +0000 2025","0","Mobil Listrik Tesla Meledak saat Dicas di SPKLU Ternyata Ini Penyebabnya https://t.co/DhYmJxraWz","1980548359086583849","","","in","","0","0","0","https://x.com/undefined/status/1980548359086583849","132078023",
"1979188343369011677","Fri Oct 17 14:10:50 +0000 2025","2","Program Studi Teknik Elektro Universitas Muhammadiyah Surakarta (UMS) menjalin kolaborasi penelitian dengan Politeknik Negeri Semarang (Polines) dalam pengembangan Stasiun Pengisian Kendaraan Listrik Umum (SPKLU) berbasis panel surya https://t.co/iSbF0gEheC https://t.co/fX9seVXx3K","1979188355817705780","https://pbs.twimg.com/media/G3d9UShWwAAyAN4.jpg","umsofficialid","in","","0","0","0","https://x.com/undefined/status/1979188355817705780","922400719444963328",
"1963912995303567382","Fri Sep 05 10:32:00 +0000 2025","0","Harpelnas 2025 GM PLN UID Jateng-DIY Tinjau SPKLU dan Sapa Pelanggan https://t.co/VpcV2ahvhU","1963912995303567382","","","in","","0","0","0","https://x.com/undefined/status/1963912995303567382","118371948",
"1963827369732386870","Fri Sep 05 04:51:45 +0000 2025","0","Harpelnas 2025 GM PLN UID Jateng-DIY Tinjau SPKLU dan Sapa Pelanggan https://t.co/VpcV2ahvhU https://t.co/KZSiRBUQwl","1963827369732386870","https://pbs.twimg.com/media/G0Dqlf6WYAAxB-B.jpg","","in","","0","0","0","https://x.com/undefined/status/1963827369732386870","118371948",
"1963596245416776192","Thu Sep 04 13:33:21 +0000 2025","4","Babeh penasaran pengen nyobain motor listrik si Ramli. Katanya sih gampang bisa ngecas di #SPKLU atau tuker batre di #SPBKLU. Eh tapi kok malah dijewer Nyak? Berhasil ga yah babeh jadi anak kalcer? Mending tonton langsung deh biar nggak penasaran! #PLNDisjaya #PLNMobile https://t.co/jnnHnqclvh","1963596245416776192","https://pbs.twimg.com/amplify_video_thumb/1963592657688825857/img/cqZhPDxg0O5dkJbs.jpg","","in","","0","0","0","https://x.com/undefined/status/1963596245416776192","1823265428342550528",
"1963592612906242453","Thu Sep 04 13:18:55 +0000 2025","6","Jakarta makin hijau! PLN UID Jakarta Raya resmikan SPKLU West Hub. Yuk kita cobain SPKLU baru ini! #PLNDisjaya #EnergiBersih #SPKLU #TransisiEnergi #ListrikAndal https://t.co/AN8YN9Gmx0","1963592612906242453","https://pbs.twimg.com/amplify_video_thumb/1963591404430790656/img/INzdKkX_KgcD7ykw.jpg","","in","","0","0","0","https://x.com/undefined/status/1963592612906242453","1823265428342550528",
"1963480594345566646","Thu Sep 04 05:53:48 +0000 2025","5","Jakarta makin hijau! PLN UID Jakarta Raya resmikan SPKLU West Hub. Yuk kita cobain SPKLU baru ini! #PLNDisjaya #EnergiBersih #SPKLU #TransisiEnergi #ListrikAndal https://t.co/5NsfgrhgxV","1963480594345566646","https://pbs.twimg.com/ext_tw_video_thumb/1963480267550769152/pu/img/0QrUUKKTlzXYS-cf.jpg","","in","","0","0","0","https://x.com/undefined/status/1963480594345566646","1767827116132007936",
"1963301753535041689","Wed Sep 03 18:03:09 +0000 2025","0","Astra &amp; PLN Duet Garap Proyek SPKLU di Sumbar dan Jabar https://t.co/0Hh3D9oHGw","1963301753535041689","","","in","","0","1","0","https://x.com/undefined/status/1963301753535041689","135795460",
"1962498172187726049","Mon Sep 01 12:50:00 +0000 2025","3","Aku sendiri sih tim motor listrik biar lebih ga kepikiran buat nyari SPKLU di jalan. Anyway keren banget aplikasinya! Semoga aplikasi keren ini juga diimbangi sama ekosistem EV nantinya yang semakin bisa diandalkan yah. https://t.co/n11g6Wfxjw","1962498172187726049","https://pbs.twimg.com/media/GzwRVV5bYAAtVHo.jpg","","in","","0","1","2","https://x.com/undefined/status/1962498172187726049","72763910",
"1962143819220349172","Sun Aug 31 13:21:56 +0000 2025","7","Babeh penasaran pengen nyobain motor listrik si Ramli. Katanya sih gampang bisa ngecas di #SPKLU atau tuker batre di #SPBKLU. Eh tapi kok malah dijewer Nyak? Berhasil ga yah babeh jadi anak kalcer? Mending tonton langsung deh biar nggak penasaran! #PLNDisjaya #PLNMobile https://t.co/4U3rMyKk9B","1962143819220349172","https://pbs.twimg.com/ext_tw_video_thumb/1962143604463501312/pu/img/nYSBecXaOrsAsF84.jpg","","in","","0","0","0","https://x.com/undefined/status/1962143819220349172","475624418",
"1960674364208398683","Wed Aug 27 12:02:50 +0000 2025","30","Buat yg pengen tau Gmn pengalaman naik Mobil Listrik luar kota? bisa simak kisah warga Fesbuk ini. Share pengalaman roadtrip pertama menggunakan BYD M6 sekaligus roadtrip paling cape Bogor-Jogja PP -- Perjalanan roadtrip dari Bogor menuju Jogja kali ini benar-benar jadi https://t.co/1MacwT2SU7","1960674364208398683","https://pbs.twimg.com/media/GzW274Ia4AEPexr.jpg","","in","","1","2","9","https://x.com/undefined/status/1960674364208398683","1644687268299563009",
"1959974146009407942","Mon Aug 25 13:40:25 +0000 2025","3"," Kini Lebih Nyaman di RS Fatmawati! Untuk menunjang kebutuhan SDM pasien pengunjung dan masyarakat pada umumnya dalam penggunaan kendaraan listrik RS Fatmawati bekerja sama dengan PT PLN (Persero) menghadirkan SPKLU (Stasiun Pengisian Kendaraan Listrik Umum) https://t.co/bBW4xi5tX0","1959974146009407942","https://pbs.twimg.com/ext_tw_video_thumb/1959973999456464896/pu/img/Z95-LOK3HJ_4GGXI.jpg","","in","","0","0","0","https://x.com/undefined/status/1959974146009407942","2524497366",
"1959827407344722303","Mon Aug 25 05:24:40 +0000 2025","2","@innovacommunity Emangnya SPKLU yang nebeng di area parkiran umum gitu ada tulisan „EV only ga sih? Kalo gak ada tulisan ya ga salah ","1959849384306446455","","innovacommunity","in","","0","0","0","https://x.com/undefined/status/1959849384306446455","14284867",
"1959831741142810977","Mon Aug 25 04:14:33 +0000 2025","3","Kemaren ke Jakarta PP di beberapa rest area liat Chery Tiggo 8 CSH dicat biru gini plat nomernya. Tapi okelah meski ngawur Tiggo 8 CSH emang bisa dicharge di SPKLU. Tapi ini Sigra???? Nekaad.","1959831741142810977","","","in","","0","5","0","https://x.com/undefined/status/1959831741142810977","10024342",
"1958877970921398572","Fri Aug 22 13:04:37 +0000 2025","2","Dalam rangka memperingati HUT ke-80 RI PLN hadirkan kado istimewa dengan meresmikan 4 SPKLU Center di Jawa Barat &amp; Jawa Tengah. Penyediaan SPKLU ini menjadi komitmen PLN untuk mendukung target dalam mewujudkan transportasi hijau &amp; berkelanjutan. #PLNUntukSemua #PLNUntukIndonesia https://t.co/K4MUxOnznu","1958877970921398572","https://pbs.twimg.com/amplify_video_thumb/1958877829883699200/img/jZpUtEXUKw_rTDr3.jpg","","in","","0","0","0","https://x.com/undefined/status/1958877970921398572","1260833363411128321",
"1958803408175210505","Fri Aug 22 08:08:19 +0000 2025","17","Dalam rangka memperingati HUT ke-80 RI PLN hadirkan kado istimewa dengan meresmikan 4 SPKLU Center di Jawa Barat &amp; Jawa Tengah. Penyediaan SPKLU ini menjadi komitmen PLN untuk mendukung target dalam mewujudkan transportasi hijau &amp; berkelanjutan. #PLNUntukSemua #PLNUntukIndonesia https://t.co/dr6b5Qrfzb","1958803408175210505","https://pbs.twimg.com/ext_tw_video_thumb/1958803223814578177/pu/img/0MFXGoOuO9GohPt3.jpg","","in","","1","2","3","https://x.com/undefined/status/1958803408175210505","3171520362",
"1958762808767914449","Fri Aug 22 05:27:00 +0000 2025","1","SPKLU Center di Jalur Tol Trans-Jawa Resmi Beroperasi Jelang Hari Pelanggan Nasional https://t.co/VfiCfPPb4J","1958762808767914449","","","in","","0","0","0","https://x.com/undefined/status/1958762808767914449","118371948",
"1958721637911593237","Fri Aug 22 02:43:24 +0000 2025","0","SPKLU Center di Jalur Tol Trans-Jawa Resmi Beroperasi Jelang Hari Pelanggan Nasional https://t.co/VfiCfPODfb https://t.co/XhNotNTj4w","1958721637911593237","https://pbs.twimg.com/media/Gy7G8yaWQAAXUMJ.jpg","","in","","0","0","0","https://x.com/undefined/status/1958721637911593237","118371948",
"1958635225161847166","Thu Aug 21 21:00:02 +0000 2025","1","Peneliti Temukan Partikel Udara Berbahaya di SPKLU Bisa Ganggu Saluran Pernapasan https://t.co/HYzKmNAOJ8","1958635225161847166","","","in","","0","0","0","https://x.com/undefined/status/1958635225161847166","132078023",
"1958154304239374685","Wed Aug 20 13:09:01 +0000 2025","2","Salut banget lanjutkan! Inovasi SPKLU dari Malang ini buktiin kalau kapasitas anak bangsa bisa jadi motor penting percepatan ekosistem kendaraan listrik di Indonesia.","1958154304239374685","","","in","","0","0","0","https://x.com/undefined/status/1958154304239374685","72763910",
"1958096911942214005","Wed Aug 20 09:20:58 +0000 2025","1","Berdiri Dekat SPKLU Bisa Ganggu Pernapasan https://t.co/BMbNMwvTNd","1958096911942214005","","","in","","0","0","1","https://x.com/undefined/status/1958096911942214005","41730943",
"1957694938235212042","Tue Aug 19 06:43:40 +0000 2025","1","Penjualan mobil listrik tembus 35 ribu unit di semester I/2025. #HomeChargingMakinLekat #PLNUntukIndonesia #RenewableEnergy #SPKLU #MobilListrik https://t.co/d8mIBsZhhx","1957694938235212042","https://pbs.twimg.com/media/GyshKOIakAA1KvI.jpg","","in","","0","0","0","https://x.com/undefined/status/1957694938235212042","1533997809695084544",
"1957418803421217230","Mon Aug 18 12:26:24 +0000 2025","0","SPKLU Tiang Pertama di Luar Pulau Jawa Diresmikan di Padang Pengisian Mobil Listrik Jadi Lebih Mudah via @infosumbar https://t.co/by6fboaZkI #infosumbar #PLN","1957418803421217230","","","in","","0","0","0","https://x.com/undefined/status/1957418803421217230","162721676",
"1956312563504791944","Fri Aug 15 11:10:36 +0000 2025","2","Penjualan mobil listrik tembus 35 ribu unit di semester I 2025. PLN hadir dengan layanan home charging hemat &amp; praktis plus SPKLU di seluruh Indonesia untuk dukung percepatan adopsi EV demi energi bersih &amp; Net Zero Emissions. https://t.co/iWJluNWqtQ","1956312563504791944","https://pbs.twimg.com/media/GyY35sgaMAEw5Al.jpg","","in","","0","0","0","https://x.com/undefined/status/1956312563504791944","1260833363411128321",
"1956290666280923322","Fri Aug 15 09:43:35 +0000 2025","760","Penjualan mobil listrik tembus 35 ribu unit di semester I 2025. PLN hadir dengan layanan home charging hemat &amp; praktis plus SPKLU di seluruh Indonesia untuk dukung percepatan adopsi EV demi energi bersih &amp; Net Zero Emissions. https://t.co/KSWqV8TocG","1956290666280923322","https://pbs.twimg.com/media/GyYj_Yqa4AELw5h.jpg","","in","","1","4","22","https://x.com/undefined/status/1956290666280923322","3171520362",
"1955964039844258126","Thu Aug 14 12:05:41 +0000 2025","2","#UMakeImpact Pernah terpikir nggak kalau inovasi pengisian kendaraan listrik bisa lahir dari Malang? Di baliknya ada Dr. Muchammad Harly S.T. M.T dari Fakultas Vokasi UM &amp; timnya yang sukses menciptakan Stasiun Pengisian Kendaraan Listrik Umum (SPKLU) buatan Indonesia. https://t.co/WUsuEUcBrO","1955964039844258126","https://pbs.twimg.com/ext_tw_video_thumb/1955963862651691013/pu/img/hlPl0dll25ZPSfy3.jpg","","in","","1","0","0","https://x.com/undefined/status/1955964039844258126","704871948979818496",
"1951825195712585937","Sun Aug 03 06:12:13 +0000 2025","0","@ghoendhoel @e100ss @plndisjatim @UpdlPandaan @ghoendhoel Baik Kak agar perihal tsb dapat ditindaklanjuti mohon melengkapi data nama Akun alamat SPKLU Nomor Hp dan nama kendaraan via DM ya. Admin tunggu ya Kak. Tks. -Dwi","1951888820015943942","","ghoendhoel","in","","0","0","0","https://x.com/undefined/status/1951888820015943942","558516132",
"1951825195712585937","Sun Aug 03 02:33:17 +0000 2025","0","@ghoendhoel @e100ss @plndisjatim @UpdlPandaan @ghoendhoel Baik Kak untuk perihal tersebut akan admin tindak lanjuti mohon diinformasikan Alamat SPKLU dan Nomor telepon via DM ya Kak. Admin menunggu konfirmasi lebih lanjut. Tks -Yanti","1951833724037050523","","ghoendhoel","in","","0","1","0","https://x.com/undefined/status/1951833724037050523","558516132",
"1951825195712585937","Sun Aug 03 02:08:22 +0000 2025","0","@ghoendhoel @e100ss @plndisjatim @UpdlPandaan @ghoendhoel Agar laporan dpt ditindaklanjuti mohon diinformasikan Nama Akun alamat SPKLU Nomor Hp dan nama kendaraan via DM atau bisa juga melapor melalui Aplikasi PLN Mobile pilih Menu Pengaduan. Mimin tunggu ya. Tks -Imel (2/2)","1951827454374658282","","pln_123","in","","0","0","0","https://x.com/undefined/status/1951827454374658282","558516132",
"1951155562240213073","Fri Aug 01 05:38:31 +0000 2025","2","Spklu deket msu tuh boleh dipake sama mahasiswa ga si? Telyu!","1951155562240213073","","","in","","0","0","0","https://x.com/undefined/status/1951155562240213073","89412430",
"1950901937064349797","Thu Jul 31 12:50:42 +0000 2025","2","Electrizen isi daya kendaraan listrik semakin mudah bersama PLN. Infrastruktur pendukung mulai dari home charging SPKLU regular fast hingga ultra fast telah menjangkau lebih banyak titik. Cek lokasi pengisian kendaraan listrikmu di PLN Mobile. https://t.co/NwOT4rMTcy","1950901937064349797","https://pbs.twimg.com/media/GxL-9uAaMAAbZOx.jpg","","in","","0","0","0","https://x.com/undefined/status/1950901937064349797","1260833363411128321",
"1950892431077155227","Thu Jul 31 12:12:56 +0000 2025","771","Electrizen isi daya kendaraan listrik semakin mudah bersama PLN. Infrastruktur pendukung mulai dari home charging SPKLU regular fast hingga ultra fast telah menjangkau lebih banyak titik. Cek lokasi pengisian kendaraan listrikmu di PLN Mobile. https://t.co/T40RxaRciw","1950892431077155227","https://pbs.twimg.com/media/GxL2Un1asAEA3o2.jpg","","in","","0","2","28","https://x.com/undefined/status/1950892431077155227","3171520362",
"1950856828365238440","Thu Jul 31 09:51:27 +0000 2025","0","Wali Kota Jakarta Timur Munjirin meresmikan Stasiun Pengisian Kendaraan Listrik Umum (SPKLU) City Ciracas Jakarta di Jalan Panganten Ali Kelurahan Ciracas Kecamatan Ciracas Jakarta Timur. #BacadiBJ #BeritaJakarta #DKIJakarta #JAKI #WeLoveJakarta https://t.co/5LNGRBPm2c","1950856828365238440","","","in","","0","0","0","https://x.com/undefined/status/1950856828365238440","213204035",
"1950750064449823057","Thu Jul 31 02:47:13 +0000 2025","0","SPBU Aja Belum Merata Gimana Mau Perbanyak SPKLU? https://t.co/mzpHN7mqqA","1950750064449823057","","","in","","0","0","0","https://x.com/undefined/status/1950750064449823057","80543284",
"1950420716089987252","Wed Jul 30 07:23:15 +0000 2025","1","@innovacommunity min spklu ada istilah gampangnya gak sih? kan kalo pom bensin = spbu...","1950457143670530079","","innovacommunity","in","","0","1","0","https://x.com/undefined/status/1950457143670530079","1263307705365618688",
"1949425466265190486","Sun Jul 27 11:03:44 +0000 2025","2","Lho gak ada kebijakan tiap berhasil jual 250 EV mesti bikin 1 SPKLU? Setelah gak harus bikin pabrik dan diistimewakan dari pajak juga? ","1949425466265190486","","","in","","0","0","0","https://x.com/undefined/status/1949425466265190486","6689892",
"1949394725448093760","Sun Jul 27 10:58:13 +0000 2025","11","@hrdbacot belom ngrasain SPKLU/SPLU cas d rumah vespa konversi kere hore lumayan hampir 2 bulan belom mampir ke pom bensin https://t.co/69O6SlcESk","1949424076411556323","https://pbs.twimg.com/media/Gw2-3bFbcAAl69t.jpg","hrdbacot","in","","1","2","1","https://x.com/undefined/status/1949424076411556323","87461727",
"1949394725448093760","Sun Jul 27 10:47:07 +0000 2025","3","@hrdbacot Kalo SPKLU dalam kota masih relatif aman sepanjang punya wall charger di rumah. Yg repot itu kalo di rest area ","1949421283588165947","","hrdbacot","in","","0","0","0","https://x.com/undefined/status/1949421283588165947","1672520070067802112",
"1949394725448093760","Sun Jul 27 10:14:05 +0000 2025","4","@hrdbacot Kemarin aja baru ngeliat rebutan charger di SPKLU renon Denpasar mincot ","1949412970653798653","","hrdbacot","in","","0","0","1","https://x.com/undefined/status/1949412970653798653","553513710",
"1949394725448093760","Sun Jul 27 09:46:00 +0000 2025","27","@hrdbacot gasabar liat thread keributan di SPKLU ","1949405904945795486","","hrdbacot","in","","0","0","0","https://x.com/undefined/status/1949405904945795486","1512790187449135106",
"1949394725448093760","Sun Jul 27 09:06:44 +0000 2025","5","@hrdbacot Me ngeliat pada rebutan charger yg masih minim di SPKLU waktu mudik https://t.co/61quSs0Mna","1949396022544998657","https://pbs.twimg.com/tweet_video_thumb/Gw2lWHBbkAAnxEA.jpg","hrdbacot","in","","0","0","0","https://x.com/undefined/status/1949396022544998657","23299579",
"1949394725448093760","Sun Jul 27 09:03:57 +0000 2025","12","@hrdbacot Valid ini. Apalagi kalo kaum ga punya garasi udah beli mobil mulai pakai EV ngecharge ya pasti di SPKLU ","1949395322704409061","","hrdbacot","in","","0","0","0","https://x.com/undefined/status/1949395322704409061","25928208",
"1942799180692393998","Wed Jul 09 04:13:14 +0000 2025","0","PLN Untuk Rakyat Wamen BUMN Apresiasi Keandalan Listrik dan Layanan SPKLU di Yogyakarta https://t.co/x4WxM3iTot https://t.co/q3WNtuwdj2","1942799180692393998","https://pbs.twimg.com/media/GvY1jzDWwAAnMDN.jpg","","in","","0","0","0","https://x.com/undefined/status/1942799180692393998","118371948",
"1942742807598489977","Wed Jul 09 00:29:14 +0000 2025","3","Wakil Menteri BUMN sekaligus Komisaris PT PLN (Persero) Aminuddin Ma ruf melakukan kunjungan kerja ke UP3 Yogyakarta pada Senin (7/7). Kunjungan ini bertujuan meninjau langsung kesiapan sistem ketenagalistrikan serta layanan SPKLU di wilayah Daerah Istimewa Yogyakarta #PLN https://t.co/ME0tkALWYc","1942742807598489977","https://pbs.twimg.com/amplify_video_thumb/1942742653944356867/img/IwC7wiR_p2ECbwFD.jpg","","in","","0","0","0","https://x.com/undefined/status/1942742807598489977","2982123054",
"1942114191286194415","Mon Jul 07 07:59:39 +0000 2025","3","@innovacommunity Pengisian SPKLU nya masih jarang Pengisian Betere masih lebih dari 20menit untuk dari 10-90% nya.. Kalau sudah dibawah 5 menit keknya dah menang segalanya ini..","1942131383301734772","","innovacommunity","in","","0","1","0","https://x.com/undefined/status/1942131383301734772","1795177551536775168",
"1942114191286194415","Mon Jul 07 07:20:34 +0000 2025","3","@innovacommunity SPKLU terbatas di area saya dan agak worry ga ketemu SPKLU kalo mau trip ke daerah pelosok.","1942121546191196654","","innovacommunity","in","","0","0","0","https://x.com/undefined/status/1942121546191196654","1763589331900674048",
"1941504567520403603","Sat Jul 05 14:46:51 +0000 2025","0","@berjoethekiss @bpkri @GrabID @MasMasBiassaa @berjoethekiss Hai Kakak mhn maaf atas ketidaknyamanannya. Agar dapat Mimin tindak lanjuti bisa infokan alamat lengkap Spklu dan nomor telepon melalui DM. Mimin tunggu ya Kak. Tks -Riza","1941509081363300485","","berjoethekiss","in","","0","1","0","https://x.com/undefined/status/1941509081363300485","558516132",
"1940352389103640638","Wed Jul 02 10:10:34 +0000 2025","0","Kehadiran SPKLU bikin properti dan pusat belanja semakin menarik. Selain ramah lingkungan jadi magnet baru bagi pengguna kendaraan listrik. https://t.co/hfwZsQe44y","1940352389103640638","","","in","","0","0","0","https://x.com/undefined/status/1940352389103640638","4187275698",
"1940264211655139587","Wed Jul 02 04:20:11 +0000 2025","0","SPKLU hingga Baterai Jadi Pertimbangan Konsumen Beli Kendaraan Listrik #GoOto","1940264211655139587","","","in","","0","0","0","https://x.com/undefined/status/1940264211655139587","18129942",
"1939234171035230447","Sun Jun 29 08:13:10 +0000 2025","0","@d0bbydose @d0bbydose Mohon maaf Kakak terkait kendala tersebut saat ini sedang ada gangguan massal pada sistem SPKLU admin sarankan untuk melakukan transaksi secara berkala. Untuk estimasinya saat ini belum dapat admin bantu infokan namun admin upayakan segera untuk perbaikan pada SPKLU","1939235682104619498","","d0bbydose","in","","0","0","0","https://x.com/undefined/status/1939235682104619498","558516132",
"1939110213640167706","Sun Jun 29 02:15:45 +0000 2025","4","@ertigaid IMHO ga sebanding Pak. Saya tim ICE. Alasannya: - Hybrid dan EV perlu ganti baterai - EV ngecas lama ICE tinggal antri bentar - EV kalau tinggal 30% was2 takut ga ada SPKLU - ICE udah terbukti tangguh bertahun2 - Limbah baterai sulit diurai","1939145734722592982","","ertigaid","in","","0","0","0","https://x.com/undefined/status/1939145734722592982","71471636",
"1938014572008607935","Thu Jun 26 04:29:29 +0000 2025","0","@udanderes868912 @udanderes868912 Baik Kakak bisa mencoba ke menu trip planner untuk mengetahui SPKLU yang tersedia. Caranya masuk ke menu Electric Vehicle (EV) pilih Trip planner dan masukkan titik awal dan tujuan untuk mengetahui lokasi SPKLU di sepanjang jalur tsb ya Kak. Agar semua makin","1938092228062351704","","udanderes868912","in","","0","0","0","https://x.com/undefined/status/1938092228062351704","558516132",
"1938014572008607935","Wed Jun 25 23:37:03 +0000 2025","0","@udanderes868912 @udanderes868912 Halo Kakak bisa menu trip planner untuk mengetahui SPKLU yang tersedia. Caranya masuk ke menu Electric Vehicle (EV) pilih Trip planner dan masukkan titik awal dan tujuan untuk mengetahui lokasi SPKLU di sepanjang jalur tsb. Caranya: 1. Silahkan pilih Electric","1938018635165126901","","udanderes868912","in","","0","2","0","https://x.com/undefined/status/1938018635165126901","558516132",
"1936787742521995500","Sun Jun 22 16:06:24 +0000 2025","1","@RiyantoCool @poin_opini Sales EV bakal pesta nih seharusnya tapi sayangnya fasilitas SPKLU masih minim","1936818060444532843","","RiyantoCool","in","","0","1","0","https://x.com/undefined/status/1936818060444532843","1470044691080962051",
"1935256711188857164","Wed Jun 18 08:42:09 +0000 2025","4","SPKLU Ultra Fast Charging resmi hadir di BSD City! Dengan daya 180 kW kamu bisa ngecas mobil listrik cukup dalam hitungan menit aja! #PLNMobile #SPKLU #UltraFastCharging #KendaraanListrik #NetZeroEmission #EnergiBersih #PLNUIDBanten https://t.co/9TZjTBgeh9","1935256711188857164","https://pbs.twimg.com/media/GttptjSXQAAQwUB.jpg","","in","","0","1","0","https://x.com/undefined/status/1935256711188857164","1273884786839351296",
"1934862065950421414","Tue Jun 17 06:33:59 +0000 2025","0","Seiring dengan lonjakan penjualan kendaraan listrik berbasis baterai permintaan terhadap infrastruktur pengisian daya pun turut melejit menciptakan iklim investasi yang kian menjanjikan. Baca selengkapnya disini : https://t.co/nomY6jzTaz ___ #vivanews #spklu #pln https://t.co/RmqSBuBCnn","1934862065950421414","https://pbs.twimg.com/media/GtoCxgOa0AUF2pj.jpg","","in","","0","0","0","https://x.com/undefined/status/1934862065950421414","41730943",
"1934158481042686198","Mon Jun 16 05:41:06 +0000 2025","2","@benicc20308 @innovacommunity Di BAIS Kabin (kedai anak binjai) momis bakery la pantry karnivor kotbar banyak tuh di lokasi itu tmpt buat parkir kendaraan. Bahkan di SPKLU kotbar itu di depannya tmpt parkir jg kadang suka kosong kalo hari² biasa. Mustahil kalo ngga kebagian tmpt parkir","1934486372372672626","","benicc20308","in","","0","0","0","https://x.com/undefined/status/1934486372372672626","2429397041",
"1934158481042686198","Mon Jun 16 04:56:16 +0000 2025","800","@innovacommunity Kayanya di atas SPKLU itu mesti dikasih lampu ya kalo warna ijo artinya lagi ngecas warna biru lagi free warna merah kalo ada mobi parkir tapi ga ngecas. Bagus lagi terhubung juga ke No HP Pemilik mobil jadi kalo dah penuh ada pesan dikirim","1934475086477889780","","innovacommunity","in","","1","3","34","https://x.com/undefined/status/1934475086477889780","1507769095152103431",
"1934158481042686198","Sun Jun 15 10:07:42 +0000 2025","0","@Mudiiinn @innovacommunity @Mudiiinn Hi Kakak Mudin. mohon diinformasikan kronologis permasalahan SPKLU nya? Mimin menunggu konfirmasi lebih lanjut ya. Tks -Yaka","1934191075884978245","","Mudiiinn","in","","0","1","0","https://x.com/undefined/status/1934191075884978245","558516132",
"1934158481042686198","Sun Jun 15 10:03:29 +0000 2025","5","@innovacommunity Dear @pln_123 tolong atensinya! Tolong perbaiki layanan SPKLU nya!!!!!","1934190014369612024","","innovacommunity","in","","0","2","0","https://x.com/undefined/status/1934190014369612024","1528209145736085504",
"1934158481042686198","Sun Jun 15 08:57:19 +0000 2025","2","@innovacommunity Charger AC di spklu pln di jkt udah jarang bgt bgt ada yg nyala kebanyakan rusak. @hpi_id haleyora gmn jd vendor udah sebulan lebih rusak ga dibenerin?","1934173363364368448","","innovacommunity","in","","1","0","0","https://x.com/undefined/status/1934173363364368448","1119893356518105088",
"1934158481042686198","Sun Jun 15 08:14:47 +0000 2025","96","@innovacommunity Pernyataan dari orang yg awam EV kalau sudah full charge namun konektor tidak dicabut apakah status SPKLU jadi tersedia atau sedang digunakan ?","1934162656979730917","","innovacommunity","in","","0","3","0","https://x.com/undefined/status/1934162656979730917","139249197",
